time,MAC000028_net_output_kW,MAC000041_net_output_kW,MAC000058_net_output_kW,MAC000089_net_output_kW,MAC000095_net_output_kW,MAC000126_net_output_kW,MAC000143_net_output_kW,MAC000144_net_output_kW,MAC000148_net_output_kW,MAC000172_net_output_kW,MAC000176_net_output_kW,MAC000182_net_output_kW,MAC000200_net_output_kW,MAC000240_net_output_kW,MAC000258_net_output_kW,MAC000268_net_output_kW,MAC004457_net_output_kW,MAC004490_net_output_kW,MAC004496_net_output_kW,MAC004521_net_output_kW,MAC004528_net_output_kW,MAC004540_net_output_kW,MAC004550_net_output_kW,MAC004553_net_output_kW,MAC004862_net_output_kW,MAC004874_net_output_kW,MAC004918_net_output_kW,MAC004998_net_output_kW,MAC005000_net_output_kW,MAC005016_net_output_kW,MAC005024_net_output_kW,MAC005025_net_output_kW,MAC005193_net_output_kW,MAC005227_net_output_kW,MAC005229_net_output_kW,MAC005257_net_output_kW,MAC005261_net_output_kW,MAC005268_net_output_kW,MAC005270_net_output_kW,MAC005273_net_output_kW
00:00:00,0.15,0.124,0.15,0.116,0.108,0.246,0.176,0.07,0.276,0.044,0.238,0.12,0.246,0.212,0.142,0.224,0.254,0.532,0.312,0.508,0.528,0.342,0.264,0.462,0.166,0.334,0.16,0.202,0.316,0.086,0.112,0.42,0.264,0.132,0.066,0.174,0.256,0.838,0.238,0.354
00:01:00,0.15,0.124,0.15,0.116,0.108,0.246,0.176,0.07,0.276,0.044,0.238,0.12,0.246,0.212,0.142,0.224,0.254,0.532,0.312,0.508,0.528,0.342,0.264,0.462,0.166,0.334,0.16,0.202,0.316,0.086,0.112,0.42,0.264,0.132,0.066,0.174,0.256,0.838,0.238,0.354
00:02:00,0.15,0.124,0.15,0.116,0.108,0.246,0.176,0.07,0.276,0.044,0.238,0.12,0.246,0.212,0.142,0.224,0.254,0.532,0.312,0.508,0.528,0.342,0.264,0.462,0.166,0.334,0.16,0.202,0.316,0.086,0.112,0.42,0.264,0.132,0.066,0.174,0.256,0.838,0.238,0.354
00:03:00,0.15,0.124,0.15,0.116,0.108,0.246,0.176,0.07,0.276,0.044,0.238,0.12,0.246,0.212,0.142,0.224,0.254,0.532,0.312,0.508,0.528,0.342,0.264,0.462,0.166,0.334,0.16,0.202,0.316,0.086,0.112,0.42,0.264,0.132,0.066,0.174,0.256,0.838,0.238,0.354
00:04:00,0.15,0.124,0.15,0.116,0.108,0.246,0.176,0.07,0.276,0.044,0.238,0.12,0.246,0.212,0.142,0.224,0.254,0.532,0.312,0.508,0.528,0.342,0.264,0.462,0.166,0.334,0.16,0.202,0.316,0.086,0.112,0.42,0.264,0.132,0.066,0.174,0.256,0.838,0.238,0.354
00:05:00,0.15,0.124,0.15,0.116,0.108,0.246,0.176,0.07,0.276,0.044,0.238,0.12,0.246,0.212,0.142,0.224,0.254,0.532,0.312,0.508,0.528,0.342,0.264,0.462,0.166,0.334,0.16,0.202,0.316,0.086,0.112,0.42,0.264,0.132,0.066,0.174,0.256,0.838,0.238,0.354
00:06:00,0.15,0.124,0.15,0.116,0.108,0.246,0.176,0.07,0.276,0.044,0.238,0.12,0.246,0.212,0.142,0.224,0.254,0.532,0.312,0.508,0.528,0.342,0.264,0.462,0.166,0.334,0.16,0.202,0.316,0.086,0.112,0.42,0.264,0.132,0.066,0.174,0.256,0.838,0.238,0.354
00:07:00,0.15,0.124,0.15,0.116,0.108,0.246,0.176,0.07,0.276,0.044,0.238,0.12,0.246,0.212,0.142,0.224,0.254,0.532,0.312,0.508,0.528,0.342,0.264,0.462,0.166,0.334,0.16,0.202,0.316,0.086,0.112,0.42,0.264,0.132,0.066,0.174,0.256,0.838,0.238,0.354
00:08:00,0.15,0.124,0.15,0.116,0.108,0.246,0.176,0.07,0.276,0.044,0.238,0.12,0.246,0.212,0.142,0.224,0.254,0.532,0.312,0.508,0.528,0.342,0.264,0.462,0.166,0.334,0.16,0.202,0.316,0.086,0.112,0.42,0.264,0.132,0.066,0.174,0.256,0.838,0.238,0.354
00:09:00,0.15,0.124,0.15,0.116,0.108,0.246,0.176,0.07,0.276,0.044,0.238,0.12,0.246,0.212,0.142,0.224,0.254,0.532,0.312,0.508,0.528,0.342,0.264,0.462,0.166,0.334,0.16,0.202,0.316,0.086,0.112,0.42,0.264,0.132,0.066,0.174,0.256,0.838,0.238,0.354
00:10:00,0.15,0.124,0.15,0.116,0.108,0.246,0.176,0.07,0.276,0.044,0.238,0.12,0.246,0.212,0.142,0.224,0.254,0.532,0.312,0.508,0.528,0.342,0.264,0.462,0.166,0.334,0.16,0.202,0.316,0.086,0.112,0.42,0.264,0.132,0.066,0.174,0.256,0.838,0.238,0.354
00:11:00,0.15,0.124,0.15,0.116,0.108,0.246,0.176,0.07,0.276,0.044,0.238,0.12,0.246,0.212,0.142,0.224,0.254,0.532,0.312,0.508,0.528,0.342,0.264,0.462,0.166,0.334,0.16,0.202,0.316,0.086,0.112,0.42,0.264,0.132,0.066,0.174,0.256,0.838,0.238,0.354
00:12:00,0.15,0.124,0.15,0.116,0.108,0.246,0.176,0.07,0.276,0.044,0.238,0.12,0.246,0.212,0.142,0.224,0.254,0.532,0.312,0.508,0.528,0.342,0.264,0.462,0.166,0.334,0.16,0.202,0.316,0.086,0.112,0.42,0.264,0.132,0.066,0.174,0.256,0.838,0.238,0.354
00:13:00,0.15,0.124,0.15,0.116,0.108,0.246,0.176,0.07,0.276,0.044,0.238,0.12,0.246,0.212,0.142,0.224,0.254,0.532,0.312,0.508,0.528,0.342,0.264,0.462,0.166,0.334,0.16,0.202,0.316,0.086,0.112,0.42,0.264,0.132,0.066,0.174,0.256,0.838,0.238,0.354
00:14:00,0.15,0.124,0.15,0.116,0.108,0.246,0.176,0.07,0.276,0.044,0.238,0.12,0.246,0.212,0.142,0.224,0.254,0.532,0.312,0.508,0.528,0.342,0.264,0.462,0.166,0.334,0.16,0.202,0.316,0.086,0.112,0.42,0.264,0.132,0.066,0.174,0.256,0.838,0.238,0.354
00:15:00,0.15,0.124,0.15,0.116,0.108,0.246,0.176,0.07,0.276,0.044,0.238,0.12,0.246,0.212,0.142,0.224,0.254,0.532,0.312,0.508,0.528,0.342,0.264,0.462,0.166,0.334,0.16,0.202,0.316,0.086,0.112,0.42,0.264,0.132,0.066,0.174,0.256,0.838,0.238,0.354
00:16:00,0.15,0.124,0.15,0.116,0.108,0.246,0.176,0.07,0.276,0.044,0.238,0.12,0.246,0.212,0.142,0.224,0.254,0.532,0.312,0.508,0.528,0.342,0.264,0.462,0.166,0.334,0.16,0.202,0.316,0.086,0.112,0.42,0.264,0.132,0.066,0.174,0.256,0.838,0.238,0.354
00:17:00,0.15,0.124,0.15,0.116,0.108,0.246,0.176,0.07,0.276,0.044,0.238,0.12,0.246,0.212,0.142,0.224,0.254,0.532,0.312,0.508,0.528,0.342,0.264,0.462,0.166,0.334,0.16,0.202,0.316,0.086,0.112,0.42,0.264,0.132,0.066,0.174,0.256,0.838,0.238,0.354
00:18:00,0.15,0.124,0.15,0.116,0.108,0.246,0.176,0.07,0.276,0.044,0.238,0.12,0.246,0.212,0.142,0.224,0.254,0.532,0.312,0.508,0.528,0.342,0.264,0.462,0.166,0.334,0.16,0.202,0.316,0.086,0.112,0.42,0.264,0.132,0.066,0.174,0.256,0.838,0.238,0.354
00:19:00,0.15,0.124,0.15,0.116,0.108,0.246,0.176,0.07,0.276,0.044,0.238,0.12,0.246,0.212,0.142,0.224,0.254,0.532,0.312,0.508,0.528,0.342,0.264,0.462,0.166,0.334,0.16,0.202,0.316,0.086,0.112,0.42,0.264,0.132,0.066,0.174,0.256,0.838,0.238,0.354
00:20:00,0.15,0.124,0.15,0.116,0.108,0.246,0.176,0.07,0.276,0.044,0.238,0.12,0.246,0.212,0.142,0.224,0.254,0.532,0.312,0.508,0.528,0.342,0.264,0.462,0.166,0.334,0.16,0.202,0.316,0.086,0.112,0.42,0.264,0.132,0.066,0.174,0.256,0.838,0.238,0.354
00:21:00,0.15,0.124,0.15,0.116,0.108,0.246,0.176,0.07,0.276,0.044,0.238,0.12,0.246,0.212,0.142,0.224,0.254,0.532,0.312,0.508,0.528,0.342,0.264,0.462,0.166,0.334,0.16,0.202,0.316,0.086,0.112,0.42,0.264,0.132,0.066,0.174,0.256,0.838,0.238,0.354
00:22:00,0.15,0.124,0.15,0.116,0.108,0.246,0.176,0.07,0.276,0.044,0.238,0.12,0.246,0.212,0.142,0.224,0.254,0.532,0.312,0.508,0.528,0.342,0.264,0.462,0.166,0.334,0.16,0.202,0.316,0.086,0.112,0.42,0.264,0.132,0.066,0.174,0.256,0.838,0.238,0.354
00:23:00,0.15,0.124,0.15,0.116,0.108,0.246,0.176,0.07,0.276,0.044,0.238,0.12,0.246,0.212,0.142,0.224,0.254,0.532,0.312,0.508,0.528,0.342,0.264,0.462,0.166,0.334,0.16,0.202,0.316,0.086,0.112,0.42,0.264,0.132,0.066,0.174,0.256,0.838,0.238,0.354
00:24:00,0.15,0.124,0.15,0.116,0.108,0.246,0.176,0.07,0.276,0.044,0.238,0.12,0.246,0.212,0.142,0.224,0.254,0.532,0.312,0.508,0.528,0.342,0.264,0.462,0.166,0.334,0.16,0.202,0.316,0.086,0.112,0.42,0.264,0.132,0.066,0.174,0.256,0.838,0.238,0.354
00:25:00,0.15,0.124,0.15,0.116,0.108,0.246,0.176,0.07,0.276,0.044,0.238,0.12,0.246,0.212,0.142,0.224,0.254,0.532,0.312,0.508,0.528,0.342,0.264,0.462,0.166,0.334,0.16,0.202,0.316,0.086,0.112,0.42,0.264,0.132,0.066,0.174,0.256,0.838,0.238,0.354
00:26:00,0.15,0.124,0.15,0.116,0.108,0.246,0.176,0.07,0.276,0.044,0.238,0.12,0.246,0.212,0.142,0.224,0.254,0.532,0.312,0.508,0.528,0.342,0.264,0.462,0.166,0.334,0.16,0.202,0.316,0.086,0.112,0.42,0.264,0.132,0.066,0.174,0.256,0.838,0.238,0.354
00:27:00,0.15,0.124,0.15,0.116,0.108,0.246,0.176,0.07,0.276,0.044,0.238,0.12,0.246,0.212,0.142,0.224,0.254,0.532,0.312,0.508,0.528,0.342,0.264,0.462,0.166,0.334,0.16,0.202,0.316,0.086,0.112,0.42,0.264,0.132,0.066,0.174,0.256,0.838,0.238,0.354
00:28:00,0.15,0.124,0.15,0.116,0.108,0.246,0.176,0.07,0.276,0.044,0.238,0.12,0.246,0.212,0.142,0.224,0.254,0.532,0.312,0.508,0.528,0.342,0.264,0.462,0.166,0.334,0.16,0.202,0.316,0.086,0.112,0.42,0.264,0.132,0.066,0.174,0.256,0.838,0.238,0.354
00:29:00,0.15,0.124,0.15,0.116,0.108,0.246,0.176,0.07,0.276,0.044,0.238,0.12,0.246,0.212,0.142,0.224,0.254,0.532,0.312,0.508,0.528,0.342,0.264,0.462,0.166,0.334,0.16,0.202,0.316,0.086,0.112,0.42,0.264,0.132,0.066,0.174,0.256,0.838,0.238,0.354
00:30:00,0.128,0.124,0.154,0.108,0.108,0.49,0.176,0.11,0.278,0.092,0.286,0.15,0.056,0.144,0.062,0.154,1.528,0.906,0.246,0.292,0.61,0.372,0.14,0.432,0.152,0.694,0.138,0.044,0.396,0.1,0.14,0.082,0.174,0.122,0.094,0.104,0.308,0.906,0.17,0.168
00:31:00,0.128,0.124,0.154,0.108,0.108,0.49,0.176,0.11,0.278,0.092,0.286,0.15,0.056,0.144,0.062,0.154,1.528,0.906,0.246,0.292,0.61,0.372,0.14,0.432,0.152,0.694,0.138,0.044,0.396,0.1,0.14,0.082,0.174,0.122,0.094,0.104,0.308,0.906,0.17,0.168
00:32:00,0.128,0.124,0.154,0.108,0.108,0.49,0.176,0.11,0.278,0.092,0.286,0.15,0.056,0.144,0.062,0.154,1.528,0.906,0.246,0.292,0.61,0.372,0.14,0.432,0.152,0.694,0.138,0.044,0.396,0.1,0.14,0.082,0.174,0.122,0.094,0.104,0.308,0.906,0.17,0.168
00:33:00,0.128,0.124,0.154,0.108,0.108,0.49,0.176,0.11,0.278,0.092,0.286,0.15,0.056,0.144,0.062,0.154,1.528,0.906,0.246,0.292,0.61,0.372,0.14,0.432,0.152,0.694,0.138,0.044,0.396,0.1,0.14,0.082,0.174,0.122,0.094,0.104,0.308,0.906,0.17,0.168
00:34:00,0.128,0.124,0.154,0.108,0.108,0.49,0.176,0.11,0.278,0.092,0.286,0.15,0.056,0.144,0.062,0.154,1.528,0.906,0.246,0.292,0.61,0.372,0.14,0.432,0.152,0.694,0.138,0.044,0.396,0.1,0.14,0.082,0.174,0.122,0.094,0.104,0.308,0.906,0.17,0.168
00:35:00,0.128,0.124,0.154,0.108,0.108,0.49,0.176,0.11,0.278,0.092,0.286,0.15,0.056,0.144,0.062,0.154,1.528,0.906,0.246,0.292,0.61,0.372,0.14,0.432,0.152,0.694,0.138,0.044,0.396,0.1,0.14,0.082,0.174,0.122,0.094,0.104,0.308,0.906,0.17,0.168
00:36:00,0.128,0.124,0.154,0.108,0.108,0.49,0.176,0.11,0.278,0.092,0.286,0.15,0.056,0.144,0.062,0.154,1.528,0.906,0.246,0.292,0.61,0.372,0.14,0.432,0.152,0.694,0.138,0.044,0.396,0.1,0.14,0.082,0.174,0.122,0.094,0.104,0.308,0.906,0.17,0.168
00:37:00,0.128,0.124,0.154,0.108,0.108,0.49,0.176,0.11,0.278,0.092,0.286,0.15,0.056,0.144,0.062,0.154,1.528,0.906,0.246,0.292,0.61,0.372,0.14,0.432,0.152,0.694,0.138,0.044,0.396,0.1,0.14,0.082,0.174,0.122,0.094,0.104,0.308,0.906,0.17,0.168
00:38:00,0.128,0.124,0.154,0.108,0.108,0.49,0.176,0.11,0.278,0.092,0.286,0.15,0.056,0.144,0.062,0.154,1.528,0.906,0.246,0.292,0.61,0.372,0.14,0.432,0.152,0.694,0.138,0.044,0.396,0.1,0.14,0.082,0.174,0.122,0.094,0.104,0.308,0.906,0.17,0.168
00:39:00,0.128,0.124,0.154,0.108,0.108,0.49,0.176,0.11,0.278,0.092,0.286,0.15,0.056,0.144,0.062,0.154,1.528,0.906,0.246,0.292,0.61,0.372,0.14,0.432,0.152,0.694,0.138,0.044,0.396,0.1,0.14,0.082,0.174,0.122,0.094,0.104,0.308,0.906,0.17,0.168
00:40:00,0.128,0.124,0.154,0.108,0.108,0.49,0.176,0.11,0.278,0.092,0.286,0.15,0.056,0.144,0.062,0.154,1.528,0.906,0.246,0.292,0.61,0.372,0.14,0.432,0.152,0.694,0.138,0.044,0.396,0.1,0.14,0.082,0.174,0.122,0.094,0.104,0.308,0.906,0.17,0.168
00:41:00,0.128,0.124,0.154,0.108,0.108,0.49,0.176,0.11,0.278,0.092,0.286,0.15,0.056,0.144,0.062,0.154,1.528,0.906,0.246,0.292,0.61,0.372,0.14,0.432,0.152,0.694,0.138,0.044,0.396,0.1,0.14,0.082,0.174,0.122,0.094,0.104,0.308,0.906,0.17,0.168
00:42:00,0.128,0.124,0.154,0.108,0.108,0.49,0.176,0.11,0.278,0.092,0.286,0.15,0.056,0.144,0.062,0.154,1.528,0.906,0.246,0.292,0.61,0.372,0.14,0.432,0.152,0.694,0.138,0.044,0.396,0.1,0.14,0.082,0.174,0.122,0.094,0.104,0.308,0.906,0.17,0.168
00:43:00,0.128,0.124,0.154,0.108,0.108,0.49,0.176,0.11,0.278,0.092,0.286,0.15,0.056,0.144,0.062,0.154,1.528,0.906,0.246,0.292,0.61,0.372,0.14,0.432,0.152,0.694,0.138,0.044,0.396,0.1,0.14,0.082,0.174,0.122,0.094,0.104,0.308,0.906,0.17,0.168
00:44:00,0.128,0.124,0.154,0.108,0.108,0.49,0.176,0.11,0.278,0.092,0.286,0.15,0.056,0.144,0.062,0.154,1.528,0.906,0.246,0.292,0.61,0.372,0.14,0.432,0.152,0.694,0.138,0.044,0.396,0.1,0.14,0.082,0.174,0.122,0.094,0.104,0.308,0.906,0.17,0.168
00:45:00,0.128,0.124,0.154,0.108,0.108,0.49,0.176,0.11,0.278,0.092,0.286,0.15,0.056,0.144,0.062,0.154,1.528,0.906,0.246,0.292,0.61,0.372,0.14,0.432,0.152,0.694,0.138,0.044,0.396,0.1,0.14,0.082,0.174,0.122,0.094,0.104,0.308,0.906,0.17,0.168
00:46:00,0.128,0.124,0.154,0.108,0.108,0.49,0.176,0.11,0.278,0.092,0.286,0.15,0.056,0.144,0.062,0.154,1.528,0.906,0.246,0.292,0.61,0.372,0.14,0.432,0.152,0.694,0.138,0.044,0.396,0.1,0.14,0.082,0.174,0.122,0.094,0.104,0.308,0.906,0.17,0.168
00:47:00,0.128,0.124,0.154,0.108,0.108,0.49,0.176,0.11,0.278,0.092,0.286,0.15,0.056,0.144,0.062,0.154,1.528,0.906,0.246,0.292,0.61,0.372,0.14,0.432,0.152,0.694,0.138,0.044,0.396,0.1,0.14,0.082,0.174,0.122,0.094,0.104,0.308,0.906,0.17,0.168
00:48:00,0.128,0.124,0.154,0.108,0.108,0.49,0.176,0.11,0.278,0.092,0.286,0.15,0.056,0.144,0.062,0.154,1.528,0.906,0.246,0.292,0.61,0.372,0.14,0.432,0.152,0.694,0.138,0.044,0.396,0.1,0.14,0.082,0.174,0.122,0.094,0.104,0.308,0.906,0.17,0.168
00:49:00,0.128,0.124,0.154,0.108,0.108,0.49,0.176,0.11,0.278,0.092,0.286,0.15,0.056,0.144,0.062,0.154,1.528,0.906,0.246,0.292,0.61,0.372,0.14,0.432,0.152,0.694,0.138,0.044,0.396,0.1,0.14,0.082,0.174,0.122,0.094,0.104,0.308,0.906,0.17,0.168
00:50:00,0.128,0.124,0.154,0.108,0.108,0.49,0.176,0.11,0.278,0.092,0.286,0.15,0.056,0.144,0.062,0.154,1.528,0.906,0.246,0.292,0.61,0.372,0.14,0.432,0.152,0.694,0.138,0.044,0.396,0.1,0.14,0.082,0.174,0.122,0.094,0.104,0.308,0.906,0.17,0.168
00:51:00,0.128,0.124,0.154,0.108,0.108,0.49,0.176,0.11,0.278,0.092,0.286,0.15,0.056,0.144,0.062,0.154,1.528,0.906,0.246,0.292,0.61,0.372,0.14,0.432,0.152,0.694,0.138,0.044,0.396,0.1,0.14,0.082,0.174,0.122,0.094,0.104,0.308,0.906,0.17,0.168
00:52:00,0.128,0.124,0.154,0.108,0.108,0.49,0.176,0.11,0.278,0.092,0.286,0.15,0.056,0.144,0.062,0.154,1.528,0.906,0.246,0.292,0.61,0.372,0.14,0.432,0.152,0.694,0.138,0.044,0.396,0.1,0.14,0.082,0.174,0.122,0.094,0.104,0.308,0.906,0.17,0.168
00:53:00,0.128,0.124,0.154,0.108,0.108,0.49,0.176,0.11,0.278,0.092,0.286,0.15,0.056,0.144,0.062,0.154,1.528,0.906,0.246,0.292,0.61,0.372,0.14,0.432,0.152,0.694,0.138,0.044,0.396,0.1,0.14,0.082,0.174,0.122,0.094,0.104,0.308,0.906,0.17,0.168
00:54:00,0.128,0.124,0.154,0.108,0.108,0.49,0.176,0.11,0.278,0.092,0.286,0.15,0.056,0.144,0.062,0.154,1.528,0.906,0.246,0.292,0.61,0.372,0.14,0.432,0.152,0.694,0.138,0.044,0.396,0.1,0.14,0.082,0.174,0.122,0.094,0.104,0.308,0.906,0.17,0.168
00:55:00,0.128,0.124,0.154,0.108,0.108,0.49,0.176,0.11,0.278,0.092,0.286,0.15,0.056,0.144,0.062,0.154,1.528,0.906,0.246,0.292,0.61,0.372,0.14,0.432,0.152,0.694,0.138,0.044,0.396,0.1,0.14,0.082,0.174,0.122,0.094,0.104,0.308,0.906,0.17,0.168
00:56:00,0.128,0.124,0.154,0.108,0.108,0.49,0.176,0.11,0.278,0.092,0.286,0.15,0.056,0.144,0.062,0.154,1.528,0.906,0.246,0.292,0.61,0.372,0.14,0.432,0.152,0.694,0.138,0.044,0.396,0.1,0.14,0.082,0.174,0.122,0.094,0.104,0.308,0.906,0.17,0.168
00:57:00,0.128,0.124,0.154,0.108,0.108,0.49,0.176,0.11,0.278,0.092,0.286,0.15,0.056,0.144,0.062,0.154,1.528,0.906,0.246,0.292,0.61,0.372,0.14,0.432,0.152,0.694,0.138,0.044,0.396,0.1,0.14,0.082,0.174,0.122,0.094,0.104,0.308,0.906,0.17,0.168
00:58:00,0.128,0.124,0.154,0.108,0.108,0.49,0.176,0.11,0.278,0.092,0.286,0.15,0.056,0.144,0.062,0.154,1.528,0.906,0.246,0.292,0.61,0.372,0.14,0.432,0.152,0.694,0.138,0.044,0.396,0.1,0.14,0.082,0.174,0.122,0.094,0.104,0.308,0.906,0.17,0.168
00:59:00,0.128,0.124,0.154,0.108,0.108,0.49,0.176,0.11,0.278,0.092,0.286,0.15,0.056,0.144,0.062,0.154,1.528,0.906,0.246,0.292,0.61,0.372,0.14,0.432,0.152,0.694,0.138,0.044,0.396,0.1,0.14,0.082,0.174,0.122,0.094,0.104,0.308,0.906,0.17,0.168
01:00:00,0.14,0.122,0.082,0.09,0.17,0.174,0.174,0.058,0.282,0.102,0.222,0.114,0.024,0.186,0.052,0.226,1.176,0.408,0.17,0.16,0.57,0.418,0.12,0.308,0.154,1.104,0.098,0.128,0.446,0.166,0.096,0.064,0.182,0.144,0.048,0.05,0.242,0.784,0.164,0.334
01:01:00,0.14,0.122,0.082,0.09,0.17,0.174,0.174,0.058,0.282,0.102,0.222,0.114,0.024,0.186,0.052,0.226,1.176,0.408,0.17,0.16,0.57,0.418,0.12,0.308,0.154,1.104,0.098,0.128,0.446,0.166,0.096,0.064,0.182,0.144,0.048,0.05,0.242,0.784,0.164,0.334
01:02:00,0.14,0.122,0.082,0.09,0.17,0.174,0.174,0.058,0.282,0.102,0.222,0.114,0.024,0.186,0.052,0.226,1.176,0.408,0.17,0.16,0.57,0.418,0.12,0.308,0.154,1.104,0.098,0.128,0.446,0.166,0.096,0.064,0.182,0.144,0.048,0.05,0.242,0.784,0.164,0.334
01:03:00,0.14,0.122,0.082,0.09,0.17,0.174,0.174,0.058,0.282,0.102,0.222,0.114,0.024,0.186,0.052,0.226,1.176,0.408,0.17,0.16,0.57,0.418,0.12,0.308,0.154,1.104,0.098,0.128,0.446,0.166,0.096,0.064,0.182,0.144,0.048,0.05,0.242,0.784,0.164,0.334
01:04:00,0.14,0.122,0.082,0.09,0.17,0.174,0.174,0.058,0.282,0.102,0.222,0.114,0.024,0.186,0.052,0.226,1.176,0.408,0.17,0.16,0.57,0.418,0.12,0.308,0.154,1.104,0.098,0.128,0.446,0.166,0.096,0.064,0.182,0.144,0.048,0.05,0.242,0.784,0.164,0.334
01:05:00,0.14,0.122,0.082,0.09,0.17,0.174,0.174,0.058,0.282,0.102,0.222,0.114,0.024,0.186,0.052,0.226,1.176,0.408,0.17,0.16,0.57,0.418,0.12,0.308,0.154,1.104,0.098,0.128,0.446,0.166,0.096,0.064,0.182,0.144,0.048,0.05,0.242,0.784,0.164,0.334
01:06:00,0.14,0.122,0.082,0.09,0.17,0.174,0.174,0.058,0.282,0.102,0.222,0.114,0.024,0.186,0.052,0.226,1.176,0.408,0.17,0.16,0.57,0.418,0.12,0.308,0.154,1.104,0.098,0.128,0.446,0.166,0.096,0.064,0.182,0.144,0.048,0.05,0.242,0.784,0.164,0.334
01:07:00,0.14,0.122,0.082,0.09,0.17,0.174,0.174,0.058,0.282,0.102,0.222,0.114,0.024,0.186,0.052,0.226,1.176,0.408,0.17,0.16,0.57,0.418,0.12,0.308,0.154,1.104,0.098,0.128,0.446,0.166,0.096,0.064,0.182,0.144,0.048,0.05,0.242,0.784,0.164,0.334
01:08:00,0.14,0.122,0.082,0.09,0.17,0.174,0.174,0.058,0.282,0.102,0.222,0.114,0.024,0.186,0.052,0.226,1.176,0.408,0.17,0.16,0.57,0.418,0.12,0.308,0.154,1.104,0.098,0.128,0.446,0.166,0.096,0.064,0.182,0.144,0.048,0.05,0.242,0.784,0.164,0.334
01:09:00,0.14,0.122,0.082,0.09,0.17,0.174,0.174,0.058,0.282,0.102,0.222,0.114,0.024,0.186,0.052,0.226,1.176,0.408,0.17,0.16,0.57,0.418,0.12,0.308,0.154,1.104,0.098,0.128,0.446,0.166,0.096,0.064,0.182,0.144,0.048,0.05,0.242,0.784,0.164,0.334
01:10:00,0.14,0.122,0.082,0.09,0.17,0.174,0.174,0.058,0.282,0.102,0.222,0.114,0.024,0.186,0.052,0.226,1.176,0.408,0.17,0.16,0.57,0.418,0.12,0.308,0.154,1.104,0.098,0.128,0.446,0.166,0.096,0.064,0.182,0.144,0.048,0.05,0.242,0.784,0.164,0.334
01:11:00,0.14,0.122,0.082,0.09,0.17,0.174,0.174,0.058,0.282,0.102,0.222,0.114,0.024,0.186,0.052,0.226,1.176,0.408,0.17,0.16,0.57,0.418,0.12,0.308,0.154,1.104,0.098,0.128,0.446,0.166,0.096,0.064,0.182,0.144,0.048,0.05,0.242,0.784,0.164,0.334
01:12:00,0.14,0.122,0.082,0.09,0.17,0.174,0.174,0.058,0.282,0.102,0.222,0.114,0.024,0.186,0.052,0.226,1.176,0.408,0.17,0.16,0.57,0.418,0.12,0.308,0.154,1.104,0.098,0.128,0.446,0.166,0.096,0.064,0.182,0.144,0.048,0.05,0.242,0.784,0.164,0.334
01:13:00,0.14,0.122,0.082,0.09,0.17,0.174,0.174,0.058,0.282,0.102,0.222,0.114,0.024,0.186,0.052,0.226,1.176,0.408,0.17,0.16,0.57,0.418,0.12,0.308,0.154,1.104,0.098,0.128,0.446,0.166,0.096,0.064,0.182,0.144,0.048,0.05,0.242,0.784,0.164,0.334
01:14:00,0.14,0.122,0.082,0.09,0.17,0.174,0.174,0.058,0.282,0.102,0.222,0.114,0.024,0.186,0.052,0.226,1.176,0.408,0.17,0.16,0.57,0.418,0.12,0.308,0.154,1.104,0.098,0.128,0.446,0.166,0.096,0.064,0.182,0.144,0.048,0.05,0.242,0.784,0.164,0.334
01:15:00,0.14,0.122,0.082,0.09,0.17,0.174,0.174,0.058,0.282,0.102,0.222,0.114,0.024,0.186,0.052,0.226,1.176,0.408,0.17,0.16,0.57,0.418,0.12,0.308,0.154,1.104,0.098,0.128,0.446,0.166,0.096,0.064,0.182,0.144,0.048,0.05,0.242,0.784,0.164,0.334
01:16:00,0.14,0.122,0.082,0.09,0.17,0.174,0.174,0.058,0.282,0.102,0.222,0.114,0.024,0.186,0.052,0.226,1.176,0.408,0.17,0.16,0.57,0.418,0.12,0.308,0.154,1.104,0.098,0.128,0.446,0.166,0.096,0.064,0.182,0.144,0.048,0.05,0.242,0.784,0.164,0.334
01:17:00,0.14,0.122,0.082,0.09,0.17,0.174,0.174,0.058,0.282,0.102,0.222,0.114,0.024,0.186,0.052,0.226,1.176,0.408,0.17,0.16,0.57,0.418,0.12,0.308,0.154,1.104,0.098,0.128,0.446,0.166,0.096,0.064,0.182,0.144,0.048,0.05,0.242,0.784,0.164,0.334
01:18:00,0.14,0.122,0.082,0.09,0.17,0.174,0.174,0.058,0.282,0.102,0.222,0.114,0.024,0.186,0.052,0.226,1.176,0.408,0.17,0.16,0.57,0.418,0.12,0.308,0.154,1.104,0.098,0.128,0.446,0.166,0.096,0.064,0.182,0.144,0.048,0.05,0.242,0.784,0.164,0.334
01:19:00,0.14,0.122,0.082,0.09,0.17,0.174,0.174,0.058,0.282,0.102,0.222,0.114,0.024,0.186,0.052,0.226,1.176,0.408,0.17,0.16,0.57,0.418,0.12,0.308,0.154,1.104,0.098,0.128,0.446,0.166,0.096,0.064,0.182,0.144,0.048,0.05,0.242,0.784,0.164,0.334
01:20:00,0.14,0.122,0.082,0.09,0.17,0.174,0.174,0.058,0.282,0.102,0.222,0.114,0.024,0.186,0.052,0.226,1.176,0.408,0.17,0.16,0.57,0.418,0.12,0.308,0.154,1.104,0.098,0.128,0.446,0.166,0.096,0.064,0.182,0.144,0.048,0.05,0.242,0.784,0.164,0.334
01:21:00,0.14,0.122,0.082,0.09,0.17,0.174,0.174,0.058,0.282,0.102,0.222,0.114,0.024,0.186,0.052,0.226,1.176,0.408,0.17,0.16,0.57,0.418,0.12,0.308,0.154,1.104,0.098,0.128,0.446,0.166,0.096,0.064,0.182,0.144,0.048,0.05,0.242,0.784,0.164,0.334
01:22:00,0.14,0.122,0.082,0.09,0.17,0.174,0.174,0.058,0.282,0.102,0.222,0.114,0.024,0.186,0.052,0.226,1.176,0.408,0.17,0.16,0.57,0.418,0.12,0.308,0.154,1.104,0.098,0.128,0.446,0.166,0.096,0.064,0.182,0.144,0.048,0.05,0.242,0.784,0.164,0.334
01:23:00,0.14,0.122,0.082,0.09,0.17,0.174,0.174,0.058,0.282,0.102,0.222,0.114,0.024,0.186,0.052,0.226,1.176,0.408,0.17,0.16,0.57,0.418,0.12,0.308,0.154,1.104,0.098,0.128,0.446,0.166,0.096,0.064,0.182,0.144,0.048,0.05,0.242,0.784,0.164,0.334
01:24:00,0.14,0.122,0.082,0.09,0.17,0.174,0.174,0.058,0.282,0.102,0.222,0.114,0.024,0.186,0.052,0.226,1.176,0.408,0.17,0.16,0.57,0.418,0.12,0.308,0.154,1.104,0.098,0.128,0.446,0.166,0.096,0.064,0.182,0.144,0.048,0.05,0.242,0.784,0.164,0.334
01:25:00,0.14,0.122,0.082,0.09,0.17,0.174,0.174,0.058,0.282,0.102,0.222,0.114,0.024,0.186,0.052,0.226,1.176,0.408,0.17,0.16,0.57,0.418,0.12,0.308,0.154,1.104,0.098,0.128,0.446,0.166,0.096,0.064,0.182,0.144,0.048,0.05,0.242,0.784,0.164,0.334
01:26:00,0.14,0.122,0.082,0.09,0.17,0.174,0.174,0.058,0.282,0.102,0.222,0.114,0.024,0.186,0.052,0.226,1.176,0.408,0.17,0.16,0.57,0.418,0.12,0.308,0.154,1.104,0.098,0.128,0.446,0.166,0.096,0.064,0.182,0.144,0.048,0.05,0.242,0.784,0.164,0.334
01:27:00,0.14,0.122,0.082,0.09,0.17,0.174,0.174,0.058,0.282,0.102,0.222,0.114,0.024,0.186,0.052,0.226,1.176,0.408,0.17,0.16,0.57,0.418,0.12,0.308,0.154,1.104,0.098,0.128,0.446,0.166,0.096,0.064,0.182,0.144,0.048,0.05,0.242,0.784,0.164,0.334
01:28:00,0.14,0.122,0.082,0.09,0.17,0.174,0.174,0.058,0.282,0.102,0.222,0.114,0.024,0.186,0.052,0.226,1.176,0.408,0.17,0.16,0.57,0.418,0.12,0.308,0.154,1.104,0.098,0.128,0.446,0.166,0.096,0.064,0.182,0.144,0.048,0.05,0.242,0.784,0.164,0.334
01:29:00,0.14,0.122,0.082,0.09,0.17,0.174,0.174,0.058,0.282,0.102,0.222,0.114,0.024,0.186,0.052,0.226,1.176,0.408,0.17,0.16,0.57,0.418,0.12,0.308,0.154,1.104,0.098,0.128,0.446,0.166,0.096,0.064,0.182,0.144,0.048,0.05,0.242,0.784,0.164,0.334
01:30:00,0.122,0.122,0.078,0.088,0.146,0.184,0.27,0.058,0.28,0.262,0.136,0.136,0.056,0.164,0.128,0.236,0.932,0.29,0.138,0.146,0.53,0.516,0.056,0.462,0.154,0.394,0.118,0.102,0.228,0.174,0.086,0.05,0.198,0.138,0.072,0.022,0.138,0.966,0.226,0.132
01:31:00,0.122,0.122,0.078,0.088,0.146,0.184,0.27,0.058,0.28,0.262,0.136,0.136,0.056,0.164,0.128,0.236,0.932,0.29,0.138,0.146,0.53,0.516,0.056,0.462,0.154,0.394,0.118,0.102,0.228,0.174,0.086,0.05,0.198,0.138,0.072,0.022,0.138,0.966,0.226,0.132
01:32:00,0.122,0.122,0.078,0.088,0.146,0.184,0.27,0.058,0.28,0.262,0.136,0.136,0.056,0.164,0.128,0.236,0.932,0.29,0.138,0.146,0.53,0.516,0.056,0.462,0.154,0.394,0.118,0.102,0.228,0.174,0.086,0.05,0.198,0.138,0.072,0.022,0.138,0.966,0.226,0.132
01:33:00,0.122,0.122,0.078,0.088,0.146,0.184,0.27,0.058,0.28,0.262,0.136,0.136,0.056,0.164,0.128,0.236,0.932,0.29,0.138,0.146,0.53,0.516,0.056,0.462,0.154,0.394,0.118,0.102,0.228,0.174,0.086,0.05,0.198,0.138,0.072,0.022,0.138,0.966,0.226,0.132
01:34:00,0.122,0.122,0.078,0.088,0.146,0.184,0.27,0.058,0.28,0.262,0.136,0.136,0.056,0.164,0.128,0.236,0.932,0.29,0.138,0.146,0.53,0.516,0.056,0.462,0.154,0.394,0.118,0.102,0.228,0.174,0.086,0.05,0.198,0.138,0.072,0.022,0.138,0.966,0.226,0.132
01:35:00,0.122,0.122,0.078,0.088,0.146,0.184,0.27,0.058,0.28,0.262,0.136,0.136,0.056,0.164,0.128,0.236,0.932,0.29,0.138,0.146,0.53,0.516,0.056,0.462,0.154,0.394,0.118,0.102,0.228,0.174,0.086,0.05,0.198,0.138,0.072,0.022,0.138,0.966,0.226,0.132
01:36:00,0.122,0.122,0.078,0.088,0.146,0.184,0.27,0.058,0.28,0.262,0.136,0.136,0.056,0.164,0.128,0.236,0.932,0.29,0.138,0.146,0.53,0.516,0.056,0.462,0.154,0.394,0.118,0.102,0.228,0.174,0.086,0.05,0.198,0.138,0.072,0.022,0.138,0.966,0.226,0.132
01:37:00,0.122,0.122,0.078,0.088,0.146,0.184,0.27,0.058,0.28,0.262,0.136,0.136,0.056,0.164,0.128,0.236,0.932,0.29,0.138,0.146,0.53,0.516,0.056,0.462,0.154,0.394,0.118,0.102,0.228,0.174,0.086,0.05,0.198,0.138,0.072,0.022,0.138,0.966,0.226,0.132
01:38:00,0.122,0.122,0.078,0.088,0.146,0.184,0.27,0.058,0.28,0.262,0.136,0.136,0.056,0.164,0.128,0.236,0.932,0.29,0.138,0.146,0.53,0.516,0.056,0.462,0.154,0.394,0.118,0.102,0.228,0.174,0.086,0.05,0.198,0.138,0.072,0.022,0.138,0.966,0.226,0.132
01:39:00,0.122,0.122,0.078,0.088,0.146,0.184,0.27,0.058,0.28,0.262,0.136,0.136,0.056,0.164,0.128,0.236,0.932,0.29,0.138,0.146,0.53,0.516,0.056,0.462,0.154,0.394,0.118,0.102,0.228,0.174,0.086,0.05,0.198,0.138,0.072,0.022,0.138,0.966,0.226,0.132
01:40:00,0.122,0.122,0.078,0.088,0.146,0.184,0.27,0.058,0.28,0.262,0.136,0.136,0.056,0.164,0.128,0.236,0.932,0.29,0.138,0.146,0.53,0.516,0.056,0.462,0.154,0.394,0.118,0.102,0.228,0.174,0.086,0.05,0.198,0.138,0.072,0.022,0.138,0.966,0.226,0.132
01:41:00,0.122,0.122,0.078,0.088,0.146,0.184,0.27,0.058,0.28,0.262,0.136,0.136,0.056,0.164,0.128,0.236,0.932,0.29,0.138,0.146,0.53,0.516,0.056,0.462,0.154,0.394,0.118,0.102,0.228,0.174,0.086,0.05,0.198,0.138,0.072,0.022,0.138,0.966,0.226,0.132
01:42:00,0.122,0.122,0.078,0.088,0.146,0.184,0.27,0.058,0.28,0.262,0.136,0.136,0.056,0.164,0.128,0.236,0.932,0.29,0.138,0.146,0.53,0.516,0.056,0.462,0.154,0.394,0.118,0.102,0.228,0.174,0.086,0.05,0.198,0.138,0.072,0.022,0.138,0.966,0.226,0.132
01:43:00,0.122,0.122,0.078,0.088,0.146,0.184,0.27,0.058,0.28,0.262,0.136,0.136,0.056,0.164,0.128,0.236,0.932,0.29,0.138,0.146,0.53,0.516,0.056,0.462,0.154,0.394,0.118,0.102,0.228,0.174,0.086,0.05,0.198,0.138,0.072,0.022,0.138,0.966,0.226,0.132
01:44:00,0.122,0.122,0.078,0.088,0.146,0.184,0.27,0.058,0.28,0.262,0.136,0.136,0.056,0.164,0.128,0.236,0.932,0.29,0.138,0.146,0.53,0.516,0.056,0.462,0.154,0.394,0.118,0.102,0.228,0.174,0.086,0.05,0.198,0.138,0.072,0.022,0.138,0.966,0.226,0.132
01:45:00,0.122,0.122,0.078,0.088,0.146,0.184,0.27,0.058,0.28,0.262,0.136,0.136,0.056,0.164,0.128,0.236,0.932,0.29,0.138,0.146,0.53,0.516,0.056,0.462,0.154,0.394,0.118,0.102,0.228,0.174,0.086,0.05,0.198,0.138,0.072,0.022,0.138,0.966,0.226,0.132
01:46:00,0.122,0.122,0.078,0.088,0.146,0.184,0.27,0.058,0.28,0.262,0.136,0.136,0.056,0.164,0.128,0.236,0.932,0.29,0.138,0.146,0.53,0.516,0.056,0.462,0.154,0.394,0.118,0.102,0.228,0.174,0.086,0.05,0.198,0.138,0.072,0.022,0.138,0.966,0.226,0.132
01:47:00,0.122,0.122,0.078,0.088,0.146,0.184,0.27,0.058,0.28,0.262,0.136,0.136,0.056,0.164,0.128,0.236,0.932,0.29,0.138,0.146,0.53,0.516,0.056,0.462,0.154,0.394,0.118,0.102,0.228,0.174,0.086,0.05,0.198,0.138,0.072,0.022,0.138,0.966,0.226,0.132
01:48:00,0.122,0.122,0.078,0.088,0.146,0.184,0.27,0.058,0.28,0.262,0.136,0.136,0.056,0.164,0.128,0.236,0.932,0.29,0.138,0.146,0.53,0.516,0.056,0.462,0.154,0.394,0.118,0.102,0.228,0.174,0.086,0.05,0.198,0.138,0.072,0.022,0.138,0.966,0.226,0.132
01:49:00,0.122,0.122,0.078,0.088,0.146,0.184,0.27,0.058,0.28,0.262,0.136,0.136,0.056,0.164,0.128,0.236,0.932,0.29,0.138,0.146,0.53,0.516,0.056,0.462,0.154,0.394,0.118,0.102,0.228,0.174,0.086,0.05,0.198,0.138,0.072,0.022,0.138,0.966,0.226,0.132
01:50:00,0.122,0.122,0.078,0.088,0.146,0.184,0.27,0.058,0.28,0.262,0.136,0.136,0.056,0.164,0.128,0.236,0.932,0.29,0.138,0.146,0.53,0.516,0.056,0.462,0.154,0.394,0.118,0.102,0.228,0.174,0.086,0.05,0.198,0.138,0.072,0.022,0.138,0.966,0.226,0.132
01:51:00,0.122,0.122,0.078,0.088,0.146,0.184,0.27,0.058,0.28,0.262,0.136,0.136,0.056,0.164,0.128,0.236,0.932,0.29,0.138,0.146,0.53,0.516,0.056,0.462,0.154,0.394,0.118,0.102,0.228,0.174,0.086,0.05,0.198,0.138,0.072,0.022,0.138,0.966,0.226,0.132
01:52:00,0.122,0.122,0.078,0.088,0.146,0.184,0.27,0.058,0.28,0.262,0.136,0.136,0.056,0.164,0.128,0.236,0.932,0.29,0.138,0.146,0.53,0.516,0.056,0.462,0.154,0.394,0.118,0.102,0.228,0.174,0.086,0.05,0.198,0.138,0.072,0.022,0.138,0.966,0.226,0.132
01:53:00,0.122,0.122,0.078,0.088,0.146,0.184,0.27,0.058,0.28,0.262,0.136,0.136,0.056,0.164,0.128,0.236,0.932,0.29,0.138,0.146,0.53,0.516,0.056,0.462,0.154,0.394,0.118,0.102,0.228,0.174,0.086,0.05,0.198,0.138,0.072,0.022,0.138,0.966,0.226,0.132
01:54:00,0.122,0.122,0.078,0.088,0.146,0.184,0.27,0.058,0.28,0.262,0.136,0.136,0.056,0.164,0.128,0.236,0.932,0.29,0.138,0.146,0.53,0.516,0.056,0.462,0.154,0.394,0.118,0.102,0.228,0.174,0.086,0.05,0.198,0.138,0.072,0.022,0.138,0.966,0.226,0.132
01:55:00,0.122,0.122,0.078,0.088,0.146,0.184,0.27,0.058,0.28,0.262,0.136,0.136,0.056,0.164,0.128,0.236,0.932,0.29,0.138,0.146,0.53,0.516,0.056,0.462,0.154,0.394,0.118,0.102,0.228,0.174,0.086,0.05,0.198,0.138,0.072,0.022,0.138,0.966,0.226,0.132
01:56:00,0.122,0.122,0.078,0.088,0.146,0.184,0.27,0.058,0.28,0.262,0.136,0.136,0.056,0.164,0.128,0.236,0.932,0.29,0.138,0.146,0.53,0.516,0.056,0.462,0.154,0.394,0.118,0.102,0.228,0.174,0.086,0.05,0.198,0.138,0.072,0.022,0.138,0.966,0.226,0.132
01:57:00,0.122,0.122,0.078,0.088,0.146,0.184,0.27,0.058,0.28,0.262,0.136,0.136,0.056,0.164,0.128,0.236,0.932,0.29,0.138,0.146,0.53,0.516,0.056,0.462,0.154,0.394,0.118,0.102,0.228,0.174,0.086,0.05,0.198,0.138,0.072,0.022,0.138,0.966,0.226,0.132
01:58:00,0.122,0.122,0.078,0.088,0.146,0.184,0.27,0.058,0.28,0.262,0.136,0.136,0.056,0.164,0.128,0.236,0.932,0.29,0.138,0.146,0.53,0.516,0.056,0.462,0.154,0.394,0.118,0.102,0.228,0.174,0.086,0.05,0.198,0.138,0.072,0.022,0.138,0.966,0.226,0.132
01:59:00,0.122,0.122,0.078,0.088,0.146,0.184,0.27,0.058,0.28,0.262,0.136,0.136,0.056,0.164,0.128,0.236,0.932,0.29,0.138,0.146,0.53,0.516,0.056,0.462,0.154,0.394,0.118,0.102,0.228,0.174,0.086,0.05,0.198,0.138,0.072,0.022,0.138,0.966,0.226,0.132
02:00:00,0.116,0.122,0.078,0.086,0.106,0.158,0.236,0.054,0.276,0.176,0.198,0.128,0.106,0.12,0.074,0.276,0.09,0.168,0.082,0.136,0.25,0.428,0.114,0.36,0.136,0.2,0.092,0.042,0.248,0.152,0.078,0.054,0.17,0.12,0.04,0.048,0.132,1.502,0.216,0.134
02:01:00,0.116,0.122,0.078,0.086,0.106,0.158,0.236,0.054,0.276,0.176,0.198,0.128,0.106,0.12,0.074,0.276,0.09,0.168,0.082,0.136,0.25,0.428,0.114,0.36,0.136,0.2,0.092,0.042,0.248,0.152,0.078,0.054,0.17,0.12,0.04,0.048,0.132,1.502,0.216,0.134
02:02:00,0.116,0.122,0.078,0.086,0.106,0.158,0.236,0.054,0.276,0.176,0.198,0.128,0.106,0.12,0.074,0.276,0.09,0.168,0.082,0.136,0.25,0.428,0.114,0.36,0.136,0.2,0.092,0.042,0.248,0.152,0.078,0.054,0.17,0.12,0.04,0.048,0.132,1.502,0.216,0.134
02:03:00,0.116,0.122,0.078,0.086,0.106,0.158,0.236,0.054,0.276,0.176,0.198,0.128,0.106,0.12,0.074,0.276,0.09,0.168,0.082,0.136,0.25,0.428,0.114,0.36,0.136,0.2,0.092,0.042,0.248,0.152,0.078,0.054,0.17,0.12,0.04,0.048,0.132,1.502,0.216,0.134
02:04:00,0.116,0.122,0.078,0.086,0.106,0.158,0.236,0.054,0.276,0.176,0.198,0.128,0.106,0.12,0.074,0.276,0.09,0.168,0.082,0.136,0.25,0.428,0.114,0.36,0.136,0.2,0.092,0.042,0.248,0.152,0.078,0.054,0.17,0.12,0.04,0.048,0.132,1.502,0.216,0.134
02:05:00,0.116,0.122,0.078,0.086,0.106,0.158,0.236,0.054,0.276,0.176,0.198,0.128,0.106,0.12,0.074,0.276,0.09,0.168,0.082,0.136,0.25,0.428,0.114,0.36,0.136,0.2,0.092,0.042,0.248,0.152,0.078,0.054,0.17,0.12,0.04,0.048,0.132,1.502,0.216,0.134
02:06:00,0.116,0.122,0.078,0.086,0.106,0.158,0.236,0.054,0.276,0.176,0.198,0.128,0.106,0.12,0.074,0.276,0.09,0.168,0.082,0.136,0.25,0.428,0.114,0.36,0.136,0.2,0.092,0.042,0.248,0.152,0.078,0.054,0.17,0.12,0.04,0.048,0.132,1.502,0.216,0.134
02:07:00,0.116,0.122,0.078,0.086,0.106,0.158,0.236,0.054,0.276,0.176,0.198,0.128,0.106,0.12,0.074,0.276,0.09,0.168,0.082,0.136,0.25,0.428,0.114,0.36,0.136,0.2,0.092,0.042,0.248,0.152,0.078,0.054,0.17,0.12,0.04,0.048,0.132,1.502,0.216,0.134
02:08:00,0.116,0.122,0.078,0.086,0.106,0.158,0.236,0.054,0.276,0.176,0.198,0.128,0.106,0.12,0.074,0.276,0.09,0.168,0.082,0.136,0.25,0.428,0.114,0.36,0.136,0.2,0.092,0.042,0.248,0.152,0.078,0.054,0.17,0.12,0.04,0.048,0.132,1.502,0.216,0.134
02:09:00,0.116,0.122,0.078,0.086,0.106,0.158,0.236,0.054,0.276,0.176,0.198,0.128,0.106,0.12,0.074,0.276,0.09,0.168,0.082,0.136,0.25,0.428,0.114,0.36,0.136,0.2,0.092,0.042,0.248,0.152,0.078,0.054,0.17,0.12,0.04,0.048,0.132,1.502,0.216,0.134
02:10:00,0.116,0.122,0.078,0.086,0.106,0.158,0.236,0.054,0.276,0.176,0.198,0.128,0.106,0.12,0.074,0.276,0.09,0.168,0.082,0.136,0.25,0.428,0.114,0.36,0.136,0.2,0.092,0.042,0.248,0.152,0.078,0.054,0.17,0.12,0.04,0.048,0.132,1.502,0.216,0.134
02:11:00,0.116,0.122,0.078,0.086,0.106,0.158,0.236,0.054,0.276,0.176,0.198,0.128,0.106,0.12,0.074,0.276,0.09,0.168,0.082,0.136,0.25,0.428,0.114,0.36,0.136,0.2,0.092,0.042,0.248,0.152,0.078,0.054,0.17,0.12,0.04,0.048,0.132,1.502,0.216,0.134
02:12:00,0.116,0.122,0.078,0.086,0.106,0.158,0.236,0.054,0.276,0.176,0.198,0.128,0.106,0.12,0.074,0.276,0.09,0.168,0.082,0.136,0.25,0.428,0.114,0.36,0.136,0.2,0.092,0.042,0.248,0.152,0.078,0.054,0.17,0.12,0.04,0.048,0.132,1.502,0.216,0.134
02:13:00,0.116,0.122,0.078,0.086,0.106,0.158,0.236,0.054,0.276,0.176,0.198,0.128,0.106,0.12,0.074,0.276,0.09,0.168,0.082,0.136,0.25,0.428,0.114,0.36,0.136,0.2,0.092,0.042,0.248,0.152,0.078,0.054,0.17,0.12,0.04,0.048,0.132,1.502,0.216,0.134
02:14:00,0.116,0.122,0.078,0.086,0.106,0.158,0.236,0.054,0.276,0.176,0.198,0.128,0.106,0.12,0.074,0.276,0.09,0.168,0.082,0.136,0.25,0.428,0.114,0.36,0.136,0.2,0.092,0.042,0.248,0.152,0.078,0.054,0.17,0.12,0.04,0.048,0.132,1.502,0.216,0.134
02:15:00,0.116,0.122,0.078,0.086,0.106,0.158,0.236,0.054,0.276,0.176,0.198,0.128,0.106,0.12,0.074,0.276,0.09,0.168,0.082,0.136,0.25,0.428,0.114,0.36,0.136,0.2,0.092,0.042,0.248,0.152,0.078,0.054,0.17,0.12,0.04,0.048,0.132,1.502,0.216,0.134
02:16:00,0.116,0.122,0.078,0.086,0.106,0.158,0.236,0.054,0.276,0.176,0.198,0.128,0.106,0.12,0.074,0.276,0.09,0.168,0.082,0.136,0.25,0.428,0.114,0.36,0.136,0.2,0.092,0.042,0.248,0.152,0.078,0.054,0.17,0.12,0.04,0.048,0.132,1.502,0.216,0.134
02:17:00,0.116,0.122,0.078,0.086,0.106,0.158,0.236,0.054,0.276,0.176,0.198,0.128,0.106,0.12,0.074,0.276,0.09,0.168,0.082,0.136,0.25,0.428,0.114,0.36,0.136,0.2,0.092,0.042,0.248,0.152,0.078,0.054,0.17,0.12,0.04,0.048,0.132,1.502,0.216,0.134
02:18:00,0.116,0.122,0.078,0.086,0.106,0.158,0.236,0.054,0.276,0.176,0.198,0.128,0.106,0.12,0.074,0.276,0.09,0.168,0.082,0.136,0.25,0.428,0.114,0.36,0.136,0.2,0.092,0.042,0.248,0.152,0.078,0.054,0.17,0.12,0.04,0.048,0.132,1.502,0.216,0.134
02:19:00,0.116,0.122,0.078,0.086,0.106,0.158,0.236,0.054,0.276,0.176,0.198,0.128,0.106,0.12,0.074,0.276,0.09,0.168,0.082,0.136,0.25,0.428,0.114,0.36,0.136,0.2,0.092,0.042,0.248,0.152,0.078,0.054,0.17,0.12,0.04,0.048,0.132,1.502,0.216,0.134
02:20:00,0.116,0.122,0.078,0.086,0.106,0.158,0.236,0.054,0.276,0.176,0.198,0.128,0.106,0.12,0.074,0.276,0.09,0.168,0.082,0.136,0.25,0.428,0.114,0.36,0.136,0.2,0.092,0.042,0.248,0.152,0.078,0.054,0.17,0.12,0.04,0.048,0.132,1.502,0.216,0.134
02:21:00,0.116,0.122,0.078,0.086,0.106,0.158,0.236,0.054,0.276,0.176,0.198,0.128,0.106,0.12,0.074,0.276,0.09,0.168,0.082,0.136,0.25,0.428,0.114,0.36,0.136,0.2,0.092,0.042,0.248,0.152,0.078,0.054,0.17,0.12,0.04,0.048,0.132,1.502,0.216,0.134
02:22:00,0.116,0.122,0.078,0.086,0.106,0.158,0.236,0.054,0.276,0.176,0.198,0.128,0.106,0.12,0.074,0.276,0.09,0.168,0.082,0.136,0.25,0.428,0.114,0.36,0.136,0.2,0.092,0.042,0.248,0.152,0.078,0.054,0.17,0.12,0.04,0.048,0.132,1.502,0.216,0.134
02:23:00,0.116,0.122,0.078,0.086,0.106,0.158,0.236,0.054,0.276,0.176,0.198,0.128,0.106,0.12,0.074,0.276,0.09,0.168,0.082,0.136,0.25,0.428,0.114,0.36,0.136,0.2,0.092,0.042,0.248,0.152,0.078,0.054,0.17,0.12,0.04,0.048,0.132,1.502,0.216,0.134
02:24:00,0.116,0.122,0.078,0.086,0.106,0.158,0.236,0.054,0.276,0.176,0.198,0.128,0.106,0.12,0.074,0.276,0.09,0.168,0.082,0.136,0.25,0.428,0.114,0.36,0.136,0.2,0.092,0.042,0.248,0.152,0.078,0.054,0.17,0.12,0.04,0.048,0.132,1.502,0.216,0.134
02:25:00,0.116,0.122,0.078,0.086,0.106,0.158,0.236,0.054,0.276,0.176,0.198,0.128,0.106,0.12,0.074,0.276,0.09,0.168,0.082,0.136,0.25,0.428,0.114,0.36,0.136,0.2,0.092,0.042,0.248,0.152,0.078,0.054,0.17,0.12,0.04,0.048,0.132,1.502,0.216,0.134
02:26:00,0.116,0.122,0.078,0.086,0.106,0.158,0.236,0.054,0.276,0.176,0.198,0.128,0.106,0.12,0.074,0.276,0.09,0.168,0.082,0.136,0.25,0.428,0.114,0.36,0.136,0.2,0.092,0.042,0.248,0.152,0.078,0.054,0.17,0.12,0.04,0.048,0.132,1.502,0.216,0.134
02:27:00,0.116,0.122,0.078,0.086,0.106,0.158,0.236,0.054,0.276,0.176,0.198,0.128,0.106,0.12,0.074,0.276,0.09,0.168,0.082,0.136,0.25,0.428,0.114,0.36,0.136,0.2,0.092,0.042,0.248,0.152,0.078,0.054,0.17,0.12,0.04,0.048,0.132,1.502,0.216,0.134
02:28:00,0.116,0.122,0.078,0.086,0.106,0.158,0.236,0.054,0.276,0.176,0.198,0.128,0.106,0.12,0.074,0.276,0.09,0.168,0.082,0.136,0.25,0.428,0.114,0.36,0.136,0.2,0.092,0.042,0.248,0.152,0.078,0.054,0.17,0.12,0.04,0.048,0.132,1.502,0.216,0.134
02:29:00,0.116,0.122,0.078,0.086,0.106,0.158,0.236,0.054,0.276,0.176,0.198,0.128,0.106,0.12,0.074,0.276,0.09,0.168,0.082,0.136,0.25,0.428,0.114,0.36,0.136,0.2,0.092,0.042,0.248,0.152,0.078,0.054,0.17,0.12,0.04,0.048,0.132,1.502,0.216,0.134
02:30:00,0.13,0.122,0.144,0.126,0.11,0.042,0.17,0.04,0.278,0.048,0.12,0.114,0.024,0.16,0.05,0.3,0.172,0.202,0.092,0.182,0.28,0.406,0.122,0.316,0.122,0.2,0.1,0.144,0.16,0.088,0.078,0.03,0.198,0.136,0.096,0.026,0.154,1.754,0.166,0.112
02:31:00,0.13,0.122,0.144,0.126,0.11,0.042,0.17,0.04,0.278,0.048,0.12,0.114,0.024,0.16,0.05,0.3,0.172,0.202,0.092,0.182,0.28,0.406,0.122,0.316,0.122,0.2,0.1,0.144,0.16,0.088,0.078,0.03,0.198,0.136,0.096,0.026,0.154,1.754,0.166,0.112
02:32:00,0.13,0.122,0.144,0.126,0.11,0.042,0.17,0.04,0.278,0.048,0.12,0.114,0.024,0.16,0.05,0.3,0.172,0.202,0.092,0.182,0.28,0.406,0.122,0.316,0.122,0.2,0.1,0.144,0.16,0.088,0.078,0.03,0.198,0.136,0.096,0.026,0.154,1.754,0.166,0.112
02:33:00,0.13,0.122,0.144,0.126,0.11,0.042,0.17,0.04,0.278,0.048,0.12,0.114,0.024,0.16,0.05,0.3,0.172,0.202,0.092,0.182,0.28,0.406,0.122,0.316,0.122,0.2,0.1,0.144,0.16,0.088,0.078,0.03,0.198,0.136,0.096,0.026,0.154,1.754,0.166,0.112
02:34:00,0.13,0.122,0.144,0.126,0.11,0.042,0.17,0.04,0.278,0.048,0.12,0.114,0.024,0.16,0.05,0.3,0.172,0.202,0.092,0.182,0.28,0.406,0.122,0.316,0.122,0.2,0.1,0.144,0.16,0.088,0.078,0.03,0.198,0.136,0.096,0.026,0.154,1.754,0.166,0.112
02:35:00,0.13,0.122,0.144,0.126,0.11,0.042,0.17,0.04,0.278,0.048,0.12,0.114,0.024,0.16,0.05,0.3,0.172,0.202,0.092,0.182,0.28,0.406,0.122,0.316,0.122,0.2,0.1,0.144,0.16,0.088,0.078,0.03,0.198,0.136,0.096,0.026,0.154,1.754,0.166,0.112
02:36:00,0.13,0.122,0.144,0.126,0.11,0.042,0.17,0.04,0.278,0.048,0.12,0.114,0.024,0.16,0.05,0.3,0.172,0.202,0.092,0.182,0.28,0.406,0.122,0.316,0.122,0.2,0.1,0.144,0.16,0.088,0.078,0.03,0.198,0.136,0.096,0.026,0.154,1.754,0.166,0.112
02:37:00,0.13,0.122,0.144,0.126,0.11,0.042,0.17,0.04,0.278,0.048,0.12,0.114,0.024,0.16,0.05,0.3,0.172,0.202,0.092,0.182,0.28,0.406,0.122,0.316,0.122,0.2,0.1,0.144,0.16,0.088,0.078,0.03,0.198,0.136,0.096,0.026,0.154,1.754,0.166,0.112
02:38:00,0.13,0.122,0.144,0.126,0.11,0.042,0.17,0.04,0.278,0.048,0.12,0.114,0.024,0.16,0.05,0.3,0.172,0.202,0.092,0.182,0.28,0.406,0.122,0.316,0.122,0.2,0.1,0.144,0.16,0.088,0.078,0.03,0.198,0.136,0.096,0.026,0.154,1.754,0.166,0.112
02:39:00,0.13,0.122,0.144,0.126,0.11,0.042,0.17,0.04,0.278,0.048,0.12,0.114,0.024,0.16,0.05,0.3,0.172,0.202,0.092,0.182,0.28,0.406,0.122,0.316,0.122,0.2,0.1,0.144,0.16,0.088,0.078,0.03,0.198,0.136,0.096,0.026,0.154,1.754,0.166,0.112
02:40:00,0.13,0.122,0.144,0.126,0.11,0.042,0.17,0.04,0.278,0.048,0.12,0.114,0.024,0.16,0.05,0.3,0.172,0.202,0.092,0.182,0.28,0.406,0.122,0.316,0.122,0.2,0.1,0.144,0.16,0.088,0.078,0.03,0.198,0.136,0.096,0.026,0.154,1.754,0.166,0.112
02:41:00,0.13,0.122,0.144,0.126,0.11,0.042,0.17,0.04,0.278,0.048,0.12,0.114,0.024,0.16,0.05,0.3,0.172,0.202,0.092,0.182,0.28,0.406,0.122,0.316,0.122,0.2,0.1,0.144,0.16,0.088,0.078,0.03,0.198,0.136,0.096,0.026,0.154,1.754,0.166,0.112
02:42:00,0.13,0.122,0.144,0.126,0.11,0.042,0.17,0.04,0.278,0.048,0.12,0.114,0.024,0.16,0.05,0.3,0.172,0.202,0.092,0.182,0.28,0.406,0.122,0.316,0.122,0.2,0.1,0.144,0.16,0.088,0.078,0.03,0.198,0.136,0.096,0.026,0.154,1.754,0.166,0.112
02:43:00,0.13,0.122,0.144,0.126,0.11,0.042,0.17,0.04,0.278,0.048,0.12,0.114,0.024,0.16,0.05,0.3,0.172,0.202,0.092,0.182,0.28,0.406,0.122,0.316,0.122,0.2,0.1,0.144,0.16,0.088,0.078,0.03,0.198,0.136,0.096,0.026,0.154,1.754,0.166,0.112
02:44:00,0.13,0.122,0.144,0.126,0.11,0.042,0.17,0.04,0.278,0.048,0.12,0.114,0.024,0.16,0.05,0.3,0.172,0.202,0.092,0.182,0.28,0.406,0.122,0.316,0.122,0.2,0.1,0.144,0.16,0.088,0.078,0.03,0.198,0.136,0.096,0.026,0.154,1.754,0.166,0.112
02:45:00,0.13,0.122,0.144,0.126,0.11,0.042,0.17,0.04,0.278,0.048,0.12,0.114,0.024,0.16,0.05,0.3,0.172,0.202,0.092,0.182,0.28,0.406,0.122,0.316,0.122,0.2,0.1,0.144,0.16,0.088,0.078,0.03,0.198,0.136,0.096,0.026,0.154,1.754,0.166,0.112
02:46:00,0.13,0.122,0.144,0.126,0.11,0.042,0.17,0.04,0.278,0.048,0.12,0.114,0.024,0.16,0.05,0.3,0.172,0.202,0.092,0.182,0.28,0.406,0.122,0.316,0.122,0.2,0.1,0.144,0.16,0.088,0.078,0.03,0.198,0.136,0.096,0.026,0.154,1.754,0.166,0.112
02:47:00,0.13,0.122,0.144,0.126,0.11,0.042,0.17,0.04,0.278,0.048,0.12,0.114,0.024,0.16,0.05,0.3,0.172,0.202,0.092,0.182,0.28,0.406,0.122,0.316,0.122,0.2,0.1,0.144,0.16,0.088,0.078,0.03,0.198,0.136,0.096,0.026,0.154,1.754,0.166,0.112
02:48:00,0.13,0.122,0.144,0.126,0.11,0.042,0.17,0.04,0.278,0.048,0.12,0.114,0.024,0.16,0.05,0.3,0.172,0.202,0.092,0.182,0.28,0.406,0.122,0.316,0.122,0.2,0.1,0.144,0.16,0.088,0.078,0.03,0.198,0.136,0.096,0.026,0.154,1.754,0.166,0.112
02:49:00,0.13,0.122,0.144,0.126,0.11,0.042,0.17,0.04,0.278,0.048,0.12,0.114,0.024,0.16,0.05,0.3,0.172,0.202,0.092,0.182,0.28,0.406,0.122,0.316,0.122,0.2,0.1,0.144,0.16,0.088,0.078,0.03,0.198,0.136,0.096,0.026,0.154,1.754,0.166,0.112
02:50:00,0.13,0.122,0.144,0.126,0.11,0.042,0.17,0.04,0.278,0.048,0.12,0.114,0.024,0.16,0.05,0.3,0.172,0.202,0.092,0.182,0.28,0.406,0.122,0.316,0.122,0.2,0.1,0.144,0.16,0.088,0.078,0.03,0.198,0.136,0.096,0.026,0.154,1.754,0.166,0.112
02:51:00,0.13,0.122,0.144,0.126,0.11,0.042,0.17,0.04,0.278,0.048,0.12,0.114,0.024,0.16,0.05,0.3,0.172,0.202,0.092,0.182,0.28,0.406,0.122,0.316,0.122,0.2,0.1,0.144,0.16,0.088,0.078,0.03,0.198,0.136,0.096,0.026,0.154,1.754,0.166,0.112
02:52:00,0.13,0.122,0.144,0.126,0.11,0.042,0.17,0.04,0.278,0.048,0.12,0.114,0.024,0.16,0.05,0.3,0.172,0.202,0.092,0.182,0.28,0.406,0.122,0.316,0.122,0.2,0.1,0.144,0.16,0.088,0.078,0.03,0.198,0.136,0.096,0.026,0.154,1.754,0.166,0.112
02:53:00,0.13,0.122,0.144,0.126,0.11,0.042,0.17,0.04,0.278,0.048,0.12,0.114,0.024,0.16,0.05,0.3,0.172,0.202,0.092,0.182,0.28,0.406,0.122,0.316,0.122,0.2,0.1,0.144,0.16,0.088,0.078,0.03,0.198,0.136,0.096,0.026,0.154,1.754,0.166,0.112
02:54:00,0.13,0.122,0.144,0.126,0.11,0.042,0.17,0.04,0.278,0.048,0.12,0.114,0.024,0.16,0.05,0.3,0.172,0.202,0.092,0.182,0.28,0.406,0.122,0.316,0.122,0.2,0.1,0.144,0.16,0.088,0.078,0.03,0.198,0.136,0.096,0.026,0.154,1.754,0.166,0.112
02:55:00,0.13,0.122,0.144,0.126,0.11,0.042,0.17,0.04,0.278,0.048,0.12,0.114,0.024,0.16,0.05,0.3,0.172,0.202,0.092,0.182,0.28,0.406,0.122,0.316,0.122,0.2,0.1,0.144,0.16,0.088,0.078,0.03,0.198,0.136,0.096,0.026,0.154,1.754,0.166,0.112
02:56:00,0.13,0.122,0.144,0.126,0.11,0.042,0.17,0.04,0.278,0.048,0.12,0.114,0.024,0.16,0.05,0.3,0.172,0.202,0.092,0.182,0.28,0.406,0.122,0.316,0.122,0.2,0.1,0.144,0.16,0.088,0.078,0.03,0.198,0.136,0.096,0.026,0.154,1.754,0.166,0.112
02:57:00,0.13,0.122,0.144,0.126,0.11,0.042,0.17,0.04,0.278,0.048,0.12,0.114,0.024,0.16,0.05,0.3,0.172,0.202,0.092,0.182,0.28,0.406,0.122,0.316,0.122,0.2,0.1,0.144,0.16,0.088,0.078,0.03,0.198,0.136,0.096,0.026,0.154,1.754,0.166,0.112
02:58:00,0.13,0.122,0.144,0.126,0.11,0.042,0.17,0.04,0.278,0.048,0.12,0.114,0.024,0.16,0.05,0.3,0.172,0.202,0.092,0.182,0.28,0.406,0.122,0.316,0.122,0.2,0.1,0.144,0.16,0.088,0.078,0.03,0.198,0.136,0.096,0.026,0.154,1.754,0.166,0.112
02:59:00,0.13,0.122,0.144,0.126,0.11,0.042,0.17,0.04,0.278,0.048,0.12,0.114,0.024,0.16,0.05,0.3,0.172,0.202,0.092,0.182,0.28,0.406,0.122,0.316,0.122,0.2,0.1,0.144,0.16,0.088,0.078,0.03,0.198,0.136,0.096,0.026,0.154,1.754,0.166,0.112
03:00:00,0.126,0.122,0.084,0.168,0.188,0.142,0.168,0.066,0.276,0.05,0.174,0.152,0.026,0.122,0.112,0.192,0.078,0.19,0.092,0.246,0.316,0.338,0.12,0.4,0.136,0.198,0.098,0.14,0.206,0.046,0.078,0.054,0.17,0.148,0.046,0.196,0.146,0.772,0.166,0.062
03:01:00,0.126,0.122,0.084,0.168,0.188,0.142,0.168,0.066,0.276,0.05,0.174,0.152,0.026,0.122,0.112,0.192,0.078,0.19,0.092,0.246,0.316,0.338,0.12,0.4,0.136,0.198,0.098,0.14,0.206,0.046,0.078,0.054,0.17,0.148,0.046,0.196,0.146,0.772,0.166,0.062
03:02:00,0.126,0.122,0.084,0.168,0.188,0.142,0.168,0.066,0.276,0.05,0.174,0.152,0.026,0.122,0.112,0.192,0.078,0.19,0.092,0.246,0.316,0.338,0.12,0.4,0.136,0.198,0.098,0.14,0.206,0.046,0.078,0.054,0.17,0.148,0.046,0.196,0.146,0.772,0.166,0.062
03:03:00,0.126,0.122,0.084,0.168,0.188,0.142,0.168,0.066,0.276,0.05,0.174,0.152,0.026,0.122,0.112,0.192,0.078,0.19,0.092,0.246,0.316,0.338,0.12,0.4,0.136,0.198,0.098,0.14,0.206,0.046,0.078,0.054,0.17,0.148,0.046,0.196,0.146,0.772,0.166,0.062
03:04:00,0.126,0.122,0.084,0.168,0.188,0.142,0.168,0.066,0.276,0.05,0.174,0.152,0.026,0.122,0.112,0.192,0.078,0.19,0.092,0.246,0.316,0.338,0.12,0.4,0.136,0.198,0.098,0.14,0.206,0.046,0.078,0.054,0.17,0.148,0.046,0.196,0.146,0.772,0.166,0.062
03:05:00,0.126,0.122,0.084,0.168,0.188,0.142,0.168,0.066,0.276,0.05,0.174,0.152,0.026,0.122,0.112,0.192,0.078,0.19,0.092,0.246,0.316,0.338,0.12,0.4,0.136,0.198,0.098,0.14,0.206,0.046,0.078,0.054,0.17,0.148,0.046,0.196,0.146,0.772,0.166,0.062
03:06:00,0.126,0.122,0.084,0.168,0.188,0.142,0.168,0.066,0.276,0.05,0.174,0.152,0.026,0.122,0.112,0.192,0.078,0.19,0.092,0.246,0.316,0.338,0.12,0.4,0.136,0.198,0.098,0.14,0.206,0.046,0.078,0.054,0.17,0.148,0.046,0.196,0.146,0.772,0.166,0.062
03:07:00,0.126,0.122,0.084,0.168,0.188,0.142,0.168,0.066,0.276,0.05,0.174,0.152,0.026,0.122,0.112,0.192,0.078,0.19,0.092,0.246,0.316,0.338,0.12,0.4,0.136,0.198,0.098,0.14,0.206,0.046,0.078,0.054,0.17,0.148,0.046,0.196,0.146,0.772,0.166,0.062
03:08:00,0.126,0.122,0.084,0.168,0.188,0.142,0.168,0.066,0.276,0.05,0.174,0.152,0.026,0.122,0.112,0.192,0.078,0.19,0.092,0.246,0.316,0.338,0.12,0.4,0.136,0.198,0.098,0.14,0.206,0.046,0.078,0.054,0.17,0.148,0.046,0.196,0.146,0.772,0.166,0.062
03:09:00,0.126,0.122,0.084,0.168,0.188,0.142,0.168,0.066,0.276,0.05,0.174,0.152,0.026,0.122,0.112,0.192,0.078,0.19,0.092,0.246,0.316,0.338,0.12,0.4,0.136,0.198,0.098,0.14,0.206,0.046,0.078,0.054,0.17,0.148,0.046,0.196,0.146,0.772,0.166,0.062
03:10:00,0.126,0.122,0.084,0.168,0.188,0.142,0.168,0.066,0.276,0.05,0.174,0.152,0.026,0.122,0.112,0.192,0.078,0.19,0.092,0.246,0.316,0.338,0.12,0.4,0.136,0.198,0.098,0.14,0.206,0.046,0.078,0.054,0.17,0.148,0.046,0.196,0.146,0.772,0.166,0.062
03:11:00,0.126,0.122,0.084,0.168,0.188,0.142,0.168,0.066,0.276,0.05,0.174,0.152,0.026,0.122,0.112,0.192,0.078,0.19,0.092,0.246,0.316,0.338,0.12,0.4,0.136,0.198,0.098,0.14,0.206,0.046,0.078,0.054,0.17,0.148,0.046,0.196,0.146,0.772,0.166,0.062
03:12:00,0.126,0.122,0.084,0.168,0.188,0.142,0.168,0.066,0.276,0.05,0.174,0.152,0.026,0.122,0.112,0.192,0.078,0.19,0.092,0.246,0.316,0.338,0.12,0.4,0.136,0.198,0.098,0.14,0.206,0.046,0.078,0.054,0.17,0.148,0.046,0.196,0.146,0.772,0.166,0.062
03:13:00,0.126,0.122,0.084,0.168,0.188,0.142,0.168,0.066,0.276,0.05,0.174,0.152,0.026,0.122,0.112,0.192,0.078,0.19,0.092,0.246,0.316,0.338,0.12,0.4,0.136,0.198,0.098,0.14,0.206,0.046,0.078,0.054,0.17,0.148,0.046,0.196,0.146,0.772,0.166,0.062
03:14:00,0.126,0.122,0.084,0.168,0.188,0.142,0.168,0.066,0.276,0.05,0.174,0.152,0.026,0.122,0.112,0.192,0.078,0.19,0.092,0.246,0.316,0.338,0.12,0.4,0.136,0.198,0.098,0.14,0.206,0.046,0.078,0.054,0.17,0.148,0.046,0.196,0.146,0.772,0.166,0.062
03:15:00,0.126,0.122,0.084,0.168,0.188,0.142,0.168,0.066,0.276,0.05,0.174,0.152,0.026,0.122,0.112,0.192,0.078,0.19,0.092,0.246,0.316,0.338,0.12,0.4,0.136,0.198,0.098,0.14,0.206,0.046,0.078,0.054,0.17,0.148,0.046,0.196,0.146,0.772,0.166,0.062
03:16:00,0.126,0.122,0.084,0.168,0.188,0.142,0.168,0.066,0.276,0.05,0.174,0.152,0.026,0.122,0.112,0.192,0.078,0.19,0.092,0.246,0.316,0.338,0.12,0.4,0.136,0.198,0.098,0.14,0.206,0.046,0.078,0.054,0.17,0.148,0.046,0.196,0.146,0.772,0.166,0.062
03:17:00,0.126,0.122,0.084,0.168,0.188,0.142,0.168,0.066,0.276,0.05,0.174,0.152,0.026,0.122,0.112,0.192,0.078,0.19,0.092,0.246,0.316,0.338,0.12,0.4,0.136,0.198,0.098,0.14,0.206,0.046,0.078,0.054,0.17,0.148,0.046,0.196,0.146,0.772,0.166,0.062
03:18:00,0.126,0.122,0.084,0.168,0.188,0.142,0.168,0.066,0.276,0.05,0.174,0.152,0.026,0.122,0.112,0.192,0.078,0.19,0.092,0.246,0.316,0.338,0.12,0.4,0.136,0.198,0.098,0.14,0.206,0.046,0.078,0.054,0.17,0.148,0.046,0.196,0.146,0.772,0.166,0.062
03:19:00,0.126,0.122,0.084,0.168,0.188,0.142,0.168,0.066,0.276,0.05,0.174,0.152,0.026,0.122,0.112,0.192,0.078,0.19,0.092,0.246,0.316,0.338,0.12,0.4,0.136,0.198,0.098,0.14,0.206,0.046,0.078,0.054,0.17,0.148,0.046,0.196,0.146,0.772,0.166,0.062
03:20:00,0.126,0.122,0.084,0.168,0.188,0.142,0.168,0.066,0.276,0.05,0.174,0.152,0.026,0.122,0.112,0.192,0.078,0.19,0.092,0.246,0.316,0.338,0.12,0.4,0.136,0.198,0.098,0.14,0.206,0.046,0.078,0.054,0.17,0.148,0.046,0.196,0.146,0.772,0.166,0.062
03:21:00,0.126,0.122,0.084,0.168,0.188,0.142,0.168,0.066,0.276,0.05,0.174,0.152,0.026,0.122,0.112,0.192,0.078,0.19,0.092,0.246,0.316,0.338,0.12,0.4,0.136,0.198,0.098,0.14,0.206,0.046,0.078,0.054,0.17,0.148,0.046,0.196,0.146,0.772,0.166,0.062
03:22:00,0.126,0.122,0.084,0.168,0.188,0.142,0.168,0.066,0.276,0.05,0.174,0.152,0.026,0.122,0.112,0.192,0.078,0.19,0.092,0.246,0.316,0.338,0.12,0.4,0.136,0.198,0.098,0.14,0.206,0.046,0.078,0.054,0.17,0.148,0.046,0.196,0.146,0.772,0.166,0.062
03:23:00,0.126,0.122,0.084,0.168,0.188,0.142,0.168,0.066,0.276,0.05,0.174,0.152,0.026,0.122,0.112,0.192,0.078,0.19,0.092,0.246,0.316,0.338,0.12,0.4,0.136,0.198,0.098,0.14,0.206,0.046,0.078,0.054,0.17,0.148,0.046,0.196,0.146,0.772,0.166,0.062
03:24:00,0.126,0.122,0.084,0.168,0.188,0.142,0.168,0.066,0.276,0.05,0.174,0.152,0.026,0.122,0.112,0.192,0.078,0.19,0.092,0.246,0.316,0.338,0.12,0.4,0.136,0.198,0.098,0.14,0.206,0.046,0.078,0.054,0.17,0.148,0.046,0.196,0.146,0.772,0.166,0.062
03:25:00,0.126,0.122,0.084,0.168,0.188,0.142,0.168,0.066,0.276,0.05,0.174,0.152,0.026,0.122,0.112,0.192,0.078,0.19,0.092,0.246,0.316,0.338,0.12,0.4,0.136,0.198,0.098,0.14,0.206,0.046,0.078,0.054,0.17,0.148,0.046,0.196,0.146,0.772,0.166,0.062
03:26:00,0.126,0.122,0.084,0.168,0.188,0.142,0.168,0.066,0.276,0.05,0.174,0.152,0.026,0.122,0.112,0.192,0.078,0.19,0.092,0.246,0.316,0.338,0.12,0.4,0.136,0.198,0.098,0.14,0.206,0.046,0.078,0.054,0.17,0.148,0.046,0.196,0.146,0.772,0.166,0.062
03:27:00,0.126,0.122,0.084,0.168,0.188,0.142,0.168,0.066,0.276,0.05,0.174,0.152,0.026,0.122,0.112,0.192,0.078,0.19,0.092,0.246,0.316,0.338,0.12,0.4,0.136,0.198,0.098,0.14,0.206,0.046,0.078,0.054,0.17,0.148,0.046,0.196,0.146,0.772,0.166,0.062
03:28:00,0.126,0.122,0.084,0.168,0.188,0.142,0.168,0.066,0.276,0.05,0.174,0.152,0.026,0.122,0.112,0.192,0.078,0.19,0.092,0.246,0.316,0.338,0.12,0.4,0.136,0.198,0.098,0.14,0.206,0.046,0.078,0.054,0.17,0.148,0.046,0.196,0.146,0.772,0.166,0.062
03:29:00,0.126,0.122,0.084,0.168,0.188,0.142,0.168,0.066,0.276,0.05,0.174,0.152,0.026,0.122,0.112,0.192,0.078,0.19,0.092,0.246,0.316,0.338,0.12,0.4,0.136,0.198,0.098,0.14,0.206,0.046,0.078,0.054,0.17,0.148,0.046,0.196,0.146,0.772,0.166,0.062
03:30:00,0.108,0.122,0.08,0.078,0.136,0.194,0.168,0.038,0.278,0.104,0.154,0.116,0.024,0.158,0.094,0.146,0.118,0.198,0.082,0.142,0.346,0.298,0.104,0.316,0.112,0.198,0.108,0.042,0.196,0.082,0.096,0.05,0.174,0.122,0.07,0.188,0.23,0.062,0.242,0.188
03:31:00,0.108,0.122,0.08,0.078,0.136,0.194,0.168,0.038,0.278,0.104,0.154,0.116,0.024,0.158,0.094,0.146,0.118,0.198,0.082,0.142,0.346,0.298,0.104,0.316,0.112,0.198,0.108,0.042,0.196,0.082,0.096,0.05,0.174,0.122,0.07,0.188,0.23,0.062,0.242,0.188
03:32:00,0.108,0.122,0.08,0.078,0.136,0.194,0.168,0.038,0.278,0.104,0.154,0.116,0.024,0.158,0.094,0.146,0.118,0.198,0.082,0.142,0.346,0.298,0.104,0.316,0.112,0.198,0.108,0.042,0.196,0.082,0.096,0.05,0.174,0.122,0.07,0.188,0.23,0.062,0.242,0.188
03:33:00,0.108,0.122,0.08,0.078,0.136,0.194,0.168,0.038,0.278,0.104,0.154,0.116,0.024,0.158,0.094,0.146,0.118,0.198,0.082,0.142,0.346,0.298,0.104,0.316,0.112,0.198,0.108,0.042,0.196,0.082,0.096,0.05,0.174,0.122,0.07,0.188,0.23,0.062,0.242,0.188
03:34:00,0.108,0.122,0.08,0.078,0.136,0.194,0.168,0.038,0.278,0.104,0.154,0.116,0.024,0.158,0.094,0.146,0.118,0.198,0.082,0.142,0.346,0.298,0.104,0.316,0.112,0.198,0.108,0.042,0.196,0.082,0.096,0.05,0.174,0.122,0.07,0.188,0.23,0.062,0.242,0.188
03:35:00,0.108,0.122,0.08,0.078,0.136,0.194,0.168,0.038,0.278,0.104,0.154,0.116,0.024,0.158,0.094,0.146,0.118,0.198,0.082,0.142,0.346,0.298,0.104,0.316,0.112,0.198,0.108,0.042,0.196,0.082,0.096,0.05,0.174,0.122,0.07,0.188,0.23,0.062,0.242,0.188
03:36:00,0.108,0.122,0.08,0.078,0.136,0.194,0.168,0.038,0.278,0.104,0.154,0.116,0.024,0.158,0.094,0.146,0.118,0.198,0.082,0.142,0.346,0.298,0.104,0.316,0.112,0.198,0.108,0.042,0.196,0.082,0.096,0.05,0.174,0.122,0.07,0.188,0.23,0.062,0.242,0.188
03:37:00,0.108,0.122,0.08,0.078,0.136,0.194,0.168,0.038,0.278,0.104,0.154,0.116,0.024,0.158,0.094,0.146,0.118,0.198,0.082,0.142,0.346,0.298,0.104,0.316,0.112,0.198,0.108,0.042,0.196,0.082,0.096,0.05,0.174,0.122,0.07,0.188,0.23,0.062,0.242,0.188
03:38:00,0.108,0.122,0.08,0.078,0.136,0.194,0.168,0.038,0.278,0.104,0.154,0.116,0.024,0.158,0.094,0.146,0.118,0.198,0.082,0.142,0.346,0.298,0.104,0.316,0.112,0.198,0.108,0.042,0.196,0.082,0.096,0.05,0.174,0.122,0.07,0.188,0.23,0.062,0.242,0.188
03:39:00,0.108,0.122,0.08,0.078,0.136,0.194,0.168,0.038,0.278,0.104,0.154,0.116,0.024,0.158,0.094,0.146,0.118,0.198,0.082,0.142,0.346,0.298,0.104,0.316,0.112,0.198,0.108,0.042,0.196,0.082,0.096,0.05,0.174,0.122,0.07,0.188,0.23,0.062,0.242,0.188
03:40:00,0.108,0.122,0.08,0.078,0.136,0.194,0.168,0.038,0.278,0.104,0.154,0.116,0.024,0.158,0.094,0.146,0.118,0.198,0.082,0.142,0.346,0.298,0.104,0.316,0.112,0.198,0.108,0.042,0.196,0.082,0.096,0.05,0.174,0.122,0.07,0.188,0.23,0.062,0.242,0.188
03:41:00,0.108,0.122,0.08,0.078,0.136,0.194,0.168,0.038,0.278,0.104,0.154,0.116,0.024,0.158,0.094,0.146,0.118,0.198,0.082,0.142,0.346,0.298,0.104,0.316,0.112,0.198,0.108,0.042,0.196,0.082,0.096,0.05,0.174,0.122,0.07,0.188,0.23,0.062,0.242,0.188
03:42:00,0.108,0.122,0.08,0.078,0.136,0.194,0.168,0.038,0.278,0.104,0.154,0.116,0.024,0.158,0.094,0.146,0.118,0.198,0.082,0.142,0.346,0.298,0.104,0.316,0.112,0.198,0.108,0.042,0.196,0.082,0.096,0.05,0.174,0.122,0.07,0.188,0.23,0.062,0.242,0.188
03:43:00,0.108,0.122,0.08,0.078,0.136,0.194,0.168,0.038,0.278,0.104,0.154,0.116,0.024,0.158,0.094,0.146,0.118,0.198,0.082,0.142,0.346,0.298,0.104,0.316,0.112,0.198,0.108,0.042,0.196,0.082,0.096,0.05,0.174,0.122,0.07,0.188,0.23,0.062,0.242,0.188
03:44:00,0.108,0.122,0.08,0.078,0.136,0.194,0.168,0.038,0.278,0.104,0.154,0.116,0.024,0.158,0.094,0.146,0.118,0.198,0.082,0.142,0.346,0.298,0.104,0.316,0.112,0.198,0.108,0.042,0.196,0.082,0.096,0.05,0.174,0.122,0.07,0.188,0.23,0.062,0.242,0.188
03:45:00,0.108,0.122,0.08,0.078,0.136,0.194,0.168,0.038,0.278,0.104,0.154,0.116,0.024,0.158,0.094,0.146,0.118,0.198,0.082,0.142,0.346,0.298,0.104,0.316,0.112,0.198,0.108,0.042,0.196,0.082,0.096,0.05,0.174,0.122,0.07,0.188,0.23,0.062,0.242,0.188
03:46:00,0.108,0.122,0.08,0.078,0.136,0.194,0.168,0.038,0.278,0.104,0.154,0.116,0.024,0.158,0.094,0.146,0.118,0.198,0.082,0.142,0.346,0.298,0.104,0.316,0.112,0.198,0.108,0.042,0.196,0.082,0.096,0.05,0.174,0.122,0.07,0.188,0.23,0.062,0.242,0.188
03:47:00,0.108,0.122,0.08,0.078,0.136,0.194,0.168,0.038,0.278,0.104,0.154,0.116,0.024,0.158,0.094,0.146,0.118,0.198,0.082,0.142,0.346,0.298,0.104,0.316,0.112,0.198,0.108,0.042,0.196,0.082,0.096,0.05,0.174,0.122,0.07,0.188,0.23,0.062,0.242,0.188
03:48:00,0.108,0.122,0.08,0.078,0.136,0.194,0.168,0.038,0.278,0.104,0.154,0.116,0.024,0.158,0.094,0.146,0.118,0.198,0.082,0.142,0.346,0.298,0.104,0.316,0.112,0.198,0.108,0.042,0.196,0.082,0.096,0.05,0.174,0.122,0.07,0.188,0.23,0.062,0.242,0.188
03:49:00,0.108,0.122,0.08,0.078,0.136,0.194,0.168,0.038,0.278,0.104,0.154,0.116,0.024,0.158,0.094,0.146,0.118,0.198,0.082,0.142,0.346,0.298,0.104,0.316,0.112,0.198,0.108,0.042,0.196,0.082,0.096,0.05,0.174,0.122,0.07,0.188,0.23,0.062,0.242,0.188
03:50:00,0.108,0.122,0.08,0.078,0.136,0.194,0.168,0.038,0.278,0.104,0.154,0.116,0.024,0.158,0.094,0.146,0.118,0.198,0.082,0.142,0.346,0.298,0.104,0.316,0.112,0.198,0.108,0.042,0.196,0.082,0.096,0.05,0.174,0.122,0.07,0.188,0.23,0.062,0.242,0.188
03:51:00,0.108,0.122,0.08,0.078,0.136,0.194,0.168,0.038,0.278,0.104,0.154,0.116,0.024,0.158,0.094,0.146,0.118,0.198,0.082,0.142,0.346,0.298,0.104,0.316,0.112,0.198,0.108,0.042,0.196,0.082,0.096,0.05,0.174,0.122,0.07,0.188,0.23,0.062,0.242,0.188
03:52:00,0.108,0.122,0.08,0.078,0.136,0.194,0.168,0.038,0.278,0.104,0.154,0.116,0.024,0.158,0.094,0.146,0.118,0.198,0.082,0.142,0.346,0.298,0.104,0.316,0.112,0.198,0.108,0.042,0.196,0.082,0.096,0.05,0.174,0.122,0.07,0.188,0.23,0.062,0.242,0.188
03:53:00,0.108,0.122,0.08,0.078,0.136,0.194,0.168,0.038,0.278,0.104,0.154,0.116,0.024,0.158,0.094,0.146,0.118,0.198,0.082,0.142,0.346,0.298,0.104,0.316,0.112,0.198,0.108,0.042,0.196,0.082,0.096,0.05,0.174,0.122,0.07,0.188,0.23,0.062,0.242,0.188
03:54:00,0.108,0.122,0.08,0.078,0.136,0.194,0.168,0.038,0.278,0.104,0.154,0.116,0.024,0.158,0.094,0.146,0.118,0.198,0.082,0.142,0.346,0.298,0.104,0.316,0.112,0.198,0.108,0.042,0.196,0.082,0.096,0.05,0.174,0.122,0.07,0.188,0.23,0.062,0.242,0.188
03:55:00,0.108,0.122,0.08,0.078,0.136,0.194,0.168,0.038,0.278,0.104,0.154,0.116,0.024,0.158,0.094,0.146,0.118,0.198,0.082,0.142,0.346,0.298,0.104,0.316,0.112,0.198,0.108,0.042,0.196,0.082,0.096,0.05,0.174,0.122,0.07,0.188,0.23,0.062,0.242,0.188
03:56:00,0.108,0.122,0.08,0.078,0.136,0.194,0.168,0.038,0.278,0.104,0.154,0.116,0.024,0.158,0.094,0.146,0.118,0.198,0.082,0.142,0.346,0.298,0.104,0.316,0.112,0.198,0.108,0.042,0.196,0.082,0.096,0.05,0.174,0.122,0.07,0.188,0.23,0.062,0.242,0.188
03:57:00,0.108,0.122,0.08,0.078,0.136,0.194,0.168,0.038,0.278,0.104,0.154,0.116,0.024,0.158,0.094,0.146,0.118,0.198,0.082,0.142,0.346,0.298,0.104,0.316,0.112,0.198,0.108,0.042,0.196,0.082,0.096,0.05,0.174,0.122,0.07,0.188,0.23,0.062,0.242,0.188
03:58:00,0.108,0.122,0.08,0.078,0.136,0.194,0.168,0.038,0.278,0.104,0.154,0.116,0.024,0.158,0.094,0.146,0.118,0.198,0.082,0.142,0.346,0.298,0.104,0.316,0.112,0.198,0.108,0.042,0.196,0.082,0.096,0.05,0.174,0.122,0.07,0.188,0.23,0.062,0.242,0.188
03:59:00,0.108,0.122,0.08,0.078,0.136,0.194,0.168,0.038,0.278,0.104,0.154,0.116,0.024,0.158,0.094,0.146,0.118,0.198,0.082,0.142,0.346,0.298,0.104,0.316,0.112,0.198,0.108,0.042,0.196,0.082,0.096,0.05,0.174,0.122,0.07,0.188,0.23,0.062,0.242,0.188
04:00:00,0.11,0.12,0.078,0.176,0.32,0.09,0.222,0.066,0.282,0.03,0.176,0.148,0.048,0.112,0.05,0.05,0.158,0.13,0.07,0.156,0.248,0.166,0.12,0.306,0.144,0.196,0.1,0.104,0.344,0.1,0.078,0.032,0.216,0.124,0.086,0.23,0.22,0.094,0.204,0.066
04:01:00,0.11,0.12,0.078,0.176,0.32,0.09,0.222,0.066,0.282,0.03,0.176,0.148,0.048,0.112,0.05,0.05,0.158,0.13,0.07,0.156,0.248,0.166,0.12,0.306,0.144,0.196,0.1,0.104,0.344,0.1,0.078,0.032,0.216,0.124,0.086,0.23,0.22,0.094,0.204,0.066
04:02:00,0.11,0.12,0.078,0.176,0.32,0.09,0.222,0.066,0.282,0.03,0.176,0.148,0.048,0.112,0.05,0.05,0.158,0.13,0.07,0.156,0.248,0.166,0.12,0.306,0.144,0.196,0.1,0.104,0.344,0.1,0.078,0.032,0.216,0.124,0.086,0.23,0.22,0.094,0.204,0.066
04:03:00,0.11,0.12,0.078,0.176,0.32,0.09,0.222,0.066,0.282,0.03,0.176,0.148,0.048,0.112,0.05,0.05,0.158,0.13,0.07,0.156,0.248,0.166,0.12,0.306,0.144,0.196,0.1,0.104,0.344,0.1,0.078,0.032,0.216,0.124,0.086,0.23,0.22,0.094,0.204,0.066
04:04:00,0.11,0.12,0.078,0.176,0.32,0.09,0.222,0.066,0.282,0.03,0.176,0.148,0.048,0.112,0.05,0.05,0.158,0.13,0.07,0.156,0.248,0.166,0.12,0.306,0.144,0.196,0.1,0.104,0.344,0.1,0.078,0.032,0.216,0.124,0.086,0.23,0.22,0.094,0.204,0.066
04:05:00,0.11,0.12,0.078,0.176,0.32,0.09,0.222,0.066,0.282,0.03,0.176,0.148,0.048,0.112,0.05,0.05,0.158,0.13,0.07,0.156,0.248,0.166,0.12,0.306,0.144,0.196,0.1,0.104,0.344,0.1,0.078,0.032,0.216,0.124,0.086,0.23,0.22,0.094,0.204,0.066
04:06:00,0.11,0.12,0.078,0.176,0.32,0.09,0.222,0.066,0.282,0.03,0.176,0.148,0.048,0.112,0.05,0.05,0.158,0.13,0.07,0.156,0.248,0.166,0.12,0.306,0.144,0.196,0.1,0.104,0.344,0.1,0.078,0.032,0.216,0.124,0.086,0.23,0.22,0.094,0.204,0.066
04:07:00,0.11,0.12,0.078,0.176,0.32,0.09,0.222,0.066,0.282,0.03,0.176,0.148,0.048,0.112,0.05,0.05,0.158,0.13,0.07,0.156,0.248,0.166,0.12,0.306,0.144,0.196,0.1,0.104,0.344,0.1,0.078,0.032,0.216,0.124,0.086,0.23,0.22,0.094,0.204,0.066
04:08:00,0.11,0.12,0.078,0.176,0.32,0.09,0.222,0.066,0.282,0.03,0.176,0.148,0.048,0.112,0.05,0.05,0.158,0.13,0.07,0.156,0.248,0.166,0.12,0.306,0.144,0.196,0.1,0.104,0.344,0.1,0.078,0.032,0.216,0.124,0.086,0.23,0.22,0.094,0.204,0.066
04:09:00,0.11,0.12,0.078,0.176,0.32,0.09,0.222,0.066,0.282,0.03,0.176,0.148,0.048,0.112,0.05,0.05,0.158,0.13,0.07,0.156,0.248,0.166,0.12,0.306,0.144,0.196,0.1,0.104,0.344,0.1,0.078,0.032,0.216,0.124,0.086,0.23,0.22,0.094,0.204,0.066
04:10:00,0.11,0.12,0.078,0.176,0.32,0.09,0.222,0.066,0.282,0.03,0.176,0.148,0.048,0.112,0.05,0.05,0.158,0.13,0.07,0.156,0.248,0.166,0.12,0.306,0.144,0.196,0.1,0.104,0.344,0.1,0.078,0.032,0.216,0.124,0.086,0.23,0.22,0.094,0.204,0.066
04:11:00,0.11,0.12,0.078,0.176,0.32,0.09,0.222,0.066,0.282,0.03,0.176,0.148,0.048,0.112,0.05,0.05,0.158,0.13,0.07,0.156,0.248,0.166,0.12,0.306,0.144,0.196,0.1,0.104,0.344,0.1,0.078,0.032,0.216,0.124,0.086,0.23,0.22,0.094,0.204,0.066
04:12:00,0.11,0.12,0.078,0.176,0.32,0.09,0.222,0.066,0.282,0.03,0.176,0.148,0.048,0.112,0.05,0.05,0.158,0.13,0.07,0.156,0.248,0.166,0.12,0.306,0.144,0.196,0.1,0.104,0.344,0.1,0.078,0.032,0.216,0.124,0.086,0.23,0.22,0.094,0.204,0.066
04:13:00,0.11,0.12,0.078,0.176,0.32,0.09,0.222,0.066,0.282,0.03,0.176,0.148,0.048,0.112,0.05,0.05,0.158,0.13,0.07,0.156,0.248,0.166,0.12,0.306,0.144,0.196,0.1,0.104,0.344,0.1,0.078,0.032,0.216,0.124,0.086,0.23,0.22,0.094,0.204,0.066
04:14:00,0.11,0.12,0.078,0.176,0.32,0.09,0.222,0.066,0.282,0.03,0.176,0.148,0.048,0.112,0.05,0.05,0.158,0.13,0.07,0.156,0.248,0.166,0.12,0.306,0.144,0.196,0.1,0.104,0.344,0.1,0.078,0.032,0.216,0.124,0.086,0.23,0.22,0.094,0.204,0.066
04:15:00,0.11,0.12,0.078,0.176,0.32,0.09,0.222,0.066,0.282,0.03,0.176,0.148,0.048,0.112,0.05,0.05,0.158,0.13,0.07,0.156,0.248,0.166,0.12,0.306,0.144,0.196,0.1,0.104,0.344,0.1,0.078,0.032,0.216,0.124,0.086,0.23,0.22,0.094,0.204,0.066
04:16:00,0.11,0.12,0.078,0.176,0.32,0.09,0.222,0.066,0.282,0.03,0.176,0.148,0.048,0.112,0.05,0.05,0.158,0.13,0.07,0.156,0.248,0.166,0.12,0.306,0.144,0.196,0.1,0.104,0.344,0.1,0.078,0.032,0.216,0.124,0.086,0.23,0.22,0.094,0.204,0.066
04:17:00,0.11,0.12,0.078,0.176,0.32,0.09,0.222,0.066,0.282,0.03,0.176,0.148,0.048,0.112,0.05,0.05,0.158,0.13,0.07,0.156,0.248,0.166,0.12,0.306,0.144,0.196,0.1,0.104,0.344,0.1,0.078,0.032,0.216,0.124,0.086,0.23,0.22,0.094,0.204,0.066
04:18:00,0.11,0.12,0.078,0.176,0.32,0.09,0.222,0.066,0.282,0.03,0.176,0.148,0.048,0.112,0.05,0.05,0.158,0.13,0.07,0.156,0.248,0.166,0.12,0.306,0.144,0.196,0.1,0.104,0.344,0.1,0.078,0.032,0.216,0.124,0.086,0.23,0.22,0.094,0.204,0.066
04:19:00,0.11,0.12,0.078,0.176,0.32,0.09,0.222,0.066,0.282,0.03,0.176,0.148,0.048,0.112,0.05,0.05,0.158,0.13,0.07,0.156,0.248,0.166,0.12,0.306,0.144,0.196,0.1,0.104,0.344,0.1,0.078,0.032,0.216,0.124,0.086,0.23,0.22,0.094,0.204,0.066
04:20:00,0.11,0.12,0.078,0.176,0.32,0.09,0.222,0.066,0.282,0.03,0.176,0.148,0.048,0.112,0.05,0.05,0.158,0.13,0.07,0.156,0.248,0.166,0.12,0.306,0.144,0.196,0.1,0.104,0.344,0.1,0.078,0.032,0.216,0.124,0.086,0.23,0.22,0.094,0.204,0.066
04:21:00,0.11,0.12,0.078,0.176,0.32,0.09,0.222,0.066,0.282,0.03,0.176,0.148,0.048,0.112,0.05,0.05,0.158,0.13,0.07,0.156,0.248,0.166,0.12,0.306,0.144,0.196,0.1,0.104,0.344,0.1,0.078,0.032,0.216,0.124,0.086,0.23,0.22,0.094,0.204,0.066
04:22:00,0.11,0.12,0.078,0.176,0.32,0.09,0.222,0.066,0.282,0.03,0.176,0.148,0.048,0.112,0.05,0.05,0.158,0.13,0.07,0.156,0.248,0.166,0.12,0.306,0.144,0.196,0.1,0.104,0.344,0.1,0.078,0.032,0.216,0.124,0.086,0.23,0.22,0.094,0.204,0.066
04:23:00,0.11,0.12,0.078,0.176,0.32,0.09,0.222,0.066,0.282,0.03,0.176,0.148,0.048,0.112,0.05,0.05,0.158,0.13,0.07,0.156,0.248,0.166,0.12,0.306,0.144,0.196,0.1,0.104,0.344,0.1,0.078,0.032,0.216,0.124,0.086,0.23,0.22,0.094,0.204,0.066
04:24:00,0.11,0.12,0.078,0.176,0.32,0.09,0.222,0.066,0.282,0.03,0.176,0.148,0.048,0.112,0.05,0.05,0.158,0.13,0.07,0.156,0.248,0.166,0.12,0.306,0.144,0.196,0.1,0.104,0.344,0.1,0.078,0.032,0.216,0.124,0.086,0.23,0.22,0.094,0.204,0.066
04:25:00,0.11,0.12,0.078,0.176,0.32,0.09,0.222,0.066,0.282,0.03,0.176,0.148,0.048,0.112,0.05,0.05,0.158,0.13,0.07,0.156,0.248,0.166,0.12,0.306,0.144,0.196,0.1,0.104,0.344,0.1,0.078,0.032,0.216,0.124,0.086,0.23,0.22,0.094,0.204,0.066
04:26:00,0.11,0.12,0.078,0.176,0.32,0.09,0.222,0.066,0.282,0.03,0.176,0.148,0.048,0.112,0.05,0.05,0.158,0.13,0.07,0.156,0.248,0.166,0.12,0.306,0.144,0.196,0.1,0.104,0.344,0.1,0.078,0.032,0.216,0.124,0.086,0.23,0.22,0.094,0.204,0.066
04:27:00,0.11,0.12,0.078,0.176,0.32,0.09,0.222,0.066,0.282,0.03,0.176,0.148,0.048,0.112,0.05,0.05,0.158,0.13,0.07,0.156,0.248,0.166,0.12,0.306,0.144,0.196,0.1,0.104,0.344,0.1,0.078,0.032,0.216,0.124,0.086,0.23,0.22,0.094,0.204,0.066
04:28:00,0.11,0.12,0.078,0.176,0.32,0.09,0.222,0.066,0.282,0.03,0.176,0.148,0.048,0.112,0.05,0.05,0.158,0.13,0.07,0.156,0.248,0.166,0.12,0.306,0.144,0.196,0.1,0.104,0.344,0.1,0.078,0.032,0.216,0.124,0.086,0.23,0.22,0.094,0.204,0.066
04:29:00,0.11,0.12,0.078,0.176,0.32,0.09,0.222,0.066,0.282,0.03,0.176,0.148,0.048,0.112,0.05,0.05,0.158,0.13,0.07,0.156,0.248,0.166,0.12,0.306,0.144,0.196,0.1,0.104,0.344,0.1,0.078,0.032,0.216,0.124,0.086,0.23,0.22,0.094,0.204,0.066
04:30:00,0.122,0.12,0.142,0.12,0.582,0.064,0.264,0.028,0.28,0.054,0.1,0.124,0.12,0.164,0.076,0.036,0.092,0.084,0.124,0.144,0.234,0.184,0.062,0.204,0.122,0.196,0.098,0.148,0.276,0.146,0.076,0.052,0.234,0.158,0.046,0.21,0.25,0.186,0.168,0.096
04:31:00,0.122,0.12,0.142,0.12,0.582,0.064,0.264,0.028,0.28,0.054,0.1,0.124,0.12,0.164,0.076,0.036,0.092,0.084,0.124,0.144,0.234,0.184,0.062,0.204,0.122,0.196,0.098,0.148,0.276,0.146,0.076,0.052,0.234,0.158,0.046,0.21,0.25,0.186,0.168,0.096
04:32:00,0.122,0.12,0.142,0.12,0.582,0.064,0.264,0.028,0.28,0.054,0.1,0.124,0.12,0.164,0.076,0.036,0.092,0.084,0.124,0.144,0.234,0.184,0.062,0.204,0.122,0.196,0.098,0.148,0.276,0.146,0.076,0.052,0.234,0.158,0.046,0.21,0.25,0.186,0.168,0.096
04:33:00,0.122,0.12,0.142,0.12,0.582,0.064,0.264,0.028,0.28,0.054,0.1,0.124,0.12,0.164,0.076,0.036,0.092,0.084,0.124,0.144,0.234,0.184,0.062,0.204,0.122,0.196,0.098,0.148,0.276,0.146,0.076,0.052,0.234,0.158,0.046,0.21,0.25,0.186,0.168,0.096
04:34:00,0.122,0.12,0.142,0.12,0.582,0.064,0.264,0.028,0.28,0.054,0.1,0.124,0.12,0.164,0.076,0.036,0.092,0.084,0.124,0.144,0.234,0.184,0.062,0.204,0.122,0.196,0.098,0.148,0.276,0.146,0.076,0.052,0.234,0.158,0.046,0.21,0.25,0.186,0.168,0.096
04:35:00,0.122,0.12,0.142,0.12,0.582,0.064,0.264,0.028,0.28,0.054,0.1,0.124,0.12,0.164,0.076,0.036,0.092,0.084,0.124,0.144,0.234,0.184,0.062,0.204,0.122,0.196,0.098,0.148,0.276,0.146,0.076,0.052,0.234,0.158,0.046,0.21,0.25,0.186,0.168,0.096
04:36:00,0.122,0.12,0.142,0.12,0.582,0.064,0.264,0.028,0.28,0.054,0.1,0.124,0.12,0.164,0.076,0.036,0.092,0.084,0.124,0.144,0.234,0.184,0.062,0.204,0.122,0.196,0.098,0.148,0.276,0.146,0.076,0.052,0.234,0.158,0.046,0.21,0.25,0.186,0.168,0.096
04:37:00,0.122,0.12,0.142,0.12,0.582,0.064,0.264,0.028,0.28,0.054,0.1,0.124,0.12,0.164,0.076,0.036,0.092,0.084,0.124,0.144,0.234,0.184,0.062,0.204,0.122,0.196,0.098,0.148,0.276,0.146,0.076,0.052,0.234,0.158,0.046,0.21,0.25,0.186,0.168,0.096
04:38:00,0.122,0.12,0.142,0.12,0.582,0.064,0.264,0.028,0.28,0.054,0.1,0.124,0.12,0.164,0.076,0.036,0.092,0.084,0.124,0.144,0.234,0.184,0.062,0.204,0.122,0.196,0.098,0.148,0.276,0.146,0.076,0.052,0.234,0.158,0.046,0.21,0.25,0.186,0.168,0.096
04:39:00,0.122,0.12,0.142,0.12,0.582,0.064,0.264,0.028,0.28,0.054,0.1,0.124,0.12,0.164,0.076,0.036,0.092,0.084,0.124,0.144,0.234,0.184,0.062,0.204,0.122,0.196,0.098,0.148,0.276,0.146,0.076,0.052,0.234,0.158,0.046,0.21,0.25,0.186,0.168,0.096
04:40:00,0.122,0.12,0.142,0.12,0.582,0.064,0.264,0.028,0.28,0.054,0.1,0.124,0.12,0.164,0.076,0.036,0.092,0.084,0.124,0.144,0.234,0.184,0.062,0.204,0.122,0.196,0.098,0.148,0.276,0.146,0.076,0.052,0.234,0.158,0.046,0.21,0.25,0.186,0.168,0.096
04:41:00,0.122,0.12,0.142,0.12,0.582,0.064,0.264,0.028,0.28,0.054,0.1,0.124,0.12,0.164,0.076,0.036,0.092,0.084,0.124,0.144,0.234,0.184,0.062,0.204,0.122,0.196,0.098,0.148,0.276,0.146,0.076,0.052,0.234,0.158,0.046,0.21,0.25,0.186,0.168,0.096
04:42:00,0.122,0.12,0.142,0.12,0.582,0.064,0.264,0.028,0.28,0.054,0.1,0.124,0.12,0.164,0.076,0.036,0.092,0.084,0.124,0.144,0.234,0.184,0.062,0.204,0.122,0.196,0.098,0.148,0.276,0.146,0.076,0.052,0.234,0.158,0.046,0.21,0.25,0.186,0.168,0.096
04:43:00,0.122,0.12,0.142,0.12,0.582,0.064,0.264,0.028,0.28,0.054,0.1,0.124,0.12,0.164,0.076,0.036,0.092,0.084,0.124,0.144,0.234,0.184,0.062,0.204,0.122,0.196,0.098,0.148,0.276,0.146,0.076,0.052,0.234,0.158,0.046,0.21,0.25,0.186,0.168,0.096
04:44:00,0.122,0.12,0.142,0.12,0.582,0.064,0.264,0.028,0.28,0.054,0.1,0.124,0.12,0.164,0.076,0.036,0.092,0.084,0.124,0.144,0.234,0.184,0.062,0.204,0.122,0.196,0.098,0.148,0.276,0.146,0.076,0.052,0.234,0.158,0.046,0.21,0.25,0.186,0.168,0.096
04:45:00,0.122,0.12,0.142,0.12,0.582,0.064,0.264,0.028,0.28,0.054,0.1,0.124,0.12,0.164,0.076,0.036,0.092,0.084,0.124,0.144,0.234,0.184,0.062,0.204,0.122,0.196,0.098,0.148,0.276,0.146,0.076,0.052,0.234,0.158,0.046,0.21,0.25,0.186,0.168,0.096
04:46:00,0.122,0.12,0.142,0.12,0.582,0.064,0.264,0.028,0.28,0.054,0.1,0.124,0.12,0.164,0.076,0.036,0.092,0.084,0.124,0.144,0.234,0.184,0.062,0.204,0.122,0.196,0.098,0.148,0.276,0.146,0.076,0.052,0.234,0.158,0.046,0.21,0.25,0.186,0.168,0.096
04:47:00,0.122,0.12,0.142,0.12,0.582,0.064,0.264,0.028,0.28,0.054,0.1,0.124,0.12,0.164,0.076,0.036,0.092,0.084,0.124,0.144,0.234,0.184,0.062,0.204,0.122,0.196,0.098,0.148,0.276,0.146,0.076,0.052,0.234,0.158,0.046,0.21,0.25,0.186,0.168,0.096
04:48:00,0.122,0.12,0.142,0.12,0.582,0.064,0.264,0.028,0.28,0.054,0.1,0.124,0.12,0.164,0.076,0.036,0.092,0.084,0.124,0.144,0.234,0.184,0.062,0.204,0.122,0.196,0.098,0.148,0.276,0.146,0.076,0.052,0.234,0.158,0.046,0.21,0.25,0.186,0.168,0.096
04:49:00,0.122,0.12,0.142,0.12,0.582,0.064,0.264,0.028,0.28,0.054,0.1,0.124,0.12,0.164,0.076,0.036,0.092,0.084,0.124,0.144,0.234,0.184,0.062,0.204,0.122,0.196,0.098,0.148,0.276,0.146,0.076,0.052,0.234,0.158,0.046,0.21,0.25,0.186,0.168,0.096
04:50:00,0.122,0.12,0.142,0.12,0.582,0.064,0.264,0.028,0.28,0.054,0.1,0.124,0.12,0.164,0.076,0.036,0.092,0.084,0.124,0.144,0.234,0.184,0.062,0.204,0.122,0.196,0.098,0.148,0.276,0.146,0.076,0.052,0.234,0.158,0.046,0.21,0.25,0.186,0.168,0.096
04:51:00,0.122,0.12,0.142,0.12,0.582,0.064,0.264,0.028,0.28,0.054,0.1,0.124,0.12,0.164,0.076,0.036,0.092,0.084,0.124,0.144,0.234,0.184,0.062,0.204,0.122,0.196,0.098,0.148,0.276,0.146,0.076,0.052,0.234,0.158,0.046,0.21,0.25,0.186,0.168,0.096
04:52:00,0.122,0.12,0.142,0.12,0.582,0.064,0.264,0.028,0.28,0.054,0.1,0.124,0.12,0.164,0.076,0.036,0.092,0.084,0.124,0.144,0.234,0.184,0.062,0.204,0.122,0.196,0.098,0.148,0.276,0.146,0.076,0.052,0.234,0.158,0.046,0.21,0.25,0.186,0.168,0.096
04:53:00,0.122,0.12,0.142,0.12,0.582,0.064,0.264,0.028,0.28,0.054,0.1,0.124,0.12,0.164,0.076,0.036,0.092,0.084,0.124,0.144,0.234,0.184,0.062,0.204,0.122,0.196,0.098,0.148,0.276,0.146,0.076,0.052,0.234,0.158,0.046,0.21,0.25,0.186,0.168,0.096
04:54:00,0.122,0.12,0.142,0.12,0.582,0.064,0.264,0.028,0.28,0.054,0.1,0.124,0.12,0.164,0.076,0.036,0.092,0.084,0.124,0.144,0.234,0.184,0.062,0.204,0.122,0.196,0.098,0.148,0.276,0.146,0.076,0.052,0.234,0.158,0.046,0.21,0.25,0.186,0.168,0.096
04:55:00,0.122,0.12,0.142,0.12,0.582,0.064,0.264,0.028,0.28,0.054,0.1,0.124,0.12,0.164,0.076,0.036,0.092,0.084,0.124,0.144,0.234,0.184,0.062,0.204,0.122,0.196,0.098,0.148,0.276,0.146,0.076,0.052,0.234,0.158,0.046,0.21,0.25,0.186,0.168,0.096
04:56:00,0.122,0.12,0.142,0.12,0.582,0.064,0.264,0.028,0.28,0.054,0.1,0.124,0.12,0.164,0.076,0.036,0.092,0.084,0.124,0.144,0.234,0.184,0.062,0.204,0.122,0.196,0.098,0.148,0.276,0.146,0.076,0.052,0.234,0.158,0.046,0.21,0.25,0.186,0.168,0.096
04:57:00,0.122,0.12,0.142,0.12,0.582,0.064,0.264,0.028,0.28,0.054,0.1,0.124,0.12,0.164,0.076,0.036,0.092,0.084,0.124,0.144,0.234,0.184,0.062,0.204,0.122,0.196,0.098,0.148,0.276,0.146,0.076,0.052,0.234,0.158,0.046,0.21,0.25,0.186,0.168,0.096
04:58:00,0.122,0.12,0.142,0.12,0.582,0.064,0.264,0.028,0.28,0.054,0.1,0.124,0.12,0.164,0.076,0.036,0.092,0.084,0.124,0.144,0.234,0.184,0.062,0.204,0.122,0.196,0.098,0.148,0.276,0.146,0.076,0.052,0.234,0.158,0.046,0.21,0.25,0.186,0.168,0.096
04:59:00,0.122,0.12,0.142,0.12,0.582,0.064,0.264,0.028,0.28,0.054,0.1,0.124,0.12,0.164,0.076,0.036,0.092,0.084,0.124,0.144,0.234,0.184,0.062,0.204,0.122,0.196,0.098,0.148,0.276,0.146,0.076,0.052,0.234,0.158,0.046,0.21,0.25,0.186,0.168,0.096
05:00:00,0.118,0.12,0.086,0.172,0.662,0.058,0.196,0.084,0.28,0.088,0.81,0.118,0.026,0.1,0.142,0.084,0.098,0.09,0.082,0.556,0.248,0.132,0.106,0.302,0.138,0.196,0.096,0.062,0.254,0.172,0.078,0.03,0.194,0.122,0.072,0.15,0.506,0.108,0.172,0.136
05:01:00,0.118,0.12,0.086,0.172,0.662,0.058,0.196,0.084,0.28,0.088,0.81,0.118,0.026,0.1,0.142,0.084,0.098,0.09,0.082,0.556,0.248,0.132,0.106,0.302,0.138,0.196,0.096,0.062,0.254,0.172,0.078,0.03,0.194,0.122,0.072,0.15,0.506,0.108,0.172,0.136
05:02:00,0.118,0.12,0.086,0.172,0.662,0.058,0.196,0.084,0.28,0.088,0.81,0.118,0.026,0.1,0.142,0.084,0.098,0.09,0.082,0.556,0.248,0.132,0.106,0.302,0.138,0.196,0.096,0.062,0.254,0.172,0.078,0.03,0.194,0.122,0.072,0.15,0.506,0.108,0.172,0.136
05:03:00,0.118,0.12,0.086,0.172,0.662,0.058,0.196,0.084,0.28,0.088,0.81,0.118,0.026,0.1,0.142,0.084,0.098,0.09,0.082,0.556,0.248,0.132,0.106,0.302,0.138,0.196,0.096,0.062,0.254,0.172,0.078,0.03,0.194,0.122,0.072,0.15,0.506,0.108,0.172,0.136
05:04:00,0.118,0.12,0.086,0.172,0.662,0.058,0.196,0.084,0.28,0.088,0.81,0.118,0.026,0.1,0.142,0.084,0.098,0.09,0.082,0.556,0.248,0.132,0.106,0.302,0.138,0.196,0.096,0.062,0.254,0.172,0.078,0.03,0.194,0.122,0.072,0.15,0.506,0.108,0.172,0.136
05:05:00,0.118,0.12,0.086,0.172,0.662,0.058,0.196,0.084,0.28,0.088,0.81,0.118,0.026,0.1,0.142,0.084,0.098,0.09,0.082,0.556,0.248,0.132,0.106,0.302,0.138,0.196,0.096,0.062,0.254,0.172,0.078,0.03,0.194,0.122,0.072,0.15,0.506,0.108,0.172,0.136
05:06:00,0.118,0.12,0.086,0.172,0.662,0.058,0.196,0.084,0.28,0.088,0.81,0.118,0.026,0.1,0.142,0.084,0.098,0.09,0.082,0.556,0.248,0.132,0.106,0.302,0.138,0.196,0.096,0.062,0.254,0.172,0.078,0.03,0.194,0.122,0.072,0.15,0.506,0.108,0.172,0.136
05:07:00,0.118,0.12,0.086,0.172,0.662,0.058,0.196,0.084,0.28,0.088,0.81,0.118,0.026,0.1,0.142,0.084,0.098,0.09,0.082,0.556,0.248,0.132,0.106,0.302,0.138,0.196,0.096,0.062,0.254,0.172,0.078,0.03,0.194,0.122,0.072,0.15,0.506,0.108,0.172,0.136
05:08:00,0.118,0.12,0.086,0.172,0.662,0.058,0.196,0.084,0.28,0.088,0.81,0.118,0.026,0.1,0.142,0.084,0.098,0.09,0.082,0.556,0.248,0.132,0.106,0.302,0.138,0.196,0.096,0.062,0.254,0.172,0.078,0.03,0.194,0.122,0.072,0.15,0.506,0.108,0.172,0.136
05:09:00,0.118,0.12,0.086,0.172,0.662,0.058,0.196,0.084,0.28,0.088,0.81,0.118,0.026,0.1,0.142,0.084,0.098,0.09,0.082,0.556,0.248,0.132,0.106,0.302,0.138,0.196,0.096,0.062,0.254,0.172,0.078,0.03,0.194,0.122,0.072,0.15,0.506,0.108,0.172,0.136
05:10:00,0.118,0.12,0.086,0.172,0.662,0.058,0.196,0.084,0.28,0.088,0.81,0.118,0.026,0.1,0.142,0.084,0.098,0.09,0.082,0.556,0.248,0.132,0.106,0.302,0.138,0.196,0.096,0.062,0.254,0.172,0.078,0.03,0.194,0.122,0.072,0.15,0.506,0.108,0.172,0.136
05:11:00,0.118,0.12,0.086,0.172,0.662,0.058,0.196,0.084,0.28,0.088,0.81,0.118,0.026,0.1,0.142,0.084,0.098,0.09,0.082,0.556,0.248,0.132,0.106,0.302,0.138,0.196,0.096,0.062,0.254,0.172,0.078,0.03,0.194,0.122,0.072,0.15,0.506,0.108,0.172,0.136
05:12:00,0.118,0.12,0.086,0.172,0.662,0.058,0.196,0.084,0.28,0.088,0.81,0.118,0.026,0.1,0.142,0.084,0.098,0.09,0.082,0.556,0.248,0.132,0.106,0.302,0.138,0.196,0.096,0.062,0.254,0.172,0.078,0.03,0.194,0.122,0.072,0.15,0.506,0.108,0.172,0.136
05:13:00,0.118,0.12,0.086,0.172,0.662,0.058,0.196,0.084,0.28,0.088,0.81,0.118,0.026,0.1,0.142,0.084,0.098,0.09,0.082,0.556,0.248,0.132,0.106,0.302,0.138,0.196,0.096,0.062,0.254,0.172,0.078,0.03,0.194,0.122,0.072,0.15,0.506,0.108,0.172,0.136
05:14:00,0.118,0.12,0.086,0.172,0.662,0.058,0.196,0.084,0.28,0.088,0.81,0.118,0.026,0.1,0.142,0.084,0.098,0.09,0.082,0.556,0.248,0.132,0.106,0.302,0.138,0.196,0.096,0.062,0.254,0.172,0.078,0.03,0.194,0.122,0.072,0.15,0.506,0.108,0.172,0.136
05:15:00,0.118,0.12,0.086,0.172,0.662,0.058,0.196,0.084,0.28,0.088,0.81,0.118,0.026,0.1,0.142,0.084,0.098,0.09,0.082,0.556,0.248,0.132,0.106,0.302,0.138,0.196,0.096,0.062,0.254,0.172,0.078,0.03,0.194,0.122,0.072,0.15,0.506,0.108,0.172,0.136
05:16:00,0.118,0.12,0.086,0.172,0.662,0.058,0.196,0.084,0.28,0.088,0.81,0.118,0.026,0.1,0.142,0.084,0.098,0.09,0.082,0.556,0.248,0.132,0.106,0.302,0.138,0.196,0.096,0.062,0.254,0.172,0.078,0.03,0.194,0.122,0.072,0.15,0.506,0.108,0.172,0.136
05:17:00,0.118,0.12,0.086,0.172,0.662,0.058,0.196,0.084,0.28,0.088,0.81,0.118,0.026,0.1,0.142,0.084,0.098,0.09,0.082,0.556,0.248,0.132,0.106,0.302,0.138,0.196,0.096,0.062,0.254,0.172,0.078,0.03,0.194,0.122,0.072,0.15,0.506,0.108,0.172,0.136
05:18:00,0.118,0.12,0.086,0.172,0.662,0.058,0.196,0.084,0.28,0.088,0.81,0.118,0.026,0.1,0.142,0.084,0.098,0.09,0.082,0.556,0.248,0.132,0.106,0.302,0.138,0.196,0.096,0.062,0.254,0.172,0.078,0.03,0.194,0.122,0.072,0.15,0.506,0.108,0.172,0.136
05:19:00,0.118,0.12,0.086,0.172,0.662,0.058,0.196,0.084,0.28,0.088,0.81,0.118,0.026,0.1,0.142,0.084,0.098,0.09,0.082,0.556,0.248,0.132,0.106,0.302,0.138,0.196,0.096,0.062,0.254,0.172,0.078,0.03,0.194,0.122,0.072,0.15,0.506,0.108,0.172,0.136
05:20:00,0.118,0.12,0.086,0.172,0.662,0.058,0.196,0.084,0.28,0.088,0.81,0.118,0.026,0.1,0.142,0.084,0.098,0.09,0.082,0.556,0.248,0.132,0.106,0.302,0.138,0.196,0.096,0.062,0.254,0.172,0.078,0.03,0.194,0.122,0.072,0.15,0.506,0.108,0.172,0.136
05:21:00,0.118,0.12,0.086,0.172,0.662,0.058,0.196,0.084,0.28,0.088,0.81,0.118,0.026,0.1,0.142,0.084,0.098,0.09,0.082,0.556,0.248,0.132,0.106,0.302,0.138,0.196,0.096,0.062,0.254,0.172,0.078,0.03,0.194,0.122,0.072,0.15,0.506,0.108,0.172,0.136
05:22:00,0.118,0.12,0.086,0.172,0.662,0.058,0.196,0.084,0.28,0.088,0.81,0.118,0.026,0.1,0.142,0.084,0.098,0.09,0.082,0.556,0.248,0.132,0.106,0.302,0.138,0.196,0.096,0.062,0.254,0.172,0.078,0.03,0.194,0.122,0.072,0.15,0.506,0.108,0.172,0.136
05:23:00,0.118,0.12,0.086,0.172,0.662,0.058,0.196,0.084,0.28,0.088,0.81,0.118,0.026,0.1,0.142,0.084,0.098,0.09,0.082,0.556,0.248,0.132,0.106,0.302,0.138,0.196,0.096,0.062,0.254,0.172,0.078,0.03,0.194,0.122,0.072,0.15,0.506,0.108,0.172,0.136
05:24:00,0.118,0.12,0.086,0.172,0.662,0.058,0.196,0.084,0.28,0.088,0.81,0.118,0.026,0.1,0.142,0.084,0.098,0.09,0.082,0.556,0.248,0.132,0.106,0.302,0.138,0.196,0.096,0.062,0.254,0.172,0.078,0.03,0.194,0.122,0.072,0.15,0.506,0.108,0.172,0.136
05:25:00,0.118,0.12,0.086,0.172,0.662,0.058,0.196,0.084,0.28,0.088,0.81,0.118,0.026,0.1,0.142,0.084,0.098,0.09,0.082,0.556,0.248,0.132,0.106,0.302,0.138,0.196,0.096,0.062,0.254,0.172,0.078,0.03,0.194,0.122,0.072,0.15,0.506,0.108,0.172,0.136
05:26:00,0.118,0.12,0.086,0.172,0.662,0.058,0.196,0.084,0.28,0.088,0.81,0.118,0.026,0.1,0.142,0.084,0.098,0.09,0.082,0.556,0.248,0.132,0.106,0.302,0.138,0.196,0.096,0.062,0.254,0.172,0.078,0.03,0.194,0.122,0.072,0.15,0.506,0.108,0.172,0.136
05:27:00,0.118,0.12,0.086,0.172,0.662,0.058,0.196,0.084,0.28,0.088,0.81,0.118,0.026,0.1,0.142,0.084,0.098,0.09,0.082,0.556,0.248,0.132,0.106,0.302,0.138,0.196,0.096,0.062,0.254,0.172,0.078,0.03,0.194,0.122,0.072,0.15,0.506,0.108,0.172,0.136
05:28:00,0.118,0.12,0.086,0.172,0.662,0.058,0.196,0.084,0.28,0.088,0.81,0.118,0.026,0.1,0.142,0.084,0.098,0.09,0.082,0.556,0.248,0.132,0.106,0.302,0.138,0.196,0.096,0.062,0.254,0.172,0.078,0.03,0.194,0.122,0.072,0.15,0.506,0.108,0.172,0.136
05:29:00,0.118,0.12,0.086,0.172,0.662,0.058,0.196,0.084,0.28,0.088,0.81,0.118,0.026,0.1,0.142,0.084,0.098,0.09,0.082,0.556,0.248,0.132,0.106,0.302,0.138,0.196,0.096,0.062,0.254,0.172,0.078,0.03,0.194,0.122,0.072,0.15,0.506,0.108,0.172,0.136
05:30:00,0.112,0.076,0.08,0.362,0.58,0.052,0.178,0.046,0.28,0.036,0.25,0.152,0.028,0.17,0.208,0.014,0.146,0.086,0.05,0.406,0.358,0.13,0.12,0.316,0.12,0.196,0.07,0.044,0.172,0.108,0.096,0.052,0.168,0.144,0.04,0.178,0.248,0.114,0.26,0.056
05:31:00,0.112,0.076,0.08,0.362,0.58,0.052,0.178,0.046,0.28,0.036,0.25,0.152,0.028,0.17,0.208,0.014,0.146,0.086,0.05,0.406,0.358,0.13,0.12,0.316,0.12,0.196,0.07,0.044,0.172,0.108,0.096,0.052,0.168,0.144,0.04,0.178,0.248,0.114,0.26,0.056
05:32:00,0.112,0.076,0.08,0.362,0.58,0.052,0.178,0.046,0.28,0.036,0.25,0.152,0.028,0.17,0.208,0.014,0.146,0.086,0.05,0.406,0.358,0.13,0.12,0.316,0.12,0.196,0.07,0.044,0.172,0.108,0.096,0.052,0.168,0.144,0.04,0.178,0.248,0.114,0.26,0.056
05:33:00,0.112,0.076,0.08,0.362,0.58,0.052,0.178,0.046,0.28,0.036,0.25,0.152,0.028,0.17,0.208,0.014,0.146,0.086,0.05,0.406,0.358,0.13,0.12,0.316,0.12,0.196,0.07,0.044,0.172,0.108,0.096,0.052,0.168,0.144,0.04,0.178,0.248,0.114,0.26,0.056
05:34:00,0.112,0.076,0.08,0.362,0.58,0.052,0.178,0.046,0.28,0.036,0.25,0.152,0.028,0.17,0.208,0.014,0.146,0.086,0.05,0.406,0.358,0.13,0.12,0.316,0.12,0.196,0.07,0.044,0.172,0.108,0.096,0.052,0.168,0.144,0.04,0.178,0.248,0.114,0.26,0.056
05:35:00,0.112,0.076,0.08,0.362,0.58,0.052,0.178,0.046,0.28,0.036,0.25,0.152,0.028,0.17,0.208,0.014,0.146,0.086,0.05,0.406,0.358,0.13,0.12,0.316,0.12,0.196,0.07,0.044,0.172,0.108,0.096,0.052,0.168,0.144,0.04,0.178,0.248,0.114,0.26,0.056
05:36:00,0.112,0.076,0.08,0.362,0.58,0.052,0.178,0.046,0.28,0.036,0.25,0.152,0.028,0.17,0.208,0.014,0.146,0.086,0.05,0.406,0.358,0.13,0.12,0.316,0.12,0.196,0.07,0.044,0.172,0.108,0.096,0.052,0.168,0.144,0.04,0.178,0.248,0.114,0.26,0.056
05:37:00,0.112,0.076,0.08,0.362,0.58,0.052,0.178,0.046,0.28,0.036,0.25,0.152,0.028,0.17,0.208,0.014,0.146,0.086,0.05,0.406,0.358,0.13,0.12,0.316,0.12,0.196,0.07,0.044,0.172,0.108,0.096,0.052,0.168,0.144,0.04,0.178,0.248,0.114,0.26,0.056
05:38:00,0.112,0.076,0.08,0.362,0.58,0.052,0.178,0.046,0.28,0.036,0.25,0.152,0.028,0.17,0.208,0.014,0.146,0.086,0.05,0.406,0.358,0.13,0.12,0.316,0.12,0.196,0.07,0.044,0.172,0.108,0.096,0.052,0.168,0.144,0.04,0.178,0.248,0.114,0.26,0.056
05:39:00,0.112,0.076,0.08,0.362,0.58,0.052,0.178,0.046,0.28,0.036,0.25,0.152,0.028,0.17,0.208,0.014,0.146,0.086,0.05,0.406,0.358,0.13,0.12,0.316,0.12,0.196,0.07,0.044,0.172,0.108,0.096,0.052,0.168,0.144,0.04,0.178,0.248,0.114,0.26,0.056
05:40:00,0.112,0.076,0.08,0.362,0.58,0.052,0.178,0.046,0.28,0.036,0.25,0.152,0.028,0.17,0.208,0.014,0.146,0.086,0.05,0.406,0.358,0.13,0.12,0.316,0.12,0.196,0.07,0.044,0.172,0.108,0.096,0.052,0.168,0.144,0.04,0.178,0.248,0.114,0.26,0.056
05:41:00,0.112,0.076,0.08,0.362,0.58,0.052,0.178,0.046,0.28,0.036,0.25,0.152,0.028,0.17,0.208,0.014,0.146,0.086,0.05,0.406,0.358,0.13,0.12,0.316,0.12,0.196,0.07,0.044,0.172,0.108,0.096,0.052,0.168,0.144,0.04,0.178,0.248,0.114,0.26,0.056
05:42:00,0.112,0.076,0.08,0.362,0.58,0.052,0.178,0.046,0.28,0.036,0.25,0.152,0.028,0.17,0.208,0.014,0.146,0.086,0.05,0.406,0.358,0.13,0.12,0.316,0.12,0.196,0.07,0.044,0.172,0.108,0.096,0.052,0.168,0.144,0.04,0.178,0.248,0.114,0.26,0.056
05:43:00,0.112,0.076,0.08,0.362,0.58,0.052,0.178,0.046,0.28,0.036,0.25,0.152,0.028,0.17,0.208,0.014,0.146,0.086,0.05,0.406,0.358,0.13,0.12,0.316,0.12,0.196,0.07,0.044,0.172,0.108,0.096,0.052,0.168,0.144,0.04,0.178,0.248,0.114,0.26,0.056
05:44:00,0.112,0.076,0.08,0.362,0.58,0.052,0.178,0.046,0.28,0.036,0.25,0.152,0.028,0.17,0.208,0.014,0.146,0.086,0.05,0.406,0.358,0.13,0.12,0.316,0.12,0.196,0.07,0.044,0.172,0.108,0.096,0.052,0.168,0.144,0.04,0.178,0.248,0.114,0.26,0.056
05:45:00,0.112,0.076,0.08,0.362,0.58,0.052,0.178,0.046,0.28,0.036,0.25,0.152,0.028,0.17,0.208,0.014,0.146,0.086,0.05,0.406,0.358,0.13,0.12,0.316,0.12,0.196,0.07,0.044,0.172,0.108,0.096,0.052,0.168,0.144,0.04,0.178,0.248,0.114,0.26,0.056
05:46:00,0.112,0.076,0.08,0.362,0.58,0.052,0.178,0.046,0.28,0.036,0.25,0.152,0.028,0.17,0.208,0.014,0.146,0.086,0.05,0.406,0.358,0.13,0.12,0.316,0.12,0.196,0.07,0.044,0.172,0.108,0.096,0.052,0.168,0.144,0.04,0.178,0.248,0.114,0.26,0.056
05:47:00,0.112,0.076,0.08,0.362,0.58,0.052,0.178,0.046,0.28,0.036,0.25,0.152,0.028,0.17,0.208,0.014,0.146,0.086,0.05,0.406,0.358,0.13,0.12,0.316,0.12,0.196,0.07,0.044,0.172,0.108,0.096,0.052,0.168,0.144,0.04,0.178,0.248,0.114,0.26,0.056
05:48:00,0.112,0.076,0.08,0.362,0.58,0.052,0.178,0.046,0.28,0.036,0.25,0.152,0.028,0.17,0.208,0.014,0.146,0.086,0.05,0.406,0.358,0.13,0.12,0.316,0.12,0.196,0.07,0.044,0.172,0.108,0.096,0.052,0.168,0.144,0.04,0.178,0.248,0.114,0.26,0.056
05:49:00,0.112,0.076,0.08,0.362,0.58,0.052,0.178,0.046,0.28,0.036,0.25,0.152,0.028,0.17,0.208,0.014,0.146,0.086,0.05,0.406,0.358,0.13,0.12,0.316,0.12,0.196,0.07,0.044,0.172,0.108,0.096,0.052,0.168,0.144,0.04,0.178,0.248,0.114,0.26,0.056
05:50:00,0.112,0.076,0.08,0.362,0.58,0.052,0.178,0.046,0.28,0.036,0.25,0.152,0.028,0.17,0.208,0.014,0.146,0.086,0.05,0.406,0.358,0.13,0.12,0.316,0.12,0.196,0.07,0.044,0.172,0.108,0.096,0.052,0.168,0.144,0.04,0.178,0.248,0.114,0.26,0.056
05:51:00,0.112,0.076,0.08,0.362,0.58,0.052,0.178,0.046,0.28,0.036,0.25,0.152,0.028,0.17,0.208,0.014,0.146,0.086,0.05,0.406,0.358,0.13,0.12,0.316,0.12,0.196,0.07,0.044,0.172,0.108,0.096,0.052,0.168,0.144,0.04,0.178,0.248,0.114,0.26,0.056
05:52:00,0.112,0.076,0.08,0.362,0.58,0.052,0.178,0.046,0.28,0.036,0.25,0.152,0.028,0.17,0.208,0.014,0.146,0.086,0.05,0.406,0.358,0.13,0.12,0.316,0.12,0.196,0.07,0.044,0.172,0.108,0.096,0.052,0.168,0.144,0.04,0.178,0.248,0.114,0.26,0.056
05:53:00,0.112,0.076,0.08,0.362,0.58,0.052,0.178,0.046,0.28,0.036,0.25,0.152,0.028,0.17,0.208,0.014,0.146,0.086,0.05,0.406,0.358,0.13,0.12,0.316,0.12,0.196,0.07,0.044,0.172,0.108,0.096,0.052,0.168,0.144,0.04,0.178,0.248,0.114,0.26,0.056
05:54:00,0.112,0.076,0.08,0.362,0.58,0.052,0.178,0.046,0.28,0.036,0.25,0.152,0.028,0.17,0.208,0.014,0.146,0.086,0.05,0.406,0.358,0.13,0.12,0.316,0.12,0.196,0.07,0.044,0.172,0.108,0.096,0.052,0.168,0.144,0.04,0.178,0.248,0.114,0.26,0.056
05:55:00,0.112,0.076,0.08,0.362,0.58,0.052,0.178,0.046,0.28,0.036,0.25,0.152,0.028,0.17,0.208,0.014,0.146,0.086,0.05,0.406,0.358,0.13,0.12,0.316,0.12,0.196,0.07,0.044,0.172,0.108,0.096,0.052,0.168,0.144,0.04,0.178,0.248,0.114,0.26,0.056
05:56:00,0.112,0.076,0.08,0.362,0.58,0.052,0.178,0.046,0.28,0.036,0.25,0.152,0.028,0.17,0.208,0.014,0.146,0.086,0.05,0.406,0.358,0.13,0.12,0.316,0.12,0.196,0.07,0.044,0.172,0.108,0.096,0.052,0.168,0.144,0.04,0.178,0.248,0.114,0.26,0.056
05:57:00,0.112,0.076,0.08,0.362,0.58,0.052,0.178,0.046,0.28,0.036,0.25,0.152,0.028,0.17,0.208,0.014,0.146,0.086,0.05,0.406,0.358,0.13,0.12,0.316,0.12,0.196,0.07,0.044,0.172,0.108,0.096,0.052,0.168,0.144,0.04,0.178,0.248,0.114,0.26,0.056
05:58:00,0.112,0.076,0.08,0.362,0.58,0.052,0.178,0.046,0.28,0.036,0.25,0.152,0.028,0.17,0.208,0.014,0.146,0.086,0.05,0.406,0.358,0.13,0.12,0.316,0.12,0.196,0.07,0.044,0.172,0.108,0.096,0.052,0.168,0.144,0.04,0.178,0.248,0.114,0.26,0.056
05:59:00,0.112,0.076,0.08,0.362,0.58,0.052,0.178,0.046,0.28,0.036,0.25,0.152,0.028,0.17,0.208,0.014,0.146,0.086,0.05,0.406,0.358,0.13,0.12,0.316,0.12,0.196,0.07,0.044,0.172,0.108,0.096,0.052,0.168,0.144,0.04,0.178,0.248,0.114,0.26,0.056
06:00:00,0.132,0.046,0.076,0.236,0.47,0.078,0.178,0.068,0.278,0.05,0.214,0.118,0.026,0.088,0.128,0.074,0.128,0.132,0.152,0.614,0.45,0.176,0.12,0.292,0.254,0.19,0.146,0.166,0.18,0.07,0.078,0.046,0.202,0.198,0.078,0.136,0.256,0.098,0.316,0.154
06:01:00,0.132,0.046,0.076,0.236,0.47,0.078,0.178,0.068,0.278,0.05,0.214,0.118,0.026,0.088,0.128,0.074,0.128,0.132,0.152,0.614,0.45,0.176,0.12,0.292,0.254,0.19,0.146,0.166,0.18,0.07,0.078,0.046,0.202,0.198,0.078,0.136,0.256,0.098,0.316,0.154
06:02:00,0.132,0.046,0.076,0.236,0.47,0.078,0.178,0.068,0.278,0.05,0.214,0.118,0.026,0.088,0.128,0.074,0.128,0.132,0.152,0.614,0.45,0.176,0.12,0.292,0.254,0.19,0.146,0.166,0.18,0.07,0.078,0.046,0.202,0.198,0.078,0.136,0.256,0.098,0.316,0.154
06:03:00,0.132,0.046,0.076,0.236,0.47,0.078,0.178,0.068,0.278,0.05,0.214,0.118,0.026,0.088,0.128,0.074,0.128,0.132,0.152,0.614,0.45,0.176,0.12,0.292,0.254,0.19,0.146,0.166,0.18,0.07,0.078,0.046,0.202,0.198,0.078,0.136,0.256,0.098,0.316,0.154
06:04:00,0.132,0.046,0.076,0.236,0.47,0.078,0.178,0.068,0.278,0.05,0.214,0.118,0.026,0.088,0.128,0.074,0.128,0.132,0.152,0.614,0.45,0.176,0.12,0.292,0.254,0.19,0.146,0.166,0.18,0.07,0.078,0.046,0.202,0.198,0.078,0.136,0.256,0.098,0.316,0.154
06:05:00,0.132,0.046,0.076,0.236,0.47,0.078,0.178,0.068,0.278,0.05,0.214,0.118,0.026,0.088,0.128,0.074,0.128,0.132,0.152,0.614,0.45,0.176,0.12,0.292,0.254,0.19,0.146,0.166,0.18,0.07,0.078,0.046,0.202,0.198,0.078,0.136,0.256,0.098,0.316,0.154
06:06:00,0.132,0.046,0.076,0.236,0.47,0.078,0.178,0.068,0.278,0.05,0.214,0.118,0.026,0.088,0.128,0.074,0.128,0.132,0.152,0.614,0.45,0.176,0.12,0.292,0.254,0.19,0.146,0.166,0.18,0.07,0.078,0.046,0.202,0.198,0.078,0.136,0.256,0.098,0.316,0.154
06:07:00,0.132,0.046,0.076,0.236,0.47,0.078,0.178,0.068,0.278,0.05,0.214,0.118,0.026,0.088,0.128,0.074,0.128,0.132,0.152,0.614,0.45,0.176,0.12,0.292,0.254,0.19,0.146,0.166,0.18,0.07,0.078,0.046,0.202,0.198,0.078,0.136,0.256,0.098,0.316,0.154
06:08:00,0.132,0.046,0.076,0.236,0.47,0.078,0.178,0.068,0.278,0.05,0.214,0.118,0.026,0.088,0.128,0.074,0.128,0.132,0.152,0.614,0.45,0.176,0.12,0.292,0.254,0.19,0.146,0.166,0.18,0.07,0.078,0.046,0.202,0.198,0.078,0.136,0.256,0.098,0.316,0.154
06:09:00,0.132,0.046,0.076,0.236,0.47,0.078,0.178,0.068,0.278,0.05,0.214,0.118,0.026,0.088,0.128,0.074,0.128,0.132,0.152,0.614,0.45,0.176,0.12,0.292,0.254,0.19,0.146,0.166,0.18,0.07,0.078,0.046,0.202,0.198,0.078,0.136,0.256,0.098,0.316,0.154
06:10:00,0.132,0.046,0.076,0.236,0.47,0.078,0.178,0.068,0.278,0.05,0.214,0.118,0.026,0.088,0.128,0.074,0.128,0.132,0.152,0.614,0.45,0.176,0.12,0.292,0.254,0.19,0.146,0.166,0.18,0.07,0.078,0.046,0.202,0.198,0.078,0.136,0.256,0.098,0.316,0.154
06:11:00,0.132,0.046,0.076,0.236,0.47,0.078,0.178,0.068,0.278,0.05,0.214,0.118,0.026,0.088,0.128,0.074,0.128,0.132,0.152,0.614,0.45,0.176,0.12,0.292,0.254,0.19,0.146,0.166,0.18,0.07,0.078,0.046,0.202,0.198,0.078,0.136,0.256,0.098,0.316,0.154
06:12:00,0.132,0.046,0.076,0.236,0.47,0.078,0.178,0.068,0.278,0.05,0.214,0.118,0.026,0.088,0.128,0.074,0.128,0.132,0.152,0.614,0.45,0.176,0.12,0.292,0.254,0.19,0.146,0.166,0.18,0.07,0.078,0.046,0.202,0.198,0.078,0.136,0.256,0.098,0.316,0.154
06:13:00,0.132,0.046,0.076,0.236,0.47,0.078,0.178,0.068,0.278,0.05,0.214,0.118,0.026,0.088,0.128,0.074,0.128,0.132,0.152,0.614,0.45,0.176,0.12,0.292,0.254,0.19,0.146,0.166,0.18,0.07,0.078,0.046,0.202,0.198,0.078,0.136,0.256,0.098,0.316,0.154
06:14:00,0.132,0.046,0.076,0.236,0.47,0.078,0.178,0.068,0.278,0.05,0.214,0.118,0.026,0.088,0.128,0.074,0.128,0.132,0.152,0.614,0.45,0.176,0.12,0.292,0.254,0.19,0.146,0.166,0.18,0.07,0.078,0.046,0.202,0.198,0.078,0.136,0.256,0.098,0.316,0.154
06:15:00,0.132,0.046,0.076,0.236,0.47,0.078,0.178,0.068,0.278,0.05,0.214,0.118,0.026,0.088,0.128,0.074,0.128,0.132,0.152,0.614,0.45,0.176,0.12,0.292,0.254,0.19,0.146,0.166,0.18,0.07,0.078,0.046,0.202,0.198,0.078,0.136,0.256,0.098,0.316,0.154
06:16:00,0.132,0.046,0.076,0.236,0.47,0.078,0.178,0.068,0.278,0.05,0.214,0.118,0.026,0.088,0.128,0.074,0.128,0.132,0.152,0.614,0.45,0.176,0.12,0.292,0.254,0.19,0.146,0.166,0.18,0.07,0.078,0.046,0.202,0.198,0.078,0.136,0.256,0.098,0.316,0.154
06:17:00,0.132,0.046,0.076,0.236,0.47,0.078,0.178,0.068,0.278,0.05,0.214,0.118,0.026,0.088,0.128,0.074,0.128,0.132,0.152,0.614,0.45,0.176,0.12,0.292,0.254,0.19,0.146,0.166,0.18,0.07,0.078,0.046,0.202,0.198,0.078,0.136,0.256,0.098,0.316,0.154
06:18:00,0.132,0.046,0.076,0.236,0.47,0.078,0.178,0.068,0.278,0.05,0.214,0.118,0.026,0.088,0.128,0.074,0.128,0.132,0.152,0.614,0.45,0.176,0.12,0.292,0.254,0.19,0.146,0.166,0.18,0.07,0.078,0.046,0.202,0.198,0.078,0.136,0.256,0.098,0.316,0.154
06:19:00,0.132,0.046,0.076,0.236,0.47,0.078,0.178,0.068,0.278,0.05,0.214,0.118,0.026,0.088,0.128,0.074,0.128,0.132,0.152,0.614,0.45,0.176,0.12,0.292,0.254,0.19,0.146,0.166,0.18,0.07,0.078,0.046,0.202,0.198,0.078,0.136,0.256,0.098,0.316,0.154
06:20:00,0.132,0.046,0.076,0.236,0.47,0.078,0.178,0.068,0.278,0.05,0.214,0.118,0.026,0.088,0.128,0.074,0.128,0.132,0.152,0.614,0.45,0.176,0.12,0.292,0.254,0.19,0.146,0.166,0.18,0.07,0.078,0.046,0.202,0.198,0.078,0.136,0.256,0.098,0.316,0.154
06:21:00,0.132,0.046,0.076,0.236,0.47,0.078,0.178,0.068,0.278,0.05,0.214,0.118,0.026,0.088,0.128,0.074,0.128,0.132,0.152,0.614,0.45,0.176,0.12,0.292,0.254,0.19,0.146,0.166,0.18,0.07,0.078,0.046,0.202,0.198,0.078,0.136,0.256,0.098,0.316,0.154
06:22:00,0.132,0.046,0.076,0.236,0.47,0.078,0.178,0.068,0.278,0.05,0.214,0.118,0.026,0.088,0.128,0.074,0.128,0.132,0.152,0.614,0.45,0.176,0.12,0.292,0.254,0.19,0.146,0.166,0.18,0.07,0.078,0.046,0.202,0.198,0.078,0.136,0.256,0.098,0.316,0.154
06:23:00,0.132,0.046,0.076,0.236,0.47,0.078,0.178,0.068,0.278,0.05,0.214,0.118,0.026,0.088,0.128,0.074,0.128,0.132,0.152,0.614,0.45,0.176,0.12,0.292,0.254,0.19,0.146,0.166,0.18,0.07,0.078,0.046,0.202,0.198,0.078,0.136,0.256,0.098,0.316,0.154
06:24:00,0.132,0.046,0.076,0.236,0.47,0.078,0.178,0.068,0.278,0.05,0.214,0.118,0.026,0.088,0.128,0.074,0.128,0.132,0.152,0.614,0.45,0.176,0.12,0.292,0.254,0.19,0.146,0.166,0.18,0.07,0.078,0.046,0.202,0.198,0.078,0.136,0.256,0.098,0.316,0.154
06:25:00,0.132,0.046,0.076,0.236,0.47,0.078,0.178,0.068,0.278,0.05,0.214,0.118,0.026,0.088,0.128,0.074,0.128,0.132,0.152,0.614,0.45,0.176,0.12,0.292,0.254,0.19,0.146,0.166,0.18,0.07,0.078,0.046,0.202,0.198,0.078,0.136,0.256,0.098,0.316,0.154
06:26:00,0.132,0.046,0.076,0.236,0.47,0.078,0.178,0.068,0.278,0.05,0.214,0.118,0.026,0.088,0.128,0.074,0.128,0.132,0.152,0.614,0.45,0.176,0.12,0.292,0.254,0.19,0.146,0.166,0.18,0.07,0.078,0.046,0.202,0.198,0.078,0.136,0.256,0.098,0.316,0.154
06:27:00,0.132,0.046,0.076,0.236,0.47,0.078,0.178,0.068,0.278,0.05,0.214,0.118,0.026,0.088,0.128,0.074,0.128,0.132,0.152,0.614,0.45,0.176,0.12,0.292,0.254,0.19,0.146,0.166,0.18,0.07,0.078,0.046,0.202,0.198,0.078,0.136,0.256,0.098,0.316,0.154
06:28:00,0.132,0.046,0.076,0.236,0.47,0.078,0.178,0.068,0.278,0.05,0.214,0.118,0.026,0.088,0.128,0.074,0.128,0.132,0.152,0.614,0.45,0.176,0.12,0.292,0.254,0.19,0.146,0.166,0.18,0.07,0.078,0.046,0.202,0.198,0.078,0.136,0.256,0.098,0.316,0.154
06:29:00,0.132,0.046,0.076,0.236,0.47,0.078,0.178,0.068,0.278,0.05,0.214,0.118,0.026,0.088,0.128,0.074,0.128,0.132,0.152,0.614,0.45,0.176,0.12,0.292,0.254,0.19,0.146,0.166,0.18,0.07,0.078,0.046,0.202,0.198,0.078,0.136,0.256,0.098,0.316,0.154
06:30:00,0.132,0.104,0.14,0.098,0.236,0.102,0.176,0.028,0.274,0.082,0.114,0.138,0.024,1.026,0.132,0.032,0.094,0.19,0.078,0.468,0.352,0.174,0.102,0.206,0.228,0.19,0.072,0.042,0.22,0.352,0.076,0.038,0.284,0.178,0.034,0.184,0.22,0.086,0.304,0.1
06:31:00,0.132,0.104,0.14,0.098,0.236,0.102,0.176,0.028,0.274,0.082,0.114,0.138,0.024,1.026,0.132,0.032,0.094,0.19,0.078,0.468,0.352,0.174,0.102,0.206,0.228,0.19,0.072,0.042,0.22,0.352,0.076,0.038,0.284,0.178,0.034,0.184,0.22,0.086,0.304,0.1
06:32:00,0.132,0.104,0.14,0.098,0.236,0.102,0.176,0.028,0.274,0.082,0.114,0.138,0.024,1.026,0.132,0.032,0.094,0.19,0.078,0.468,0.352,0.174,0.102,0.206,0.228,0.19,0.072,0.042,0.22,0.352,0.076,0.038,0.284,0.178,0.034,0.184,0.22,0.086,0.304,0.1
06:33:00,0.132,0.104,0.14,0.098,0.236,0.102,0.176,0.028,0.274,0.082,0.114,0.138,0.024,1.026,0.132,0.032,0.094,0.19,0.078,0.468,0.352,0.174,0.102,0.206,0.228,0.19,0.072,0.042,0.22,0.352,0.076,0.038,0.284,0.178,0.034,0.184,0.22,0.086,0.304,0.1
06:34:00,0.132,0.104,0.14,0.098,0.236,0.102,0.176,0.028,0.274,0.082,0.114,0.138,0.024,1.026,0.132,0.032,0.094,0.19,0.078,0.468,0.352,0.174,0.102,0.206,0.228,0.19,0.072,0.042,0.22,0.352,0.076,0.038,0.284,0.178,0.034,0.184,0.22,0.086,0.304,0.1
06:35:00,0.132,0.104,0.14,0.098,0.236,0.102,0.176,0.028,0.274,0.082,0.114,0.138,0.024,1.026,0.132,0.032,0.094,0.19,0.078,0.468,0.352,0.174,0.102,0.206,0.228,0.19,0.072,0.042,0.22,0.352,0.076,0.038,0.284,0.178,0.034,0.184,0.22,0.086,0.304,0.1
06:36:00,0.132,0.104,0.14,0.098,0.236,0.102,0.176,0.028,0.274,0.082,0.114,0.138,0.024,1.026,0.132,0.032,0.094,0.19,0.078,0.468,0.352,0.174,0.102,0.206,0.228,0.19,0.072,0.042,0.22,0.352,0.076,0.038,0.284,0.178,0.034,0.184,0.22,0.086,0.304,0.1
06:37:00,0.132,0.104,0.14,0.098,0.236,0.102,0.176,0.028,0.274,0.082,0.114,0.138,0.024,1.026,0.132,0.032,0.094,0.19,0.078,0.468,0.352,0.174,0.102,0.206,0.228,0.19,0.072,0.042,0.22,0.352,0.076,0.038,0.284,0.178,0.034,0.184,0.22,0.086,0.304,0.1
06:38:00,0.132,0.104,0.14,0.098,0.236,0.102,0.176,0.028,0.274,0.082,0.114,0.138,0.024,1.026,0.132,0.032,0.094,0.19,0.078,0.468,0.352,0.174,0.102,0.206,0.228,0.19,0.072,0.042,0.22,0.352,0.076,0.038,0.284,0.178,0.034,0.184,0.22,0.086,0.304,0.1
06:39:00,0.132,0.104,0.14,0.098,0.236,0.102,0.176,0.028,0.274,0.082,0.114,0.138,0.024,1.026,0.132,0.032,0.094,0.19,0.078,0.468,0.352,0.174,0.102,0.206,0.228,0.19,0.072,0.042,0.22,0.352,0.076,0.038,0.284,0.178,0.034,0.184,0.22,0.086,0.304,0.1
06:40:00,0.132,0.104,0.14,0.098,0.236,0.102,0.176,0.028,0.274,0.082,0.114,0.138,0.024,1.026,0.132,0.032,0.094,0.19,0.078,0.468,0.352,0.174,0.102,0.206,0.228,0.19,0.072,0.042,0.22,0.352,0.076,0.038,0.284,0.178,0.034,0.184,0.22,0.086,0.304,0.1
06:41:00,0.132,0.104,0.14,0.098,0.236,0.102,0.176,0.028,0.274,0.082,0.114,0.138,0.024,1.026,0.132,0.032,0.094,0.19,0.078,0.468,0.352,0.174,0.102,0.206,0.228,0.19,0.072,0.042,0.22,0.352,0.076,0.038,0.284,0.178,0.034,0.184,0.22,0.086,0.304,0.1
06:42:00,0.132,0.104,0.14,0.098,0.236,0.102,0.176,0.028,0.274,0.082,0.114,0.138,0.024,1.026,0.132,0.032,0.094,0.19,0.078,0.468,0.352,0.174,0.102,0.206,0.228,0.19,0.072,0.042,0.22,0.352,0.076,0.038,0.284,0.178,0.034,0.184,0.22,0.086,0.304,0.1
06:43:00,0.132,0.104,0.14,0.098,0.236,0.102,0.176,0.028,0.274,0.082,0.114,0.138,0.024,1.026,0.132,0.032,0.094,0.19,0.078,0.468,0.352,0.174,0.102,0.206,0.228,0.19,0.072,0.042,0.22,0.352,0.076,0.038,0.284,0.178,0.034,0.184,0.22,0.086,0.304,0.1
06:44:00,0.132,0.104,0.14,0.098,0.236,0.102,0.176,0.028,0.274,0.082,0.114,0.138,0.024,1.026,0.132,0.032,0.094,0.19,0.078,0.468,0.352,0.174,0.102,0.206,0.228,0.19,0.072,0.042,0.22,0.352,0.076,0.038,0.284,0.178,0.034,0.184,0.22,0.086,0.304,0.1
06:45:00,0.132,0.104,0.14,0.098,0.236,0.102,0.176,0.028,0.274,0.082,0.114,0.138,0.024,1.026,0.132,0.032,0.094,0.19,0.078,0.468,0.352,0.174,0.102,0.206,0.228,0.19,0.072,0.042,0.22,0.352,0.076,0.038,0.284,0.178,0.034,0.184,0.22,0.086,0.304,0.1
06:46:00,0.132,0.104,0.14,0.098,0.236,0.102,0.176,0.028,0.274,0.082,0.114,0.138,0.024,1.026,0.132,0.032,0.094,0.19,0.078,0.468,0.352,0.174,0.102,0.206,0.228,0.19,0.072,0.042,0.22,0.352,0.076,0.038,0.284,0.178,0.034,0.184,0.22,0.086,0.304,0.1
06:47:00,0.132,0.104,0.14,0.098,0.236,0.102,0.176,0.028,0.274,0.082,0.114,0.138,0.024,1.026,0.132,0.032,0.094,0.19,0.078,0.468,0.352,0.174,0.102,0.206,0.228,0.19,0.072,0.042,0.22,0.352,0.076,0.038,0.284,0.178,0.034,0.184,0.22,0.086,0.304,0.1
06:48:00,0.132,0.104,0.14,0.098,0.236,0.102,0.176,0.028,0.274,0.082,0.114,0.138,0.024,1.026,0.132,0.032,0.094,0.19,0.078,0.468,0.352,0.174,0.102,0.206,0.228,0.19,0.072,0.042,0.22,0.352,0.076,0.038,0.284,0.178,0.034,0.184,0.22,0.086,0.304,0.1
06:49:00,0.132,0.104,0.14,0.098,0.236,0.102,0.176,0.028,0.274,0.082,0.114,0.138,0.024,1.026,0.132,0.032,0.094,0.19,0.078,0.468,0.352,0.174,0.102,0.206,0.228,0.19,0.072,0.042,0.22,0.352,0.076,0.038,0.284,0.178,0.034,0.184,0.22,0.086,0.304,0.1
06:50:00,0.132,0.104,0.14,0.098,0.236,0.102,0.176,0.028,0.274,0.082,0.114,0.138,0.024,1.026,0.132,0.032,0.094,0.19,0.078,0.468,0.352,0.174,0.102,0.206,0.228,0.19,0.072,0.042,0.22,0.352,0.076,0.038,0.284,0.178,0.034,0.184,0.22,0.086,0.304,0.1
06:51:00,0.132,0.104,0.14,0.098,0.236,0.102,0.176,0.028,0.274,0.082,0.114,0.138,0.024,1.026,0.132,0.032,0.094,0.19,0.078,0.468,0.352,0.174,0.102,0.206,0.228,0.19,0.072,0.042,0.22,0.352,0.076,0.038,0.284,0.178,0.034,0.184,0.22,0.086,0.304,0.1
06:52:00,0.132,0.104,0.14,0.098,0.236,0.102,0.176,0.028,0.274,0.082,0.114,0.138,0.024,1.026,0.132,0.032,0.094,0.19,0.078,0.468,0.352,0.174,0.102,0.206,0.228,0.19,0.072,0.042,0.22,0.352,0.076,0.038,0.284,0.178,0.034,0.184,0.22,0.086,0.304,0.1
06:53:00,0.132,0.104,0.14,0.098,0.236,0.102,0.176,0.028,0.274,0.082,0.114,0.138,0.024,1.026,0.132,0.032,0.094,0.19,0.078,0.468,0.352,0.174,0.102,0.206,0.228,0.19,0.072,0.042,0.22,0.352,0.076,0.038,0.284,0.178,0.034,0.184,0.22,0.086,0.304,0.1
06:54:00,0.132,0.104,0.14,0.098,0.236,0.102,0.176,0.028,0.274,0.082,0.114,0.138,0.024,1.026,0.132,0.032,0.094,0.19,0.078,0.468,0.352,0.174,0.102,0.206,0.228,0.19,0.072,0.042,0.22,0.352,0.076,0.038,0.284,0.178,0.034,0.184,0.22,0.086,0.304,0.1
06:55:00,0.132,0.104,0.14,0.098,0.236,0.102,0.176,0.028,0.274,0.082,0.114,0.138,0.024,1.026,0.132,0.032,0.094,0.19,0.078,0.468,0.352,0.174,0.102,0.206,0.228,0.19,0.072,0.042,0.22,0.352,0.076,0.038,0.284,0.178,0.034,0.184,0.22,0.086,0.304,0.1
06:56:00,0.132,0.104,0.14,0.098,0.236,0.102,0.176,0.028,0.274,0.082,0.114,0.138,0.024,1.026,0.132,0.032,0.094,0.19,0.078,0.468,0.352,0.174,0.102,0.206,0.228,0.19,0.072,0.042,0.22,0.352,0.076,0.038,0.284,0.178,0.034,0.184,0.22,0.086,0.304,0.1
06:57:00,0.132,0.104,0.14,0.098,0.236,0.102,0.176,0.028,0.274,0.082,0.114,0.138,0.024,1.026,0.132,0.032,0.094,0.19,0.078,0.468,0.352,0.174,0.102,0.206,0.228,0.19,0.072,0.042,0.22,0.352,0.076,0.038,0.284,0.178,0.034,0.184,0.22,0.086,0.304,0.1
06:58:00,0.132,0.104,0.14,0.098,0.236,0.102,0.176,0.028,0.274,0.082,0.114,0.138,0.024,1.026,0.132,0.032,0.094,0.19,0.078,0.468,0.352,0.174,0.102,0.206,0.228,0.19,0.072,0.042,0.22,0.352,0.076,0.038,0.284,0.178,0.034,0.184,0.22,0.086,0.304,0.1
06:59:00,0.132,0.104,0.14,0.098,0.236,0.102,0.176,0.028,0.274,0.082,0.114,0.138,0.024,1.026,0.132,0.032,0.094,0.19,0.078,0.468,0.352,0.174,0.102,0.206,0.228,0.19,0.072,0.042,0.22,0.352,0.076,0.038,0.284,0.178,0.034,0.184,0.22,0.086,0.304,0.1
07:00:00,0.226,0.712,0.084,0.096,0.31,0.044,0.242,0.06,0.274,0.048,0.108,0.128,0.078,0.454,0.62,0.034,0.198,0.182,0.03,1.486,0.294,0.128,0.06,0.324,0.254,0.27,0.094,0.13,0.14,0.114,0.076,0.052,0.258,0.166,0.066,0.514,0.276,0.198,0.26,0.06
07:01:00,0.226,0.712,0.084,0.096,0.31,0.044,0.242,0.06,0.274,0.048,0.108,0.128,0.078,0.454,0.62,0.034,0.198,0.182,0.03,1.486,0.294,0.128,0.06,0.324,0.254,0.27,0.094,0.13,0.14,0.114,0.076,0.052,0.258,0.166,0.066,0.514,0.276,0.198,0.26,0.06
07:02:00,0.226,0.712,0.084,0.096,0.31,0.044,0.242,0.06,0.274,0.048,0.108,0.128,0.078,0.454,0.62,0.034,0.198,0.182,0.03,1.486,0.294,0.128,0.06,0.324,0.254,0.27,0.094,0.13,0.14,0.114,0.076,0.052,0.258,0.166,0.066,0.514,0.276,0.198,0.26,0.06
07:03:00,0.226,0.712,0.084,0.096,0.31,0.044,0.242,0.06,0.274,0.048,0.108,0.128,0.078,0.454,0.62,0.034,0.198,0.182,0.03,1.486,0.294,0.128,0.06,0.324,0.254,0.27,0.094,0.13,0.14,0.114,0.076,0.052,0.258,0.166,0.066,0.514,0.276,0.198,0.26,0.06
07:04:00,0.226,0.712,0.084,0.096,0.31,0.044,0.242,0.06,0.274,0.048,0.108,0.128,0.078,0.454,0.62,0.034,0.198,0.182,0.03,1.486,0.294,0.128,0.06,0.324,0.254,0.27,0.094,0.13,0.14,0.114,0.076,0.052,0.258,0.166,0.066,0.514,0.276,0.198,0.26,0.06
07:05:00,0.226,0.712,0.084,0.096,0.31,0.044,0.242,0.06,0.274,0.048,0.108,0.128,0.078,0.454,0.62,0.034,0.198,0.182,0.03,1.486,0.294,0.128,0.06,0.324,0.254,0.27,0.094,0.13,0.14,0.114,0.076,0.052,0.258,0.166,0.066,0.514,0.276,0.198,0.26,0.06
07:06:00,0.226,0.712,0.084,0.096,0.31,0.044,0.242,0.06,0.274,0.048,0.108,0.128,0.078,0.454,0.62,0.034,0.198,0.182,0.03,1.486,0.294,0.128,0.06,0.324,0.254,0.27,0.094,0.13,0.14,0.114,0.076,0.052,0.258,0.166,0.066,0.514,0.276,0.198,0.26,0.06
07:07:00,0.226,0.712,0.084,0.096,0.31,0.044,0.242,0.06,0.274,0.048,0.108,0.128,0.078,0.454,0.62,0.034,0.198,0.182,0.03,1.486,0.294,0.128,0.06,0.324,0.254,0.27,0.094,0.13,0.14,0.114,0.076,0.052,0.258,0.166,0.066,0.514,0.276,0.198,0.26,0.06
07:08:00,0.226,0.712,0.084,0.096,0.31,0.044,0.242,0.06,0.274,0.048,0.108,0.128,0.078,0.454,0.62,0.034,0.198,0.182,0.03,1.486,0.294,0.128,0.06,0.324,0.254,0.27,0.094,0.13,0.14,0.114,0.076,0.052,0.258,0.166,0.066,0.514,0.276,0.198,0.26,0.06
07:09:00,0.226,0.712,0.084,0.096,0.31,0.044,0.242,0.06,0.274,0.048,0.108,0.128,0.078,0.454,0.62,0.034,0.198,0.182,0.03,1.486,0.294,0.128,0.06,0.324,0.254,0.27,0.094,0.13,0.14,0.114,0.076,0.052,0.258,0.166,0.066,0.514,0.276,0.198,0.26,0.06
07:10:00,0.226,0.712,0.084,0.096,0.31,0.044,0.242,0.06,0.274,0.048,0.108,0.128,0.078,0.454,0.62,0.034,0.198,0.182,0.03,1.486,0.294,0.128,0.06,0.324,0.254,0.27,0.094,0.13,0.14,0.114,0.076,0.052,0.258,0.166,0.066,0.514,0.276,0.198,0.26,0.06
07:11:00,0.226,0.712,0.084,0.096,0.31,0.044,0.242,0.06,0.274,0.048,0.108,0.128,0.078,0.454,0.62,0.034,0.198,0.182,0.03,1.486,0.294,0.128,0.06,0.324,0.254,0.27,0.094,0.13,0.14,0.114,0.076,0.052,0.258,0.166,0.066,0.514,0.276,0.198,0.26,0.06
07:12:00,0.226,0.712,0.084,0.096,0.31,0.044,0.242,0.06,0.274,0.048,0.108,0.128,0.078,0.454,0.62,0.034,0.198,0.182,0.03,1.486,0.294,0.128,0.06,0.324,0.254,0.27,0.094,0.13,0.14,0.114,0.076,0.052,0.258,0.166,0.066,0.514,0.276,0.198,0.26,0.06
07:13:00,0.226,0.712,0.084,0.096,0.31,0.044,0.242,0.06,0.274,0.048,0.108,0.128,0.078,0.454,0.62,0.034,0.198,0.182,0.03,1.486,0.294,0.128,0.06,0.324,0.254,0.27,0.094,0.13,0.14,0.114,0.076,0.052,0.258,0.166,0.066,0.514,0.276,0.198,0.26,0.06
07:14:00,0.226,0.712,0.084,0.096,0.31,0.044,0.242,0.06,0.274,0.048,0.108,0.128,0.078,0.454,0.62,0.034,0.198,0.182,0.03,1.486,0.294,0.128,0.06,0.324,0.254,0.27,0.094,0.13,0.14,0.114,0.076,0.052,0.258,0.166,0.066,0.514,0.276,0.198,0.26,0.06
07:15:00,0.226,0.712,0.084,0.096,0.31,0.044,0.242,0.06,0.274,0.048,0.108,0.128,0.078,0.454,0.62,0.034,0.198,0.182,0.03,1.486,0.294,0.128,0.06,0.324,0.254,0.27,0.094,0.13,0.14,0.114,0.076,0.052,0.258,0.166,0.066,0.514,0.276,0.198,0.26,0.06
07:16:00,0.226,0.712,0.084,0.096,0.31,0.044,0.242,0.06,0.274,0.048,0.108,0.128,0.078,0.454,0.62,0.034,0.198,0.182,0.03,1.486,0.294,0.128,0.06,0.324,0.254,0.27,0.094,0.13,0.14,0.114,0.076,0.052,0.258,0.166,0.066,0.514,0.276,0.198,0.26,0.06
07:17:00,0.226,0.712,0.084,0.096,0.31,0.044,0.242,0.06,0.274,0.048,0.108,0.128,0.078,0.454,0.62,0.034,0.198,0.182,0.03,1.486,0.294,0.128,0.06,0.324,0.254,0.27,0.094,0.13,0.14,0.114,0.076,0.052,0.258,0.166,0.066,0.514,0.276,0.198,0.26,0.06
07:18:00,0.226,0.712,0.084,0.096,0.31,0.044,0.242,0.06,0.274,0.048,0.108,0.128,0.078,0.454,0.62,0.034,0.198,0.182,0.03,1.486,0.294,0.128,0.06,0.324,0.254,0.27,0.094,0.13,0.14,0.114,0.076,0.052,0.258,0.166,0.066,0.514,0.276,0.198,0.26,0.06
07:19:00,0.226,0.712,0.084,0.096,0.31,0.044,0.242,0.06,0.274,0.048,0.108,0.128,0.078,0.454,0.62,0.034,0.198,0.182,0.03,1.486,0.294,0.128,0.06,0.324,0.254,0.27,0.094,0.13,0.14,0.114,0.076,0.052,0.258,0.166,0.066,0.514,0.276,0.198,0.26,0.06
07:20:00,0.226,0.712,0.084,0.096,0.31,0.044,0.242,0.06,0.274,0.048,0.108,0.128,0.078,0.454,0.62,0.034,0.198,0.182,0.03,1.486,0.294,0.128,0.06,0.324,0.254,0.27,0.094,0.13,0.14,0.114,0.076,0.052,0.258,0.166,0.066,0.514,0.276,0.198,0.26,0.06
07:21:00,0.226,0.712,0.084,0.096,0.31,0.044,0.242,0.06,0.274,0.048,0.108,0.128,0.078,0.454,0.62,0.034,0.198,0.182,0.03,1.486,0.294,0.128,0.06,0.324,0.254,0.27,0.094,0.13,0.14,0.114,0.076,0.052,0.258,0.166,0.066,0.514,0.276,0.198,0.26,0.06
07:22:00,0.226,0.712,0.084,0.096,0.31,0.044,0.242,0.06,0.274,0.048,0.108,0.128,0.078,0.454,0.62,0.034,0.198,0.182,0.03,1.486,0.294,0.128,0.06,0.324,0.254,0.27,0.094,0.13,0.14,0.114,0.076,0.052,0.258,0.166,0.066,0.514,0.276,0.198,0.26,0.06
07:23:00,0.226,0.712,0.084,0.096,0.31,0.044,0.242,0.06,0.274,0.048,0.108,0.128,0.078,0.454,0.62,0.034,0.198,0.182,0.03,1.486,0.294,0.128,0.06,0.324,0.254,0.27,0.094,0.13,0.14,0.114,0.076,0.052,0.258,0.166,0.066,0.514,0.276,0.198,0.26,0.06
07:24:00,0.226,0.712,0.084,0.096,0.31,0.044,0.242,0.06,0.274,0.048,0.108,0.128,0.078,0.454,0.62,0.034,0.198,0.182,0.03,1.486,0.294,0.128,0.06,0.324,0.254,0.27,0.094,0.13,0.14,0.114,0.076,0.052,0.258,0.166,0.066,0.514,0.276,0.198,0.26,0.06
07:25:00,0.226,0.712,0.084,0.096,0.31,0.044,0.242,0.06,0.274,0.048,0.108,0.128,0.078,0.454,0.62,0.034,0.198,0.182,0.03,1.486,0.294,0.128,0.06,0.324,0.254,0.27,0.094,0.13,0.14,0.114,0.076,0.052,0.258,0.166,0.066,0.514,0.276,0.198,0.26,0.06
07:26:00,0.226,0.712,0.084,0.096,0.31,0.044,0.242,0.06,0.274,0.048,0.108,0.128,0.078,0.454,0.62,0.034,0.198,0.182,0.03,1.486,0.294,0.128,0.06,0.324,0.254,0.27,0.094,0.13,0.14,0.114,0.076,0.052,0.258,0.166,0.066,0.514,0.276,0.198,0.26,0.06
07:27:00,0.226,0.712,0.084,0.096,0.31,0.044,0.242,0.06,0.274,0.048,0.108,0.128,0.078,0.454,0.62,0.034,0.198,0.182,0.03,1.486,0.294,0.128,0.06,0.324,0.254,0.27,0.094,0.13,0.14,0.114,0.076,0.052,0.258,0.166,0.066,0.514,0.276,0.198,0.26,0.06
07:28:00,0.226,0.712,0.084,0.096,0.31,0.044,0.242,0.06,0.274,0.048,0.108,0.128,0.078,0.454,0.62,0.034,0.198,0.182,0.03,1.486,0.294,0.128,0.06,0.324,0.254,0.27,0.094,0.13,0.14,0.114,0.076,0.052,0.258,0.166,0.066,0.514,0.276,0.198,0.26,0.06
07:29:00,0.226,0.712,0.084,0.096,0.31,0.044,0.242,0.06,0.274,0.048,0.108,0.128,0.078,0.454,0.62,0.034,0.198,0.182,0.03,1.486,0.294,0.128,0.06,0.324,0.254,0.27,0.094,0.13,0.14,0.114,0.076,0.052,0.258,0.166,0.066,0.514,0.276,0.198,0.26,0.06
07:30:00,0.236,0.418,0.078,0.154,0.22,0.098,0.274,0.304,0.278,0.162,0.166,0.11,0.096,0.188,1.31,0.066,0.214,0.186,0.174,4.2059998,0.222,0.132,0.31,0.31,0.224,0.29,0.098,0.042,0.212,0.746,0.076,0.03,0.254,0.166,0.074,0.226,0.222,0.072,0.506,0.276
07:31:00,0.236,0.418,0.078,0.154,0.22,0.098,0.274,0.304,0.278,0.162,0.166,0.11,0.096,0.188,1.31,0.066,0.214,0.186,0.174,4.2059998,0.222,0.132,0.31,0.31,0.224,0.29,0.098,0.042,0.212,0.746,0.076,0.03,0.254,0.166,0.074,0.226,0.222,0.072,0.506,0.276
07:32:00,0.236,0.418,0.078,0.154,0.22,0.098,0.274,0.304,0.278,0.162,0.166,0.11,0.096,0.188,1.31,0.066,0.214,0.186,0.174,4.2059998,0.222,0.132,0.31,0.31,0.224,0.29,0.098,0.042,0.212,0.746,0.076,0.03,0.254,0.166,0.074,0.226,0.222,0.072,0.506,0.276
07:33:00,0.236,0.418,0.078,0.154,0.22,0.098,0.274,0.304,0.278,0.162,0.166,0.11,0.096,0.188,1.31,0.066,0.214,0.186,0.174,4.2059998,0.222,0.132,0.31,0.31,0.224,0.29,0.098,0.042,0.212,0.746,0.076,0.03,0.254,0.166,0.074,0.226,0.222,0.072,0.506,0.276
07:34:00,0.236,0.418,0.078,0.154,0.22,0.098,0.274,0.304,0.278,0.162,0.166,0.11,0.096,0.188,1.31,0.066,0.214,0.186,0.174,4.2059998,0.222,0.132,0.31,0.31,0.224,0.29,0.098,0.042,0.212,0.746,0.076,0.03,0.254,0.166,0.074,0.226,0.222,0.072,0.506,0.276
07:35:00,0.236,0.418,0.078,0.154,0.22,0.098,0.274,0.304,0.278,0.162,0.166,0.11,0.096,0.188,1.31,0.066,0.214,0.186,0.174,4.2059998,0.222,0.132,0.31,0.31,0.224,0.29,0.098,0.042,0.212,0.746,0.076,0.03,0.254,0.166,0.074,0.226,0.222,0.072,0.506,0.276
07:36:00,0.236,0.418,0.078,0.154,0.22,0.098,0.274,0.304,0.278,0.162,0.166,0.11,0.096,0.188,1.31,0.066,0.214,0.186,0.174,4.2059998,0.222,0.132,0.31,0.31,0.224,0.29,0.098,0.042,0.212,0.746,0.076,0.03,0.254,0.166,0.074,0.226,0.222,0.072,0.506,0.276
07:37:00,0.236,0.418,0.078,0.154,0.22,0.098,0.274,0.304,0.278,0.162,0.166,0.11,0.096,0.188,1.31,0.066,0.214,0.186,0.174,4.2059998,0.222,0.132,0.31,0.31,0.224,0.29,0.098,0.042,0.212,0.746,0.076,0.03,0.254,0.166,0.074,0.226,0.222,0.072,0.506,0.276
07:38:00,0.236,0.418,0.078,0.154,0.22,0.098,0.274,0.304,0.278,0.162,0.166,0.11,0.096,0.188,1.31,0.066,0.214,0.186,0.174,4.2059998,0.222,0.132,0.31,0.31,0.224,0.29,0.098,0.042,0.212,0.746,0.076,0.03,0.254,0.166,0.074,0.226,0.222,0.072,0.506,0.276
07:39:00,0.236,0.418,0.078,0.154,0.22,0.098,0.274,0.304,0.278,0.162,0.166,0.11,0.096,0.188,1.31,0.066,0.214,0.186,0.174,4.2059998,0.222,0.132,0.31,0.31,0.224,0.29,0.098,0.042,0.212,0.746,0.076,0.03,0.254,0.166,0.074,0.226,0.222,0.072,0.506,0.276
07:40:00,0.236,0.418,0.078,0.154,0.22,0.098,0.274,0.304,0.278,0.162,0.166,0.11,0.096,0.188,1.31,0.066,0.214,0.186,0.174,4.2059998,0.222,0.132,0.31,0.31,0.224,0.29,0.098,0.042,0.212,0.746,0.076,0.03,0.254,0.166,0.074,0.226,0.222,0.072,0.506,0.276
07:41:00,0.236,0.418,0.078,0.154,0.22,0.098,0.274,0.304,0.278,0.162,0.166,0.11,0.096,0.188,1.31,0.066,0.214,0.186,0.174,4.2059998,0.222,0.132,0.31,0.31,0.224,0.29,0.098,0.042,0.212,0.746,0.076,0.03,0.254,0.166,0.074,0.226,0.222,0.072,0.506,0.276
07:42:00,0.236,0.418,0.078,0.154,0.22,0.098,0.274,0.304,0.278,0.162,0.166,0.11,0.096,0.188,1.31,0.066,0.214,0.186,0.174,4.2059998,0.222,0.132,0.31,0.31,0.224,0.29,0.098,0.042,0.212,0.746,0.076,0.03,0.254,0.166,0.074,0.226,0.222,0.072,0.506,0.276
07:43:00,0.236,0.418,0.078,0.154,0.22,0.098,0.274,0.304,0.278,0.162,0.166,0.11,0.096,0.188,1.31,0.066,0.214,0.186,0.174,4.2059998,0.222,0.132,0.31,0.31,0.224,0.29,0.098,0.042,0.212,0.746,0.076,0.03,0.254,0.166,0.074,0.226,0.222,0.072,0.506,0.276
07:44:00,0.236,0.418,0.078,0.154,0.22,0.098,0.274,0.304,0.278,0.162,0.166,0.11,0.096,0.188,1.31,0.066,0.214,0.186,0.174,4.2059998,0.222,0.132,0.31,0.31,0.224,0.29,0.098,0.042,0.212,0.746,0.076,0.03,0.254,0.166,0.074,0.226,0.222,0.072,0.506,0.276
07:45:00,0.236,0.418,0.078,0.154,0.22,0.098,0.274,0.304,0.278,0.162,0.166,0.11,0.096,0.188,1.31,0.066,0.214,0.186,0.174,4.2059998,0.222,0.132,0.31,0.31,0.224,0.29,0.098,0.042,0.212,0.746,0.076,0.03,0.254,0.166,0.074,0.226,0.222,0.072,0.506,0.276
07:46:00,0.236,0.418,0.078,0.154,0.22,0.098,0.274,0.304,0.278,0.162,0.166,0.11,0.096,0.188,1.31,0.066,0.214,0.186,0.174,4.2059998,0.222,0.132,0.31,0.31,0.224,0.29,0.098,0.042,0.212,0.746,0.076,0.03,0.254,0.166,0.074,0.226,0.222,0.072,0.506,0.276
07:47:00,0.236,0.418,0.078,0.154,0.22,0.098,0.274,0.304,0.278,0.162,0.166,0.11,0.096,0.188,1.31,0.066,0.214,0.186,0.174,4.2059998,0.222,0.132,0.31,0.31,0.224,0.29,0.098,0.042,0.212,0.746,0.076,0.03,0.254,0.166,0.074,0.226,0.222,0.072,0.506,0.276
07:48:00,0.236,0.418,0.078,0.154,0.22,0.098,0.274,0.304,0.278,0.162,0.166,0.11,0.096,0.188,1.31,0.066,0.214,0.186,0.174,4.2059998,0.222,0.132,0.31,0.31,0.224,0.29,0.098,0.042,0.212,0.746,0.076,0.03,0.254,0.166,0.074,0.226,0.222,0.072,0.506,0.276
07:49:00,0.236,0.418,0.078,0.154,0.22,0.098,0.274,0.304,0.278,0.162,0.166,0.11,0.096,0.188,1.31,0.066,0.214,0.186,0.174,4.2059998,0.222,0.132,0.31,0.31,0.224,0.29,0.098,0.042,0.212,0.746,0.076,0.03,0.254,0.166,0.074,0.226,0.222,0.072,0.506,0.276
07:50:00,0.236,0.418,0.078,0.154,0.22,0.098,0.274,0.304,0.278,0.162,0.166,0.11,0.096,0.188,1.31,0.066,0.214,0.186,0.174,4.2059998,0.222,0.132,0.31,0.31,0.224,0.29,0.098,0.042,0.212,0.746,0.076,0.03,0.254,0.166,0.074,0.226,0.222,0.072,0.506,0.276
07:51:00,0.236,0.418,0.078,0.154,0.22,0.098,0.274,0.304,0.278,0.162,0.166,0.11,0.096,0.188,1.31,0.066,0.214,0.186,0.174,4.2059998,0.222,0.132,0.31,0.31,0.224,0.29,0.098,0.042,0.212,0.746,0.076,0.03,0.254,0.166,0.074,0.226,0.222,0.072,0.506,0.276
07:52:00,0.236,0.418,0.078,0.154,0.22,0.098,0.274,0.304,0.278,0.162,0.166,0.11,0.096,0.188,1.31,0.066,0.214,0.186,0.174,4.2059998,0.222,0.132,0.31,0.31,0.224,0.29,0.098,0.042,0.212,0.746,0.076,0.03,0.254,0.166,0.074,0.226,0.222,0.072,0.506,0.276
07:53:00,0.236,0.418,0.078,0.154,0.22,0.098,0.274,0.304,0.278,0.162,0.166,0.11,0.096,0.188,1.31,0.066,0.214,0.186,0.174,4.2059998,0.222,0.132,0.31,0.31,0.224,0.29,0.098,0.042,0.212,0.746,0.076,0.03,0.254,0.166,0.074,0.226,0.222,0.072,0.506,0.276
07:54:00,0.236,0.418,0.078,0.154,0.22,0.098,0.274,0.304,0.278,0.162,0.166,0.11,0.096,0.188,1.31,0.066,0.214,0.186,0.174,4.2059998,0.222,0.132,0.31,0.31,0.224,0.29,0.098,0.042,0.212,0.746,0.076,0.03,0.254,0.166,0.074,0.226,0.222,0.072,0.506,0.276
07:55:00,0.236,0.418,0.078,0.154,0.22,0.098,0.274,0.304,0.278,0.162,0.166,0.11,0.096,0.188,1.31,0.066,0.214,0.186,0.174,4.2059998,0.222,0.132,0.31,0.31,0.224,0.29,0.098,0.042,0.212,0.746,0.076,0.03,0.254,0.166,0.074,0.226,0.222,0.072,0.506,0.276
07:56:00,0.236,0.418,0.078,0.154,0.22,0.098,0.274,0.304,0.278,0.162,0.166,0.11,0.096,0.188,1.31,0.066,0.214,0.186,0.174,4.2059998,0.222,0.132,0.31,0.31,0.224,0.29,0.098,0.042,0.212,0.746,0.076,0.03,0.254,0.166,0.074,0.226,0.222,0.072,0.506,0.276
07:57:00,0.236,0.418,0.078,0.154,0.22,0.098,0.274,0.304,0.278,0.162,0.166,0.11,0.096,0.188,1.31,0.066,0.214,0.186,0.174,4.2059998,0.222,0.132,0.31,0.31,0.224,0.29,0.098,0.042,0.212,0.746,0.076,0.03,0.254,0.166,0.074,0.226,0.222,0.072,0.506,0.276
07:58:00,0.236,0.418,0.078,0.154,0.22,0.098,0.274,0.304,0.278,0.162,0.166,0.11,0.096,0.188,1.31,0.066,0.214,0.186,0.174,4.2059998,0.222,0.132,0.31,0.31,0.224,0.29,0.098,0.042,0.212,0.746,0.076,0.03,0.254,0.166,0.074,0.226,0.222,0.072,0.506,0.276
07:59:00,0.236,0.418,0.078,0.154,0.22,0.098,0.274,0.304,0.278,0.162,0.166,0.11,0.096,0.188,1.31,0.066,0.214,0.186,0.174,4.2059998,0.222,0.132,0.31,0.31,0.224,0.29,0.098,0.042,0.212,0.746,0.076,0.03,0.254,0.166,0.074,0.226,0.222,0.072,0.506,0.276
08:00:00,0.23,0.434,0.076,0.09,0.18,0.086,0.208,1.036,0.278,0.22,0.15,0.144,0.026,0.078,0.528,0.014,0.258,0.178,0.066,1.608,0.294,0.178,0.262,0.204,0.242,0.29,0.088,0.162,0.176,0.16,0.096,0.052,0.278,0.204,0.034,0.206,0.132,0.078,0.338,0.128
08:01:00,0.23,0.434,0.076,0.09,0.18,0.086,0.208,1.036,0.278,0.22,0.15,0.144,0.026,0.078,0.528,0.014,0.258,0.178,0.066,1.608,0.294,0.178,0.262,0.204,0.242,0.29,0.088,0.162,0.176,0.16,0.096,0.052,0.278,0.204,0.034,0.206,0.132,0.078,0.338,0.128
08:02:00,0.23,0.434,0.076,0.09,0.18,0.086,0.208,1.036,0.278,0.22,0.15,0.144,0.026,0.078,0.528,0.014,0.258,0.178,0.066,1.608,0.294,0.178,0.262,0.204,0.242,0.29,0.088,0.162,0.176,0.16,0.096,0.052,0.278,0.204,0.034,0.206,0.132,0.078,0.338,0.128
08:03:00,0.23,0.434,0.076,0.09,0.18,0.086,0.208,1.036,0.278,0.22,0.15,0.144,0.026,0.078,0.528,0.014,0.258,0.178,0.066,1.608,0.294,0.178,0.262,0.204,0.242,0.29,0.088,0.162,0.176,0.16,0.096,0.052,0.278,0.204,0.034,0.206,0.132,0.078,0.338,0.128
08:04:00,0.23,0.434,0.076,0.09,0.18,0.086,0.208,1.036,0.278,0.22,0.15,0.144,0.026,0.078,0.528,0.014,0.258,0.178,0.066,1.608,0.294,0.178,0.262,0.204,0.242,0.29,0.088,0.162,0.176,0.16,0.096,0.052,0.278,0.204,0.034,0.206,0.132,0.078,0.338,0.128
08:05:00,0.23,0.434,0.076,0.09,0.18,0.086,0.208,1.036,0.278,0.22,0.15,0.144,0.026,0.078,0.528,0.014,0.258,0.178,0.066,1.608,0.294,0.178,0.262,0.204,0.242,0.29,0.088,0.162,0.176,0.16,0.096,0.052,0.278,0.204,0.034,0.206,0.132,0.078,0.338,0.128
08:06:00,0.23,0.434,0.076,0.09,0.18,0.086,0.208,1.036,0.278,0.22,0.15,0.144,0.026,0.078,0.528,0.014,0.258,0.178,0.066,1.608,0.294,0.178,0.262,0.204,0.242,0.29,0.088,0.162,0.176,0.16,0.096,0.052,0.278,0.204,0.034,0.206,0.132,0.078,0.338,0.128
08:07:00,0.23,0.434,0.076,0.09,0.18,0.086,0.208,1.036,0.278,0.22,0.15,0.144,0.026,0.078,0.528,0.014,0.258,0.178,0.066,1.608,0.294,0.178,0.262,0.204,0.242,0.29,0.088,0.162,0.176,0.16,0.096,0.052,0.278,0.204,0.034,0.206,0.132,0.078,0.338,0.128
08:08:00,0.23,0.434,0.076,0.09,0.18,0.086,0.208,1.036,0.278,0.22,0.15,0.144,0.026,0.078,0.528,0.014,0.258,0.178,0.066,1.608,0.294,0.178,0.262,0.204,0.242,0.29,0.088,0.162,0.176,0.16,0.096,0.052,0.278,0.204,0.034,0.206,0.132,0.078,0.338,0.128
08:09:00,0.23,0.434,0.076,0.09,0.18,0.086,0.208,1.036,0.278,0.22,0.15,0.144,0.026,0.078,0.528,0.014,0.258,0.178,0.066,1.608,0.294,0.178,0.262,0.204,0.242,0.29,0.088,0.162,0.176,0.16,0.096,0.052,0.278,0.204,0.034,0.206,0.132,0.078,0.338,0.128
08:10:00,0.23,0.434,0.076,0.09,0.18,0.086,0.208,1.036,0.278,0.22,0.15,0.144,0.026,0.078,0.528,0.014,0.258,0.178,0.066,1.608,0.294,0.178,0.262,0.204,0.242,0.29,0.088,0.162,0.176,0.16,0.096,0.052,0.278,0.204,0.034,0.206,0.132,0.078,0.338,0.128
08:11:00,0.23,0.434,0.076,0.09,0.18,0.086,0.208,1.036,0.278,0.22,0.15,0.144,0.026,0.078,0.528,0.014,0.258,0.178,0.066,1.608,0.294,0.178,0.262,0.204,0.242,0.29,0.088,0.162,0.176,0.16,0.096,0.052,0.278,0.204,0.034,0.206,0.132,0.078,0.338,0.128
08:12:00,0.23,0.434,0.076,0.09,0.18,0.086,0.208,1.036,0.278,0.22,0.15,0.144,0.026,0.078,0.528,0.014,0.258,0.178,0.066,1.608,0.294,0.178,0.262,0.204,0.242,0.29,0.088,0.162,0.176,0.16,0.096,0.052,0.278,0.204,0.034,0.206,0.132,0.078,0.338,0.128
08:13:00,0.23,0.434,0.076,0.09,0.18,0.086,0.208,1.036,0.278,0.22,0.15,0.144,0.026,0.078,0.528,0.014,0.258,0.178,0.066,1.608,0.294,0.178,0.262,0.204,0.242,0.29,0.088,0.162,0.176,0.16,0.096,0.052,0.278,0.204,0.034,0.206,0.132,0.078,0.338,0.128
08:14:00,0.23,0.434,0.076,0.09,0.18,0.086,0.208,1.036,0.278,0.22,0.15,0.144,0.026,0.078,0.528,0.014,0.258,0.178,0.066,1.608,0.294,0.178,0.262,0.204,0.242,0.29,0.088,0.162,0.176,0.16,0.096,0.052,0.278,0.204,0.034,0.206,0.132,0.078,0.338,0.128
08:15:00,0.2261804640891773,0.4301804640891773,0.0721804640891773,0.0861804640891773,0.17618046408917729,0.0821804640891773,0.20418046408917728,1.0321804640891774,0.27418046408917734,0.2161804640891773,0.1461804640891773,0.14018046408917728,0.022180464089177298,0.0741804640891773,0.5241804640891773,0.010180464089177301,0.2541804640891773,0.17418046408917728,0.0621804640891773,1.6041804640891775,0.2901804640891773,0.17418046408917728,0.25818046408917733,0.20018046408917728,0.23818046408917729,0.2861804640891773,0.0841804640891773,0.1581804640891773,0.17218046408917728,0.1561804640891773,0.09218046408917731,0.0481804640891773,0.27418046408917734,0.20018046408917728,0.0301804640891773,0.20218046408917728,0.1281804640891773,0.0741804640891773,0.33418046408917734,0.12418046408917731
08:16:00,0.2202442912717403,0.4242442912717403,0.0662442912717403,0.08024429127174029,0.1702442912717403,0.07624429127174029,0.19824429127174029,1.0262442912717404,0.2682442912717403,0.2102442912717403,0.1402442912717403,0.13424429127174028,0.016244291271740298,0.0682442912717403,0.5182442912717403,0.004244291271740301,0.2482442912717403,0.1682442912717403,0.056244291271740306,1.5982442912717405,0.2842442912717403,0.1682442912717403,0.2522442912717403,0.19424429127174028,0.2322442912717403,0.2802442912717403,0.07824429127174029,0.1522442912717403,0.16624429127174029,0.1502442912717403,0.0862442912717403,0.0422442912717403,0.2682442912717403,0.19424429127174028,0.024244291271740305,0.19624429127174028,0.1222442912717403,0.0682442912717403,0.3282442912717403,0.1182442912717403
08:17:00,0.21366561991771232,0.4176656199177123,0.0596656199177123,0.0736656199177123,0.16366561991771228,0.0696656199177123,0.1916656199177123,1.0196656199177123,0.2616656199177123,0.20366561991771231,0.1336656199177123,0.1276656199177123,0.009665619917712299,0.0616656199177123,0.5116656199177123,0.0,0.2416656199177123,0.16166561991771228,0.0496656199177123,1.5916656199177124,0.27766561991771227,0.16166561991771228,0.2456656199177123,0.1876656199177123,0.22566561991771228,0.27366561991771227,0.0716656199177123,0.14566561991771232,0.15966561991771228,0.14366561991771232,0.0796656199177123,0.0356656199177123,0.2616656199177123,0.1876656199177123,0.017665619917712302,0.1896656199177123,0.1156656199177123,0.0616656199177123,0.3216656199177123,0.1116656199177123
08:18:00,0.20642891831100732,0.4104289183110073,0.052428918311007294,0.06642891831100729,0.1564289183110073,0.06242891831100729,0.1844289183110073,1.0124289183110073,0.25442891831100733,0.1964289183110073,0.1264289183110073,0.12042891831100729,0.0024289183110072984,0.054428918311007296,0.5044289183110073,0.0,0.23442891831100732,0.1544289183110073,0.0424289183110073,1.5844289183110074,0.2704289183110073,0.1544289183110073,0.23842891831100732,0.1804289183110073,0.2184289183110073,0.2664289183110073,0.06442891831100729,0.13842891831100732,0.1524289183110073,0.1364289183110073,0.0724289183110073,0.028428918311007297,0.25442891831100733,0.1804289183110073,0.010428918311007302,0.1824289183110073,0.1084289183110073,0.054428918311007296,0.31442891831100733,0.1044289183110073
08:19:00,0.1985232291357572,0.4025232291357572,0.044523229135757195,0.05852322913575719,0.1485232291357572,0.05452322913575719,0.1765232291357572,1.0045232291357573,0.24652322913575722,0.1885232291357572,0.11852322913575719,0.11252322913575719,0.0,0.046523229135757196,0.4965232291357572,0.0,0.2265232291357572,0.1465232291357572,0.0345232291357572,1.5765232291357574,0.2625232291357572,0.1465232291357572,0.2305232291357572,0.17252322913575718,0.2105232291357572,0.2585232291357572,0.05652322913575719,0.1305232291357572,0.1445232291357572,0.1285232291357572,0.0645232291357572,0.020523229135757194,0.24652322913575722,0.17252322913575718,0.002523229135757199,0.17452322913575719,0.1005232291357572,0.046523229135757196,0.30652322913575725,0.0965232291357572
08:20:00,0.18994207100469812,0.3939420710046981,0.035942071004698095,0.049942071004698094,0.13994207100469808,0.04594207100469809,0.1679420710046981,0.9959420710046981,0.2379420710046981,0.1799420710046981,0.10994207100469809,0.10394207100469809,0.0,0.0379420710046981,0.4879420710046981,0.0,0.2179420710046981,0.13794207100469807,0.0259420710046981,1.5679420710046983,0.25394207100469807,0.13794207100469807,0.2219420710046981,0.1639420710046981,0.20194207100469808,0.24994207100469806,0.04794207100469809,0.1219420710046981,0.13594207100469807,0.1199420710046981,0.0559420710046981,0.011942071004698095,0.2379420710046981,0.1639420710046981,0.0,0.1659420710046981,0.0919420710046981,0.0379420710046981,0.2979420710046981,0.0879420710046981
08:21:00,0.18068325323985202,0.384683253239852,0.026683253239851996,0.040683253239851995,0.130683253239852,0.03668325323985199,0.158683253239852,0.9866832532398521,0.22868325323985203,0.170683253239852,0.100683253239852,0.094683253239852,0.0,0.028683253239851998,0.478683253239852,0.0,0.208683253239852,0.128683253239852,0.016683253239852,1.558683253239852,0.244683253239852,0.128683253239852,0.21268325323985202,0.154683253239852,0.192683253239852,0.24068325323985199,0.03868325323985199,0.11268325323985201,0.126683253239852,0.11068325323985201,0.046683253239852,0.002683253239851996,0.22868325323985203,0.154683253239852,0.0,0.156683253239852,0.08268325323985201,0.028683253239851998,0.288683253239852,0.07868325323985201
08:22:00,0.1707486579455399,0.3747486579455399,0.016748657945539897,0.030748657945539895,0.12074865794553989,0.02674865794553989,0.14874865794553987,0.9767486579455399,0.21874865794553994,0.16074865794553989,0.09074865794553989,0.08474865794553989,0.0,0.0187486579455399,0.46874865794553994,0.0,0.19874865794553992,0.11874865794553989,0.0067486579455399015,1.54874865794554,0.2347486579455399,0.11874865794553989,0.20274865794553992,0.14474865794553987,0.1827486579455399,0.2307486579455399,0.028748657945539893,0.1027486579455399,0.11674865794553989,0.1007486579455399,0.0367486579455399,0.0,0.21874865794553994,0.14474865794553987,0.0,0.14674865794553987,0.0727486579455399,0.0187486579455399,0.27874865794553993,0.0687486579455399
08:23:00,0.1601439108868934,0.3641439108868934,0.0061439108868933945,0.020143910886893393,0.11014391088689339,0.01614391088689339,0.13814391088689337,0.9661439108868934,0.20814391088689344,0.15014391088689338,0.08014391088689339,0.07414391088689339,0.0,0.008143910886893396,0.45814391088689344,0.0,0.18814391088689342,0.10814391088689339,0.0,1.5381439108868935,0.2241439108868934,0.10814391088689339,0.19214391088689342,0.13414391088689337,0.1721439108868934,0.2201439108868934,0.01814391088689339,0.0921439108868934,0.10614391088689339,0.0901439108868934,0.0261439108868934,0.0,0.20814391088689344,0.13414391088689337,0.0,0.13614391088689337,0.0621439108868934,0.008143910886893396,0.26814391088689343,0.0581439108868934
08:24:00,0.14887807949269471,0.3528780794926947,0.0,0.008878079492694702,0.0988780794926947,0.004878079492694698,0.1268780794926947,0.9548780794926948,0.19687807949269473,0.1388780794926947,0.0688780794926947,0.0628780794926947,0.0,0.0,0.44687807949269476,0.0,0.1768780794926947,0.0968780794926947,0.0,1.5268780794926948,0.2128780794926947,0.0968780794926947,0.18087807949269472,0.12287807949269469,0.1608780794926947,0.20887807949269468,0.0068780794926947,0.08087807949269471,0.0948780794926947,0.07887807949269471,0.014878079492694707,0.0,0.19687807949269473,0.12287807949269469,0.0,0.1248780794926947,0.05087807949269471,0.0,0.2568780794926947,0.04687807949269471
08:25:00,0.13696331925777291,0.3409633192577729,0.0,0.0,0.0869633192577729,0.0,0.1149633192577729,0.9429633192577729,0.18496331925777293,0.1269633192577729,0.0569633192577729,0.05096331925777289,0.0,0.0,0.43496331925777293,0.0,0.1649633192577729,0.0849633192577729,0.0,1.514963319257773,0.2009633192577729,0.0849633192577729,0.16896331925777291,0.11096331925777289,0.1489633192577729,0.19696331925777288,0.0,0.06896331925777291,0.0829633192577729,0.06696331925777291,0.002963319257772906,0.0,0.18496331925777293,0.11096331925777289,0.0,0.11296331925777289,0.03896331925777291,0.0,0.24496331925777293,0.03496331925777291
08:26:00,0.12441451615297851,0.3284145161529785,0.0,0.0,0.07441451615297849,0.0,0.10241451615297849,0.9304145161529785,0.17241451615297854,0.1144145161529785,0.04441451615297849,0.03841451615297849,0.0,0.0,0.42241451615297854,0.0,0.15241451615297852,0.07241451615297849,0.0,1.5024145161529785,0.1884145161529785,0.07241451615297849,0.15641451615297852,0.09841451615297848,0.1364145161529785,0.1844145161529785,0.0,0.0564145161529785,0.07041451615297849,0.0544145161529785,0.0,0.0,0.17241451615297854,0.09841451615297848,0.0,0.10041451615297849,0.026414516152978504,0.0,0.23241451615297853,0.0224145161529785
08:27:00,0.11124892849369841,0.3152489284936984,0.0,0.0,0.061248928493698396,0.0,0.08924892849369839,0.9172489284936984,0.15924892849369843,0.1012489284936984,0.031248928493698397,0.02524892849369839,0.0,0.0,0.4092489284936984,0.0,0.1392489284936984,0.059248928493698394,0.0,1.4892489284936985,0.17524892849369839,0.059248928493698394,0.1432489284936984,0.08524892849369839,0.1232489284936984,0.17124892849369838,0.0,0.04324892849369841,0.05724892849369839,0.041248928493698406,0.0,0.0,0.15924892849369843,0.08524892849369839,0.0,0.08724892849369839,0.013248928493698409,0.0,0.21924892849369843,0.009248928493698405
08:28:00,0.09748583643546851,0.3014858364354685,0.0,0.0,0.0474858364354685,0.0,0.0754858364354685,0.9034858364354685,0.14548583643546853,0.0874858364354685,0.0174858364354685,0.011485836435468494,0.0,0.0,0.39548583643546853,0.0,0.1254858364354685,0.045485836435468496,0.0,1.4754858364354686,0.1614858364354685,0.045485836435468496,0.12948583643546852,0.07148583643546849,0.1094858364354685,0.15748583643546848,0.0,0.02948583643546851,0.043485836435468495,0.027485836435468508,0.0,0.0,0.14548583643546853,0.07148583643546849,0.0,0.0734858364354685,0.0,0.0,0.20548583643546853,0.0
08:29:00,0.0831462047700533,0.28714620477005326,0.0,0.0,0.033146204770053284,0.0,0.06114620477005328,0.8891462047700533,0.13114620477005332,0.07314620477005329,0.0031462047700532847,0.0,0.0,0.0,0.38114620477005334,0.0,0.1111462047700533,0.031146204770053282,0.0,1.4611462047700534,0.14714620477005327,0.031146204770053282,0.1151462047700533,0.05714620477005328,0.09514620477005328,0.14314620477005327,0.0,0.015146204770053295,0.02914620477005328,0.013146204770053294,0.0,0.0,0.13114620477005332,0.05714620477005328,0.0,0.05914620477005328,0.0,0.0,0.1911462047700533,0.0
08:30:00,0.03625236400106152,0.1442523640010615,0.0,0.0,0.0042523640010615205,0.0,0.010252364001061498,0.18025236400106154,0.11425236400106153,0.014252364001061502,0.0,0.0,0.0,0.0,0.4202523640010615,0.0,0.17225236400106153,0.0422523640010615,0.0,0.5722523640010615,0.16225236400106152,0.3282523640010615,0.0822523640010615,0.1462523640010615,0.0002523640010615169,0.1302523640010615,0.0,1.8342523640010615,0.0,0.0,0.18851830126804037,0.0,0.07225236400106153,0.0462523640010615,0.0,0.0422523640010615,0.0,0.0,0.3342523640010615,0.3852212010860311
08:31:00,0.020827712879754823,0.1288277128797548,0.0,0.0,0.0,0.0,0.0,0.16482771287975484,0.09882771287975484,0.0,0.0,0.0,0.0,0.0,0.4048277128797548,0.0,0.15682771287975483,0.0268277128797548,0.0,0.5568277128797547,0.14682771287975482,0.3128277128797548,0.06682771287975481,0.1308277128797548,0.0,0.1148277128797548,0.0,1.8188277128797548,0.0,0.0,0.28082771287975483,0.0,0.05682771287975483,0.030827712879754804,0.0,0.0268277128797548,0.0,0.0,0.3188277128797548,0.39082771287975476
08:32:00,0.004896433492813018,0.112896433492813,0.0,0.0,0.0,0.0,0.0,0.14889643349281304,0.08289643349281303,0.0,0.0,0.0,0.0,0.0,0.388896433492813,0.0,0.14089643349281303,0.010896433492812996,0.0,0.540896433492813,0.13089643349281302,0.296896433492813,0.050896433492813004,0.114896433492813,0.0,0.09889643349281299,0.016909434972603783,1.802896433492813,0.0,0.0,0.264896433492813,0.0,0.04089643349281302,0.014896433492813,0.0,0.010896433492812996,0.0,0.0,0.30289643349281303,0.374896433492813
08:33:00,0.0,0.09648328544996759,0.0,0.0,0.0,0.0,0.0,0.13248328544996762,0.06648328544996762,0.0,0.0,0.0,0.0,0.0,0.37248328544996756,0.0,0.12448328544996762,0.0,0.0,0.5244832854499676,0.11448328544996761,0.2804832854499676,0.03448328544996759,0.0984832854499676,0.0,0.08248328544996758,0.02048328544996761,1.7864832854499677,0.0,0.0,0.24848328544996762,0.0,0.024483285449967612,0.0,0.0,0.0,0.0,0.021582991965996563,0.2864832854499676,0.35848328544996755
08:34:00,0.0,0.07961331737220229,0.0,0.0,0.0,0.0,0.0,0.11561331737220232,0.049613317372202315,0.0,0.0,0.0,0.0,0.0,0.35561331737220225,0.0,0.10761331737220231,0.0,0.0,0.5076133173722023,0.0976133173722023,0.2636133173722023,0.017613317372202286,0.08161331737220229,0.0,0.06561331737220227,0.0036133173722023015,1.7696133173722024,0.0,0.0,0.2316133173722023,0.0,0.007613317372202305,0.0,0.0,0.0,0.0,0.011613317372202281,0.2696133173722023,0.34161331737220224
08:35:00,0.0,0.0623117101836263,0.0,0.0,0.0,0.0,0.0,0.09831171018362633,0.03231171018362633,0.0,0.0,0.0,0.0,0.0,0.33831171018362627,0.0,0.09031171018362633,0.0,0.0,0.4903117101836263,0.08031171018362632,0.2463117101836263,0.00031171018362630143,0.0643117101836263,0.0,0.04831171018362629,0.0,1.7523117101836263,0.0,0.0,0.21431171018362632,0.0,0.0,0.0,0.0,0.0,0.0,0.0,0.2523117101836263,0.32431171018362626
08:36:00,0.0,0.04460359137802217,0.0,0.0,0.0,0.0,0.0,0.0806035913780222,0.014603591378022196,0.0,0.0,0.0,0.0,0.0,0.32060359137802213,0.0,0.07260359137802219,0.0,0.0,0.47260359137802216,0.06260359137802218,0.22860359137802216,0.0,0.04660359137802217,0.0,0.030603591378022155,0.0,1.7346035913780222,0.0,0.0,0.1966035913780222,0.0,0.0,0.0,0.0,0.0,0.0,0.0,0.23460359137802217,0.3066035913780221
08:37:00,0.0,0.026513882608154904,0.0,0.0,0.0,0.0,0.0,0.06251388260815494,0.0,0.0,0.0,0.0,0.0,0.0,0.30251388260815487,0.0,0.05451388260815493,0.0,0.0,0.4545138826081549,0.04451388260815492,0.2105138826081549,0.0,0.028513882608154906,0.0,0.012513882608154892,0.0,1.716513882608155,0.0,0.0,0.17851388260815493,0.0,0.0,0.0,0.0,0.0,0.0,0.0,0.2165138826081549,0.28851388260815486
08:38:00,0.0,0.008067169151076414,0.0,0.0,0.0,0.0,0.0,0.044067169151076446,0.0,0.0,0.0,0.0,0.0,0.0,0.2840671691510764,0.0,0.03606716915107644,0.0,0.0,0.4360671691510764,0.02606716915107643,0.1920671691510764,0.0,0.010067169151076416,0.0,0.0,0.0,1.6980671691510765,0.0,0.0,0.16006716915107644,0.0,0.0,0.0,0.0,0.0,0.0,0.0,0.19806716915107642,0.27006716915107637
08:39:00,0.0,0.0,0.0,0.0,0.0,0.0,0.0,0.02528758906787082,0.0,0.0,0.0,0.0,0.0,0.0,0.26528758906787075,0.0,0.017287589067870812,0.0,0.0,0.4172875890678708,0.007287589067870803,0.17328758906787078,0.0,0.0,0.0,0.0,0.0,1.679287589067871,0.0,0.0,0.1412875890678708,0.0,0.0,0.0,0.0,0.0,0.0,0.0,0.1792875890678708,0.25128758906787074
08:40:00,0.0,0.0,0.0,0.0,0.0,0.0,0.0,0.00619874090503042,0.0,0.0,0.0,0.0,0.0,0.0,0.24619874090503036,0.0,0.0,0.0,0.0,0.3981987409050304,0.0,0.15419874090503038,0.0,0.0,0.0,0.0,0.0,1.6601987409050305,0.0,0.0,0.12219874090503041,0.0,0.0,0.0,0.0,0.0,0.0,0.0,0.1601987409050304,0.23219874090503034
08:41:00,0.0,0.0,0.0,0.0,0.0,0.0,0.0,0.0,0.0,0.0,0.0,0.0,0.0,0.0,0.22682360812155739,0.0,0.0,0.0,0.0,0.3788236081215574,0.0,0.13482360812155741,0.0,0.0,0.0,0.0,0.0,1.6408236081215575,0.0,0.0,0.10282360812155744,0.0,0.0,0.0,0.0,0.0,0.0,0.0,0.14082360812155742,0.21282360812155737
08:42:00,0.0,0.0,0.0,0.0,0.0,0.0,0.0,0.0,0.0,0.0,0.0,0.0,0.0,0.0,0.20718449840173508,0.0,0.0,0.0,0.0,0.3591844984017351,0.0,0.11518449840173511,0.0,0.0,0.0,0.0,0.0,1.6211844984017352,0.0,0.0,0.08318449840173514,0.0,0.0,0.0,0.0,0.0,0.0,0.0,0.12118449840173512,0.19318449840173507
08:43:00,0.0,0.0,0.0,0.0,0.0,0.0,0.0,0.0,0.0,0.0,0.0,0.0,0.0,0.0,0.18730299679184975,0.0,0.0,0.0,0.0,0.3393029967918498,0.0,0.09530299679184978,0.0,0.0,0.0,0.0,0.0,1.6013029967918497,0.0,0.0,0.06330299679184981,0.0,0.0,0.0,0.0,0.0,0.0,0.0,0.10130299679184979,0.17330299679184974
08:44:00,0.0,0.0,0.0,0.0,0.0,0.0,0.0,0.0,0.0,0.0,0.0,0.0,0.0,0.0,0.16719991686003588,0.0,0.0,0.0,0.0,0.3191999168600359,0.0,0.07519991686003591,0.0,0.0,0.0,0.0,0.0,1.581199916860036,0.0,0.0,0.043199916860035936,0.0,0.0,0.0,0.0,0.0,0.0,0.0,0.08119991686003591,0.15319991686003587
08:45:00,0.0,0.0,0.0,0.0,0.0,0.0,0.0,0.0,0.0,0.0,0.0,0.0,0.0,0.0,0.14689533014920508,0.0,0.0,0.0,0.0,0.2988953301492051,0.0,0.05489533014920511,0.0,0.0,0.0,0.0,0.0,1.5608953301492052,0.0,0.0,0.02289533014920514,0.0,0.0,0.0,0.0,0.0,0.0,0.0,0.06089533014920512,0.13289533014920507
08:46:00,0.0,0.0,0.0,0.0,0.0,0.0,0.0,0.0,0.0,0.0,0.0,0.0,0.0,0.0,0.12640846978992137,0.0,0.0,0.0,0.0,0.2784084697899214,0.0,0.0344084697899214,0.0,0.0,0.0,0.0,0.0,1.5404084697899214,0.0,0.0,0.0024084697899214302,0.0,0.0,0.0,0.0,0.0,0.0,0.0,0.04040846978992141,0.11240846978992136
08:47:00,0.0,0.0,0.0,0.0,0.0,0.0,0.0,0.0,0.0,0.0,0.0,0.0,0.0,0.0,0.10575777653303636,0.0,0.0,0.0,0.0,0.2577577765330364,0.0,0.013757776533036392,0.0,0.0,0.0,0.0,0.0,1.5197577765330363,0.0,0.0,0.0,0.0,0.0,0.0,0.0,0.0,0.0,0.0,0.019757776533036397,0.09175777653303635
08:48:00,0.0,0.0,0.0,0.0,0.0,0.0,0.0,0.0,0.0,0.0,0.0,0.0,0.0,0.0,0.08496088473551905,0.0,0.0,0.0,0.0,0.23696088473551907,0.0,0.0,0.0,0.0,0.0,0.0,0.0,1.4989608847355191,0.0,0.0,0.0,0.0,0.0,0.0,0.0,0.0,0.0,0.0,0.0,0.07096088473551904
08:49:00,0.0,0.0,0.0,0.0,0.0,0.0,0.0,0.0,0.0,0.0,0.0,0.0,0.0,0.0,0.06403462712097874,0.0,0.0,0.0,0.0,0.21603462712097876,0.0,0.0,0.0,0.0,0.0,0.0,0.0,1.4780346271209788,0.0,0.0,0.0,0.0,0.0,0.0,0.0,0.0,0.0,0.0,0.0,0.050034627120978725
08:50:00,0.0,0.0,0.0,0.0,0.0,0.0,0.0,0.0,0.0,0.0,0.0,0.0,0.0,0.0,0.04299504456462888,0.0,0.0,0.0,0.0,0.1949950445646289,0.0,0.0,0.0,0.0,0.0,0.0,0.0,1.456995044564629,0.0,0.0,0.0,0.0,0.0,0.0,0.0,0.0,0.0,0.0,0.0,0.02899504456462887
08:51:00,0.0,0.0,0.0,0.0,0.0,0.0,0.0,0.0,0.0,0.0,0.0,0.0,0.0,0.0,0.021857399880389594,0.0,0.0,0.0,0.0,0.17385739988038962,0.0,0.0,0.0,0.0,0.0,0.0,0.0,1.4358573998803896,0.0,0.0,0.0,0.0,0.0,0.0,0.0,0.0,0.0,0.0,0.0,0.007857399880389582
08:52:00,0.0,0.0,0.0,0.0,0.0,0.0,0.0,0.0,0.0,0.0,0.0,0.0,0.0,0.0,0.0006361946917921024,0.0,0.0,0.0,0.0,0.15263619469179213,0.0,0.0,0.0,0.0,0.0,0.0,0.0,1.4146361946917922,0.0,0.0,0.0,0.0,0.0,0.0,0.0,0.0,0.0,0.0,0.0,0.0
08:53:00,0.0,0.0,0.0,0.0,0.0,0.0,0.0,0.0,0.0,0.0,0.0,0.0,0.0,0.0,0.0,0.0,0.0,0.0,0.0,0.1313451893221178,0.0,0.0,0.0,0.0,0.0,0.0,0.0,1.3933451893221178,0.0,0.0,0.0,0.0,0.0,0.0,0.0,0.0,0.0,0.0,0.0,0.0
08:54:00,0.0,0.0,0.0,0.0,0.0,0.0,0.0,0.0,0.0,0.0,0.0,0.0,0.0,0.0,0.0,0.0,0.0,0.0,0.0,0.1099974243613433,0.0,0.0,0.0,0.0,0.0,0.0,0.0,1.3719974243613433,0.0,0.0,0.0,0.0,0.0,0.0,0.0,0.0,0.0,0.0,0.0,0.0
08:55:00,0.0,0.0,0.0,0.0,0.0,0.0,0.0,0.0,0.0,0.0,0.0,0.0,0.0,0.0,0.0,0.0,0.0,0.0,0.0,0.08860522964624451,0.0,0.0,0.0,0.0,0.0,0.0,0.0,1.3506052296462445,0.0,0.0,0.0,0.0,0.0,0.0,0.0,0.0,0.0,0.0,0.0,0.0
08:56:00,0.0,0.0,0.0,0.0,0.0,0.0,0.0,0.0,0.0,0.0,0.0,0.0,0.0,0.0,0.0,0.0,0.0,0.0,0.0,0.06718030615459603,0.0,0.0,0.0,0.0,0.0,0.0,0.0,1.329180306154596,0.0,0.0,0.0,0.0,0.0,0.0,0.0,0.0,0.0,0.0,0.0,0.0
08:57:00,0.0,0.0,0.0,0.0,0.0,0.0,0.0,0.0,0.0,0.0,0.0,0.0,0.0,0.0,0.0,0.0,0.0,0.0,0.0,0.045733664994280554,0.0,0.0,0.0,0.0,0.0,0.0,0.0,1.3077336649942806,0.0,0.0,0.0,0.0,0.0,0.0,0.0,0.0,0.0,0.0,0.0,0.0
08:58:00,0.0,0.0,0.0,0.0,0.0,0.0,0.0,0.0,0.0,0.0,0.0,0.0,0.0,0.0,0.0,0.0,0.0,0.0,0.0,0.024275710696373576,0.0,0.0,0.0,0.0,0.0,0.0,0.0,1.2862757106963736,0.0,0.0,0.0,0.0,0.0,0.0,0.0,0.0,0.0,0.0,0.0,0.0
08:59:00,0.0,0.0,0.0,0.0,0.0,0.0,0.0,0.0,0.0,0.0,0.0,0.0,0.0,0.0,0.0,0.0,0.0,0.0,0.0,0.00281625261876961,0.0,0.0,0.0,0.0,0.0,0.0,0.0,1.2648162526187696,0.0,0.0,0.0,0.0,0.0,0.0,0.0,0.0,0.0,0.0,0.0,0.0
09:00:00,0.0,0.0,0.0,0.0,0.0,0.0,0.0,0.0,0.0,0.0,0.0,0.0,0.0,0.0,0.0,0.0,0.0,0.0,0.0,0.0,0.0,0.0,0.0,0.0,0.0,0.0,0.0,0.009364530866865173,0.0,0.0,0.0,0.0,0.0,0.0,0.0,0.0,0.0,0.0,0.0,1.930495506103831
09:01:00,0.0,0.0,0.0,0.0,0.0,0.0,0.0,0.0,0.0,0.0,0.0,0.0,0.0,0.0,0.0,0.0,0.0,0.0,0.0,0.0,0.0,0.0,0.0,0.0,0.0,0.0,0.0,0.0,0.0,0.0,0.0,0.0,0.0,0.0,0.0,0.0,0.0,0.0,0.0,2.5439292419972825
09:02:00,0.0,0.0,0.0,0.0,0.0,0.0,0.0,0.0,0.0,0.0,0.0,0.0,0.0,0.0,0.0,0.0,0.0,0.0,0.0,0.0,0.0,0.0,0.0,0.0,0.0,0.0,0.0,0.0,0.0,0.0,0.0,0.0,0.0,0.0,0.0,0.0,0.0,0.0,0.0,2.5225185641620627
09:03:00,0.0,0.0,0.0,0.0,0.0,0.0,0.0,0.0,0.0,0.0,0.0,0.0,0.0,0.0,0.0,0.0,0.0,0.0,0.0,0.0,0.0,0.0,0.0,0.0,0.0,0.0,0.0,0.0,0.0,0.0,0.0,0.0,0.0,0.0,0.0,0.0,0.0,0.0,0.0,2.501140182166988
09:04:00,0.0,0.0,0.0,0.0,0.0,0.0,0.0,0.0,0.0,0.0,0.0,0.0,0.0,0.0,0.0,0.0,0.0,0.0,0.0,0.0,0.0,0.0,0.0,0.0,0.0,0.0,0.0,0.0,0.0,0.0,0.0,0.0,0.0,0.0,0.0,0.0,0.0,0.0,0.0,2.4798013115355197
09:05:00,0.0,0.0,0.0,0.0,0.0,0.0,0.0,0.0,0.0,0.0,0.0,0.0,0.0,0.0,0.0,0.0,0.0,0.0,0.0,0.0,0.0,0.0,0.0,0.0,0.0,0.0,0.0,0.0,0.0,0.0,0.0,0.0,0.0,0.0,0.0,0.0,0.0,0.0,0.0,2.4585087221084994
09:06:00,0.0,0.0,0.0,0.0,0.0,0.0,0.0,0.0,0.0,0.0,0.0,0.0,0.0,0.0,0.0,0.0,0.0,0.0,0.0,0.0,0.0,0.0,0.0,0.0,0.0,0.0,0.0,0.0,0.0,0.0,0.0,0.0,0.0,0.0,0.0,0.0,0.0,0.0,0.0,2.4372687466884866
09:07:00,0.0,0.0,0.0,0.0,0.0,0.0,0.0,0.0,0.0,0.0,0.0,0.0,0.0,0.0,0.0,0.0,0.0,0.0,0.0,0.0,0.0,0.0,0.0,0.0,0.0,0.0,0.0,0.0,0.0,0.0,0.0,0.0,0.0,0.0,0.0,0.0,0.0,0.0,0.0,2.4160873598741426
09:08:00,0.0,0.0,0.0,0.0,0.0,0.0,0.0,0.0,0.0,0.0,0.0,0.0,0.0,0.0,0.0,0.0,0.0,0.0,0.0,0.0,0.0,0.0,0.0,0.0,0.0,0.0,0.0,0.0,0.0,0.0,0.0,0.0,0.0,0.0,0.0,0.0,0.0,0.0,0.0,2.394970114080092
09:09:00,0.0,0.0,0.0,0.0,0.0,0.0,0.0,0.0,0.0,0.0,0.0,0.0,0.0,0.0,0.0,0.0,0.0,0.0,0.0,0.0,0.0,0.0,0.0,0.0,0.0,0.0,0.0,0.0,0.0,0.0,0.0,0.0,0.0,0.0,0.0,0.0,0.0,0.0,0.0,2.3739222168207204
09:10:00,0.0,0.0,0.0,0.0,0.0,0.0,0.0,0.0,0.0,0.0,0.0,0.0,0.0,0.0,0.0,0.0,0.0,0.0,0.0,0.0,0.0,0.0,0.0,0.0,0.0,0.0,0.0,0.0,0.0,0.0,0.0,0.0,0.0,0.0,0.0,0.0,0.0,0.0,0.0,2.352948536069235
09:11:00,0.0,0.0,0.0,0.0,0.0,0.0,0.0,0.0,0.0,0.0,0.0,0.0,0.0,0.0,0.0,0.0,0.0,0.0,0.0,0.0,0.0,0.0,0.0,0.0,0.0,0.0,0.0,0.0,0.0,0.0,0.0,0.0,0.0,0.0,0.0,0.0,0.0,0.0,0.0,2.3320536190534704
09:12:00,0.0,0.0,0.0,0.0,0.0,0.0,0.0,0.0,0.0,0.0,0.0,0.0,0.0,0.0,0.0,0.0,0.0,0.0,0.0,0.0,0.0,0.0,0.0,0.0,0.0,0.0,0.0,0.0,0.0,0.0,0.0,0.0,0.0,0.0,0.0,0.0,0.0,0.0,0.0,2.311241710015615
09:13:00,0.0,0.0,0.0,0.0,0.0,0.0,0.0,0.0,0.0,0.0,0.0,0.0,0.0,0.0,0.0,0.0,0.0,0.0,0.0,0.0,0.0,0.0,0.0,0.0,0.0,0.0,0.0,0.0,0.0,0.0,0.0,0.0,0.0,0.0,0.0,0.0,0.0,0.0,0.0,2.2905167675428415
09:14:00,0.0,0.0,0.0,0.0,0.0,0.0,0.0,0.0,0.0,0.0,0.0,0.0,0.0,0.0,0.0,0.0,0.0,0.0,0.0,0.0,0.0,0.0,0.0,0.0,0.0,0.0,0.0,0.0,0.0,0.0,0.0,0.0,0.0,0.0,0.0,0.0,0.0,0.0,0.0,2.269882480699043
09:15:00,0.0,0.0,0.0,0.0,0.0,0.0,0.0,0.0,0.0,0.0,0.0,0.0,0.0,0.0,0.0,0.0,0.0,0.0,0.0,0.0,0.0,0.0,0.0,0.0,0.0,0.0,0.0,0.0,0.0,0.0,0.0,0.0,0.0,0.0,0.0,0.0,0.0,0.0,0.0,2.249342284561333
09:16:00,0.0,0.0,0.0,0.0,0.0,0.0,0.0,0.0,0.0,0.0,0.0,0.0,0.0,0.0,0.0,0.0,0.0,0.0,0.0,0.0,0.0,0.0,0.0,0.0,0.0,0.0,0.0,0.0,0.0,0.0,0.0,0.0,0.0,0.0,0.0,0.0,0.0,0.0,0.0,2.228899374952877
09:17:00,0.0,0.0,0.0,0.0,0.0,0.0,0.0,0.0,0.0,0.0,0.0,0.0,0.0,0.0,0.0,0.0,0.0,0.0,0.0,0.0,0.0,0.0,0.0,0.0,0.0,0.0,0.0,0.0,0.0,0.0,0.0,0.0,0.0,0.0,0.0,0.0,0.0,0.0,0.0,2.2085567088558613
09:18:00,0.0,0.0,0.0,0.0,0.0,0.0,0.0,0.0,0.0,0.0,0.0,0.0,0.0,0.0,0.0,0.0,0.0,0.0,0.0,0.0,0.0,0.0,0.0,0.0,0.0,0.0,0.0,0.0,0.0,0.0,0.0,0.0,0.0,0.0,0.0,0.0,0.0,0.0,0.0,2.188317072026579
09:19:00,0.0,0.0,0.0,0.0,0.0,0.0,0.0,0.0,0.0,0.0,0.0,0.0,0.0,0.0,0.0,0.0,0.0,0.0,0.0,0.0,0.0,0.0,0.0,0.0,0.0,0.0,0.0,0.0,0.0,0.0,0.0,0.0,0.0,0.0,0.0,0.0,0.0,0.0,0.0,2.1681830099431845
09:20:00,0.0,0.0,0.0,0.0,0.0,0.0,0.0,0.0,0.0,0.0,0.0,0.0,0.0,0.0,0.0,0.0,0.0,0.0,0.0,0.0,0.0,0.0,0.0,0.0,0.0,0.0,0.0,0.0,0.0,0.0,0.0,0.0,0.0,0.0,0.0,0.0,0.0,0.0,0.0,2.148156894189878
09:21:00,0.0,0.0,0.0,0.0,0.0,0.0,0.0,0.0,0.0,0.0,0.0,0.0,0.0,0.0,0.0,0.0,0.0,0.0,0.0,0.0,0.0,0.0,0.0,0.0,0.0,0.0,0.0,0.0,0.0,0.0,0.0,0.0,0.0,0.0,0.0,0.0,0.0,0.0,0.0,2.128240920089918
09:22:00,0.0,0.0,0.0,0.0,0.0,0.0,0.0,0.0,0.0,0.0,0.0,0.0,0.0,0.0,0.0,0.0,0.0,0.0,0.0,0.0,0.0,0.0,0.0,0.0,0.0,0.0,0.0,0.0,0.0,0.0,0.0,0.0,0.0,0.0,0.0,0.0,0.0,0.0,0.0,2.10843711738913
09:23:00,0.0,0.0,0.0,0.0,0.0,0.0,0.0,0.0,0.0,0.0,0.0,0.0,0.0,0.0,0.0,0.0,0.0,0.0,0.0,0.0,0.0,0.0,0.0,0.0,0.0,0.0,0.0,0.0,0.0,0.0,0.0,0.0,0.0,0.0,0.0,0.0,0.0,0.0,0.0,2.0887473601780204
09:24:00,0.0,0.0,0.0,0.0,0.0,0.0,0.0,0.0,0.0,0.0,0.0,0.0,0.0,0.0,0.0,0.0,0.0,0.0,0.0,0.0,0.0,0.0,0.0,0.0,0.0,0.0,0.0,0.0,0.0,0.0,0.0,0.0,0.0,0.0,0.0,0.0,0.0,0.0,0.0,2.069173376619413
09:25:00,0.0,0.0,0.0,0.0,0.0,0.0,0.0,0.0,0.0,0.0,0.0,0.0,0.0,0.0,0.0,0.0,0.0,0.0,0.0,0.0,0.0,0.0,0.0,0.0,0.0,0.0,0.0,0.0,0.0,0.0,0.0,0.0,0.0,0.0,0.0,0.0,0.0,0.0,0.0,2.0497167577792537
09:26:00,0.0,0.0,0.0,0.0,0.0,0.0,0.0,0.0,0.0,0.0,0.0,0.0,0.0,0.0,0.0,0.0,0.0,0.0,0.0,0.0,0.0,0.0,0.0,0.0,0.0,0.0,0.0,0.0,0.0,0.0,0.0,0.0,0.0,0.0,0.0,0.0,0.0,0.0,0.0,2.030378966128178
09:27:00,0.0,0.0,0.0,0.0,0.0,0.0,0.0,0.0,0.0,0.0,0.0,0.0,0.0,0.0,0.0,0.0,0.0,0.0,0.0,0.0,0.0,0.0,0.0,0.0,0.0,0.0,0.0,0.0,0.0,0.0,0.0,0.0,0.0,0.0,0.0,0.0,0.0,0.0,0.0,2.011161343569609
09:28:00,0.0,0.0,0.0,0.0,0.0,0.0,0.0,0.0,0.0,0.0,0.0,0.0,0.0,0.0,0.0,0.0,0.0,0.0,0.0,0.0,0.0,0.0,0.0,0.0,0.0,0.0,0.0,0.0,0.0,0.0,0.0,0.0,0.0,0.0,0.0,0.0,0.0,0.0,0.0,1.9920651188264096
09:29:00,0.0,0.0,0.0,0.0,0.0,0.0,0.0,0.0,0.0,0.0,0.0,0.0,0.0,0.0,0.0,0.0,0.0,0.0,0.0,0.0,0.0,0.0,0.0,0.0,0.0,0.0,0.0,0.0,0.0,0.0,0.0,0.0,0.0,0.0,0.0,0.0,0.0,0.0,0.0,1.973091402068937
09:30:00,0.0,0.0,0.0,0.0,0.0,0.0,0.0,0.0,0.0,0.0,0.0,0.0,0.0,0.0,0.0,0.0,0.0,0.0,0.0,0.0,0.0,0.0,0.0,0.0,0.0,0.0,0.0,0.0,0.0,0.0,0.0,0.0,0.0,0.0,0.0,0.0,0.0,0.0,0.0,0.0
09:31:00,0.0,0.0,0.0,0.0,0.0,0.0,0.0,0.0,0.0,0.0,0.0,0.0,0.0,0.0,0.0,0.0,0.0,0.0,0.0,0.0,0.0,0.0,0.0,0.0,0.0,0.0,0.0,0.0,0.0,0.0,0.0,0.0,0.0,0.0,0.0,0.0,0.0,0.0,0.0,0.0
09:32:00,0.0,0.0,0.0,0.0,0.0,0.0,0.0,0.0,0.0,0.0,0.0,0.0,0.0,0.0,0.0,0.0,0.0,0.0,0.0,0.0,0.0,0.0,0.0,0.0,0.0,0.0,0.0,0.0,0.0,0.0,0.0,0.0,0.0,0.0,0.0,0.0,0.0,0.0,0.0,0.0
09:33:00,0.0,0.0,0.0,0.0,0.0,0.0,0.0,0.0,0.0,0.0,0.0,0.0,0.0,0.0,0.0,0.0,0.0,0.0,0.0,0.0,0.0,0.0,0.0,0.0,0.0,0.0,0.0,0.0,0.0,0.0,0.0,0.0,0.0,0.0,0.0,0.0,0.0,0.0,0.0,0.0
09:34:00,0.0,0.0,0.0,0.0,0.0,0.0,0.0,0.0,0.0,0.0,0.0,0.0,0.0,0.0,0.0,0.0,0.0,0.0,0.0,0.0,0.0,0.0,0.0,0.0,0.0,0.0,0.0,0.0,0.0,0.0,0.0,0.0,0.0,0.0,0.0,0.0,0.0,0.0,0.0,0.0
09:35:00,0.0,0.0,0.0,0.0,0.0,0.0,0.0,0.0,0.0,0.0,0.0,0.0,0.0,0.0,0.0,0.0,0.0,0.0,0.0,0.0,0.0,0.0,0.0,0.0,0.0,0.0,0.0,0.0,0.0,0.0,0.0,0.0,0.0,0.0,0.0,0.0,0.0,0.0,0.0,0.0
09:36:00,0.0,0.0,0.0,0.0,0.0,0.0,0.0,0.0,0.0,0.0,0.0,0.0,0.0,0.0,0.0,0.0,0.0,0.0,0.0,0.0,0.0,0.0,0.0,0.0,0.0,0.0,0.0,0.0,0.0,0.0,0.0,0.0,0.0,0.0,0.0,0.0,0.0,0.0,0.0,0.0
09:37:00,0.0,0.0,0.0,0.0,0.0,0.0,0.0,0.0,0.0,0.0,0.0,0.0,0.0,0.0,0.0,0.0,0.0,0.0,0.0,0.0,0.0,0.0,0.0,0.0,0.0,0.0,0.0,0.0,0.0,0.0,0.0,0.0,0.0,0.0,0.0,0.0,0.0,0.0,0.0,0.0
09:38:00,0.0,0.0,0.0,0.0,0.0,0.0,0.0,0.0,0.0,0.0,0.0,0.0,0.0,0.0,0.0,0.0,0.0,0.0,0.0,0.0,0.0,0.0,0.0,0.0,0.0,0.0,0.0,0.0,0.0,0.0,0.0,0.0,0.0,0.0,0.0,0.0,0.0,0.0,0.0,0.0
09:39:00,0.0,0.0,0.0,0.0,0.0,0.0,0.0,0.0,0.0,0.0,0.0,0.0,0.0,0.0,0.0,0.0,0.0,0.0,0.0,0.0,0.0,0.0,0.0,0.0,0.0,0.0,0.0,0.0,0.0,0.0,0.0,0.0,0.0,0.0,0.0,0.0,0.0,0.0,0.0,0.0
09:40:00,0.0,0.0,0.0,0.0,0.0,0.0,0.0,0.0,0.0,0.0,0.0,0.0,0.0,0.0,0.0,0.0,0.0,0.0,0.0,0.0,0.0,0.0,0.0,0.0,0.0,0.0,0.0,0.0,0.0,0.0,0.0,0.0,0.0,0.0,0.0,0.0,0.0,0.0,0.0,0.0
09:41:00,0.0,0.0,0.0,0.0,0.0,0.0,0.0,0.0,0.0,0.0,0.0,0.0,0.0,0.0,0.0,0.0,0.0,0.0,0.0,0.0,0.0,0.0,0.0,0.0,0.0,0.0,0.0,0.0,0.0,0.0,0.0,0.0,0.0,0.0,0.0,0.0,0.0,0.0,0.0,0.0
09:42:00,0.0,0.0,0.0,0.0,0.0,0.0,0.0,0.0,0.0,0.0,0.0,0.0,0.0,0.0,0.0,0.0,0.0,0.0,0.0,0.0,0.0,0.0,0.0,0.0,0.0,0.0,0.0,0.0,0.0,0.0,0.0,0.0,0.0,0.0,0.0,0.0,0.0,0.0,0.0,0.0
09:43:00,0.0,0.0,0.0,0.0,0.0,0.0,0.0,0.0,0.0,0.0,0.0,0.0,0.0,0.0,0.0,0.0,0.0,0.0,0.0,0.0,0.0,0.0,0.0,0.0,0.0,0.0,0.0,0.0,0.0,0.0,0.0,0.0,0.0,0.0,0.0,0.0,0.0,0.0,0.0,0.0
09:44:00,0.0,0.0,0.0,0.0,0.0,0.0,0.0,0.0,0.0,0.0,0.0,0.0,0.0,0.0,0.0,0.0,0.0,0.0,0.0,0.0,0.0,0.0,0.0,0.0,0.0,0.0,0.0,0.0,0.0,0.0,0.0,0.0,0.0,0.0,0.0,0.0,0.0,0.0,0.0,0.0
09:45:00,0.0,0.0,0.0,0.0,0.0,0.0,0.0,0.0,0.0,0.0,0.0,0.0,0.0,0.0,0.0,0.0,0.0,0.0,0.0,0.0,0.0,0.0,0.0,0.0,0.0,0.0,0.0,0.0,0.0,0.0,0.0,0.0,0.0,0.0,0.0,0.0,0.0,0.0,0.0,0.0
09:46:00,0.0,0.0,0.0,0.0,0.0,0.0,0.0,0.0,0.0,0.0,0.0,0.0,0.0,0.0,0.0,0.0,0.0,0.0,0.0,0.0,0.0,0.0,0.0,0.0,0.0,0.0,0.0,0.0,0.0,0.0,0.0,0.0,0.0,0.0,0.0,0.0,0.0,0.0,0.0,0.0
09:47:00,0.0,0.0,0.0,0.0,0.0,0.0,0.0,0.0,0.0,0.0,0.0,0.0,0.0,0.0,0.0,0.0,0.0,0.0,0.0,0.0,0.0,0.0,0.0,0.0,0.0,0.0,0.0,0.0,0.0,0.0,0.0,0.0,0.0,0.0,0.0,0.0,0.0,0.0,0.0,0.0
09:48:00,0.0,0.0,0.0,0.0,0.0,0.0,0.0,0.0,0.0,0.0,0.0,0.0,0.0,0.0,0.0,0.0,0.0,0.0,0.0,0.0,0.0,0.0,0.0,0.0,0.0,0.0,0.0,0.0,0.0,0.0,0.0,0.0,0.0,0.0,0.0,0.0,0.0,0.0,0.0,0.0
09:49:00,0.0,0.0,0.0,0.0,0.0,0.0,0.0,0.0,0.0,0.0,0.0,0.0,0.0,0.0,0.0,0.0,0.0,0.0,0.0,0.0,0.0,0.0,0.0,0.0,0.0,0.0,0.0,0.0,0.0,0.0,0.0,0.0,0.0,0.0,0.0,0.0,0.0,0.0,0.0,0.0
09:50:00,0.0,0.0,0.0,0.0,0.0,0.0,0.0,0.0,0.0,0.0,0.0,0.0,0.0,0.0,0.0,0.0,0.0,0.0,0.0,0.0,0.0,0.0,0.0,0.0,0.0,0.0,0.0,0.0,0.0,0.0,0.0,0.0,0.0,0.0,0.0,0.0,0.0,0.0,0.0,0.0
09:51:00,0.0,0.0,0.0,0.0,0.0,0.0,0.0,0.0,0.0,0.0,0.0,0.0,0.0,0.0,0.0,0.0,0.0,0.0,0.0,0.0,0.0,0.0,0.0,0.0,0.0,0.0,0.0,0.0,0.0,0.0,0.0,0.0,0.0,0.0,0.0,0.0,0.0,0.0,0.0,0.0
09:52:00,0.0,0.0,0.0,0.0,0.0,0.0,0.0,0.0,0.0,0.0,0.0,0.0,0.0,0.0,0.0,0.0,0.0,0.0,0.0,0.0,0.0,0.0,0.0,0.0,0.0,0.0,0.0,0.0,0.0,0.0,0.0,0.0,0.0,0.0,0.0,0.0,0.0,0.0,0.0,0.0
09:53:00,0.0,0.0,0.0,0.0,0.0,0.0,0.0,0.0,0.0,0.0,0.0,0.0,0.0,0.0,0.0,0.0,0.0,0.0,0.0,0.0,0.0,0.0,0.0,0.0,0.0,0.0,0.0,0.0,0.0,0.0,0.0,0.0,0.0,0.0,0.0,0.0,0.0,0.0,0.0,0.0
09:54:00,0.0,0.0,0.0,0.0,0.0,0.0,0.0,0.0,0.0,0.0,0.0,0.0,0.0,0.0,0.0,0.0,0.0,0.0,0.0,0.0,0.0,0.0,0.0,0.0,0.0,0.0,0.0,0.0,0.0,0.0,0.0,0.0,0.0,0.0,0.0,0.0,0.0,0.0,0.0,0.0
09:55:00,0.0,0.0,0.0,0.0,0.0,0.0,0.0,0.0,0.0,0.0,0.0,0.0,0.0,0.0,0.0,0.0,0.0,0.0,0.0,0.0,0.0,0.0,0.0,0.0,0.0,0.0,0.0,0.0,0.0,0.0,0.0,0.0,0.0,0.0,0.0,0.0,0.0,0.0,0.0,0.0
09:56:00,0.0,0.0,0.0,0.0,0.0,0.0,0.0,0.0,0.0,0.0,0.0,0.0,0.0,0.0,0.0,0.0,0.0,0.0,0.0,0.0,0.0,0.0,0.0,0.0,0.0,0.0,0.0,0.0,0.0,0.0,0.0,0.0,0.0,0.0,0.0,0.0,0.0,0.0,0.0,0.0
09:57:00,0.0,0.0,0.0,0.0,0.0,0.0,0.0,0.0,0.0,0.0,0.0,0.0,0.0,0.0,0.0,0.0,0.0,0.0,0.0,0.0,0.0,0.0,0.0,0.0,0.0,0.0,0.0,0.0,0.0,0.0,0.0,0.0,0.0,0.0,0.0,0.0,0.0,0.0,0.0,0.0
09:58:00,0.0,0.0,0.0,0.0,0.0,0.0,0.0,0.0,0.0,0.0,0.0,0.0,0.0,0.0,0.0,0.0,0.0,0.0,0.0,0.0,0.0,0.0,0.0,0.0,0.0,0.0,0.0,0.0,0.0,0.0,0.0,0.0,0.0,0.0,0.0,0.0,0.0,0.0,0.0,0.0
09:59:00,0.0,0.0,0.0,0.0,0.0,0.0,0.0,0.0,0.0,0.0,0.0,0.0,0.0,0.0,0.0,0.0,0.0,0.0,0.0,0.0,0.0,0.0,0.0,0.0,0.0,0.0,0.0,0.0,0.0,0.0,0.0,0.0,0.0,0.0,0.0,0.0,0.0,0.0,0.0,0.0
10:00:00,0.0,0.0,0.0,0.0,0.0,0.0,0.0,0.0,0.0,0.0,0.0,0.0,0.0,0.0,0.0,0.0,0.0,0.0,0.0,0.0,0.0,0.0,0.0,0.0,0.0,0.0,0.0,0.0,0.0,0.0,0.0,0.0,0.0,0.0,0.0,0.0,0.0,0.0,0.0,0.0
10:01:00,0.0,0.0,0.0,0.0,0.0,0.0,0.0,0.0,0.0,0.0,0.0,0.0,0.0,0.0,0.0,0.0,0.0,0.0,0.0,0.0,0.0,0.0,0.0,0.0,0.0,0.0,0.0,0.0,0.0,0.0,0.0,0.0,0.0,0.0,0.0,0.0,0.0,0.0,0.0,0.0
10:02:00,0.0,0.0,0.0,0.0,0.0,0.0,0.0,0.0,0.0,0.0,0.0,0.0,0.0,0.0,0.0,0.0,0.0,0.0,0.0,0.0,0.0,0.0,0.0,0.19618041698897704,0.0,0.0,0.0,0.0,0.0,0.0,0.0,0.0,0.0,0.0,0.0,0.0,0.0,0.0,0.0,0.0
10:03:00,0.0,0.0,0.0,0.0,0.0,0.0,0.0,0.0,0.0,0.0,0.0,0.0,0.0,0.0,0.0,0.0,0.0,0.0,0.0,0.0,0.0,0.0,0.0,0.7450582370599268,0.0,0.0,0.0,0.0,0.0,0.0,0.0,0.0,0.0,0.0,0.0,0.0,0.0,0.0,0.0,0.0
10:04:00,0.0,0.0,0.0,0.0,0.0,0.0,0.0,0.0,0.0,0.0,0.0,0.0,0.0,0.0,0.0,0.0,0.0,0.0,0.0,0.0,0.0,0.0,0.0,0.7421137892421944,0.0,0.0,0.0,0.0,0.0,0.0,0.0,0.0,0.0,0.0,0.0,0.0,0.0,0.0,0.0,0.0
10:05:00,0.0,0.0,0.0,0.0,0.0,0.0,0.0,0.0,0.0,0.0,0.0,0.0,0.0,0.0,0.0,0.0,0.0,0.0,0.0,0.0,0.0,0.0,0.0,0.7391927584759395,0.0,0.0,0.0,0.0,0.0,0.0,0.0,0.0,0.0,0.0,0.0,0.0,0.0,0.0,0.0,0.0
10:06:00,0.0,0.0,0.0,0.0,0.0,0.0,0.0,0.0,0.0,0.0,0.0,0.0,0.0,0.0,0.0,0.0,0.0,0.0,0.0,0.0,0.0,0.0,0.0,0.736295169917108,0.0,0.0,0.0,0.0,0.0,0.0,0.0,0.0,0.0,0.0,0.0,0.0,0.0,0.0,0.0,0.0
10:07:00,0.0,0.0,0.0,0.0,0.0,0.0,0.0,0.0,0.0,0.0,0.0,0.0,0.0,0.0,0.0,0.0,0.0,0.0,0.0,0.0,0.0,0.0,0.0,0.7334210469045123,0.0,0.0,0.0,0.0,0.0,0.0,0.0,0.0,0.0,0.0,0.0,0.0,0.0,0.0,0.0,0.0
10:08:00,0.0,0.0,0.0,0.0,0.0,0.0,0.0,0.0,0.0,0.0,0.0,0.0,0.0,0.0,0.0,0.0,0.0,0.0,0.0,0.0,0.0,0.0,0.0,0.7305704110531485,0.0,0.0,0.0,0.0,0.0,0.0,0.0,0.0,0.0,0.0,0.0,0.0,0.0,0.0,0.0,0.0
10:09:00,0.0,0.0,0.0,0.0,0.0,0.0,0.0,0.0,0.0,0.0,0.0,0.0,0.0,0.0,0.0,0.0,0.0,0.0,0.0,0.0,0.0,0.0,0.0,0.7277432823938124,0.0,0.0,0.0,0.0,0.0,0.0,0.0,0.0,0.0,0.0,0.0,0.0,0.0,0.0,0.0,0.0
10:10:00,0.0,0.0,0.0,0.0,0.0,0.0,0.0,0.0,0.0,0.0,0.0,0.0,0.0,0.0,0.0,0.0,0.0,0.0,0.0,0.0,0.0,0.0,0.0,0.724939679453667,0.0,0.0,0.0,0.0,0.0,0.0,0.0,0.0,0.0,0.0,0.0,0.0,0.0,0.0,0.0,0.0
10:11:00,0.0,0.0,0.0,0.0,0.0,0.0,0.0,0.0,0.0,0.0,0.0,0.0,0.0,0.0,0.0,0.0,0.0,0.0,0.0,0.0,0.0,0.0,0.0,0.7221596193574809,0.0,0.0,0.0,0.0,0.0,0.0,0.0,0.0,0.0,0.0,0.0,0.0,0.0,0.0,0.0,0.0
10:12:00,0.0,0.0,0.0,0.0,0.0,0.0,0.0,0.0,0.0,0.0,0.0,0.0,0.0,0.0,0.0,0.0,0.0,0.0,0.0,0.0,0.0,0.0,0.0,0.7194031179225295,0.0,0.0,0.0,0.0,0.0,0.0,0.0,0.0,0.0,0.0,0.0,0.0,0.0,0.0,0.0,0.0
10:13:00,0.0,0.0,0.0,0.0,0.0,0.0,0.0,0.0,0.0,0.0,0.0,0.0,0.0,0.0,0.0,0.0,0.0,0.0,0.0,0.0,0.0,0.0,0.0,0.7166701897234165,0.0,0.0,0.0,0.0,0.0,0.0,0.0,0.0,0.0,0.0,0.0,0.0,0.0,0.0,0.0,0.0
10:14:00,0.0,0.0,0.0,0.0,0.0,0.0,0.0,0.0,0.0,0.0,0.0,0.0,0.0,0.0,0.0,0.0,0.0,0.0,0.0,0.0,0.0,0.0,0.0,0.7139608463938766,0.0,0.0,0.0,0.0,0.0,0.0,0.0,0.0,0.0,0.0,0.0,0.0,0.0,0.0,0.0,0.0
10:15:00,0.0,0.0,0.0,0.0,0.0,0.0,0.0,0.0,0.0,0.0,0.0,0.0,0.0,0.0,0.0,0.0,0.0,0.0,0.0,0.0,0.0,0.0,0.0,0.7112751039330878,0.0,0.0,0.0,0.0,0.0,0.0,0.0,0.0,0.0,0.0,0.0,0.0,0.0,0.0,0.0,0.0
10:16:00,0.0,0.0,0.0,0.0,0.0,0.0,0.0,0.0,0.0,0.0,0.0,0.0,0.0,0.0,0.0,0.0,0.0,0.0,0.0,0.0,0.0,0.0,0.0,0.7086129718805001,0.0,0.0,0.0,0.0,0.0,0.0,0.0,0.0,0.0,0.0,0.0,0.0,0.0,0.0,0.0,0.0
10:17:00,0.0,0.0,0.0,0.0,0.0,0.0,0.0,0.0,0.0,0.0,0.0,0.0,0.0,0.0,0.0,0.0,0.0,0.0,0.0,0.0,0.0,0.0,0.0,0.7059744606710716,0.0,0.0,0.0,0.0,0.0,0.0,0.0,0.0,0.0,0.0,0.0,0.0,0.0,0.0,0.0,0.0
10:18:00,0.0,0.0,0.0,0.0,0.0,0.0,0.0,0.0,0.0,0.0,0.0,0.0,0.0,0.0,0.0,0.0,0.0,0.0,0.0,0.0,0.0,0.0,0.0,0.7033595798532941,0.0,0.0,0.0,0.0,0.0,0.0,0.0,0.0,0.0,0.0,0.0,0.0,0.0,0.0,0.0,0.0
10:19:00,0.0,0.0,0.0,0.0,0.0,0.0,0.0,0.0,0.0,0.0,0.0,0.0,0.0,0.0,0.0,0.0,0.0,0.0,0.0,0.0,0.0,0.0,0.0,0.7007683381781329,0.0,0.0,0.0,0.0,0.0,0.0,0.0,0.0,0.0,0.0,0.0,0.0,0.0,0.0,0.0,0.0
10:20:00,0.0,0.0,0.0,0.0,0.0,0.0,0.0,0.0,0.0,0.0,0.0,0.0,0.0,0.0,0.0,0.0,0.0,0.0,0.0,0.0,0.0,0.0,0.0,0.6982007436345634,0.0,0.0,0.0,0.0,0.0,0.0,0.0,0.0,0.0,0.0,0.0,0.0,0.0,0.0,0.0,0.0
10:21:00,0.0,0.0,0.0,0.0,0.0,0.0,0.0,0.0,0.0,0.0,0.0,0.0,0.0,0.0,0.0,0.0,0.0,0.0,0.0,0.0,0.0,0.0,0.0,0.6956568035073191,0.0,0.0,0.0,0.0,0.0,0.0,0.0,0.0,0.0,0.0,0.0,0.0,0.0,0.0,0.0,0.0
10:22:00,0.0,0.0,0.0,0.0,0.0,0.0,0.0,0.0,0.0,0.0,0.0,0.0,0.0,0.0,0.0,0.0,0.0,0.0,0.0,0.0,0.0,0.0,0.0,0.6931365244303183,0.0,0.0,0.0,0.0,0.0,0.0,0.0,0.0,0.0,0.0,0.0,0.0,0.0,0.0,0.0,0.0
10:23:00,0.0,0.0,0.0,0.0,0.0,0.0,0.0,0.0,0.0,0.0,0.0,0.0,0.0,0.0,0.0,0.0,0.0,0.0,0.0,0.0,0.0,0.0,0.0,0.6906399124144024,0.0,0.0,0.0,0.0,0.0,0.0,0.0,0.0,0.0,0.0,0.0,0.0,0.0,0.0,0.0,0.0
10:24:00,0.0,0.0,0.0,0.0,0.0,0.0,0.0,0.0,0.0,0.0,0.0,0.0,0.0,0.0,0.0,0.0,0.0,0.0,0.0,0.0,0.0,0.0,0.0,0.6881669729189225,0.0,0.0,0.0,0.0,0.0,0.0,0.0,0.0,0.0,0.0,0.0,0.0,0.0,0.0,0.0,0.0
10:25:00,0.0,0.0,0.0,0.0,0.0,0.0,0.0,0.0,0.0,0.0,0.0,0.0,0.0,0.0,0.0,0.0,0.0,0.0,0.0,0.0,0.0,0.0,0.0,0.6857177092390977,0.0,0.0,0.0,0.0,0.0,0.0,0.0,0.0,0.0,0.0,0.0,0.0,0.0,0.0,0.0,0.0
10:26:00,0.0,0.0,0.01626179749777268,0.0,0.0,0.0,0.0,0.0,0.0,0.0,0.0,0.0,0.0,0.0,0.0,0.0,0.0,0.0,0.0,0.0,0.0,0.0,0.0,0.6832921291033289,0.0,0.0,0.0,0.0,0.0,0.0,0.0,0.0,0.0,0.0,0.0,0.0,0.0,0.0,0.0,0.0
10:27:00,0.0,0.0,0.43689023485871736,0.0,0.0,0.0,0.0,0.0,0.0,0.0,0.0,0.0,0.0,0.0,0.0,0.0,0.0,0.0,0.0,0.0,0.0,0.0,0.0,0.6808902348587175,0.0,0.0,0.0,0.0,0.0,0.0,0.0,0.0,0.0,0.0,0.0,0.0,0.0,0.0,0.0,0.0
10:28:00,0.0,0.0,0.43451203007272327,0.0,0.0,0.0,0.0,0.0,0.0,0.0,0.0,0.0,0.0,0.0,0.0,0.0,0.0,0.0,0.0,0.0,0.0,0.0,0.0,0.6785120300727234,0.0,0.0,0.0,0.0,0.0,0.0,0.0,0.0,0.0,0.0,0.0,0.0,0.0,0.0,0.0,0.0
10:29:00,0.0,0.0,0.43215751794162266,0.0,0.0,0.0,0.0,0.0,0.0,0.0,0.0,0.0,0.0,0.0,0.0,0.0,0.0,0.0,0.0,0.0,0.0,0.0,0.0,0.6761575179416228,0.0,0.0,0.0,0.0,0.0,0.0,0.0,0.0,0.0,0.0,0.0,0.0,0.0,0.0,0.0,0.0
10:30:00,0.0,0.0,0.0,0.0,0.0,0.0,0.0,0.0,0.0,0.0,0.0,0.0,0.0,0.0,0.0,0.0,0.0,0.0,0.0,0.0,0.0,0.0,0.0,0.12182670130209572,0.0,0.0,0.0,0.0,0.0,0.0,0.0,0.0,0.0,0.0,0.0,0.0,0.0,0.0,0.0,0.0
10:31:00,0.0,0.0,0.0,0.0,0.0,0.0,0.0,0.0,0.0,0.0,0.0,0.0,0.0,0.0,0.0,0.0,0.0,0.0,0.0,0.0,0.0,0.0,0.0,0.11951958266375745,0.0,0.0,0.0,0.0,0.0,0.0,0.0,0.0,0.0,0.0,0.0,0.0,0.0,0.0,0.0,0.0
10:32:00,0.0,0.0,0.0,0.0,0.0,0.0,0.0,0.0,0.0,0.0,0.0,0.0,0.0,0.0,0.0,0.0,0.0,0.0,0.0,0.0,0.0,0.0,0.0,0.11723616423932992,0.0,0.0,0.0,0.0,0.0,0.0,0.0,0.0,0.0,0.0,0.0,0.0,0.0,0.0,0.0,0.0
10:33:00,0.0,0.0,0.0,0.0,0.0,0.0,0.0,0.0,0.0,0.0,0.0,0.0,0.0,0.0,0.0,0.0,0.0,0.0,0.0,0.0,0.0,0.0,0.0,0.11497644795264406,0.0,0.0,0.0,0.0,0.0,0.0,0.0,0.0,0.0,0.0,0.0,0.0,0.0,0.0,0.0,0.0
10:34:00,0.0,0.0,0.0,0.0,0.0,0.0,0.0,0.0,0.0,0.0,0.0,0.0,0.0,0.0,0.0,0.0,0.0,0.0,0.0,0.0,0.0,0.0,0.0,0.11274043548668983,0.0,0.0,0.0,0.0,0.0,0.0,0.0,0.0,0.0,0.0,0.0,0.0,0.0,0.0,0.0,0.0
10:35:00,0.0,0.0,0.0,0.0,0.0,0.0,0.0,0.0,0.0,0.0,0.0,0.0,0.0,0.0,0.0,0.0,0.0,0.0,0.0,0.0,0.0,0.0,0.0,0.11052812828831604,0.0,0.0,0.0,0.0,0.0,0.0,0.0,0.0,0.0,0.0,0.0,0.0,0.0,0.0,0.0,0.0
10:36:00,0.0,0.0,0.0,0.0,0.0,0.0,0.0,0.0,0.0,0.0,0.0,0.0,0.0,0.0,0.0,0.0,0.0,0.0,0.0,0.0,0.0,0.0,0.0,0.10833952613271991,0.0,0.0,0.0,0.0,0.0,0.0,0.0,0.0,0.0,0.0,0.0,0.0,0.0,0.0,0.0,0.0
10:37:00,0.0,0.0,0.0,0.0,0.0,0.0,0.0,0.0,0.0,0.0,0.0,0.0,0.0,0.0,0.0,0.0,0.0,0.0,0.0,0.0,0.0,0.0,0.0,0.10617463300108915,0.0,0.0,0.0,0.0,0.0,0.0,0.0,0.0,0.0,0.0,0.0,0.0,0.0,0.0,0.0,0.0
10:38:00,0.0,0.0,0.0,0.0,0.0,0.0,0.0,0.0,0.0,0.0,0.0,0.0,0.0,0.0,0.0,0.0,0.0,0.0,0.0,0.0,0.0,0.0,0.0,0.10403344827213296,0.0,0.0,0.0,0.0,0.0,0.0,0.0,0.0,0.0,0.0,0.0,0.0,0.0,0.0,0.0,0.0
10:39:00,0.0,0.0,0.0,0.0,0.0,0.0,0.0,0.0,0.0,0.0,0.0,0.0,0.0,0.0,0.0,0.0,0.0,0.0,0.0,0.0,0.0,0.0,0.0,0.10191597266508373,0.0,0.0,0.0,0.0,0.0,0.0,0.0,0.0,0.0,0.0,0.0,0.0,0.0,0.0,0.0,0.0
10:40:00,0.0,0.0,0.0,0.0,0.0,0.0,0.0,0.0,0.0,0.0,0.0,0.0,0.0,0.0,0.0,0.0,0.0,0.0,0.0,0.0,0.0,0.0,0.0,0.09982220673935832,0.0,0.0,0.0,0.0,0.0,0.0,0.0,0.0,0.0,0.0,0.0,0.0,0.0,0.0,0.0,0.0
10:41:00,0.0,0.0,0.0,0.0,0.0,0.0,0.0,0.0,0.0,0.0,0.0,0.0,0.0,0.0,0.0,0.0,0.0,0.0,0.0,0.0,0.0,0.0,0.0,0.09775215092867845,0.0,0.0,0.0,0.0,0.0,0.0,0.0,0.0,0.0,0.0,0.0,0.0,0.0,0.0,0.0,0.0
10:42:00,0.0,0.0,0.0,0.0,0.0,0.0,0.0,0.0,0.0,0.0,0.0,0.0,0.0,0.0,0.0,0.0,0.0,0.0,0.0,0.0,0.0,0.0,0.0,0.09570580555428265,0.0,0.0,0.0,0.0,0.0,0.0,0.0,0.0,0.0,0.0,0.0,0.0,0.0,0.0,0.0,0.0
10:43:00,0.0,0.0,0.0,0.0,0.0,0.0,0.0,0.0,0.0,0.0,0.0,0.0,0.0,0.0,0.0,0.0,0.0,0.0,0.0,0.0,0.0,0.0,0.0,0.09368317082213545,0.0,0.0,0.0,0.0,0.0,0.0,0.0,0.0,0.0,0.0,0.0,0.0,0.0,0.0,0.0,0.0
10:44:00,0.0,0.0,0.0,0.0,0.0,0.0,0.0,0.0,0.0,0.0,0.0,0.0,0.0,0.0,0.0,0.0,0.0,0.0,0.0,0.0,0.0,0.0,0.0,0.09168424685696713,0.0,0.0,0.0,0.0,0.0,0.0,0.0,0.0,0.0,0.0,0.0,0.0,0.0,0.0,0.0,0.0
10:45:00,0.0,0.0,0.0,0.0,0.0,0.0,0.0,0.0,0.0,0.0,0.0,0.0,0.0,0.0,0.0,0.0,0.0,0.0,0.0,0.0,0.0,0.0,0.0,0.08970903369802136,0.0,0.0,0.0,0.0,0.0,0.0,0.0,0.0,0.0,0.0,0.0,0.0,0.0,0.0,0.0,0.0
10:46:00,0.0,0.0,0.0,0.0,0.0,0.0,0.0,0.0,0.0,0.0,0.0,0.0,0.0,0.0,0.0,0.0,0.0,0.0,0.0,0.0,0.0,0.0,0.0,0.08775753131248143,0.0,0.0,0.0,0.0,0.0,0.0,0.0,0.0,0.0,0.0,0.0,0.0,0.0,0.0,0.0,0.0
10:47:00,0.0,0.0,0.0,0.0,0.0,0.0,0.0,0.0,0.0,0.0,0.0,0.0,0.0,0.0,0.0,0.0,0.0,0.0,0.0,0.0,0.0,0.0,0.0,0.08582973832362434,0.0,0.0,0.0,0.0,0.0,0.0,0.0,0.0,0.0,0.0,0.0,0.0,0.0,0.0,0.0,0.0
10:48:00,0.0,0.0,0.0,0.0,0.0,0.0,0.0,0.0,0.0,0.0,0.0,0.0,0.0,0.0,0.0,0.0,0.0,0.0,0.0,0.0,0.0,0.0,0.0,0.08392565715990286,0.0,0.0,0.0,0.0,0.0,0.0,0.0,0.0,0.0,0.0,0.0,0.0,0.0,0.0,0.0,0.0
10:49:00,0.0,0.0,0.0,0.0,0.0,0.0,0.0,0.0,0.0,0.0,0.0,0.0,0.0,0.0,0.0,0.0,0.0,0.0,0.0,0.0,0.0,0.0,0.0,0.08204528632786345,0.0,0.0,0.0,0.0,0.0,0.0,0.0,0.0,0.0,0.0,0.0,0.0,0.0,0.0,0.0,0.0
10:50:00,0.0,0.0,0.0,0.0,0.0,0.0,0.0,0.0,0.0,0.0,0.0,0.0,0.0,0.0,0.0,0.0,0.0,0.0,0.0,0.0,0.0,0.0,0.0,0.08018862559195483,0.0,0.0,0.0,0.0,0.0,0.0,0.0,0.0,0.0,0.0,0.0,0.0,0.0,0.0,0.0,0.0
10:51:00,0.0,0.0,0.0,0.0,0.0,0.0,0.0,0.0,0.0,0.0,0.0,0.0,0.0,0.0,0.0,0.0,0.0,0.0,0.0,0.0,0.0,0.0,0.0,0.07835567468396765,0.0,0.0,0.0,0.0,0.0,0.0,0.0,0.0,0.0,0.0,0.0,0.0,0.0,0.0,0.0,0.0
10:52:00,0.0,0.0,0.0,0.0,0.0,0.0,0.0,0.0,0.0,0.0,0.0,0.0,0.0,0.0,0.0,0.0,0.0,0.0,0.0,0.0,0.0,0.0,0.0,0.07654643331255584,0.0,0.0,0.0,0.0,0.0,0.0,0.0,0.0,0.0,0.0,0.0,0.0,0.0,0.0,0.0,0.0
10:53:00,0.0,0.0,0.0,0.0,0.0,0.0,0.0,0.0,0.0,0.0,0.0,0.0,0.0,0.0,0.0,0.0,0.0,0.0,0.0,0.0,0.0,0.0,0.0,0.07476090115538292,0.0,0.0,0.0,0.0,0.0,0.0,0.0,0.0,0.0,0.0,0.0,0.0,0.0,0.0,0.0,0.0
10:54:00,0.0,0.0,0.0,0.0,0.0,0.0,0.0,0.0,0.0,0.0,0.0,0.0,0.0,0.0,0.0,0.0,0.0,0.0,0.0,0.0,0.0,0.0,0.0,0.07299907788447496,0.0,0.0,0.0,0.0,0.0,0.0,0.0,0.0,0.0,0.0,0.0,0.0,0.0,0.0,0.0,0.0
10:55:00,0.0,0.0,0.0,0.0,0.0,0.0,0.0,0.0,0.0,0.0,0.0,0.0,0.0,0.0,0.0,0.0,0.0,0.0,0.0,0.0,0.0,0.0,0.0,0.07126096315741753,0.0,0.0,0.0,0.0,0.0,0.0,0.0,0.0,0.0,0.0,0.0,0.0,0.0,0.0,0.0,0.0
10:56:00,0.0,0.0,0.0,0.0,0.0,0.0,0.0,0.0,0.0,0.0,0.0,0.0,0.0,0.0,0.0,0.0,0.0,0.0,0.0,0.0,0.0,0.0,0.0,0.06954655662480674,0.0,0.0,0.0,0.0,0.0,0.0,0.0,0.0,0.0,0.0,0.0,0.0,0.0,0.0,0.0,0.0
10:57:00,0.0,0.0,0.0,0.0,0.0,0.0,0.0,0.0,0.0,0.0,0.0,0.0,0.0,0.0,0.0,0.0,0.0,0.0,0.0,0.0,0.0,0.0,0.0,0.06785585793758331,0.0,0.0,0.0,0.0,0.0,0.0,0.0,0.0,0.0,0.0,0.0,0.0,0.0,0.0,0.0,0.0
10:58:00,0.0,0.0,0.0,0.0,0.0,0.0,0.0,0.0,0.0,0.0,0.0,0.0,0.0,0.0,0.0,0.0,0.0,0.0,0.0,0.0,0.0,0.0,0.0,0.06618886673759572,0.0,0.0,0.0,0.0,0.0,0.0,0.0,0.0,0.0,0.0,0.0,0.0,0.0,0.0,0.0,0.0
10:59:00,0.0,0.0,0.0,0.0,0.0,0.0,0.0,0.0,0.0,0.0,0.0,0.0,0.0,0.0,0.0,0.0,0.0,0.0,0.0,0.0,0.0,0.0,0.0,0.06454558158596813,0.0,0.0,0.0,0.0,0.0,0.0,0.0,0.0,0.0,0.0,0.0,0.0,0.0,0.0,0.0,0.0
11:00:00,0.0,0.0,0.0,0.0,0.0,0.0,0.0,0.0,0.0,0.0,0.0,0.0,0.0,0.0,0.0,0.0,0.0,0.0,0.0,0.0,0.0,0.0,0.0,0.0,0.0,0.0,0.0,0.0,0.0,0.0,0.0,0.0,0.0,0.0,0.0,0.0,0.0,0.0,0.0,0.0
11:01:00,0.0,0.0,0.0,0.0,0.0,0.0,0.0,0.0,0.0,0.0,0.0,0.0,0.0,0.0,0.0,0.0,0.0,0.0,0.0,0.0,0.0,0.0,0.0,0.0,0.0,0.0,0.0,0.0,0.0,0.0,0.0,0.0,0.0,0.0,0.0,0.0,0.0,0.0,0.0,0.0
11:02:00,0.0,0.0,0.0,0.0,0.0,0.0,0.0,0.0,0.0,0.0,0.0,0.0,0.0,0.0,0.0,0.0,0.0,0.0,0.0,0.0,0.0,0.0,0.0,0.0,0.0,0.0,0.0,0.0,0.0,0.0,0.0,0.0,0.0,0.0,0.0,0.0,0.0,0.0,0.0,0.0
11:03:00,0.0,0.0,0.0,0.0,0.0,0.0,0.0,0.0,0.0,0.0,0.0,0.0,0.0,0.0,0.0,0.0,0.0,0.0,0.0,0.0,0.0,0.0,0.0,0.0,0.0,0.0,0.0,0.0,0.0,0.0,0.0,0.0,0.0,0.0,0.0,0.0,0.0,0.0,0.0,0.0
11:04:00,0.0,0.0,0.0,0.0,0.0,0.0,0.0,0.0,0.0,0.0,0.0,0.0,0.0,0.0,0.0,0.0,0.0,0.0,0.0,0.0,0.0,0.0,0.0,0.0,0.0,0.0,0.0,0.0,0.0,0.0,0.0,0.0,0.0,0.0,0.0,0.0,0.0,0.0,0.0,0.0
11:05:00,0.0,0.0,0.0,0.0,0.0,0.0,0.0,0.0,0.0,0.0,0.0,0.0,0.0,0.0,0.0,0.0,0.0,0.0,0.0,0.0,0.0,0.0,0.0,0.0,0.0,0.0,0.0,0.0,0.0,0.0,0.0,0.0,0.0,0.0,0.0,0.0,0.0,0.0,0.0,0.0
11:06:00,0.0,0.0,0.0,0.0,0.0,0.0,0.0,0.0,0.0,0.0,0.0,0.0,0.0,0.0,0.0,0.0,0.0,0.0,0.0,0.0,0.0,0.0,0.0,0.0,0.0,0.0,0.0,0.0,0.0,0.0,0.0,0.0,0.0,0.0,0.0,0.0,0.0,0.0,0.0,0.0
11:07:00,0.0,0.0,0.0,0.0,0.0,0.0,0.0,0.0,0.0,0.0,0.0,0.0,0.0,0.0,0.0,0.0,0.0,0.0,0.0,0.0,0.0,0.0,0.0,0.0,0.0,0.0,0.0,0.0,0.0,0.0,0.0,0.0,0.0,0.0,0.0,0.0,0.0,0.0,0.0,0.0
11:08:00,0.0,0.0,0.0,0.0,0.0,0.0,0.0,0.0,0.0,0.0,0.0,0.0,0.0,0.0,0.0,0.0,0.0,0.0,0.0,0.0,0.0,0.0,0.0,0.0,0.0,0.0,0.0,0.0,0.0,0.0,0.0,0.0,0.0,0.0,0.0,0.0,0.0,0.0,0.0,0.0
11:09:00,0.0,0.0,0.0,0.0,0.0,0.0,0.0,0.0,0.0,0.0,0.0,0.0,0.0,0.0,0.0,0.0,0.0,0.0,0.0,0.0,0.0,0.0,0.0,0.0,0.0,0.0,0.0,0.0,0.0,0.0,0.0,0.0,0.0,0.0,0.0,0.0,0.0,0.0,0.0,0.0
11:10:00,0.0,0.0,0.0,0.0,0.0,0.0,0.0,0.0,0.0,0.0,0.0,0.0,0.0,0.0,0.0,0.0,0.0,0.0,0.0,0.0,0.0,0.0,0.0,0.0,0.0,0.0,0.0,0.0,0.0,0.0,0.0,0.0,0.0,0.0,0.0,0.0,0.0,0.0,0.0,0.0
11:11:00,0.0,0.0,0.0,0.0,0.0,0.0,0.0,0.0,0.0,0.0,0.0,0.0,0.0,0.0,0.0,0.0,0.0,0.0,0.0,0.0,0.0,0.0,0.0,0.0,0.0,0.0,0.0,0.0,0.0,0.0,0.0,0.0,0.0,0.0,0.0,0.0,0.0,0.0,0.0,0.0
11:12:00,0.0,0.0,0.0,0.0,0.0,0.0,0.0,0.0,0.0,0.0,0.0,0.0,0.0,0.0,0.0,0.0,0.0,0.0,0.0,0.0,0.0,0.0,0.0,0.0,0.0,0.0,0.0,0.0,0.0,0.0,0.0,0.0,0.0,0.0,0.0,0.0,0.0,0.0,0.0,0.0
11:13:00,0.0,0.0,0.0,0.0,0.0,0.0,0.0,0.0,0.0,0.0,0.0,0.0,0.0,0.0,0.0,0.0,0.0,0.0,0.0,0.0,0.0,0.0,0.0,0.0,0.0,0.0,0.0,0.0,0.0,0.0,0.0,0.0,0.0,0.0,0.0,0.0,0.0,0.0,0.0,0.0
11:14:00,0.0,0.0,0.0,0.0,0.0,0.0,0.0,0.0,0.0,0.0,0.0,0.0,0.0,0.0,0.0,0.0,0.0,0.0,0.0,0.0,0.0,0.0,0.0,0.0,0.0,0.0,0.0,0.0,0.0,0.0,0.0,0.0,0.0,0.0,0.0,0.0,0.0,0.0,0.0,0.0
11:15:00,0.0,0.0,0.0,0.0,0.0,0.0,0.0,0.0,0.0,0.0,0.0,0.0,0.0,0.0,0.0,0.0,0.0,0.0,0.0,0.0,0.0,0.0,0.0,0.0,0.0,0.0,0.0,0.0,0.0,0.0,0.0,0.0,0.0,0.0,0.0,0.0,0.0,0.0,0.0,0.0
11:16:00,0.0,0.0,0.0,0.0,0.0,0.0,0.0,0.0,0.0,0.0,0.0,0.0,0.0,0.0,0.0,0.0,0.0,0.0,0.0,0.0,0.0,0.0,0.0,0.0,0.0,0.0,0.0,0.0,0.0,0.0,0.0,0.0,0.0,0.0,0.0,0.0,0.0,0.0,0.0,0.0
11:17:00,0.0,0.0,0.0,0.0,0.0,0.0,0.0,0.0,0.0,0.0,0.0,0.0,0.0,0.0,0.0,0.0,0.0,0.0,0.0,0.0,0.0,0.0,0.0,0.0,0.0,0.0,0.0,0.0,0.0,0.0,0.0,0.0,0.0,0.0,0.0,0.0,0.0,0.0,0.0,0.0
11:18:00,0.0,0.0,0.0,0.0,0.0,0.0,0.0,0.0,0.0,0.0,0.0,0.0,0.0,0.0,0.0,0.0,0.0,0.0,0.0,0.0,0.0,0.0,0.0,0.0,0.0,0.0,0.0,0.0,0.0,0.0,0.0,0.0,0.0,0.0,0.0,0.0,0.0,0.0,0.0,0.0
11:19:00,0.0,0.0,0.0,0.0,0.0,0.0,0.0,0.0,0.0,0.0,0.0,0.0,0.0,0.0,0.0,0.0,0.0,0.0,0.0,0.0,0.0,0.0,0.0,0.0,0.0,0.0,0.0,0.0,0.0,0.0,0.0,0.0,0.0,0.0,0.0,0.0,0.0,0.0,0.0,0.0
11:20:00,0.0,0.0,0.0,0.0,0.0,0.0,0.0,0.0,0.0,0.0,0.0,0.0,0.0,0.0,0.0,0.0,0.0,0.0,0.0,0.0,0.0,0.0,0.0,0.0,0.0,0.0,0.0,0.0,0.0,0.0,0.0,0.0,0.0,0.0,0.0,0.0,0.0,0.0,0.0,0.0
11:21:00,0.0,0.0,0.0,0.0,0.0,0.0,0.0,0.0,0.0,0.0,0.0,0.0,0.0,0.0,0.0,0.0,0.0,0.0,0.0,0.0,0.0,0.0,0.0,0.0,0.0,0.0,0.0,0.0,0.0,0.0,0.0,0.0,0.0,0.0,0.0,0.0,0.0,0.0,0.0,0.0
11:22:00,0.0,0.0,0.0,0.0,0.0,0.0,0.0,0.0,0.0,0.0,0.0,0.0,0.0,0.0,0.0,0.0,0.0,0.0,0.0,0.0,0.0,0.0,0.0,0.0,0.0,0.0,0.0,0.0,0.0,0.0,0.0,0.0,0.0,0.0,0.0,0.0,0.0,0.0,0.0,0.0
11:23:00,0.0,0.0,0.0,0.0,0.0,0.0,0.0,0.0,0.0,0.0,0.0,0.0,0.0,0.0,0.0,0.0,0.0,0.0,0.0,0.0,0.0,0.0,0.0,0.0,0.0,0.0,0.0,0.0,0.0,0.0,0.0,0.0,0.0,0.0,0.0,0.0,0.0,0.0,0.0,0.0
11:24:00,0.0,0.0,0.0,0.0,0.0,0.0,0.0,0.0,0.0,0.0,0.0,0.0,0.0,0.0,0.0,0.0,0.0,0.0,0.0,0.0,0.0,0.0,0.0,0.0,0.0,0.0,0.0,0.0,0.0,0.0,0.0,0.0,0.0,0.0,0.0,0.0,0.0,0.0,0.0,0.0
11:25:00,0.0,0.0,0.0,0.0,0.0,0.0,0.0,0.0,0.0,0.0,0.0,0.0,0.0,0.0,0.0,0.0,0.0,0.0,0.0,0.0,0.0,0.0,0.0,0.0,0.0,0.0,0.0,0.0,0.0,0.0,0.0,0.0,0.0,0.0,0.0,0.0,0.0,0.0,0.0,0.0
11:26:00,0.0,0.0,0.0,0.0,0.0,0.0,0.0,0.0,0.0,0.0,0.0,0.0,0.0,0.0,0.0,0.0,0.0,0.0,0.0,0.0,0.0,0.0,0.0,0.0,0.0,0.0,0.0,0.0,0.0,0.0,0.0,0.0,0.0,0.0,0.0,0.0,0.0,0.0,0.0,0.0
11:27:00,0.0,0.0,0.0,0.0,0.0,0.0,0.0,0.0,0.0,0.0,0.0,0.0,0.0,0.0,0.0,0.0,0.0,0.0,0.0,0.0,0.0,0.0,0.0,0.0,0.0,0.0,0.0,0.0,0.0,0.0,0.0,0.0,0.0,0.0,0.0,0.0,0.0,0.0,0.0,0.0
11:28:00,0.0,0.0,0.0,0.0,0.0,0.0,0.0,0.0,0.0,0.0,0.0,0.0,0.0,0.0,0.0,0.0,0.0,0.0,0.0,0.0,0.0,0.0,0.0,0.0,0.0,0.0,0.0,0.0,0.0,0.0,0.0,0.0,0.0,0.0,0.0,0.0,0.0,0.0,0.0,0.0
11:29:00,0.0,0.0,0.0,0.0,0.0,0.0,0.0,0.0,0.0,0.0,0.0,0.0,0.0,0.0,0.0,0.0,0.0,0.0,0.0,0.0,0.0,0.0,0.0,0.0,0.0,0.0,0.0,0.0,0.0,0.0,0.0,0.0,0.0,0.0,0.0,0.0,0.0,0.0,0.0,0.0
11:30:00,0.0,0.0,0.0,0.0,0.0,0.0,0.0,0.0,0.0,0.0,0.0,0.0,0.0,0.0,0.0,0.0,0.0,0.0,0.0,0.0,0.0,0.0,0.0,0.0,0.0,0.0,0.0,0.0,0.0,0.0,0.0,0.0,0.0,0.0,0.0,0.0,0.0,0.0,0.0,0.0
11:31:00,0.0,0.0,0.0,0.0,0.0,0.0,0.0,0.0,0.0,0.0,0.0,0.0,0.0,0.0,0.0,0.0,0.0,0.0,0.0,0.0,0.0,0.0,0.0,0.0,0.0,0.0,0.0,0.0,0.0,0.0,0.0,0.0,0.0,0.0,0.0,0.0,0.0,0.0,0.0,0.0
11:32:00,0.0,0.0,0.0,0.0,0.0,0.0,0.0,0.0,0.0,0.0,0.0,0.0,0.0,0.0,0.0,0.0,0.0,0.0,0.0,0.0,0.0,0.0,0.0,0.0,0.0,0.0,0.0,0.0,0.0,0.0,0.0,0.0,0.0,0.0,0.0,0.0,0.0,0.0,0.0,0.0
11:33:00,0.0,0.0,0.0,0.0,0.0,0.0,0.0,0.0,0.0,0.0,0.0,0.0,0.0,0.0,0.0,0.0,0.0,0.0,0.0,0.0,0.0,0.0,0.0,0.0,0.0,0.0,0.0,0.0,0.0,0.0,0.0,0.0,0.0,0.0,0.0,0.0,0.0,0.0,0.0,0.0
11:34:00,0.0,0.0,0.0,0.0,0.0,0.0,0.0,0.0,0.0,0.0,0.0,0.0,0.0,0.0,0.0,0.0,0.0,0.0,0.0,0.0,0.0,0.0,0.0,0.0,0.0,0.0,0.0,0.0,0.0,0.0,0.0,0.0,0.0,0.0,0.0,0.0,0.0,0.0,0.0,0.0
11:35:00,0.0,0.0,0.0,0.0,0.0,0.0,0.0,0.0,0.0,0.0,0.0,0.0,0.0,0.0,0.0,0.0,0.0,0.0,0.0,0.0,0.0,0.0,0.0,0.0,0.0,0.0,0.0,0.0,0.0,0.0,0.0,0.0,0.0,0.0,0.0,0.0,0.0,0.0,0.0,0.0
11:36:00,0.0,0.0,0.0,0.0,0.0,0.0,0.0,0.0,0.0,0.0,0.0,0.0,0.0,0.0,0.0,0.0,0.0,0.0,0.0,0.0,0.0,0.0,0.0,0.0,0.0,0.0,0.0,0.0,0.0,0.0,0.0,0.0,0.0,0.0,0.0,0.0,0.0,0.0,0.0,0.0
11:37:00,0.0,0.0,0.0,0.0,0.0,0.0,0.0,0.0,0.0,0.0,0.0,0.0,0.0,0.0,0.0,0.0,0.0,0.0,0.0,0.0,0.0,0.0,0.0,0.0,0.0,0.0,0.0,0.0,0.0,0.0,0.0,0.0,0.0,0.0,0.0,0.0,0.0,0.0,0.0,0.0
11:38:00,0.0,0.0,0.0,0.0,0.0,0.0,0.0,0.0,0.0,0.0,0.0,0.0,0.0,0.0,0.0,0.0,0.0,0.0,0.0,0.0,0.0,0.0,0.0,0.0,0.0,0.0,0.0,0.0,0.0,0.0,0.0,0.0,0.0,0.0,0.0,0.0,0.0,0.0,0.0,0.0
11:39:00,0.0,0.0,0.0,0.0,0.0,0.0,0.0,0.0,0.0,0.0,0.0,0.0,0.0,0.0,0.0,0.0,0.0,0.0,0.0,0.0,0.0,0.0,0.0,0.0,0.0,0.0,0.0,0.0,0.0,0.0,0.0,0.0,0.0,0.0,0.0,0.0,0.0,0.0,0.0,0.0
11:40:00,0.0,0.0,0.0,0.0,0.0,0.0,0.0,0.0,0.0,0.0,0.0,0.0,0.0,0.0,0.0,0.0,0.0,0.0,0.0,0.0,0.0,0.0,0.0,0.0,0.0,0.0,0.0,0.0,0.0,0.0,0.0,0.0,0.0,0.0,0.0,0.0,0.0,0.0,0.0,0.0
11:41:00,0.0,0.0,0.0,0.0,0.0,0.0,0.0,0.0,0.0,0.0,0.0,0.0,0.0,0.0,0.0,0.0,0.0,0.0,0.0,0.0,0.0,0.0,0.0,0.0,0.0,0.0,0.0,0.0,0.0,0.0,0.0,0.0,0.0,0.0,0.0,0.0,0.0,0.0,0.0,0.0
11:42:00,0.0,0.0,0.0,0.0,0.0,0.0,0.0,0.0,0.0,0.0,0.0,0.0,0.0,0.0,0.0,0.0,0.0,0.0,0.0,0.0,0.0,0.0,0.0,0.0,0.0,0.0,0.0,0.0,0.0,0.0,0.0,0.0,0.0,0.0,0.0,0.0,0.0,0.0,0.0,0.0
11:43:00,0.0,0.0,0.0,0.0,0.0,0.0,0.0,0.0,0.0,0.0,0.0,0.0,0.0,0.0,0.0,0.0,0.0,0.0,0.0,0.0,0.0,0.0,0.0,0.0,0.0,0.0,0.0,0.0,0.0,0.0,0.0,0.0,0.0,0.0,0.0,0.0,0.0,0.0,0.0,0.0
11:44:00,0.0,0.0,0.0,0.0,0.0,0.0,0.0,0.0,0.0,0.0,0.0,0.0,0.0,0.0,0.0,0.0,0.0,0.0,0.0,0.0,0.0,0.0,0.0,0.0,0.0,0.0,0.0,0.0,0.0,0.0,0.0,0.0,0.0,0.0,0.0,0.0,0.0,0.0,0.0,0.0
11:45:00,0.0,0.0,0.0,0.0,0.0,0.0,0.0,0.0,0.0,0.0,0.0,0.0,0.0,0.0,0.0,0.0,0.0,0.0,0.0,0.0,0.0,0.0,0.0,0.0,0.0,0.0,0.0,0.0,0.0,0.0,0.0,0.0,0.0,0.0,0.0,0.0,0.0,0.0,0.0,0.0
11:46:00,0.0,0.0,0.0,0.0,0.0,0.0,0.0,0.0,0.0,0.0,0.0,0.0,0.0,0.0,0.0,0.0,0.0,0.0,0.0,0.0,0.0,0.0,0.0,0.0,0.0,0.0,0.0,0.0,0.0,0.0,0.0,0.0,0.0,0.0,0.0,0.0,0.0,0.0,0.0,0.0
11:47:00,0.0,0.0,0.0,0.0,0.0,0.0,0.0,0.0,0.0,0.0,0.0,0.0,0.0,0.0,0.0,0.0,0.0,0.0,0.0,0.0,0.0,0.0,0.0,0.0,0.0,0.0,0.0,0.0,0.0,0.0,0.0,0.0,0.0,0.0,0.0,0.0,0.0,0.0,0.0,0.0
11:48:00,0.0,0.0,0.0,0.0,0.0,0.0,0.0,0.0,0.0,0.0,0.0,0.0,0.0,0.0,0.0,0.0,0.0,0.0,0.0,0.0,0.0,0.0,0.0,0.0,0.0,0.0,0.0,0.0,0.0,0.0,0.0,0.0,0.0,0.0,0.0,0.0,0.0,0.0,0.0,0.0
11:49:00,0.0,0.0,0.0,0.0,0.0,0.0,0.0,0.0,0.0,0.0,0.0,0.0,0.0,0.0,0.0,0.0,0.0,0.0,0.0,0.0,0.0,0.0,0.0,0.0,0.0,0.0,0.0,0.0,0.0,0.0,0.0,0.0,0.0,0.0,0.0,0.0,0.0,0.0,0.0,0.0
11:50:00,0.0,0.0,0.0,0.0,0.0,0.0,0.0,0.0,0.0,0.0,0.0,0.0,0.0,0.0,0.0,0.0,0.0,0.0,0.0,0.0,0.0,0.0,0.0,0.0,0.0,0.0,0.0,0.0,0.0,0.0,0.0,0.0,0.0,0.0,0.0,0.0,0.0,0.0,0.0,0.0
11:51:00,0.0,0.0,0.0,0.0,0.0,0.0,0.0,0.0,0.0,0.0,0.0,0.0,0.0,0.0,0.0,0.0,0.0,0.0,0.0,0.0,0.0,0.0,0.0,0.0,0.0,0.0,0.0,0.0,0.0,0.0,0.0,0.0,0.0,0.0,0.0,0.0,0.0,0.0,0.0,0.0
11:52:00,0.0,0.0,0.0,0.0,0.0,0.0,0.0,0.0,0.0,0.0,0.0,0.0,0.0,0.0,0.0,0.0,0.0,0.0,0.0,0.0,0.0,0.0,0.0,0.0,0.0,0.0,0.0,0.0,0.0,0.0,0.0,0.0,0.0,0.0,0.0,0.0,0.0,0.0,0.0,0.0
11:53:00,0.0,0.0,0.0,0.0,0.0,0.0,0.0,0.0,0.0,0.0,0.0,0.0,0.0,0.0,0.0,0.0,0.0,0.0,0.0,0.0,0.0,0.0,0.0,0.0,0.0,0.0,0.0,0.0,0.0,0.0,0.0,0.0,0.0,0.0,0.0,0.0,0.0,0.0,0.0,0.0
11:54:00,0.0,0.0,0.0,0.0,0.0,0.0,0.0,0.0,0.0,0.0,0.0,0.0,0.0,0.0,0.0,0.0,0.0,0.0,0.0,0.0,0.0,0.0,0.0,0.0,0.0,0.0,0.0,0.0,0.0,0.0,0.0,0.0,0.0,0.0,0.0,0.0,0.0,0.0,0.0,0.0
11:55:00,0.0,0.0,0.0,0.0,0.0,0.0,0.0,0.0,0.0,0.0,0.0,0.0,0.0,0.0,0.0,0.0,0.0,0.0,0.0,0.0,0.0,0.0,0.0,0.0,0.0,0.0,0.0,0.0,0.0,0.0,0.0,0.0,0.0,0.0,0.0,0.0,0.0,0.0,0.0,0.0
11:56:00,0.0,0.0,0.0,0.0,0.0,0.0,0.0,0.0,0.0,0.0,0.0,0.0,0.0,0.0,0.0,0.0,0.0,0.0,0.0,0.0,0.0,0.0,0.0,0.0,0.0,0.0,0.0,0.0,0.0,0.0,0.0,0.0,0.0,0.0,0.0,0.0,0.0,0.0,0.0,0.0
11:57:00,0.0,0.0,0.0,0.0,0.0,0.0,0.0,0.0,0.0,0.0,0.0,0.0,0.0,0.0,0.0,0.0,0.0,0.0,0.0,0.0,0.0,0.0,0.0,0.0,0.0,0.0,0.0,0.0,0.0,0.0,0.0,0.0,0.0,0.0,0.0,0.0,0.0,0.0,0.0,0.0
11:58:00,0.0,0.0,0.0,0.0,0.0,0.0,0.0,0.0,0.0,0.0,0.0,0.0,0.0,0.0,0.0,0.0,0.0,0.0,0.0,0.0,0.0,0.0,0.0,0.0,0.0,0.0,0.0,0.0,0.0,0.0,0.0,0.0,0.0,0.0,0.0,0.0,0.0,0.0,0.0,0.0
11:59:00,0.0,0.0,0.0,0.0,0.0,0.0,0.0,0.0,0.0,0.0,0.0,0.0,0.0,0.0,0.0,0.0,0.0,0.0,0.0,0.0,0.0,0.0,0.0,0.0,0.0,0.0,0.0,0.0,0.0,0.0,0.0,0.0,0.0,0.0,0.0,0.0,0.0,0.0,0.0,0.0
12:00:00,0.0,0.0,0.0,0.0,0.0,0.0,0.0,0.0,0.0,0.0,0.0,0.0,0.0,0.0,0.0,0.0,0.0,0.0,0.0,0.0,0.0,0.0,0.0,0.0,0.0,0.0,0.0,0.0,0.0,0.0,0.0,0.0,0.0,0.0,0.0,0.0,0.0,0.0,0.0,0.0
12:01:00,0.0,0.0,0.0,0.0,0.0,0.0,0.0,0.0,0.0,0.0,0.0,0.0,0.0,0.0,0.0,0.0,0.0,0.0,0.0,0.0,0.0,0.0,0.0,0.0,0.0,0.0,0.0,0.0,0.0,0.0,0.0,0.0,0.0,0.0,0.0,0.0,0.0,0.0,0.0,0.0
12:02:00,0.0,0.0,0.0,0.0,0.0,0.0,0.0,0.0,0.0,0.0,0.0,0.0,0.0,0.0,0.0,0.0,0.0,0.0,0.0,0.0,0.0,0.0,0.0,0.0,0.0,0.0,0.0,0.0,0.0,0.0,0.0,0.0,0.0,0.0,0.0,0.0,0.0,0.0,0.0,0.0
12:03:00,0.0,0.0,0.0,0.0,0.0,0.0,0.0,0.0,0.0,0.0,0.0,0.0,0.0,0.0,0.0,0.0,0.0,0.0,0.0,0.0,0.0,0.0,0.0,0.0,0.0,0.0,0.0,0.0,0.0,0.0,0.0,0.0,0.0,0.0,0.0,0.0,0.0,0.0,0.0,0.0
12:04:00,0.0,0.0,0.0,0.0,0.0,0.0,0.0,0.0,0.0,0.0,0.0,0.0,0.0,0.0,0.0,0.0,0.0,0.0,0.0,0.0,0.0,0.0,0.0,0.0,0.0,0.0,0.0,0.0,0.0,0.0,0.0,0.0,0.0,0.0,0.0,0.0,0.0,0.0,0.0,0.0
12:05:00,0.0,0.0,0.0,0.0,0.0,0.0,0.0,0.0,0.0,0.0,0.0,0.0,0.0,0.0,0.0,0.0,0.0,0.0,0.0,0.0,0.0,0.0,0.0,0.0,0.0,0.0,0.0,0.0,0.0,0.0,0.0,0.0,0.0,0.0,0.0,0.0,0.0,0.0,0.0,0.0
12:06:00,0.0,0.0,0.0,0.0,0.0,0.0,0.0,0.0,0.0,0.0,0.0,0.0,0.0,0.0,0.0,0.0,0.0,0.0,0.0,0.0,0.0,0.0,0.0,0.0,0.0,0.0,0.0,0.0,0.0,0.0,0.0,0.0,0.0,0.0,0.0,0.0,0.0,0.0,0.0,0.0
12:07:00,0.0,0.0,0.0,0.0,0.0,0.0,0.0,0.0,0.0,0.0,0.0,0.0,0.0,0.0,0.0,0.0,0.0,0.0,0.0,0.0,0.0,0.0,0.0,0.0,0.0,0.0,0.0,0.0,0.0,0.0,0.0,0.0,0.0,0.0,0.0,0.0,0.0,0.0,0.0,0.0
12:08:00,0.0,0.0,0.0,0.0,0.0,0.0,0.0,0.0,0.0,0.0,0.0,0.0,0.0,0.0,0.0,0.0,0.0,0.0,0.0,0.0,0.0,0.0,0.0,0.0,0.0,0.0,0.0,0.0,0.0,0.0,0.0,0.0,0.0,0.0,0.0,0.0,0.0,0.0,0.0,0.0
12:09:00,0.0,0.0,0.0,0.0,0.0,0.0,0.0,0.0,0.0,0.0,0.0,0.0,0.0,0.0,0.0,0.0,0.0,0.0,0.0,0.0,0.0,0.0,0.0,0.0,0.0,0.0,0.0,0.0,0.0,0.0,0.0,0.0,0.0,0.0,0.0,0.0,0.0,0.0,0.0,0.0
12:10:00,0.0,0.0,0.0,0.0,0.0,0.0,0.0,0.0,0.0,0.0,0.0,0.0,0.0,0.0,0.0,0.0,0.0,0.0,0.0,0.0,0.0,0.0,0.0,0.0,0.0,0.0,0.0,0.0,0.0,0.0,0.0,0.0,0.0,0.0,0.0,0.0,0.0,0.0,0.0,0.0
12:11:00,0.0,0.0,0.0,0.0,0.0,0.0,0.0,0.0,0.0,0.0,0.0,0.0,0.0,0.0,0.0,0.0,0.0,0.0,0.0,0.0,0.0,0.0,0.0,0.0,0.0,0.0,0.0,0.0,0.0,0.0,0.0,0.0,0.0,0.0,0.0,0.0,0.0,0.0,0.0,0.0
12:12:00,0.0,0.0,0.0,0.0,0.0,0.0,0.0,0.0,0.0,0.0,0.0,0.0,0.0,0.0,0.0,0.0,0.0,0.0,0.0,0.0,0.0,0.0,0.0,0.0,0.0,0.0,0.0,0.0,0.0,0.0,0.0,0.0,0.0,0.0,0.0,0.0,0.0,0.0,0.0,0.0
12:13:00,0.0,0.0,0.0,0.0,0.0,0.0,0.0,0.0,0.0,0.0,0.0,0.0,0.0,0.0,0.0,0.0,0.0,0.0,0.0,0.0,0.0,0.0,0.0,0.0,0.0,0.0,0.0,0.0,0.0,0.0,0.0,0.0,0.0,0.0,0.0,0.0,0.0,0.0,0.0,0.0
12:14:00,0.0,0.0,0.0,0.0,0.0,0.0,0.0,0.0,0.0,0.0,0.0,0.0,0.0,0.0,0.0,0.0,0.0,0.0,0.0,0.0,0.0,0.0,0.0,0.0,0.0,0.0,0.0,0.0,0.0,0.0,0.0,0.0,0.0,0.0,0.0,0.0,0.0,0.0,0.0,0.0
12:15:00,0.0,0.0,0.0,0.0,0.0,0.0,0.0,0.0,0.0,0.0,0.0,0.0,0.0,0.0,0.0,0.0,0.0,0.0,0.0,0.0,0.0,0.0,0.0,0.0,0.0,0.0,0.0,0.0,0.0,0.0,0.0,0.0,0.0,0.0,0.0,0.0,0.0,0.0,0.0,0.0
12:16:00,0.0,0.0,0.0,0.0,0.0,0.0,0.0,0.0,0.0,0.0,0.0,0.0,0.0,0.0,0.0,0.0,0.0,0.0,0.0,0.0,0.0,0.0,0.0,0.0,0.0,0.0,0.0,0.0,0.0,0.0,0.0,0.0,0.0,0.0,0.0,0.0,0.0,0.0,0.0,0.0
12:17:00,0.0,0.0,0.0,0.0,0.0,0.0,0.0,0.0,0.0,0.0,0.0,0.0,0.0,0.0,0.0,0.0,0.0,0.0,0.0,0.0,0.0,0.0,0.0,0.0,0.0,0.0,0.0,0.0,0.0,0.0,0.0,0.0,0.0,0.0,0.0,0.0,0.0,0.0,0.0,0.0
12:18:00,0.0,0.0,0.0,0.0,0.0,0.0,0.0,0.0,0.0,0.0,0.0,0.0,0.0,0.0,0.0,0.0,0.0,0.0,0.0,0.0,0.0,0.0,0.0,0.0,0.0,0.0,0.0,0.0,0.0,0.0,0.0,0.0,0.0,0.0,0.0,0.0,0.0,0.0,0.0,0.0
12:19:00,0.0,0.0,0.0,0.0,0.0,0.0,0.0,0.0,0.0,0.0,0.0,0.0,0.0,0.0,0.0,0.0,0.0,0.0,0.0,0.0,0.0,0.0,0.0,0.0,0.0,0.0,0.0,0.0,0.0,0.0,0.0,0.0,0.0,0.0,0.0,0.0,0.0,0.0,0.0,0.0
12:20:00,0.0,0.0,0.0,0.0,0.0,0.0,0.0,0.0,0.0,0.0,0.0,0.0,0.0,0.0,0.0,0.0,0.0,0.0,0.0,0.0,0.0,0.0,0.0,0.0,0.0,0.0,0.0,0.0,0.0,0.0,0.0,0.0,0.0,0.0,0.0,0.0,0.0,0.0,0.0,0.0
12:21:00,0.0,0.0,0.0,0.0,0.0,0.0,0.0,0.0,0.0,0.0,0.0,0.0,0.0,0.0,0.0,0.0,0.0,0.0,0.0,0.0,0.0,0.0,0.0,0.0,0.0,0.0,0.0,0.0,0.0,0.0,0.0,0.0,0.0,0.0,0.0,0.0,0.0,0.0,0.0,0.0
12:22:00,0.0,0.0,0.0,0.0,0.0,0.0,0.0,0.0,0.0,0.0,0.0,0.0,0.0,0.0,0.0,0.0,0.0,0.0,0.0,0.0,0.0,0.0,0.0,0.0,0.0,0.0,0.0,0.0,0.0,0.0,0.0,0.0,0.0,0.0,0.0,0.0,0.0,0.0,0.0,0.0
12:23:00,0.0,0.0,0.0,0.0,0.0,0.0,0.0,0.0,0.0,0.0,0.0,0.0,0.0,0.0,0.0,0.0,0.0,0.0,0.0,0.0,0.0,0.0,0.0,0.0,0.0,0.0,0.0,0.0,0.0,0.0,0.0,0.0,0.0,0.0,0.0,0.0,0.0,0.0,0.0,0.0
12:24:00,0.0,0.0,0.0,0.0,0.0,0.0,0.0,0.0,0.0,0.0,0.0,0.0,0.0,0.0,0.0,0.0,0.0,0.0,0.0,0.0,0.0,0.0,0.0,0.0,0.0,0.0,0.0,0.0,0.0,0.0,0.0,0.0,0.0,0.0,0.0,0.0,0.0,0.0,0.0,0.0
12:25:00,0.0,0.0,0.0,0.0,0.0,0.0,0.0,0.0,0.0,0.0,0.0,0.0,0.0,0.0,0.0,0.0,0.0,0.0,0.0,0.0,0.0,0.0,0.0,0.0,0.0,0.0,0.0,0.0,0.0,0.0,0.0,0.0,0.0,0.0,0.0,0.0,0.0,0.0,0.0,0.0
12:26:00,0.0,0.0,0.0,0.0,0.0,0.0,0.0,0.0,0.0,0.0,0.0,0.0,0.0,0.0,0.0,0.0,0.0,0.0,0.0,0.0,0.0,0.0,0.0,0.0,0.0,0.0,0.0,0.0,0.0,0.0,0.0,0.0,0.0,0.0,0.0,0.0,0.0,0.0,0.0,0.0
12:27:00,0.0,0.0,0.0,0.0,0.0,0.0,0.0,0.0,0.0,0.0,0.0,0.0,0.0,0.0,0.0,0.0,0.0,0.0,0.0,0.0,0.0,0.0,0.0,0.0,0.0,0.0,0.0,0.0,0.0,0.0,0.0,0.0,0.0,0.0,0.0,0.0,0.0,0.0,0.0,0.0
12:28:00,0.0,0.0,0.0,0.0,0.0,0.0,0.0,0.0,0.0,0.0,0.0,0.0,0.0,0.0,0.0,0.0,0.0,0.0,0.0,0.0,0.0,0.0,0.0,0.0,0.0,0.0,0.0,0.0,0.0,0.0,0.0,0.0,0.0,0.0,0.0,0.0,0.0,0.0,0.0,0.0
12:29:00,0.0,0.0,0.0,0.0,0.0,0.0,0.0,0.0,0.0,0.0,0.0,0.0,0.0,0.0,0.0,0.0,0.0,0.0,0.0,0.0,0.0,0.0,0.0,0.0,0.0,0.0,0.0,0.0,0.0,0.0,0.0,0.0,0.0,0.0,0.0,0.0,0.0,0.0,0.0,0.0
12:30:00,0.0,0.0,0.0,0.0,0.0,0.0,0.0,0.0,0.0,0.0,0.0,0.0,0.0,0.0,0.0,0.0,0.0,0.0,0.0,0.0,0.0,0.0,0.0,0.0,0.0,0.0,0.0,0.0,0.0,0.0,0.0,0.0,0.0,0.0,0.0,0.0,0.0,0.0,0.0,0.0
12:31:00,0.0,0.0,0.0,0.0,0.0,0.0,0.0,0.0,0.0,0.0,0.0,0.0,0.0,0.0,0.0,0.0,0.0,0.0,0.0,0.0,0.0,0.0,0.0,0.0,0.0,0.0,0.0,0.0,0.0,0.0,0.0,0.0,0.0,0.0,0.0,0.0,0.0,0.0,0.0,0.0
12:32:00,0.0,0.0,0.0,0.0,0.0,0.0,0.0,0.0,0.0,0.0,0.0,0.0,0.0,0.0,0.0,0.0,0.0,0.0,0.0,0.0,0.0,0.0,0.0,0.0,0.0,0.0,0.0,0.0,0.0,0.0,0.0,0.0,0.0,0.0,0.0,0.0,0.0,0.0,0.0,0.0
12:33:00,0.0,0.0,0.0,0.0,0.0,0.0,0.0,0.0,0.0,0.0,0.0,0.0,0.0,0.0,0.0,0.0,0.0,0.0,0.0,0.0,0.0,0.0,0.0,0.0,0.0,0.0,0.0,0.0,0.0,0.0,0.0,0.0,0.0,0.0,0.0,0.0,0.0,0.0,0.0,0.0
12:34:00,0.0,0.0,0.0,0.0,0.0,0.0,0.0,0.0,0.0,0.0,0.0,0.0,0.0,0.0,0.0,0.0,0.0,0.0,0.0,0.0,0.0,0.0,0.0,0.0,0.0,0.0,0.0,0.0,0.0,0.0,0.0,0.0,0.0,0.0,0.0,0.0,0.0,0.0,0.0,0.0
12:35:00,0.0,0.0,0.0,0.0,0.0,0.0,0.0,0.0,0.0,0.0,0.0,0.0,0.0,0.0,0.0,0.0,0.0,0.0,0.0,0.0,0.0,0.0,0.0,0.0,0.0,0.0,0.0,0.0,0.0,0.0,0.0,0.0,0.0,0.0,0.0,0.0,0.0,0.0,0.0,0.0
12:36:00,0.0,0.0,0.0,0.0,0.0,0.0,0.0,0.0,0.0,0.0,0.0,0.0,0.0,0.0,0.0,0.0,0.0,0.0,0.0,0.0,0.0,0.0,0.0,0.0,0.0,0.0,0.0,0.0,0.0,0.0,0.0,0.0,0.0,0.0,0.0,0.0,0.0,0.0,0.0,0.0
12:37:00,0.0,0.0,0.0,0.0,0.0,0.0,0.0,0.0,0.0,0.0,0.0,0.0,0.0,0.0,0.0,0.0,0.0,0.0,0.0,0.0,0.0,0.0,0.0,0.0,0.0,0.0,0.0,0.0,0.0,0.0,0.0,0.0,0.0,0.0,0.0,0.0,0.0,0.0,0.0,0.0
12:38:00,0.0,0.0,0.0,0.0,0.0,0.0,0.0,0.0,0.0,0.0,0.0,0.0,0.0,0.0,0.0,0.0,0.0,0.0,0.0,0.0,0.0,0.0,0.0,0.0,0.0,0.0,0.0,0.0,0.0,0.0,0.0,0.0,0.0,0.0,0.0,0.0,0.0,0.0,0.0,0.0
12:39:00,0.0,0.0,0.0,0.0,0.0,0.0,0.0,0.0,0.0,0.0,0.0,0.0,0.0,0.0,0.0,0.0,0.0,0.0,0.0,0.0,0.0,0.0,0.0,0.0,0.0,0.0,0.0,0.0,0.0,0.0,0.0,0.0,0.0,0.0,0.0,0.0,0.0,0.0,0.0,0.0
12:40:00,0.0,0.0,0.0,0.0,0.0,0.0,0.0,0.0,0.0,0.0,0.0,0.0,0.0,0.0,0.0,0.0,0.0,0.0,0.0,0.0,0.0,0.0,0.0,0.0,0.0,0.0,0.0,0.0,0.0,0.0,0.0,0.0,0.0,0.0,0.0,0.0,0.0,0.0,0.0,0.0
12:41:00,0.0,0.0,0.0,0.0,0.0,0.0,0.0,0.0,0.0,0.0,0.0,0.0,0.0,0.0,0.0,0.0,0.0,0.0,0.0,0.0,0.0,0.0,0.0,0.0,0.0,0.0,0.0,0.0,0.0,0.0,0.0,0.0,0.0,0.0,0.0,0.0,0.0,0.0,0.0,0.0
12:42:00,0.0,0.0,0.0,0.0,0.0,0.0,0.0,0.0,0.0,0.0,0.0,0.0,0.0,0.0,0.0,0.0,0.0,0.0,0.0,0.0,0.0,0.0,0.0,0.0,0.0,0.0,0.0,0.0,0.0,0.0,0.0,0.0,0.0,0.0,0.0,0.0,0.0,0.0,0.0,0.0
12:43:00,0.0,0.0,0.0,0.0,0.0,0.0,0.0,0.0,0.0,0.0,0.0,0.0,0.0,0.0,0.0,0.0,0.0,0.0,0.0,0.0,0.0,0.0,0.0,0.0,0.0,0.0,0.0,0.0,0.0,0.0,0.0,0.0,0.0,0.0,0.0,0.0,0.0,0.0,0.0,0.0
12:44:00,0.0,0.0,0.0,0.0,0.0,0.0,0.0,0.0,0.0,0.0,0.0,0.0,0.0,0.0,0.0,0.0,0.0,0.0,0.0,0.0,0.0,0.0,0.0,0.0,0.0,0.0,0.0,0.0,0.0,0.0,0.0,0.0,0.0,0.0,0.0,0.0,0.0,0.0,0.0,0.0
12:45:00,0.0,0.0,0.0,0.0,0.0,0.0,0.0,0.0,0.0,0.0,0.0,0.0,0.0,0.0,0.0,0.0,0.0,0.0,0.0,0.0,0.0,0.0,0.0,0.0,0.0,0.0,0.0,0.0,0.0,0.0,0.0,0.0,0.0,0.0,0.0,0.0,0.0,0.0,0.0,0.0
12:46:00,0.0,0.0,0.0,0.0,0.0,0.0,0.0,0.0,0.0,0.0,0.0,0.0,0.0,0.0,0.0,0.0,0.0,0.0,0.0,0.0,0.0,0.0,0.0,0.0,0.0,0.0,0.0,0.0,0.0,0.0,0.0,0.0,0.0,0.0,0.0,0.0,0.0,0.0,0.0,0.0
12:47:00,0.0,0.0,0.0,0.0,0.0,0.0,0.0,0.0,0.0,0.0,0.0,0.0,0.0,0.0,0.0,0.0,0.0,0.0,0.0,0.0,0.0,0.0,0.0,0.0,0.0,0.0,0.0,0.0,0.0,0.0,0.0,0.0,0.0,0.0,0.0,0.0,0.0,0.0,0.0,0.0
12:48:00,0.0,0.0,0.0,0.0,0.0,0.0,0.0,0.0,0.0,0.0,0.0,0.0,0.0,0.0,0.0,0.0,0.0,0.0,0.0,0.0,0.0,0.0,0.0,0.0,0.0,0.0,0.0,0.0,0.0,0.0,0.0,0.0,0.0,0.0,0.0,0.0,0.0,0.0,0.0,0.0
12:49:00,0.0,0.0,0.0,0.0,0.0,0.0,0.0,0.0,0.0,0.0,0.0,0.0,0.0,0.0,0.0,0.0,0.0,0.0,0.0,0.0,0.0,0.0,0.0,0.0,0.0,0.0,0.0,0.0,0.0,0.0,0.0,0.0,0.0,0.0,0.0,0.0,0.0,0.0,0.0,0.0
12:50:00,0.0,0.0,0.0,0.0,0.0,0.0,0.0,0.0,0.0,0.0,0.0,0.0,0.0,0.0,0.0,0.0,0.0,0.0,0.0,0.0,0.0,0.0,0.0,0.0,0.0,0.0,0.0,0.0,0.0,0.0,0.0,0.0,0.0,0.0,0.0,0.0,0.0,0.0,0.0,0.0
12:51:00,0.0,0.0,0.0,0.0,0.0,0.0,0.0,0.0,0.0,0.0,0.0,0.0,0.0,0.0,0.0,0.0,0.0,0.0,0.0,0.0,0.0,0.0,0.0,0.0,0.0,0.0,0.0,0.0,0.0,0.0,0.0,0.0,0.0,0.0,0.0,0.0,0.0,0.0,0.0,0.0
12:52:00,0.0,0.0,0.0,0.0,0.0,0.0,0.0,0.0,0.0,0.0,0.0,0.0,0.0,0.0,0.0,0.0,0.0,0.0,0.0,0.0,0.0,0.0,0.0,0.0,0.0,0.0,0.0,0.0,0.0,0.0,0.0,0.0,0.0,0.0,0.0,0.0,0.0,0.0,0.0,0.0
12:53:00,0.0,0.0,0.0,0.0,0.0,0.0,0.0,0.0,0.0,0.0,0.0,0.0,0.0,0.0,0.0,0.0,0.0,0.0,0.0,0.0,0.0,0.0,0.0,0.0,0.0,0.0,0.0,0.0,0.0,0.0,0.0,0.0,0.0,0.0,0.0,0.0,0.0,0.0,0.0,0.0
12:54:00,0.0,0.0,0.0,0.0,0.0,0.0,0.0,0.0,0.0,0.0,0.0,0.0,0.0,0.0,0.0,0.0,0.0,0.0,0.0,0.0,0.0,0.0,0.0,0.0,0.0,0.0,0.0,0.0,0.0,0.0,0.0,0.0,0.0,0.0,0.0,0.0,0.0,0.0,0.0,0.0
12:55:00,0.0,0.0,0.0,0.0,0.0,0.0,0.0,0.0,0.0,0.0,0.0,0.0,0.0,0.0,0.0,-0.637765953965457,0.0,0.0,0.0,0.0,0.0,0.0,0.0,0.0,0.0,0.0,0.0,0.0,0.0,0.0,0.0,0.0,0.0,0.0,0.0,0.0,0.0,0.0,0.0,0.0
12:56:00,0.0,0.0,0.0,0.0,0.0,0.0,0.0,0.0,0.0,0.0,0.0,0.0,0.0,0.0,0.0,-1.6689640975660065,0.0,0.0,0.0,0.0,0.0,0.0,0.0,0.0,0.0,0.0,0.0,0.0,0.0,0.0,0.0,0.0,0.0,0.0,0.0,0.0,0.0,0.0,0.0,0.0
12:57:00,0.0,0.0,0.0,0.0,0.0,0.0,0.0,0.0,0.0,0.0,0.0,0.0,0.0,0.0,0.0,-1.6650757267104321,0.0,0.0,0.0,0.0,0.0,0.0,0.0,0.0,0.0,0.0,0.0,0.0,0.0,0.0,0.0,0.0,0.0,0.0,0.0,0.0,0.0,0.0,0.0,0.0
12:58:00,0.0,0.0,0.0,0.0,0.0,0.0,0.0,0.0,0.0,0.0,0.0,0.0,0.0,0.0,0.0,-1.6611067167127789,0.0,0.0,0.0,0.0,0.0,0.0,0.0,0.0,0.0,0.0,0.0,0.0,0.0,0.0,0.0,0.0,0.0,0.0,0.0,0.0,0.0,0.0,0.0,0.0
12:59:00,0.0,0.0,0.0,0.0,0.0,0.0,0.0,0.0,0.0,0.0,0.0,0.0,0.0,0.0,0.0,-1.657057018750886,0.0,0.0,0.0,0.0,0.0,0.0,0.0,0.0,0.0,0.0,0.0,0.0,0.0,0.0,0.0,0.0,0.0,0.0,0.0,0.0,0.0,0.0,0.0,0.0
13:00:00,0.0,0.0,0.0,-1.777779392524942,0.0,0.0,0.0,0.0,0.0,0.0,0.0,0.0,0.0,0.0,0.0,-2.5507961388850795,0.0,0.0,0.0,0.0,0.0,0.0,0.0,0.0,0.0,0.0,0.0,0.0,0.0,0.0,0.0,0.0,0.0,0.0,0.0,0.0,0.0,0.0,0.0,0.0
13:01:00,0.0,0.0,0.0,-2.5609362925610206,0.0,0.0,0.0,0.0,0.0,0.0,0.0,0.0,0.0,0.0,0.0,-2.5449362925610206,0.0,0.0,0.0,0.0,0.0,0.0,0.0,0.0,0.0,0.0,0.0,0.0,0.0,0.0,0.0,0.0,0.0,0.0,0.0,0.0,0.0,0.0,0.0,0.0
13:02:00,0.0,0.0,0.0,-2.5549631177472816,0.0,0.0,0.0,0.0,0.0,0.0,0.0,0.0,0.0,-0.35912515924275956,0.0,-2.5389631177472816,0.0,0.0,0.0,0.0,0.0,0.0,0.0,0.0,0.0,0.0,0.0,0.0,0.0,0.0,0.0,0.0,0.0,0.0,0.0,0.0,0.0,0.0,0.0,0.0
13:03:00,0.0,0.0,0.0,-2.5488764996972333,0.0,-1.709633457939816,0.0,0.0,0.0,0.0,0.0,0.0,0.0,-2.490876499697233,0.0,-2.5328764996972333,0.0,0.0,0.0,0.0,0.0,0.0,0.0,0.0,0.0,0.0,0.0,0.0,0.0,0.0,0.0,0.0,0.0,0.0,0.0,0.0,0.0,0.0,0.0,0.0
13:04:00,0.0,0.0,0.0,-2.5426763089955826,0.0,-2.5386763089955826,0.0,0.0,0.0,0.0,0.0,0.0,0.0,-2.4846763089955823,0.0,-2.5266763089955826,0.0,0.0,0.0,0.0,0.0,0.0,0.0,0.0,-2.4387427806371704,0.0,0.0,0.0,0.0,0.0,0.0,0.0,0.0,0.0,0.0,0.0,-1.343858375430512,0.0,0.0,0.0
13:05:00,0.0,0.0,0.0,-2.5363624175559263,0.0,-2.5323624175559263,0.0,0.0,0.0,0.0,0.0,0.0,0.0,-2.478362417555926,0.0,-2.5203624175559263,0.0,0.0,0.0,0.0,0.0,0.0,0.0,0.0,-2.456362417555926,0.0,0.0,0.0,0.0,0.0,0.0,0.0,0.0,0.0,-0.4281600988382297,0.0,-2.378362417555926,0.0,0.0,0.0
13:06:00,0.0,0.0,0.0,-2.529934694593531,0.0,-2.525934694593531,0.0,0.0,0.0,0.0,0.0,0.0,-0.8222801515160298,-2.4719346945935308,0.0,-2.513934694593531,0.0,0.0,0.0,-1.5358538507097035,0.0,0.0,0.0,0.0,-2.449934694593531,0.0,0.0,0.0,0.0,0.0,0.0,0.0,0.0,0.0,-2.573934694593531,0.0,-2.3719346945935307,0.0,0.0,0.0
13:07:00,0.0,0.0,0.0,-2.5233930066176224,0.0,-2.5193930066176224,0.0,0.0,0.0,0.0,-0.656517831615532,0.0,-2.505393006617622,-2.465393006617622,0.0,-2.5073930066176224,0.0,0.0,0.0,-2.4553930066176224,0.0,0.0,0.0,0.0,-2.4433930066176224,0.0,0.0,0.0,0.0,0.0,0.0,0.0,0.0,0.0,-2.5673930066176225,0.0,-2.365393006617622,0.0,0.0,0.0
13:08:00,-0.11289426320648577,0.0,0.0,-2.516737217429615,0.0,-2.512737217429615,0.0,0.0,0.0,0.0,-2.356737217429615,0.0,-2.498737217429615,-2.458737217429615,0.0,-2.500737217429615,0.0,0.0,0.0,-2.448737217429615,0.0,0.0,0.0,0.0,-2.436737217429615,0.0,-1.7209908660285875,0.0,0.0,0.0,0.0,0.0,0.0,0.0,-2.5607372174296152,0.0,-2.3587372174296153,0.0,0.0,0.0
13:09:00,-2.3639671880534916,0.0,0.0,-2.509967188053492,0.0,-2.505967188053492,0.0,0.0,0.0,0.0,-2.349967188053492,0.0,-2.4919671880534917,-2.4519671880534917,0.0,-2.493967188053492,0.0,0.0,0.0,-2.441967188053492,0.0,0.0,0.0,0.0,-2.429967188053492,0.0,-2.3959671880534916,0.0,0.0,0.0,0.0,0.0,0.0,0.0,-2.553967188053492,0.0,-2.351967188053492,0.0,0.0,0.0
13:10:00,-2.357082776800251,0.0,0.0,-2.5030827768002513,0.0,-2.4990827768002513,0.0,0.0,0.0,0.0,-2.343082776800251,0.0,-2.485082776800251,-2.445082776800251,0.0,-2.4870827768002512,0.0,0.0,0.0,-2.435082776800251,0.0,0.0,0.0,0.0,-2.423082776800251,0.0,-2.389082776800251,0.0,0.0,0.0,0.0,0.0,0.0,0.0,-2.5470827768002513,0.0,-2.3450827768002513,0.0,0.0,0.0
13:11:00,-2.350083839196341,0.0,0.0,-2.4960838391963414,0.0,-2.4920838391963414,0.0,0.0,0.0,0.0,-2.336083839196341,0.0,-2.478083839196341,-2.438083839196341,0.0,-2.4800838391963413,0.0,0.0,0.0,-2.4280838391963413,0.0,0.0,0.0,0.0,-2.4160838391963413,0.0,-2.382083839196341,0.0,0.0,0.0,0.0,0.0,0.0,0.0,-2.5400838391963414,0.0,-2.338083839196341,0.0,0.0,0.0
13:12:00,-2.342970227986366,0.0,0.0,-2.4889702279863664,0.0,-2.4849702279863664,0.0,0.0,0.0,0.0,-2.328970227986366,0.0,-2.470970227986366,-2.430970227986366,0.0,-2.4729702279863663,0.0,0.0,0.0,-2.4209702279863663,0.0,0.0,0.0,0.0,-2.4089702279863663,0.0,-2.374970227986366,0.0,0.0,0.0,0.0,0.0,0.0,0.0,-2.5329702279863664,0.0,-2.3309702279863664,0.0,0.0,0.0
13:13:00,-2.3357417931287277,0.0,0.0,-2.481741793128728,0.0,-2.477741793128728,0.0,0.0,0.0,0.0,-2.321741793128728,0.0,-2.4637417931287278,-2.4237417931287277,0.0,-2.465741793128728,0.0,0.0,0.0,-2.413741793128728,0.0,0.0,0.0,0.0,-2.401741793128728,0.0,-2.3677417931287277,0.0,0.0,0.0,0.0,0.0,0.0,0.0,-2.525741793128728,0.0,-2.323741793128728,0.0,0.0,0.0
13:14:00,-2.328398376765483,0.0,0.0,-2.474398376765483,0.0,-2.470398376765483,0.0,-1.9282177512531933,0.0,0.0,-2.314398376765483,0.0,-2.456398376765483,-2.416398376765483,0.0,-2.458398376765483,0.0,0.0,0.0,-2.406398376765483,0.0,0.0,0.0,0.0,-2.394398376765483,0.0,-2.360398376765483,0.0,0.0,0.0,0.0,0.0,-1.6112350679591816,0.0,-2.518398376765483,0.0,-2.316398376765483,0.0,0.0,0.0
13:15:00,-2.320939833063778,0.0,0.0,-2.4669398330637784,0.0,-2.4629398330637784,-0.9043541518282956,-2.288939833063778,0.0,0.0,-2.3069398330637783,0.0,-2.448939833063778,-2.408939833063778,0.0,-2.4509398330637784,0.0,0.0,0.0,-2.3989398330637783,0.0,0.0,0.0,0.0,-2.3869398330637783,0.0,-2.352939833063778,0.0,0.0,0.0,0.0,0.0,-2.400939833063778,0.0,-2.5109398330637784,0.0,-2.3089398330637785,0.0,0.0,0.0
13:16:00,-2.3133659986035506,-1.5670372529472887,0.0,-2.459365998603551,-1.4757201504319193,-2.455365998603551,-2.267365998603551,-2.281365998603551,0.0,0.0,-2.299365998603551,0.0,-2.4413659986035507,-2.4013659986035507,0.0,-2.443365998603551,0.0,0.0,0.0,-2.391365998603551,0.0,0.0,0.0,0.0,-2.379365998603551,0.0,-2.3453659986035507,0.0,0.0,0.0,0.0,0.0,-2.3933659986035507,0.0,-2.503365998603551,0.0,-2.3013659986035506,0.0,0.0,0.0
13:17:00,-2.305676711999165,-2.025676711999165,0.0,-2.4516767119991654,-1.7896767119991652,-2.4476767119991654,-2.259676711999165,-2.2736767119991654,0.0,0.0,-2.2916767119991652,0.0,-2.433676711999165,-2.393676711999165,0.0,-2.4356767119991654,0.0,0.0,0.0,-2.3836767119991653,0.0,0.0,0.0,0.0,-2.3716767119991653,0.0,-2.337676711999165,0.0,0.0,0.0,0.0,0.0,-2.385676711999165,0.0,-2.4956767119991654,0.0,-2.293676711999165,0.0,-0.7837728915666127,0.0
13:18:00,-2.2978718090151307,-2.017871809015131,0.0,-2.443871809015131,-1.7818718090151309,-2.439871809015131,-2.251871809015131,-2.265871809015131,0.0,0.0,-2.283871809015131,0.0,-2.4258718090151308,-2.3858718090151307,0.0,-2.427871809015131,0.0,0.0,0.0,-2.375871809015131,0.0,0.0,0.0,0.0,-2.363871809015131,0.0,-2.3298718090151307,0.0,0.0,0.0,0.0,0.0,-2.3778718090151307,0.0,-2.487871809015131,0.0,-2.2858718090151307,-0.473089420640997,-2.229871809015131,0.0
13:19:00,-2.2899511224983793,-2.0099511224983795,0.0,-2.4359511224983796,-1.7739511224983795,-2.4319511224983796,-2.2439511224983795,-2.2579511224983797,0.0,0.0,-2.2759511224983795,-0.03982122517360087,-2.4179511224983794,-2.3779511224983794,0.0,-2.4199511224983796,0.0,-0.4650045618285552,0.0,-2.3679511224983796,-0.8698244855280479,0.0,0.0,0.0,-2.3559511224983796,0.0,-2.3219511224983793,0.0,0.0,0.0,0.0,0.0,-2.3699511224983794,0.0,-2.4799511224983797,0.0,-2.2779511224983793,-2.2259511224983797,-2.2219511224983797,0.0
13:20:00,-2.2819144824576343,-2.0019144824576345,0.0,-2.4279144824576346,-1.7659144824576345,-2.4239144824576346,-2.2359144824576345,-2.2499144824576343,0.0,0.0,-2.2679144824576345,-0.9619144824576344,-2.4099144824576344,-2.3699144824576344,0.0,-2.4119144824576346,0.0,-2.4119144824576346,0.0,-2.3599144824576346,-2.2559144824576345,0.0,0.0,0.0,-2.3479144824576346,0.0,-2.3139144824576343,0.0,0.0,0.0,0.0,0.0,-2.3619144824576344,0.0,-2.4719144824576347,0.0,-2.2699144824576347,-2.2179144824576347,-2.2139144824576347,0.0
13:21:00,-2.273761715994093,-1.993761715994093,0.0,-2.419761715994093,-1.757761715994093,-2.415761715994093,-2.227761715994093,-2.241761715994093,0.0,0.0,-2.259761715994093,-0.953761715994093,-2.401761715994093,-2.361761715994093,0.0,-2.403761715994093,-1.58717131352557,-2.403761715994093,0.0,-2.351761715994093,-2.247761715994093,0.0,0.0,0.0,-2.339761715994093,0.0,-2.305761715994093,0.0,0.0,0.0,0.0,0.0,-2.353761715994093,0.0,-2.463761715994093,0.0,-2.2617617159940933,-2.209761715994093,-2.205761715994093,0.0
13:22:00,-2.2654926473081534,-1.9854926473081536,0.0,-2.4114926473081537,-1.7494926473081536,-2.4074926473081537,-2.2194926473081535,-2.2334926473081538,0.0,0.0,-2.2514926473081536,-0.9454926473081535,-2.3934926473081535,-2.3534926473081534,0.0,-2.3954926473081537,-2.3854926473081535,-2.3954926473081537,-1.7618554802137911,-2.3434926473081537,-2.2394926473081536,0.0,0.0,0.0,-2.3314926473081536,0.0,-2.2974926473081534,0.0,0.0,0.0,0.0,0.0,-2.3454926473081534,0.0,-2.4554926473081538,0.0,-2.2534926473081534,-2.2014926473081537,-2.1974926473081537,0.0
13:23:00,-2.257107097712949,-1.977107097712949,0.0,-2.403107097712949,-1.741107097712949,-2.399107097712949,-2.211107097712949,-2.2251070977129492,0.0,-0.23749573741735874,-2.243107097712949,-0.937107097712949,-2.385107097712949,-2.345107097712949,0.0,-2.387107097712949,-2.377107097712949,-2.387107097712949,-2.443107097712949,-2.335107097712949,-2.231107097712949,0.0,0.0,0.0,-2.323107097712949,0.0,-2.289107097712949,0.0,0.0,0.0,0.0,0.0,-2.337107097712949,0.0,-2.447107097712949,0.0,-2.245107097712949,-2.193107097712949,-2.189107097712949,0.0
13:24:00,-2.2486048855632017,-1.968604885563202,0.0,-2.394604885563202,-1.732604885563202,-2.390604885563202,-2.202604885563202,-2.2166048855632017,0.0,-2.140604885563202,-2.234604885563202,-0.9286048855632019,-2.376604885563202,-2.336604885563202,0.0,-2.378604885563202,-2.368604885563202,-2.378604885563202,-2.434604885563202,-2.326604885563202,-2.222604885563202,0.0,0.0,0.0,-2.314604885563202,-0.20735055634512478,-2.2806048855632017,0.0,0.0,0.0,0.0,0.0,-2.3286048855632018,0.0,-2.438604885563202,0.0,-2.236604885563202,-2.184604885563202,-2.180604885563202,0.0
13:25:00,-2.2399858205297543,-1.9599858205297545,0.0,-2.3859858205297546,-1.7239858205297545,-2.3819858205297546,-2.1939858205297544,-2.2079858205297542,0.0,-2.1319858205297546,-2.2259858205297545,-0.9199858205297544,-2.3679858205297544,-2.3279858205297543,0.0,-2.3699858205297546,-2.3599858205297544,-2.3699858205297546,-2.4259858205297546,-2.3179858205297545,-2.2139858205297545,0.0,0.0,0.0,-2.3059858205297545,-2.1879858205297547,-2.2719858205297543,0.0,0.0,0.0,0.0,0.0,-2.3199858205297543,0.0,-2.4299858205297546,0.0,-2.2279858205297547,-2.1759858205297546,-2.1719858205297546,0.0
13:26:00,-2.2312497267290534,-1.9512497267290536,0.0,-2.3772497267290538,-1.7152497267290536,-2.3732497267290538,-2.1852497267290536,-2.199249726729054,0.0,-2.1232497267290538,-2.2172497267290536,-0.9112497267290536,-2.3592497267290535,-2.3192497267290535,0.0,-2.3612497267290538,-2.3512497267290535,-2.3612497267290538,-2.417249726729054,-2.3092497267290537,-2.2052497267290536,0.0,0.0,0.0,-2.2972497267290537,-2.1792497267290534,-2.2632497267290534,0.0,0.0,0.0,0.0,0.0,-2.3112497267290535,0.0,-2.421249726729054,0.0,-2.2192497267290534,-2.167249726729054,-2.163249726729054,0.0
13:27:00,-2.22239640806685,-1.94239640806685,0.0,-2.3683964080668503,-1.7063964080668501,-2.3643964080668503,-2.17639640806685,-2.1903964080668503,0.0,-2.1143964080668503,-2.20839640806685,-0.9023964080668501,-2.35039640806685,-2.31039640806685,0.0,-2.3523964080668502,-2.34239640806685,-2.3523964080668502,-2.4083964080668503,-2.30039640806685,-2.19639640806685,0.0,0.0,0.0,-2.28839640806685,-2.17039640806685,-2.25439640806685,0.0,-1.4861194165433769,0.0,0.0,0.0,-2.30239640806685,0.0,-2.4123964080668503,0.0,-2.21039640806685,-2.1583964080668503,-2.1543964080668503,-1.9931683470885315
13:28:00,-2.2134256712924403,-1.9334256712924405,0.0,-2.3594256712924406,-1.6974256712924405,-2.3554256712924406,-2.1674256712924405,-2.1814256712924402,0.0,-2.1054256712924406,-2.1994256712924405,-0.8934256712924404,-2.3414256712924404,-2.3014256712924404,0.0,-2.3434256712924406,-2.3334256712924404,-2.3434256712924406,-2.3994256712924407,-2.2914256712924406,-2.1874256712924405,0.0,0.0,0.0,-2.2794256712924406,-2.1614256712924407,-2.2454256712924403,0.0,-2.2174256712924403,0.0,0.0,0.0,-2.2934256712924403,0.0,-2.4034256712924407,0.0,-2.2014256712924407,-2.1494256712924407,-2.1454256712924407,-2.2454256712924403
13:29:00,-2.204337320198066,-1.9243373201980662,0.0,-2.3503373201980664,-1.6883373201980663,-2.3463373201980664,-2.1583373201980662,-2.172337320198066,0.0,-2.0963373201980664,-2.1903373201980663,-0.8843373201980662,-2.332337320198066,-2.292337320198066,0.0,-2.3343373201980664,-2.324337320198066,-2.3343373201980664,-2.3903373201980664,-2.2823373201980663,-2.1783373201980663,0.0,0.0,0.0,-2.2703373201980663,-2.1523373201980665,-2.236337320198066,0.0,-2.208337320198066,0.0,0.0,0.0,-2.284337320198066,0.0,-2.3943373201980664,0.0,-2.1923373201980665,-2.1403373201980664,-2.1363373201980664,-2.236337320198066
13:30:00,-2.181131155725482,-2.153131155725482,0.0,-2.243131155725482,-1.7911311557254819,-2.313131155725482,-2.177131155725482,-2.147131155725482,0.0,-1.959131155725482,-2.259131155725482,-1.989131155725482,-2.077131155725482,-2.309131155725482,0.0,-2.287131155725482,-2.207131155725482,-2.341131155725482,-2.335131155725482,-2.207131155725482,-1.641131155725482,0.0,0.0,0.0,-2.297131155725482,-2.147131155725482,-1.269131155725482,0.0,-2.1431311557254817,0.0,0.0,0.0,-2.289131155725482,0.0,-2.353131155725482,0.0,-2.161131155725482,-2.231131155725482,-2.179131155725482,-2.217131155725482
13:31:00,-2.171806975908684,-2.143806975908684,0.0,-2.233806975908684,-1.781806975908684,-2.3038069759086843,-2.167806975908684,-2.137806975908684,0.0,-1.9498069759086842,-2.249806975908684,-1.9798069759086843,-2.067806975908684,-2.2998069759086843,0.0,-2.277806975908684,-2.197806975908684,-2.3318069759086844,-2.325806975908684,-2.197806975908684,-1.6318069759086842,0.0,-0.7205661608092864,0.0,-2.2878069759086843,-2.137806975908684,-1.2598069759086843,0.0,-2.1338069759086844,0.0,0.0,0.0,-2.2798069759086843,0.0,-2.3438069759086844,0.0,-2.151806975908684,-2.221806975908684,-2.169806975908684,-2.2078069759086842
13:32:00,-2.1623645759028234,-2.1343645759028234,0.0,-2.224364575902823,-1.7723645759028233,-2.2943645759028235,-2.1583645759028234,-2.1283645759028236,0.0,-1.9403645759028234,-2.2403645759028232,-1.9703645759028234,-2.0583645759028233,-2.2903645759028235,0.0,-2.2683645759028233,-2.188364575902823,-2.3223645759028235,-2.3163645759028233,-2.188364575902823,-1.6223645759028233,-0.7626402157865455,-1.7323645759028232,0.0,-2.2783645759028235,-2.1283645759028236,-1.2503645759028235,0.0,-2.124364575902823,0.0,0.0,-0.8635164598978813,-2.2703645759028235,0.0,-2.3343645759028235,0.0,-2.1423645759028234,-2.212364575902823,-2.1603645759028236,-2.1983645759028234
13:33:00,-2.152803748015436,-2.124803748015436,0.0,-2.2148037480154357,-1.7628037480154357,-2.284803748015436,-2.148803748015436,-2.118803748015436,0.0,-1.9308037480154359,-2.2308037480154357,-1.9608037480154359,-2.0488037480154357,-2.280803748015436,0.0,-2.2588037480154357,-2.1788037480154356,-2.312803748015436,-2.3068037480154358,-2.1788037480154356,-1.6128037480154358,-1.4928037480154357,-1.7228037480154357,0.0,-2.268803748015436,-2.118803748015436,-1.240803748015436,0.0,-2.1148037480154356,0.0,0.0,-2.1468037480154356,-2.260803748015436,0.0,-2.324803748015436,0.0,-2.132803748015436,-2.2028037480154357,-2.150803748015436,-2.188803748015436
13:34:00,-2.143124281655061,-2.115124281655061,0.0,-2.2051242816550607,-1.7531242816550607,-2.275124281655061,-2.139124281655061,-2.1091242816550606,0.0,-1.9211242816550609,-2.2211242816550607,-1.951124281655061,-2.0391242816550608,-2.271124281655061,0.0,-2.2491242816550607,-2.1691242816550607,-2.303124281655061,-2.2971242816550608,-2.1691242816550607,-1.6031242816550608,-1.4831242816550607,-1.7131242816550607,0.0,-2.259124281655061,-2.1091242816550606,-1.231124281655061,0.0,-2.105124281655061,0.0,0.0,-2.137124281655061,-2.251124281655061,0.0,-2.315124281655061,0.0,-2.123124281655061,-2.1931242816550607,-2.1411242816550606,-2.179124281655061
13:35:00,-2.1333259634574606,-2.1053259634574606,0.0,-2.1953259634574604,-1.7433259634574605,-2.2653259634574607,-2.1293259634574606,-2.099325963457461,0.0,-1.9113259634574606,-2.2113259634574605,-1.9413259634574607,-2.0293259634574605,-2.2613259634574607,0.0,-2.2393259634574605,-2.1593259634574604,-2.2933259634574608,-2.2873259634574605,-2.1593259634574604,-1.5933259634574606,-1.4733259634574605,-1.7033259634574605,0.0,-2.2493259634574607,-2.099325963457461,-1.2213259634574607,0.0,-2.0953259634574604,0.0,0.0,-2.1273259634574604,-2.2413259634574607,0.0,-2.3053259634574608,-0.8197764168342951,-2.1133259634574606,-2.1833259634574604,-2.131325963457461,-2.1693259634574606
13:36:00,-2.1234085705502914,-2.0954085705502914,0.0,-2.1854085705502913,-1.7334085705502913,-2.2554085705502915,-2.1194085705502914,-2.089408570550291,0.0,-1.9014085705502914,-2.2014085705502913,-1.9314085705502915,-2.0194085705502913,-2.2514085705502915,0.0,-2.2294085705502913,-2.149408570550291,-2.2834085705502916,-2.2774085705502913,-2.149408570550291,-1.5834085705502914,-1.4634085705502913,-1.6934085705502913,0.0,-2.2394085705502915,-2.089408570550291,-1.2114085705502915,0.0,-2.0854085705502916,0.0,0.0,-2.1174085705502916,-2.2314085705502915,0.0,-2.2954085705502916,-1.4334085705502915,-2.1034085705502914,-2.1734085705502912,-2.121408570550291,-2.1594085705502915
13:37:00,-2.1133718972802322,-2.085371897280232,0.0,-2.175371897280232,-1.723371897280232,-2.2453718972802323,-2.109371897280232,-2.0793718972802324,0.0,-1.8913718972802323,-2.191371897280232,-1.9213718972802323,-2.009371897280232,-2.2413718972802323,0.0,-2.219371897280232,-2.139371897280232,-2.2733718972802324,-2.267371897280232,-2.139371897280232,-1.5733718972802322,-1.453371897280232,-1.683371897280232,0.0,-2.2293718972802323,-2.0793718972802324,-1.2013718972802323,0.0,-2.075371897280232,0.0,0.0,-2.107371897280232,-2.2213718972802323,0.0,-2.2853718972802324,-1.4233718972802323,-2.093371897280232,-2.163371897280232,-2.1113718972802324,-2.1493718972802323
13:38:00,-2.1032157153626514,-2.0752157153626514,0.0,-2.1652157153626512,-1.7132157153626513,-2.2352157153626515,-2.0992157153626514,-2.0692157153626516,0.0,-1.8812157153626514,-2.1812157153626512,-1.9112157153626514,-1.9992157153626513,-2.2312157153626515,0.0,-2.2092157153626513,-2.129215715362651,-2.2632157153626515,-2.2572157153626513,-2.129215715362651,-1.5632157153626514,-1.4432157153626513,-1.6732157153626512,0.0,-2.2192157153626515,-2.0692157153626516,-1.1912157153626515,0.0,-2.065215715362651,0.0,0.0,-2.097215715362651,-2.2112157153626515,0.0,-2.2752157153626515,-1.4132157153626514,-2.0832157153626514,-2.153215715362651,-2.1012157153626516,-2.1392157153626514
13:39:00,-2.0929398003661044,-2.0649398003661044,0.0,-2.154939800366104,-1.7029398003661043,-2.2249398003661045,-2.0889398003661044,-2.0589398003661046,0.0,-1.8709398003661044,-2.1709398003661042,-1.9009398003661044,-1.9889398003661043,-2.2209398003661045,0.0,-2.1989398003661043,-2.118939800366104,-2.2529398003661045,-2.2469398003661043,-2.118939800366104,-1.5529398003661044,-1.4329398003661042,-1.6629398003661042,0.0,-2.2089398003661045,-2.0589398003661046,-1.1809398003661045,0.0,-2.054939800366104,0.0,0.0,-2.086939800366104,-2.2009398003661045,0.0,-2.2649398003661045,-1.4029398003661044,-2.0729398003661044,-2.142939800366104,-2.0909398003661046,-2.1289398003661044
13:40:00,-2.0825439252536535,-2.0545439252536535,0.0,-2.1445439252536533,-1.6925439252536534,-2.2145439252536536,-2.0785439252536535,-2.0485439252536537,0.0,-1.8605439252536535,-2.1605439252536534,-1.8905439252536536,-1.9785439252536534,-2.2105439252536536,0.0,-2.1885439252536534,-2.1085439252536533,-2.2425439252536536,-2.2365439252536534,-2.1085439252536533,-1.5425439252536535,-1.4225439252536534,-1.6525439252536533,0.0,-2.1985439252536536,-2.0485439252536537,-1.1705439252536536,0.0,-2.0445439252536532,0.0,0.0,-2.0765439252536533,-2.1905439252536536,0.0,-2.2545439252536537,-1.3925439252536536,-2.0625439252536535,-2.1325439252536533,-2.0805439252536537,-2.1185439252536535
13:41:00,-2.0720278603585123,-2.0440278603585122,0.0,-2.134027860358512,-1.6820278603585122,-2.2040278603585124,-2.0680278603585123,-2.038027860358512,0.0,-1.8500278603585123,-2.150027860358512,-1.8800278603585123,-1.9680278603585122,-2.2000278603585124,0.0,-2.178027860358512,-2.098027860358512,-2.2320278603585124,-2.226027860358512,-2.098027860358512,-1.5320278603585122,-1.4120278603585121,-1.6420278603585121,0.0,-2.1880278603585124,-2.038027860358512,-1.1600278603585124,0.0,-2.0340278603585125,0.0,-0.22908657914843245,-2.0660278603585125,-2.1800278603585124,0.0,-2.2440278603585124,-1.3820278603585123,-2.0520278603585123,-2.122027860358512,-2.070027860358512,-2.1080278603585123
13:42:00,-2.061391373453308,-2.033391373453308,0.0,-2.1233913734533076,-1.6713913734533077,-2.193391373453308,-2.057391373453308,-2.027391373453308,0.0,-1.8393913734533078,-2.1393913734533077,-1.8693913734533079,-1.9573913734533077,-2.189391373453308,0.0,-2.1673913734533077,-2.0873913734533076,-2.221391373453308,-2.2153913734533077,-2.0873913734533076,-1.5213913734533078,-1.4013913734533077,-1.6313913734533076,0.0,-2.177391373453308,-2.027391373453308,-1.1493913734533079,0.0,-2.0233913734533076,0.0,-1.943391373453308,-2.0553913734533076,-2.169391373453308,0.0,-2.233391373453308,-1.3713913734533079,-2.041391373453308,-2.1113913734533076,-2.059391373453308,-2.097391373453308
13:43:00,-2.050634229828422,-2.022634229828422,0.0,-2.112634229828422,-1.660634229828422,-2.1826342298284223,-2.046634229828422,-2.016634229828422,0.0,-1.8286342298284222,-2.128634229828422,-1.8586342298284222,-1.946634229828422,-2.1786342298284223,0.0,-2.156634229828422,-2.076634229828422,-2.2106342298284223,-2.204634229828422,-2.076634229828422,-1.510634229828422,-1.390634229828422,-1.620634229828422,0.0,-2.1666342298284222,-2.016634229828422,-1.1386342298284222,0.0,-2.0126342298284223,0.0,-1.9326342298284223,-2.0446342298284224,-2.1586342298284222,0.0,-2.2226342298284223,-1.3606342298284222,-2.030634229828422,-2.100634229828422,-2.048634229828422,-2.086634229828422
13:44:00,-2.0397561922768883,-2.0117561922768883,0.0,-2.101756192276888,-1.6497561922768882,-2.1717561922768884,-2.0357561922768883,-2.0057561922768885,0.0,-1.8177561922768883,-2.117756192276888,-1.8477561922768884,-1.9357561922768882,-2.1677561922768884,0.0,-2.145756192276888,-2.065756192276888,-2.1997561922768885,-2.1937561922768882,-2.065756192276888,-1.4997561922768883,-1.3797561922768882,-1.6097561922768882,0.0,-2.1557561922768884,-2.0057561922768885,-1.1277561922768884,0.0,-2.001756192276888,0.0,-1.9217561922768884,-2.033756192276888,-2.1477561922768884,0.0,-2.2117561922768885,-1.3497561922768884,-2.0197561922768883,-2.089756192276888,-2.0377561922768885,-2.0757561922768883
13:45:00,-2.0287570212862627,-2.0007570212862626,0.0,-2.0907570212862625,-1.6387570212862625,-2.160757021286263,-2.0247570212862627,-1.9947570212862626,0.0,-1.8067570212862627,-2.1067570212862625,-1.8367570212862627,-1.9247570212862626,-2.156757021286263,0.0,-2.1347570212862625,-2.0547570212862625,-2.188757021286263,-2.1827570212862626,-2.0547570212862625,-1.4887570212862626,-1.3687570212862625,-1.5987570212862625,0.0,-2.1447570212862628,-1.9947570212862626,-1.1167570212862628,0.0,-1.9907570212862626,0.0,-1.9107570212862628,-2.022757021286263,-2.1367570212862628,-1.529554253907484,-2.200757021286263,-1.3387570212862627,-2.0087570212862627,-2.0787570212862625,-2.0267570212862625,-2.0647570212862627
13:46:00,-2.017636475035273,-1.9896364750352729,0.0,-2.0796364750352727,-1.6276364750352728,-2.149636475035273,-2.013636475035273,-1.9836364750352729,0.0,-1.795636475035273,-2.0956364750352727,-1.825636475035273,-1.9136364750352728,-2.145636475035273,0.0,-2.1236364750352728,-2.0436364750352727,-2.177636475035273,-2.171636475035273,-2.0436364750352727,-1.4776364750352728,-1.3576364750352727,-1.5876364750352727,0.0,-2.133636475035273,-1.9836364750352729,-1.105636475035273,0.0,-1.9796364750352728,0.0,-1.899636475035273,-2.0116364750352727,-2.125636475035273,-2.1076364750352727,-2.189636475035273,-1.327636475035273,-1.9976364750352729,-2.0676364750352727,-2.015636475035273,-2.053636475035273
13:47:00,-2.006394301921402,-1.9783943019214019,0.0,-2.0683943019214017,-1.6163943019214018,-2.138394301921402,-2.002394301921402,-1.9723943019214019,0.0,-1.784394301921402,-2.0843943019214017,-1.814394301921402,-1.9023943019214018,-2.134394301921402,0.0,-2.1123943019214018,-2.0323943019214017,-2.166394301921402,-2.160394301921402,-2.0323943019214017,-1.4663943019214019,-1.3463943019214017,-1.5763943019214017,0.0,-2.122394301921402,-1.9723943019214019,-1.094394301921402,0.0,-1.9683943019214019,0.0,-1.888394301921402,-2.0003943019214017,-2.114394301921402,-2.0963943019214017,-2.178394301921402,-1.316394301921402,-1.9863943019214019,-2.0563943019214017,-2.004394301921402,-2.042394301921402
13:48:00,-1.995030270913292,-1.967030270913292,0.0,-2.057030270913292,-1.605030270913292,-2.127030270913292,-1.991030270913292,-1.961030270913292,0.0,-1.7730302709132921,-2.073030270913292,-1.8030302709132922,-1.891030270913292,-2.123030270913292,0.0,-2.101030270913292,-2.021030270913292,-2.1550302709132922,-2.149030270913292,-2.021030270913292,-1.455030270913292,-1.335030270913292,-1.565030270913292,0.0,-2.111030270913292,-1.961030270913292,-1.0830302709132922,0.0,-1.957030270913292,0.0,-1.8770302709132922,-1.989030270913292,-2.103030270913292,-2.085030270913292,-2.1670302709132923,-1.3050302709132922,-1.975030270913292,-2.045030270913292,-1.993030270913292,-2.031030270913292
13:49:00,-1.9835441263334506,-1.9555441263334505,0.0,-2.0455441263334504,-1.5935441263334504,-2.1155441263334507,-1.9795441263334506,-1.9495441263334505,0.0,-1.7615441263334506,-2.0615441263334504,-1.7915441263334506,-1.8795441263334505,-2.1115441263334507,0.0,-2.0895441263334504,-2.0095441263334504,-2.1435441263334507,-2.1375441263334505,-2.0095441263334504,-1.4435441263334505,-1.3235441263334504,-1.5535441263334504,0.0,-2.0995441263334507,-1.9495441263334505,-1.0715441263334506,0.0,-1.9455441263334505,0.0,-1.8655441263334507,-1.9775441263334506,-2.0915441263334507,-2.0735441263334504,-2.1555441263334507,-1.2935441263334506,-1.9635441263334505,-2.0335441263334504,-1.9815441263334506,-2.0195441263334506
13:50:00,-1.971935618174331,-1.943935618174331,0.0,-2.033935618174331,-1.581935618174331,-2.103935618174331,-1.967935618174331,-1.937935618174331,0.0,-1.749935618174331,-2.049935618174331,-1.779935618174331,-1.867935618174331,-2.099935618174331,0.0,-2.077935618174331,-1.997935618174331,-2.131935618174331,-2.125935618174331,-1.997935618174331,-1.431935618174331,-1.311935618174331,-1.541935618174331,0.0,-2.087935618174331,-1.937935618174331,-1.0599356181743311,0.0,-1.933935618174331,0.0,-1.8539356181743312,-1.965935618174331,-2.079935618174331,-2.061935618174331,-2.143935618174331,-1.281935618174331,-1.951935618174331,-2.021935618174331,-1.969935618174331,-2.007935618174331
13:51:00,-1.9602044946357564,-1.9322044946357564,0.0,-2.0222044946357562,-1.5702044946357563,-2.0922044946357565,-1.9562044946357564,-1.9262044946357564,0.0,-1.7382044946357564,-2.0382044946357563,-1.7682044946357565,-1.8562044946357563,-2.0882044946357565,0.0,-2.0662044946357563,-1.9862044946357564,-2.1202044946357566,-2.1142044946357563,-1.9862044946357564,-1.4202044946357564,-1.3002044946357563,-1.5302044946357563,0.0,-2.0762044946357565,-1.9262044946357564,-1.0482044946357565,0.0,-1.9222044946357564,0.0,-1.8422044946357565,-1.9542044946357564,-2.0682044946357565,-2.0502044946357563,-2.1322044946357566,-1.2702044946357565,-1.9402044946357564,-2.0102044946357562,-1.9582044946357564,-1.9962044946357564
13:52:00,-1.94835050227833,-1.92035050227833,0.0,-2.01035050227833,-1.55835050227833,-2.08035050227833,-1.94435050227833,-1.91435050227833,0.0,-1.72635050227833,-2.02635050227833,-1.7563505022783301,-1.84435050227833,-2.07635050227833,0.0,-2.05435050227833,-1.97435050227833,-2.10835050227833,-2.10235050227833,-1.97435050227833,-1.40835050227833,-1.28835050227833,-1.51835050227833,0.0,-2.06435050227833,-1.91435050227833,-1.0363505022783301,0.0,-1.91035050227833,0.0,-1.8303505022783302,-1.94235050227833,-2.05635050227833,-2.03835050227833,-2.12035050227833,-1.2583505022783301,-1.92835050227833,-1.99835050227833,-1.94635050227833,-1.98435050227833
13:53:00,-1.9363733861901582,-1.9083733861901582,0.0,-1.9983733861901583,-1.546373386190158,-2.0683733861901583,-1.9323733861901582,-1.9023733861901582,0.0,-1.7143733861901582,-2.014373386190158,-1.7443733861901582,-1.832373386190158,-2.0643733861901583,0.0,-2.042373386190158,-1.9623733861901582,-2.0963733861901583,-2.090373386190158,-1.9623733861901582,-1.3963733861901582,-1.276373386190158,-1.506373386190158,0.0,-2.0523733861901583,-1.9023733861901582,-1.0243733861901583,0.0,-1.8983733861901582,0.0,-1.8183733861901583,-1.9303733861901582,-2.0443733861901583,-2.026373386190158,-2.1083733861901583,-1.2463733861901583,-1.9163733861901582,-1.9863733861901582,-1.9343733861901582,-1.9723733861901582
13:54:00,-1.9242728900507404,-1.8962728900507404,0.0,-1.9862728900507405,-1.5342728900507403,-2.0562728900507405,-1.9202728900507404,-1.8902728900507404,0.0,-1.7022728900507405,-2.0022728900507403,-1.7322728900507405,-1.8202728900507403,-2.0522728900507405,0.0,-2.0302728900507403,-1.9502728900507404,-2.0842728900507406,-2.0782728900507403,-1.9502728900507404,-1.3842728900507404,-1.2642728900507403,-1.4942728900507403,0.0,-2.0402728900507405,-1.8902728900507404,-1.0122728900507405,0.0,-1.8862728900507404,0.0,-1.8062728900507405,-1.9182728900507404,-2.0322728900507405,-2.0142728900507403,-2.0962728900507406,-1.2342728900507405,-1.9042728900507404,-1.9742728900507405,-1.9222728900507404,-1.9602728900507405
13:55:00,-1.912048756439284,-1.884048756439284,0.0,-1.9740487564392841,-1.522048756439284,-2.044048756439284,-1.908048756439284,-1.878048756439284,0.0,-1.690048756439284,-1.9900487564392841,-1.7200487564392841,-1.808048756439284,-2.040048756439284,0.0,-2.018048756439284,-1.938048756439284,-2.072048756439284,-2.066048756439284,-1.938048756439284,-1.372048756439284,-1.252048756439284,-1.482048756439284,0.0,-2.028048756439284,-1.878048756439284,-1.0000487564392841,-0.9920350408210206,-1.874048756439284,0.0,-1.7940487564392842,-1.906048756439284,-2.020048756439284,-2.002048756439284,-2.0840487564392842,-1.2220487564392841,-1.892048756439284,-1.9620487564392841,-1.910048756439284,-1.948048756439284
13:56:00,-1.8997007269190997,-1.8717007269190997,0.0,-1.9617007269190998,-1.5097007269190996,-2.0317007269191,-1.8957007269190997,-1.8657007269190997,0.0,-1.6777007269190998,-1.9777007269190998,-1.7077007269190998,-1.7957007269190997,-2.0277007269191,0.0,-2.0057007269190996,-1.9257007269190998,-2.0597007269191,-2.0537007269190997,-1.9257007269190998,-1.3597007269190997,-1.2397007269190996,-1.4697007269190996,0.0,-2.0157007269191,-1.8657007269190997,-0.9877007269190998,-2.0417007269190997,-1.8617007269190997,0.0,-1.7817007269190999,-1.8937007269190997,-2.0077007269191,-1.9897007269190998,-2.0717007269191,-1.2097007269190998,-1.8797007269190997,-1.9497007269190998,-1.8977007269190997,-1.9357007269190998
13:57:00,-1.8872285422650497,-1.8592285422650496,0.0,-1.9492285422650497,-1.4972285422650495,-2.0192285422650498,-1.8832285422650497,-1.8532285422650496,0.0,-1.6652285422650497,-1.9652285422650497,-1.6952285422650497,-1.7832285422650496,-2.0152285422650498,0.0,-1.9932285422650495,-1.9132285422650497,-2.04722854226505,-2.0412285422650496,-1.9132285422650497,-1.3472285422650496,-1.2272285422650495,-1.4572285422650495,0.0,-2.0032285422650498,-1.8532285422650496,-0.9752285422650497,-2.0292285422650496,-1.8492285422650496,0.0,-1.7692285422650498,-1.8812285422650497,-1.9952285422650498,-1.9772285422650497,-2.05922854226505,-1.1972285422650497,-1.8672285422650496,-1.9372285422650497,-1.8852285422650497,-1.9232285422650497
13:58:00,-1.8746319426932212,-1.8466319426932212,0.0,-1.9366319426932213,-1.484631942693221,-2.0066319426932213,-1.8706319426932212,-1.8406319426932212,0.0,-1.6526319426932212,-1.9526319426932213,-1.6826319426932212,-1.770631942693221,-2.0026319426932213,0.0,-1.980631942693221,-1.9006319426932212,-2.0346319426932213,-2.028631942693221,-1.9006319426932212,-1.3346319426932212,-1.214631942693221,-1.444631942693221,0.0,-1.9906319426932213,-1.8406319426932212,-0.9626319426932213,-2.016631942693221,-1.8366319426932212,0.0,-1.7566319426932213,-1.8686319426932212,-1.9826319426932213,-1.9646319426932213,-2.0466319426932214,-1.1846319426932213,-1.8546319426932212,-1.9246319426932212,-1.8726319426932212,-1.9106319426932212
13:59:00,-1.8619106594245398,-1.8339106594245398,0.0,-1.9239106594245399,-1.4719106594245397,-1.9939106594245397,-1.8579106594245398,-1.8279106594245398,0.0,-1.6399106594245398,-1.9399106594245399,-1.6699106594245399,-1.7579106594245397,-1.9899106594245397,0.0,-1.9679106594245397,-1.8879106594245398,-2.02191065942454,-2.0159106594245397,-1.8879106594245398,-1.3219106594245398,-1.2019106594245397,-1.4319106594245397,0.0,-1.97791065942454,-1.8279106594245398,-0.9499106594245399,-2.0039106594245397,-1.8239106594245398,0.0,-1.74391065942454,-1.8559106594245398,-1.96991065942454,-1.95191065942454,-2.03391065942454,-1.1719106594245399,-1.8419106594245398,-1.9119106594245399,-1.8599106594245398,-1.8979106594245398
14:00:00,-1.2127485525345085,-1.0747485525345084,0.0,-0.7207485525345085,-1.0487485525345086,-1.2987485525345086,-1.2687485525345086,-0.5647485525345085,0.0,-1.3067485525345086,-1.2347485525345085,-1.2087485525345085,-1.4107485525345085,-1.2747485525345086,0.0,-1.3227485525345084,-1.3007485525345084,-1.2387485525345086,-1.4047485525345085,-1.3507485525345084,-0.9947485525345086,0.0,-0.0667485525345084,0.0,-1.0807485525345086,-1.1647485525345085,-0.9687485525345085,-0.8187485525345085,-1.2527485525345086,0.0,-1.0827485525345084,-1.2247485525345085,-0.7707485525345085,-1.3127485525345084,-1.0547485525345084,-1.0647485525345086,-1.1807485525345085,-1.2047485525345085,-1.2247485525345085,-1.4247485525345085
14:01:00,-1.203552065893659,-1.0655520658936588,0.0,-0.7115520658936589,-1.039552065893659,-1.289552065893659,-1.259552065893659,-0.5555520658936589,0.0,-1.297552065893659,-1.225552065893659,-1.199552065893659,-1.4015520658936589,-1.265552065893659,0.0,-1.3135520658936588,-1.2915520658936588,-1.229552065893659,-1.3955520658936589,-1.3415520658936588,-0.985552065893659,0.0,-0.0575520658936588,0.0,-1.071552065893659,-1.1555520658936589,-0.9595520658936589,-0.8095520658936589,-1.243552065893659,0.0,-1.0735520658936588,-1.215552065893659,-0.7615520658936589,-1.3035520658936588,-1.0455520658936588,-1.055552065893659,-1.171552065893659,-1.195552065893659,-1.215552065893659,-1.415552065893659
14:02:00,-1.1942696178320236,-1.0562696178320237,0.0,-0.7022696178320236,-1.0302696178320234,-1.2802696178320234,-1.2502696178320236,-0.5462696178320235,0.0,-1.2882696178320234,-1.2162696178320236,-1.1902696178320236,-1.3922696178320235,-1.2562696178320236,0.0,-1.3042696178320234,-1.2822696178320236,-1.2202696178320236,-1.3862696178320235,-1.3322696178320235,-0.9762696178320236,0.0,-0.04826961783202344,0.0,-1.0622696178320234,-1.1462696178320235,-0.9502696178320236,-0.8002696178320235,-1.2342696178320236,0.0,-1.0642696178320237,-1.2062696178320236,-0.7522696178320235,-1.2942696178320237,-1.0362696178320236,-1.0462696178320234,-1.1622696178320235,-1.1862696178320236,-1.2062696178320236,-1.4062696178320235
14:03:00,-1.184901112759285,-1.046901112759285,0.0,-0.692901112759285,-1.0209011127592849,-1.2709011127592849,-1.240901112759285,-0.536901112759285,0.0,-1.2789011127592849,-1.206901112759285,-1.180901112759285,-1.382901112759285,-1.246901112759285,0.0,-1.2949011127592849,-1.272901112759285,-1.210901112759285,-1.376901112759285,-1.322901112759285,-0.966901112759285,0.0,-0.03890111275928487,0.0,-1.0529011127592849,-1.136901112759285,-0.940901112759285,-0.790901112759285,-1.224901112759285,0.0,-1.054901112759285,-1.196901112759285,-0.7429011127592849,-1.284901112759285,-1.026901112759285,-1.0369011127592849,-1.152901112759285,-1.176901112759285,-1.196901112759285,-1.396901112759285
14:04:00,-1.1754464569264946,-1.0374464569264945,0.0,-0.6834464569264946,-1.0114464569264947,-1.2614464569264947,-1.2314464569264947,-0.5274464569264946,0.0,-1.2694464569264947,-1.1974464569264947,-1.1714464569264946,-1.3734464569264946,-1.2374464569264947,0.0,-1.2854464569264945,-1.2634464569264945,-1.2014464569264947,-1.3674464569264946,-1.3134464569264945,-0.9574464569264947,0.0,-0.029446456926494502,0.0,-1.0434464569264947,-1.1274464569264946,-0.9314464569264946,-0.7814464569264946,-1.2154464569264947,-1.168026991696808,-1.0454464569264945,-1.1874464569264946,-0.7334464569264946,-1.2754464569264945,-1.0174464569264945,-1.0274464569264947,-1.1434464569264946,-1.1674464569264946,-1.1874464569264946,-1.3874464569264946
14:05:00,-1.165905558778594,-1.0279055587785941,0.0,-0.673905558778594,-1.0019055587785939,-1.2519055587785939,-1.221905558778594,-0.517905558778594,0.0,-1.259905558778594,-1.187905558778594,-1.161905558778594,-1.363905558778594,-1.227905558778594,0.0,-1.275905558778594,-1.253905558778594,-1.191905558778594,-1.357905558778594,-1.303905558778594,-0.9479055587785941,0.0,-0.0199055587785939,0.0,-1.033905558778594,-1.117905558778594,-0.921905558778594,-0.771905558778594,-1.205905558778594,-1.207905558778594,-1.0359055587785941,-1.177905558778594,-0.723905558778594,-1.2659055587785941,-1.0079055587785941,-1.017905558778594,-1.133905558778594,-1.157905558778594,-1.177905558778594,-1.377905558778594
14:06:00,-1.1562783291576164,-1.0182783291576163,0.0,-0.6642783291576164,-0.9922783291576164,-1.2422783291576165,-1.2122783291576165,-0.5082783291576164,0.0,-1.2502783291576165,-1.1782783291576164,-1.1522783291576164,-1.3542783291576164,-1.2182783291576165,0.0,-1.2662783291576163,-1.2442783291576163,-1.1822783291576164,-1.3482783291576164,-1.2942783291576163,-0.9382783291576164,0.0,-0.010278329157616284,0.0,-1.0242783291576165,-1.1082783291576164,-0.9122783291576164,-0.7622783291576164,-1.1962783291576164,-1.1982783291576165,-1.0262783291576163,-1.1682783291576164,-0.7142783291576164,-1.2562783291576163,-0.9982783291576164,-1.0082783291576165,-1.1242783291576164,-1.1482783291576164,-1.1682783291576164,-1.3682783291576164
14:07:00,-1.1465646816033168,-1.0085646816033167,0.0,-0.6545646816033168,-0.9825646816033168,-1.232564681603317,-1.2025646816033169,-0.4985646816033168,0.0,-1.240564681603317,-1.1685646816033168,-1.1425646816033168,-1.3445646816033168,-1.2085646816033169,0.0,-1.2565646816033167,-1.2345646816033167,-1.1725646816033168,-1.3385646816033168,-1.2845646816033167,-0.9285646816033168,0.0,-0.0005646816033166857,0.0,-1.014564681603317,-1.0985646816033168,-0.9025646816033168,-0.7525646816033168,-1.1865646816033169,-1.1885646816033169,-1.0165646816033167,-1.1585646816033168,-0.7045646816033168,-1.2465646816033167,-0.9885646816033168,-0.9985646816033168,-1.1145646816033168,-1.1385646816033168,-1.1585646816033168,-1.3585646816033168
14:08:00,-1.1367645326820204,-0.9987645326820204,0.0,-0.6447645326820204,-0.9727645326820203,-1.2227645326820205,-1.1927645326820204,-0.48876453268202036,-0.019593093066193834,-1.2307645326820205,-1.1587645326820204,-1.1327645326820204,-1.3347645326820203,-1.1987645326820204,0.0,-1.2467645326820203,-1.2247645326820202,-1.1627645326820204,-1.3287645326820203,-1.2747645326820203,-0.9187645326820204,0.0,0.0,0.0,-1.0047645326820205,-1.0887645326820203,-0.8927645326820204,-0.7427645326820204,-1.1767645326820204,-1.1787645326820204,-1.0067645326820203,-1.1487645326820204,-0.6947645326820203,-1.2367645326820202,-0.9787645326820203,-0.9887645326820204,-1.1047645326820204,-1.1287645326820204,-1.1487645326820204,-1.3487645326820203
14:09:00,-1.126877802237807,-0.988877802237807,0.0,-0.634877802237807,-0.962877802237807,-1.212877802237807,-1.182877802237807,-0.47887780223780696,-0.752877802237807,-1.220877802237807,-1.148877802237807,-1.122877802237807,-1.324877802237807,-1.188877802237807,0.0,-1.2368778022378069,-1.2148778022378068,-1.152877802237807,-1.318877802237807,-1.2648778022378069,-0.908877802237807,0.0,0.0,0.0,-0.994877802237807,-1.078877802237807,-0.882877802237807,-0.732877802237807,-1.166877802237807,-1.168877802237807,-0.996877802237807,-1.138877802237807,-0.6848778022378069,-1.2268778022378068,-0.968877802237807,-0.978877802237807,-1.094877802237807,-1.118877802237807,-1.138877802237807,-1.338877802237807
14:10:00,-1.1169044071332972,-0.9789044071332972,0.0,-0.6249044071332972,-0.9529044071332972,-1.202904407133297,-1.1729044071332972,-0.4689044071332972,-0.7429044071332972,-1.210904407133297,-1.1389044071332972,-1.1129044071332972,-1.3149044071332971,-1.1789044071332972,0.0,-1.226904407133297,-1.2049044071332973,-1.1429044071332972,-1.3089044071332971,-1.254904407133297,-0.8989044071332972,0.0,0.0,0.0,-0.9849044071332972,-1.0689044071332972,-0.8729044071332972,-0.7229044071332972,-1.1569044071332972,-1.1589044071332972,-0.9869044071332972,-1.1289044071332972,-0.6749044071332971,-1.2169044071332973,-0.9589044071332972,-0.9689044071332972,-1.0849044071332972,-1.1089044071332972,-1.1289044071332972,-1.3289044071332972
14:11:00,-1.106844288362584,-0.968844288362584,0.0,-0.614844288362584,-0.9428442883625839,-1.192844288362584,-1.162844288362584,-0.45884428836258395,-0.732844288362584,-1.200844288362584,-1.128844288362584,-1.102844288362584,-1.304844288362584,-1.168844288362584,0.0,-1.2168442883625838,-1.1948442883625838,-1.132844288362584,-1.298844288362584,-1.2448442883625839,-0.888844288362584,0.0,0.0,0.0,-0.974844288362584,-1.058844288362584,-0.862844288362584,-0.712844288362584,-1.146844288362584,-1.148844288362584,-0.976844288362584,-1.118844288362584,-0.6648442883625839,-1.2068442883625838,-0.9488442883625839,-0.958844288362584,-1.074844288362584,-1.098844288362584,-1.118844288362584,-1.318844288362584
14:12:00,-1.0966973713362491,-0.9586973713362491,0.0,-0.6046973713362491,-0.9326973713362491,-1.182697371336249,-1.1526973713362492,-0.4486973713362491,-0.7226973713362491,-1.190697371336249,-1.1186973713362491,-1.0926973713362491,-1.294697371336249,-1.1586973713362492,0.0,-1.206697371336249,-1.1846973713362492,-1.1226973713362491,-1.288697371336249,-1.234697371336249,-0.8786973713362491,0.0,0.0,0.0,-0.9646973713362491,-1.048697371336249,-0.8526973713362491,-0.7026973713362491,-1.1366973713362492,-1.1386973713362492,-0.9666973713362491,-1.1086973713362491,-0.6546973713362491,-1.1966973713362492,-0.9386973713362491,-0.9486973713362491,-1.064697371336249,-1.088697371336249,-1.1086973713362491,-1.308697371336249
14:13:00,-1.0864635930171807,-0.9484635930171806,0.0,-0.5944635930171807,-0.9224635930171806,-1.1724635930171807,-1.1424635930171807,-0.43846359301718063,-0.7124635930171807,-1.1804635930171807,-1.1084635930171807,-1.0824635930171806,-1.2844635930171806,-1.1484635930171807,0.0,-1.1964635930171805,-1.1744635930171805,-1.1124635930171807,-1.2784635930171806,-1.2244635930171806,-0.8684635930171807,0.0,0.0,0.0,-0.9544635930171806,-1.0384635930171806,-0.8424635930171807,-0.6924635930171806,-1.1264635930171807,-1.1284635930171807,-0.9564635930171806,-1.0984635930171807,-0.6444635930171806,-1.1864635930171805,-0.9284635930171806,-0.9384635930171806,-1.0544635930171806,-1.0784635930171806,-1.0984635930171807,-1.2984635930171806
14:14:00,-1.0761428956388,-0.9381428956387999,0.0,-0.5841428956388,-0.9121428956387999,-1.1621428956387998,-1.1321428956388,-0.4281428956387999,-0.7021428956388,-1.1701428956387998,-1.0981428956388,-1.0721428956388,-1.2741428956388,-1.1381428956388,0.0,-1.1861428956387998,-1.1641428956388,-1.1021428956388,-1.2681428956388,-1.2141428956387998,-0.8581428956388,0.0,0.0,0.0,-0.9441428956387999,-1.0281428956388,-0.8321428956388,-0.6821428956387999,-1.1161428956388,-1.1181428956388,-0.9461428956387999,-1.0881428956388,-0.6341428956387999,-1.1761428956388,-0.9181428956387999,-0.9281428956387999,-1.0441428956388,-1.0681428956388,-1.0881428956388,-1.2881428956388
14:15:00,-1.0657352272986451,-0.9277352272986451,0.0,-0.5737352272986451,-0.9017352272986451,-1.1517352272986452,-1.1217352272986452,-0.4177352272986451,-0.6917352272986451,-1.1597352272986452,-1.0877352272986451,-1.0617352272986451,-1.263735227298645,-1.1277352272986452,0.0,-1.175735227298645,-1.153735227298645,-1.0917352272986451,-1.257735227298645,-1.203735227298645,-0.8477352272986451,0.0,0.0,0.0,-0.9337352272986451,-1.017735227298645,-0.8217352272986451,-0.6717352272986451,-1.1057352272986452,-1.1077352272986452,-0.9357352272986451,-1.0777352272986451,-0.6237352272986451,-1.165735227298645,-0.9077352272986451,-0.9177352272986451,-1.033735227298645,-1.057735227298645,-1.0777352272986451,-1.277735227298645
14:16:00,-1.0552405423965183,-0.9172405423965183,0.0,-0.5632405423965183,-0.8912405423965183,-1.1412405423965182,-1.1112405423965184,-0.4072405423965183,-0.6812405423965183,-1.1492405423965182,-1.0772405423965183,-1.0512405423965183,-1.2532405423965183,-1.1172405423965184,0.0,-1.1652405423965182,-1.1432405423965184,-1.0812405423965183,-1.2472405423965183,-1.1932405423965182,-0.8372405423965184,0.0,0.0,0.0,-0.9232405423965183,-1.0072405423965183,-0.8112405423965183,-0.6612405423965183,-1.0952405423965184,-1.0972405423965184,-0.9252405423965183,-1.0672405423965183,-0.6132405423965183,-1.1552405423965184,-0.8972405423965183,-0.9072405423965183,-1.0232405423965183,-1.0472405423965183,-1.0672405423965183,-1.2672405423965183
14:17:00,-1.0446588021991148,-0.9066588021991148,0.0,-0.5526588021991148,-0.8806588021991147,-1.1306588021991146,-1.1006588021991148,-0.39665880219911476,-0.6706588021991148,-1.1386588021991146,-1.0666588021991148,-1.0406588021991148,-1.2426588021991147,-1.1066588021991148,0.0,-1.1546588021991147,-1.1326588021991149,-1.0706588021991148,-1.2366588021991147,-1.1826588021991147,-0.8266588021991148,0.0,0.0,0.0,-0.9126588021991148,-0.9966588021991147,-0.8006588021991148,-0.6506588021991148,-1.0846588021991148,-1.0866588021991148,-0.9146588021991148,-1.0566588021991148,-0.6026588021991147,-1.1446588021991149,-0.8866588021991147,-0.8966588021991148,-1.0126588021991147,-1.0366588021991148,-1.0566588021991148,-1.2566588021991147
14:18:00,-1.0339899754409234,-0.8959899754409234,0.0,-0.5419899754409234,-0.8699899754409234,-1.1199899754409235,-1.0899899754409235,-0.3859899754409234,-0.6599899754409234,-1.1279899754409235,-1.0559899754409234,-1.0299899754409234,-1.2319899754409234,-1.0959899754409235,0.0,-1.1439899754409233,-1.1219899754409233,-1.0599899754409234,-1.2259899754409234,-1.1719899754409233,-0.8159899754409234,0.0,0.0,0.0,-0.9019899754409234,-0.9859899754409234,-0.7899899754409234,-0.6399899754409234,-1.0739899754409235,-1.0759899754409235,-0.9039899754409234,-1.0459899754409234,-0.5919899754409234,-1.1339899754409233,-0.8759899754409234,-0.8859899754409234,-1.0019899754409234,-1.0259899754409234,-1.0459899754409234,-1.2459899754409234
14:19:00,-1.0232340388655732,-0.8852340388655732,0.0,-0.5312340388655732,-0.8592340388655731,-1.1092340388655733,-1.0792340388655732,-0.37523403886557316,-0.6492340388655732,-1.1172340388655733,-1.0452340388655732,-1.0192340388655732,-1.2212340388655731,-1.0852340388655732,0.0,-1.133234038865573,-1.111234038865573,-1.0492340388655732,-1.2152340388655731,-1.161234038865573,-0.8052340388655732,0.0,0.0,0.0,-0.8912340388655732,-0.9752340388655731,-0.7792340388655732,-0.6292340388655732,-1.0632340388655732,-1.0652340388655732,-0.8932340388655732,-1.0352340388655732,-0.5812340388655731,-1.123234038865573,-0.8652340388655732,-0.8752340388655732,-0.9912340388655732,-1.0152340388655732,-1.0352340388655732,-1.2352340388655731
14:20:00,-1.0123909780043132,-0.8743909780043132,0.0,-0.5203909780043132,-0.8483909780043132,-1.0983909780043133,-1.0683909780043133,-0.3643909780043132,-0.6383909780043132,-1.1063909780043133,-1.0343909780043132,-1.0083909780043132,-1.2103909780043132,-1.0743909780043133,0.0,-1.122390978004313,-1.100390978004313,-1.0383909780043132,-1.2043909780043132,-1.1503909780043131,-0.7943909780043132,0.0,0.0,0.0,-0.8803909780043132,-0.9643909780043132,-0.7683909780043132,-0.6183909780043132,-1.0523909780043132,-1.0543909780043133,-0.8823909780043132,-1.0243909780043132,-0.5703909780043132,-1.112390978004313,-0.8543909780043132,-0.8643909780043132,-0.9803909780043132,-1.0043909780043132,-1.0243909780043132,-1.2243909780043132
14:21:00,-1.0014607804430335,-0.8634607804430335,0.0,-0.5094607804430336,-0.8374607804430335,-1.0874607804430334,-1.0574607804430336,-0.35346078044303353,-0.6274607804430336,-1.0954607804430334,-1.0234607804430336,-0.9974607804430335,-1.1994607804430335,-1.0634607804430336,0.0,-1.1114607804430334,-1.0894607804430336,-1.0274607804430336,-1.1934607804430335,-1.1394607804430334,-0.7834607804430336,0.0,0.0,0.0,-0.8694607804430335,-0.9534607804430335,-0.7574607804430336,-0.6074607804430335,-1.0414607804430336,-1.0434607804430336,-0.8714607804430335,-1.0134607804430336,-0.5594607804430335,-1.1014607804430336,-0.8434607804430335,-0.8534607804430335,-0.9694607804430335,-0.9934607804430335,-1.0134607804430336,-1.2134607804430335
14:22:00,-0.99044346596289,-0.85244346596289,0.0,-0.49844346596289,-0.82644346596289,-1.0764434659628899,-1.04644346596289,-0.34244346596289,-0.61644346596289,-1.0844434659628899,-1.01244346596289,-0.98644346596289,-1.18844346596289,-1.05244346596289,0.0,-1.1004434659628899,-1.07844346596289,-1.01644346596289,-1.18244346596289,-1.12844346596289,-0.77244346596289,0.0,0.0,0.0,-0.85844346596289,-0.94244346596289,-0.74644346596289,-0.59644346596289,-1.03044346596289,-1.03244346596289,-0.86044346596289,-1.00244346596289,-0.54844346596289,-1.09044346596289,-0.83244346596289,-0.84244346596289,-0.95844346596289,-0.98244346596289,-1.00244346596289,-1.20244346596289
14:23:00,-0.9793390433840896,-0.8413390433840896,0.0,-0.4873390433840896,-0.8153390433840896,-1.0653390433840895,-1.0353390433840897,-0.3313390433840896,-0.6053390433840896,-1.0733390433840895,-1.0013390433840896,-0.9753390433840896,-1.1773390433840896,-1.0413390433840897,0.0,-1.0893390433840895,-1.0673390433840897,-1.0053390433840896,-1.1713390433840896,-1.1173390433840895,-0.7613390433840896,0.0,0.0,0.0,-0.8473390433840896,-0.9313390433840896,-0.7353390433840896,-0.5853390433840896,-1.0193390433840896,-1.0213390433840897,-0.8493390433840896,-0.9913390433840896,-0.5373390433840896,-1.0793390433840897,-0.8213390433840896,-0.8313390433840896,-0.9473390433840896,-0.9713390433840896,-0.9913390433840896,-1.1913390433840896
14:24:00,-0.9681475405891797,-0.8301475405891797,0.0,-0.47614754058917974,-0.8041475405891797,-1.0541475405891796,-1.0241475405891798,-0.3201475405891797,-0.5941475405891797,-1.0621475405891796,-0.9901475405891798,-0.9641475405891797,-1.1661475405891797,-1.0301475405891798,0.0,-1.0781475405891796,-1.0561475405891798,-0.9941475405891798,-1.1601475405891797,-1.1061475405891796,-0.7501475405891798,0.0,0.0,0.0,-0.8361475405891797,-0.9201475405891797,-0.7241475405891797,-0.5741475405891797,-1.0081475405891798,-1.0101475405891798,-0.8381475405891797,-0.9801475405891797,-0.5261475405891797,-1.0681475405891798,-0.8101475405891797,-0.8201475405891797,-0.9361475405891797,-0.9601475405891797,-0.9801475405891797,-1.1801475405891797
14:25:00,-0.9568689982483436,-0.8188689982483436,0.0,-0.4648689982483436,-0.7928689982483436,-1.0428689982483434,-1.0128689982483436,-0.3088689982483436,-0.5828689982483436,-1.0508689982483435,-0.9788689982483436,-0.9528689982483436,-1.1548689982483435,-1.0188689982483436,0.0,-1.0668689982483435,-1.0448689982483437,-0.9828689982483436,-1.1488689982483435,-1.0948689982483435,-0.7388689982483436,0.0,0.0,0.0,-0.8248689982483436,-0.9088689982483436,-0.7128689982483436,-0.5628689982483436,-0.9968689982483436,-0.9988689982483436,-0.8268689982483436,-0.9688689982483436,-0.5148689982483435,-1.0568689982483437,-0.7988689982483436,-0.8088689982483436,-0.9248689982483436,-0.9488689982483436,-0.9688689982483436,-1.1688689982483436
14:26:00,-0.9455034706989505,-0.8075034706989505,-0.23393424584289668,-0.4535034706989505,-0.7815034706989504,-1.0315034706989503,-1.0015034706989505,-0.29750347069895045,-0.5715034706989505,-1.0395034706989503,-0.9675034706989505,-0.9415034706989505,-1.1435034706989504,-1.0075034706989505,0.0,-1.0555034706989503,-1.0335034706989505,-0.9715034706989505,-1.1375034706989504,-1.0835034706989504,-0.7275034706989505,0.0,0.0,0.0,-0.8135034706989505,-0.8975034706989504,-0.7015034706989505,-0.5515034706989504,-0.9855034706989505,-0.9875034706989505,-0.8155034706989505,-0.9575034706989505,-0.5035034706989504,-1.0455034706989506,-0.7875034706989504,-0.7975034706989504,-0.9135034706989504,-0.9375034706989505,-0.9575034706989505,-1.1575034706989504
14:27:00,-0.934051026987371,-0.796051026987371,-0.782051026987371,-0.442051026987371,-0.7700510269873709,-1.020051026987371,-0.9900510269873709,-0.28605102698737095,-0.560051026987371,-1.028051026987371,-0.956051026987371,-0.930051026987371,-1.132051026987371,-0.9960510269873709,0.0,-1.0440510269873708,-1.0220510269873708,-0.960051026987371,-1.126051026987371,-1.0720510269873709,-0.716051026987371,0.0,0.0,0.0,-0.802051026987371,-0.8860510269873709,-0.690051026987371,-0.540051026987371,-0.974051026987371,-0.976051026987371,-0.804051026987371,-0.946051026987371,-0.4920510269873709,-1.0340510269873708,-0.7760510269873709,-0.786051026987371,-0.9020510269873709,-0.926051026987371,-0.946051026987371,-1.146051026987371
14:28:00,-0.9225117519782129,-0.7845117519782129,-0.7705117519782129,-0.4305117519782129,-0.7585117519782129,-1.008511751978213,-0.9785117519782128,-0.27451175197821287,-0.5485117519782129,-1.016511751978213,-0.9445117519782129,-0.9185117519782129,-1.1205117519782128,-0.9845117519782128,0.0,-1.0325117519782128,-1.0105117519782127,-0.9485117519782129,-1.1145117519782128,-1.0605117519782128,-0.7045117519782129,0.0,0.0,0.0,-0.7905117519782129,-0.8745117519782128,-0.6785117519782129,-0.5285117519782129,-0.9625117519782129,-0.9645117519782129,-0.7925117519782129,-0.9345117519782129,-0.48051175197821283,-1.0225117519782128,-0.7645117519782129,-0.7745117519782129,-0.8905117519782129,-0.9145117519782129,-0.9345117519782129,-1.1345117519782129
14:29:00,-0.9108857474225651,-0.7728857474225651,-0.7588857474225651,-0.4188857474225651,-0.7468857474225651,-0.9968857474225651,-0.9668857474225651,-0.2628857474225651,-0.5368857474225651,-1.004885747422565,-0.9328857474225651,-0.9068857474225651,-1.108885747422565,-0.9728857474225651,0.0,-1.020885747422565,-0.9988857474225651,-0.9368857474225651,-1.102885747422565,-1.048885747422565,-0.6928857474225651,0.0,0.0,0.0,-0.7788857474225651,-0.8628857474225651,-0.6668857474225651,-0.5168857474225651,-0.9508857474225652,-0.9528857474225652,-0.7808857474225651,-0.9228857474225651,-0.46888574742256506,-1.0108857474225652,-0.7528857474225651,-0.7628857474225651,-0.8788857474225651,-0.9028857474225651,-0.9228857474225651,-1.122885747422565
14:30:00,-0.7791731333210051,-0.9131731333210051,-0.9371731333210052,-0.6871731333210052,-0.6551731333210051,-1.035173133321005,-0.9571731333210051,0.0,-0.5091731333210051,-1.039173133321005,-0.9911731333210051,-0.9631731333210051,-0.8591731333210051,-1.031173133321005,0.0,-1.007173133321005,-1.0031731333210052,-0.9231731333210051,-1.103173133321005,-1.039173133321005,-0.7451731333210051,0.0,0.0,0.0,-0.8551731333210051,-0.8551731333210051,-0.8451731333210051,-1.021173133321005,-0.8611731333210051,0.0,-0.8291731333210051,-0.8511731333210051,-0.5991731333210051,-0.9411731333210052,-0.6911731333210052,-0.8491731333210051,-0.9031731333210051,-0.9931731333210051,-0.9151731333210051,-1.021173133321005
14:31:00,-0.7673740491435369,-0.9013740491435369,-0.9253740491435369,-0.6753740491435369,-0.6433740491435369,-1.0233740491435368,-0.9453740491435368,0.0,-0.4973740491435369,-1.0273740491435368,-0.9793740491435369,-0.9513740491435368,-0.8473740491435369,-1.0193740491435368,0.0,-0.9953740491435369,-0.9913740491435369,-0.9113740491435369,-1.0913740491435369,-1.0273740491435368,-0.7333740491435369,0.0,0.0,0.0,-0.8433740491435369,-0.8433740491435369,-0.8333740491435369,-1.0093740491435368,-0.8493740491435369,0.0,-0.8173740491435368,-0.8393740491435369,-0.5873740491435369,-0.9293740491435369,-0.6793740491435369,-0.8373740491435369,-0.8913740491435369,-0.9813740491435369,-0.9033740491435369,-1.0093740491435368
14:32:00,-0.755488647246571,-0.8894886472465711,-0.9134886472465711,-0.6634886472465711,-0.631488647246571,-1.011488647246571,-0.933488647246571,0.0,-0.48548864724657104,-1.015488647246571,-0.967488647246571,-0.939488647246571,-0.835488647246571,-1.007488647246571,0.0,-0.983488647246571,-0.979488647246571,-0.8994886472465711,-1.079488647246571,-1.015488647246571,-0.721488647246571,0.0,0.0,0.0,-0.831488647246571,-0.831488647246571,-0.821488647246571,-0.997488647246571,-0.837488647246571,0.0,-0.805488647246571,-0.827488647246571,-0.575488647246571,-0.9174886472465711,-0.6674886472465711,-0.825488647246571,-0.879488647246571,-0.969488647246571,-0.8914886472465711,-0.997488647246571
14:33:00,-0.7435171263129102,-0.8775171263129102,-0.9015171263129103,-0.6515171263129103,-0.6195171263129102,-0.9995171263129102,-0.9215171263129102,0.0,-0.4735171263129102,-1.0035171263129101,-0.9555171263129102,-0.9275171263129102,-0.8235171263129102,-0.9955171263129102,0.0,-0.9715171263129102,-0.9675171263129102,-0.8875171263129102,-1.0675171263129102,-1.0035171263129101,-0.7095171263129102,0.0,0.0,0.0,-0.8195171263129102,-0.8195171263129102,-0.8095171263129102,-0.9855171263129102,-0.8255171263129102,0.0,-0.7935171263129102,-0.8155171263129102,-0.5635171263129102,-0.9055171263129103,-0.6555171263129103,-0.8135171263129102,-0.8675171263129102,-0.9575171263129102,-0.8795171263129102,-0.9855171263129102
14:34:00,-0.7314596850151643,-0.8654596850151643,-0.8894596850151644,-0.6394596850151644,-0.6074596850151643,-0.9874596850151643,-0.9094596850151643,0.0,-0.4614596850151643,-0.9914596850151643,-0.9434596850151643,-0.9154596850151643,-0.8114596850151643,-0.9834596850151643,0.0,-0.9594596850151643,-0.9554596850151643,-0.8754596850151644,-1.0554596850151643,-0.9914596850151643,-0.6974596850151643,0.0,0.0,0.0,-0.8074596850151643,-0.8074596850151643,-0.7974596850151643,-0.9734596850151643,-0.8134596850151643,0.0,-0.7814596850151643,-0.8034596850151643,-0.5514596850151643,-0.8934596850151644,-0.6434596850151644,-0.8014596850151643,-0.8554596850151643,-0.9454596850151643,-0.8674596850151644,-0.9734596850151643
14:35:00,-0.7193165556469351,-0.8533165556469351,-0.8773165556469351,-0.6273165556469351,-0.5953165556469351,-0.9753165556469351,-0.897316555646935,0.0,-0.44931655564693507,-0.9793165556469351,-0.931316555646935,-0.903316555646935,-0.799316555646935,-0.9713165556469351,0.0,-0.9473165556469351,-0.9433165556469351,-0.8633165556469351,-1.043316555646935,-0.9793165556469351,-0.685316555646935,0.0,0.0,0.0,-0.795316555646935,-0.795316555646935,-0.785316555646935,-0.9613165556469351,-0.801316555646935,0.0,-0.769316555646935,-0.791316555646935,-0.539316555646935,-0.8813165556469351,-0.6313165556469351,-0.789316555646935,-0.8433165556469351,-0.933316555646935,-0.8553165556469351,-0.9613165556469351
14:36:00,-0.7070879978718584,-0.8410879978718584,-0.8650879978718584,-0.6150879978718584,-0.5830879978718584,-0.9630879978718584,-0.8850879978718583,0.0,-0.43708799787185837,-0.9670879978718584,-0.9190879978718584,-0.8910879978718583,-0.7870879978718583,-0.9590879978718584,0.0,-0.9350879978718584,-0.9310879978718584,-0.8510879978718584,-1.0310879978718583,-0.9670879978718584,-0.6730879978718584,0.0,0.0,0.0,-0.7830879978718583,-0.7830879978718583,-0.7730879978718583,-0.9490879978718584,-0.7890879978718583,0.0,-0.7570879978718583,-0.7790879978718583,-0.5270879978718583,-0.8690879978718584,-0.6190879978718584,-0.7770879978718583,-0.8310879978718584,-0.9210879978718584,-0.8430879978718584,-0.9490879978718584
14:37:00,-0.6947743006388928,-0.8287743006388928,-0.8527743006388928,-0.6027743006388928,-0.5707743006388928,-0.9507743006388928,-0.8727743006388927,0.0,-0.42477430063889277,-0.9547743006388928,-0.9067743006388927,-0.8787743006388927,-0.7747743006388927,-0.9467743006388928,0.0,-0.9227743006388928,-0.9187743006388928,-0.8387743006388928,-1.0187743006388927,-0.9547743006388928,-0.6607743006388928,0.0,0.0,0.0,-0.7707743006388927,-0.7707743006388927,-0.7607743006388927,-0.9367743006388928,-0.7767743006388927,0.0,-0.7447743006388927,-0.7667743006388927,-0.5147743006388927,-0.8567743006388928,-0.6067743006388928,-0.7647743006388927,-0.8187743006388928,-0.9087743006388928,-0.8307743006388928,-0.9367743006388928
14:38:00,-0.68237578419231,-0.81637578419231,-0.8403757841923101,-0.5903757841923101,-0.55837578419231,-0.93837578419231,-0.86037578419231,0.0,-0.41237578419231,-0.94237578419231,-0.89437578419231,-0.86637578419231,-0.76237578419231,-0.93437578419231,0.0,-0.91037578419231,-0.90637578419231,-0.8263757841923101,-1.00637578419231,-0.94237578419231,-0.64837578419231,0.0,0.0,0.0,-0.75837578419231,-0.75837578419231,-0.74837578419231,-0.92437578419231,-0.76437578419231,0.0,-0.73237578419231,-0.75437578419231,-0.50237578419231,-0.8443757841923101,-0.5943757841923101,-0.75237578419231,-0.80637578419231,-0.89637578419231,-0.81837578419231,-0.92437578419231
14:39:00,-0.6698928022316434,-0.8038928022316434,-0.8278928022316434,-0.5778928022316434,-0.5458928022316434,-0.9258928022316434,-0.8478928022316433,0.0,-0.39989280223164336,-0.9298928022316434,-0.8818928022316433,-0.8538928022316433,-0.7498928022316433,-0.9218928022316434,0.0,-0.8978928022316434,-0.8938928022316434,-0.8138928022316434,-0.9938928022316433,-0.9298928022316434,-0.6358928022316434,0.0,0.0,0.0,-0.7458928022316433,-0.7458928022316433,-0.7358928022316433,-0.9118928022316434,-0.7518928022316433,0.0,-0.7198928022316433,-0.7418928022316433,-0.48989280223164333,-0.8318928022316434,-0.5818928022316434,-0.7398928022316433,-0.7938928022316434,-0.8838928022316433,-0.8058928022316434,-0.9118928022316434
14:40:00,-0.6573257440931383,-0.7913257440931383,-0.8153257440931383,-0.5653257440931383,-0.5333257440931383,-0.9133257440931383,-0.8353257440931382,0.0,-0.38732574409313825,-0.9173257440931383,-0.8693257440931382,-0.8413257440931382,-0.7373257440931382,-0.9093257440931383,0.0,-0.8853257440931382,-0.8813257440931382,-0.8013257440931383,-0.9813257440931382,-0.9173257440931383,-0.6233257440931382,0.0,0.0,0.0,-0.7333257440931382,-0.7333257440931382,-0.7233257440931382,-0.8993257440931383,-0.7393257440931382,0.0,-0.7073257440931382,-0.7293257440931382,-0.4773257440931382,-0.8193257440931383,-0.5693257440931383,-0.7273257440931382,-0.7813257440931383,-0.8713257440931382,-0.7933257440931383,-0.8993257440931383
14:41:00,-0.6446750372994821,-0.7786750372994821,-0.802675037299482,-0.552675037299482,-0.520675037299482,-0.9006750372994821,-0.822675037299482,0.0,-0.37467503729948204,-0.9046750372994821,-0.856675037299482,-0.828675037299482,-0.724675037299482,-0.8966750372994821,0.0,-0.872675037299482,-0.868675037299482,-0.788675037299482,-0.968675037299482,-0.9046750372994821,-0.610675037299482,0.0,0.0,0.0,-0.720675037299482,-0.720675037299482,-0.710675037299482,-0.886675037299482,-0.726675037299482,0.0,-0.6946750372994821,-0.716675037299482,-0.464675037299482,-0.806675037299482,-0.556675037299482,-0.714675037299482,-0.7686750372994821,-0.858675037299482,-0.7806750372994821,-0.886675037299482
14:42:00,-0.6319411500350516,-0.7659411500350516,-0.7899411500350515,-0.5399411500350515,-0.5079411500350515,-0.8879411500350516,-0.8099411500350515,0.0,-0.36194115003505156,-0.8919411500350516,-0.8439411500350515,-0.8159411500350515,-0.7119411500350515,-0.8839411500350516,0.0,-0.8599411500350516,-0.8559411500350516,-0.7759411500350515,-0.9559411500350515,-0.8919411500350516,-0.5979411500350515,0.0,0.0,0.0,-0.7079411500350515,-0.7079411500350515,-0.6979411500350515,-0.8739411500350516,-0.7139411500350515,0.0,-0.6819411500350516,-0.7039411500350515,-0.45194115003505153,-0.7939411500350515,-0.5439411500350515,-0.7019411500350515,-0.7559411500350516,-0.8459411500350515,-0.7679411500350516,-0.8739411500350516
14:43:00,-0.6191245938909065,-0.7531245938909065,-0.7771245938909064,-0.5271245938909064,-0.4951245938909064,-0.8751245938909065,-0.7971245938909064,0.0,-0.34912459389090644,-0.8791245938909065,-0.8311245938909064,-0.8031245938909064,-0.6991245938909064,-0.8711245938909065,0.0,-0.8471245938909064,-0.8431245938909064,-0.7631245938909064,-0.9431245938909064,-0.8791245938909065,-0.5851245938909064,-0.2439962245097097,0.0,0.0,-0.6951245938909064,-0.6951245938909064,-0.6851245938909064,-0.8611245938909065,-0.7011245938909064,0.0,-0.6691245938909065,-0.6911245938909064,-0.4391245938909064,-0.7811245938909064,-0.5311245938909064,-0.6891245938909064,-0.7431245938909065,-0.8331245938909064,-0.7551245938909065,-0.8611245938909065
14:44:00,-0.6062259181083061,-0.7402259181083061,-0.764225918108306,-0.514225918108306,-0.482225918108306,-0.8622259181083061,-0.784225918108306,0.0,-0.33622591810830604,-0.8662259181083061,-0.818225918108306,-0.790225918108306,-0.686225918108306,-0.8582259181083061,0.0,-0.834225918108306,-0.830225918108306,-0.750225918108306,-0.930225918108306,-0.8662259181083061,-0.572225918108306,-0.562225918108306,0.0,0.0,-0.682225918108306,-0.682225918108306,-0.672225918108306,-0.848225918108306,-0.688225918108306,0.0,-0.6562259181083061,-0.678225918108306,-0.426225918108306,-0.768225918108306,-0.518225918108306,-0.676225918108306,-0.7302259181083061,-0.820225918108306,-0.7422259181083061,-0.848225918108306
14:45:00,-0.5932457472090225,-0.7272457472090225,-0.7512457472090224,-0.5012457472090224,-0.4692457472090224,-0.8492457472090225,-0.7712457472090224,0.0,-0.32324574720902244,-0.8532457472090225,-0.8052457472090224,-0.7772457472090224,-0.6732457472090224,-0.8452457472090225,0.0,-0.8212457472090224,-0.8172457472090224,-0.7372457472090224,-0.9172457472090224,-0.8532457472090225,-0.5592457472090224,-0.5492457472090224,0.0,0.0,-0.6692457472090224,-0.6692457472090224,-0.6592457472090224,-0.8352457472090224,-0.6752457472090224,0.0,-0.6432457472090225,-0.6652457472090224,-0.4132457472090224,-0.7552457472090224,-0.5052457472090224,-0.6632457472090224,-0.7172457472090225,-0.8072457472090224,-0.7292457472090225,-0.8352457472090224
14:46:00,-0.5801847325026592,-0.7141847325026592,-0.7381847325026591,-0.4881847325026592,-0.4561847325026592,-0.8361847325026592,-0.7581847325026592,0.0,-0.3101847325026592,-0.8401847325026592,-0.7921847325026592,-0.7641847325026592,-0.6601847325026592,-0.8321847325026592,0.0,-0.8081847325026592,-0.8041847325026592,-0.7241847325026591,-0.9041847325026592,-0.8401847325026592,-0.5461847325026592,-0.5361847325026592,0.0,0.0,-0.6561847325026592,-0.6561847325026592,-0.6461847325026592,-0.8221847325026592,-0.6621847325026592,0.0,-0.6301847325026593,-0.6521847325026592,-0.4001847325026592,-0.7421847325026592,-0.4921847325026592,-0.6501847325026592,-0.7041847325026592,-0.7941847325026592,-0.7161847325026592,-0.8221847325026592
14:47:00,-0.5670435900041254,-0.7010435900041254,-0.7250435900041254,-0.4750435900041254,-0.44304359000412535,-0.8230435900041254,-0.7450435900041253,0.0,-0.2970435900041254,-0.8270435900041254,-0.7790435900041254,-0.7510435900041253,-0.6470435900041254,-0.8190435900041254,0.0,-0.7950435900041254,-0.7910435900041254,-0.7110435900041254,-0.8910435900041254,-0.8270435900041254,-0.5330435900041254,-0.5230435900041254,0.0,0.0,-0.6430435900041254,-0.6430435900041254,-0.6330435900041254,-0.8090435900041254,-0.6490435900041254,0.0,-0.6170435900041253,-0.6390435900041254,-0.38704359000412536,-0.7290435900041254,-0.4790435900041254,-0.6370435900041254,-0.6910435900041254,-0.7810435900041254,-0.7030435900041254,-0.8090435900041254
14:48:00,-0.5538230955068123,-0.6878230955068123,-0.7118230955068123,-0.4618230955068123,-0.42982309550681225,-0.8098230955068123,-0.7318230955068122,0.0,-0.2838230955068123,-0.8138230955068123,-0.7658230955068123,-0.7378230955068122,-0.6338230955068123,-0.8058230955068123,0.0,-0.7818230955068123,-0.7778230955068123,-0.6978230955068123,-0.8778230955068123,-0.8138230955068123,-0.5198230955068123,-0.5098230955068123,0.0,0.0,-0.6298230955068123,-0.6298230955068123,-0.6198230955068122,-0.7958230955068123,-0.6358230955068123,0.0,-0.6038230955068122,-0.6258230955068123,-0.37382309550681225,-0.7158230955068123,-0.4658230955068123,-0.6238230955068123,-0.6778230955068123,-0.7678230955068123,-0.6898230955068123,-0.7958230955068123
14:49:00,-0.5405240885195067,-0.6745240885195067,-0.6985240885195068,-0.4485240885195067,-0.4165240885195067,-0.7965240885195067,-0.7185240885195067,0.0,-0.2705240885195067,-0.8005240885195067,-0.7525240885195067,-0.7245240885195067,-0.6205240885195067,-0.7925240885195067,0.0,-0.7685240885195067,-0.7645240885195067,-0.6845240885195067,-0.8645240885195067,-0.8005240885195067,-0.5065240885195067,-0.4965240885195067,0.0,0.0,-0.6165240885195067,-0.6165240885195067,-0.6065240885195067,-0.7825240885195067,-0.6225240885195067,0.0,-0.5905240885195067,-0.6125240885195067,-0.3605240885195067,-0.7025240885195068,-0.4525240885195067,-0.6105240885195067,-0.6645240885195067,-0.7545240885195067,-0.6765240885195067,-0.7825240885195067
14:50:00,-0.5271474762736295,-0.6611474762736295,-0.6851474762736294,-0.43514747627362943,-0.4031474762736294,-0.7831474762736295,-0.7051474762736294,0.0,-0.25714747627362944,-0.7871474762736295,-0.7391474762736294,-0.7111474762736294,-0.6071474762736294,-0.7791474762736295,0.0,-0.7551474762736294,-0.7511474762736294,-0.6711474762736294,-0.8511474762736294,-0.7871474762736295,-0.4931474762736294,-0.4831474762736294,0.0,0.0,-0.6031474762736294,-0.6031474762736294,-0.5931474762736294,-0.7691474762736294,-0.6091474762736294,0.0,-0.5771474762736295,-0.5991474762736294,-0.3471474762736294,-0.6891474762736294,-0.43914747627362943,-0.5971474762736294,-0.6511474762736295,-0.7411474762736294,-0.6631474762736295,-0.7691474762736294
14:51:00,-0.5136942383712911,-0.6476942383712911,-0.6716942383712912,-0.4216942383712911,-0.3896942383712911,-0.7696942383712911,-0.6916942383712911,0.0,-0.24369423837129112,-0.7736942383712911,-0.7256942383712911,-0.6976942383712911,-0.5936942383712911,-0.7656942383712911,0.0,-0.7416942383712911,-0.7376942383712911,-0.6576942383712912,-0.8376942383712911,-0.7736942383712911,-0.4796942383712911,-0.4696942383712911,0.0,0.0,-0.5896942383712911,-0.5896942383712911,-0.5796942383712911,-0.7556942383712911,-0.5956942383712911,0.0,-0.5636942383712911,-0.5856942383712911,-0.3336942383712911,-0.6756942383712912,-0.4256942383712911,-0.5836942383712911,-0.6376942383712911,-0.7276942383712911,-0.6496942383712911,-0.7556942383712911
14:52:00,-0.5001654311908125,-0.6341654311908125,-0.6581654311908125,-0.40816543119081244,-0.3761654311908124,-0.7561654311908125,-0.6781654311908124,0.0,-0.23016543119081245,-0.7601654311908125,-0.7121654311908124,-0.6841654311908124,-0.5801654311908124,-0.7521654311908125,0.0,-0.7281654311908125,-0.7241654311908124,-0.6441654311908125,-0.8241654311908124,-0.7601654311908125,-0.46616543119081244,-0.45616543119081243,0.0,0.0,-0.5761654311908124,-0.5761654311908124,-0.5661654311908124,-0.7421654311908125,-0.5821654311908124,0.0,-0.5501654311908124,-0.5721654311908124,-0.3201654311908124,-0.6621654311908125,-0.41216543119081245,-0.5701654311908124,-0.6241654311908125,-0.7141654311908124,-0.6361654311908125,-0.7421654311908125
14:53:00,-0.4865621929518755,-0.6205621929518755,-0.6445621929518754,-0.3945621929518755,-0.3625621929518755,-0.7425621929518755,-0.6645621929518755,0.0,-0.2165621929518755,-0.7465621929518755,-0.6985621929518755,-0.6705621929518755,-0.5665621929518755,-0.7385621929518755,0.0,-0.7145621929518755,-0.7105621929518755,-0.6305621929518754,-0.8105621929518755,-0.7465621929518755,-0.4525621929518755,-0.4425621929518755,0.0,0.0,-0.5625621929518755,-0.5625621929518755,-0.5525621929518755,-0.7285621929518755,-0.5685621929518755,0.0,-0.5365621929518756,-0.5585621929518755,-0.3065621929518755,-0.6485621929518754,-0.3985621929518755,-0.5565621929518755,-0.6105621929518755,-0.7005621929518755,-0.6225621929518755,-0.7285621929518755
14:54:00,-0.4728857489448095,-0.6068857489448095,-0.6308857489448094,-0.3808857489448095,-0.34888574894480945,-0.7288857489448095,-0.6508857489448094,0.0,-0.20288574894480949,-0.7328857489448095,-0.6848857489448095,-0.6568857489448094,-0.5528857489448095,-0.7248857489448095,0.0,-0.7008857489448095,-0.6968857489448095,-0.6168857489448094,-0.7968857489448095,-0.7328857489448095,-0.4388857489448095,-0.42888574894480946,0.0,0.0,-0.5488857489448095,-0.5488857489448095,-0.5388857489448095,-0.7148857489448095,-0.5548857489448095,0.0,-0.5228857489448095,-0.5448857489448095,-0.29288574894480945,-0.6348857489448094,-0.3848857489448095,-0.5428857489448095,-0.5968857489448095,-0.6868857489448095,-0.6088857489448095,-0.7148857489448095
14:55:00,-0.4591374077330066,-0.5931374077330066,-0.6171374077330065,-0.36713740773300657,-0.33513740773300654,-0.7151374077330066,-0.6371374077330065,0.0,-0.18913740773300658,-0.7191374077330066,-0.6711374077330066,-0.6431374077330065,-0.5391374077330066,-0.7111374077330066,0.0,-0.6871374077330066,-0.6831374077330066,-0.6031374077330065,-0.7831374077330066,-0.7191374077330066,-0.42513740773300657,-0.41513740773300656,0.0,0.0,-0.5351374077330066,-0.5351374077330066,-0.5251374077330065,-0.7011374077330066,-0.5411374077330066,0.0,-0.5091374077330066,-0.5311374077330066,-0.27913740773300655,-0.6211374077330065,-0.3711374077330066,-0.5291374077330065,-0.5831374077330066,-0.6731374077330066,-0.5951374077330066,-0.7011374077330066
14:56:00,-0.44531860409892143,-0.5793186040989214,-0.6033186040989214,-0.3533186040989214,-0.3213186040989214,-0.7013186040989214,-0.6233186040989214,0.0,-0.17531860409892142,-0.7053186040989214,-0.6573186040989214,-0.6293186040989214,-0.5253186040989214,-0.6973186040989214,0.0,-0.6733186040989214,-0.6693186040989214,-0.5893186040989213,-0.7693186040989214,-0.7053186040989214,-0.4113186040989214,-0.4013186040989214,0.0,0.0,-0.5213186040989214,-0.5213186040989214,-0.5113186040989214,-0.6873186040989214,-0.5273186040989214,0.0,-0.4953186040989214,-0.5173186040989214,-0.2653186040989214,-0.6073186040989214,-0.3573186040989214,-0.5153186040989214,-0.5693186040989214,-0.6593186040989214,-0.5813186040989214,-0.6873186040989214
14:57:00,-0.4314308498404873,-0.5654308498404873,-0.5894308498404872,-0.33943084984048727,-0.30743084984048724,-0.6874308498404873,-0.6094308498404872,0.0,-0.16143084984048728,-0.6914308498404873,-0.6434308498404873,-0.6154308498404872,-0.5114308498404873,-0.6834308498404873,0.0,-0.6594308498404873,-0.6554308498404873,-0.5754308498404872,-0.7554308498404873,-0.6914308498404873,-0.39743084984048727,-0.38743084984048726,0.0,0.0,-0.5074308498404873,-0.5074308498404873,-0.49743084984048724,-0.6734308498404873,-0.5134308498404873,0.0,-0.4814308498404873,-0.5034308498404872,-0.25143084984048725,-0.5934308498404872,-0.3434308498404873,-0.5014308498404872,-0.5554308498404873,-0.6454308498404873,-0.5674308498404873,-0.6734308498404873
14:58:00,-0.4174757771993993,-0.5514757771993993,-0.5754757771993992,-0.3254757771993993,-0.29347577719939927,-0.6734757771993993,-0.5954757771993993,0.0,-0.1474757771993993,-0.6774757771993993,-0.6294757771993993,-0.6014757771993993,-0.4974757771993993,-0.6694757771993993,0.0,-0.6454757771993993,-0.6414757771993993,-0.5614757771993992,-0.7414757771993993,-0.6774757771993993,-0.3834757771993993,-0.3734757771993993,0.0,0.0,-0.4934757771993993,-0.4934757771993993,-0.48347577719939927,-0.6594757771993993,-0.4994757771993993,0.0,-0.4674757771993993,-0.4894757771993993,-0.23747577719939927,-0.5794757771993992,-0.3294757771993993,-0.4874757771993993,-0.5414757771993993,-0.6314757771993993,-0.5534757771993993,-0.6594757771993993
14:59:00,-0.40345513664330557,-0.5374551366433056,-0.5614551366433056,-0.31145513664330554,-0.2794551366433055,-0.6594551366433056,-0.5814551366433055,0.0,-0.13345513664330555,-0.6634551366433056,-0.6154551366433055,-0.5874551366433055,-0.4834551366433055,-0.6554551366433056,0.0,-0.6314551366433055,-0.6274551366433055,-0.5474551366433056,-0.7274551366433055,-0.6634551366433056,-0.36945513664330554,-0.35945513664330553,0.0,0.0,-0.4794551366433055,-0.4794551366433055,-0.4694551366433055,-0.6454551366433056,-0.48545513664330553,0.0,-0.45345513664330556,-0.4754551366433055,-0.22345513664330552,-0.5654551366433056,-0.31545513664330554,-0.4734551366433055,-0.5274551366433056,-0.6174551366433055,-0.5394551366433056,-0.6454551366433056
15:00:00,-0.7826578779021549,-0.958657877902155,-0.9266578779021549,-0.662657877902155,-0.576657877902155,-1.024657877902155,-0.9126578779021549,0.0,-0.47665787790215497,-0.658657877902155,-0.9426578779021549,-0.9286578779021549,-0.902657877902155,0.0,0.0,-0.9466578779021549,-0.866657877902155,-0.888657877902155,-1.0046578779021549,-0.996657877902155,-0.720657877902155,-0.7566578779021549,0.0,0.0,-0.7846578779021549,-0.8106578779021549,-0.7486578779021549,-0.958657877902155,-0.898657877902155,0.0,-0.7846578779021549,-0.7866578779021549,-0.9206578779021549,-0.844657877902155,-0.7946578779021549,-0.882657877902155,-0.858657877902155,-0.954657877902155,-0.7846578779021549,-0.990657877902155
15:01:00,-0.7621997668229692,-0.9381997668229692,-0.9061997668229692,-0.6421997668229693,-0.5561997668229692,-1.0041997668229692,-0.8921997668229692,0.0,-0.45619976682296925,-0.6381997668229693,-0.9221997668229692,-0.9081997668229692,-0.8821997668229693,0.0,0.0,-0.9261997668229692,-0.8461997668229693,-0.8681997668229693,-0.9841997668229693,-0.9761997668229693,-0.7001997668229692,-0.7361997668229692,0.0,0.0,-0.7641997668229692,-0.7901997668229692,-0.7281997668229692,-0.9381997668229692,-0.8781997668229693,0.0,-0.7641997668229692,-0.7661997668229692,-0.9001997668229692,-0.8241997668229692,-0.7741997668229692,-0.8621997668229693,-0.8381997668229693,-0.9341997668229692,-0.7641997668229692,-0.9701997668229693
15:02:00,-0.7416456173850101,-0.9176456173850102,-0.8856456173850101,-0.6216456173850102,-0.5356456173850102,-0.9836456173850101,-0.8716456173850101,0.0,-0.4356456173850102,-0.6176456173850102,-0.9016456173850101,-0.8876456173850101,-0.8616456173850102,0.0,0.0,-0.9056456173850101,-0.8256456173850102,-0.8476456173850102,-0.9636456173850102,-0.9556456173850102,-0.6796456173850102,-0.7156456173850101,0.0,0.0,-0.7436456173850101,-0.7696456173850101,-0.7076456173850101,-0.9176456173850102,-0.8576456173850102,0.0,-0.7436456173850101,-0.7456456173850101,-0.8796456173850101,-0.8036456173850102,-0.7536456173850101,-0.8416456173850102,-0.8176456173850102,-0.9136456173850102,-0.7436456173850101,-0.9496456173850102
15:03:00,-0.7209986910134933,-0.8969986910134934,-0.8649986910134934,-0.6009986910134935,-0.5149986910134934,-0.9629986910134933,-0.8509986910134933,0.0,-0.4149986910134934,-0.5969986910134935,-0.8809986910134934,-0.8669986910134934,-0.8409986910134934,0.0,0.0,-0.8849986910134934,-0.8049986910134934,-0.8269986910134934,-0.9429986910134934,-0.9349986910134934,-0.6589986910134934,-0.6949986910134933,0.0,0.0,-0.7229986910134933,-0.7489986910134934,-0.6869986910134933,-0.8969986910134934,-0.8369986910134934,0.0,-0.7229986910134933,-0.7249986910134933,-0.8589986910134934,-0.7829986910134934,-0.7329986910134934,-0.8209986910134934,-0.7969986910134934,-0.8929986910134934,-0.7229986910134933,-0.9289986910134934
15:04:00,-0.700262491915532,-0.8762624919155321,-0.844262491915532,-0.5802624919155321,-0.49426249191553207,-0.942262491915532,-0.830262491915532,0.0,-0.3942624919155321,-0.5762624919155321,-0.8602624919155321,-0.846262491915532,-0.8202624919155321,0.0,0.0,-0.8642624919155321,-0.7842624919155321,-0.8062624919155321,-0.9222624919155321,-0.9142624919155321,-0.6382624919155321,-0.674262491915532,0.0,0.0,-0.702262491915532,-0.728262491915532,-0.666262491915532,-0.8762624919155321,-0.8162624919155321,0.0,-0.702262491915532,-0.704262491915532,-0.838262491915532,-0.7622624919155321,-0.712262491915532,-0.8002624919155321,-0.7762624919155321,-0.8722624919155321,-0.702262491915532,-0.9082624919155321
15:05:00,-0.6794407818147064,-0.8554407818147064,-0.8234407818147064,-0.5594407818147065,-0.4734407818147064,-0.9214407818147063,-0.8094407818147064,0.0,-0.3734407818147064,-0.5554407818147065,-0.8394407818147064,-0.8254407818147064,-0.7994407818147065,0.0,0.0,-0.8434407818147064,-0.7634407818147064,-0.7854407818147064,-0.9014407818147064,-0.8934407818147064,-0.6174407818147064,-0.6534407818147063,0.0,0.0,-0.6814407818147064,-0.7074407818147064,-0.6454407818147063,-0.8554407818147064,-0.7954407818147065,0.0,-0.6814407818147064,-0.6834407818147064,-0.8174407818147064,-0.7414407818147064,-0.6914407818147064,-0.7794407818147064,-0.7554407818147064,-0.8514407818147064,-0.6814407818147064,-0.8874407818147064
15:06:00,-0.6585375818038619,-0.8345375818038618,-0.8025375818038618,-0.5385375818038618,-0.45253758180386183,-0.9005375818038618,-0.7885375818038618,0.0,-0.35253758180386185,-0.5345375818038618,-0.8185375818038618,-0.8045375818038618,-0.7785375818038618,0.0,0.0,-0.8225375818038618,-0.7425375818038619,-0.7645375818038618,-0.8805375818038619,-0.8725375818038619,-0.5965375818038618,-0.6325375818038619,0.0,0.0,-0.6605375818038619,-0.6865375818038618,-0.6245375818038619,-0.8345375818038618,-0.7745375818038618,0.0,-0.6605375818038619,-0.6625375818038619,-0.7965375818038618,-0.7205375818038618,-0.6705375818038619,-0.7585375818038618,-0.7345375818038619,-0.8305375818038618,-0.6605375818038619,-0.8665375818038619
15:07:00,-0.6375572447694329,-0.8135572447694328,-0.7815572447694328,-0.5175572447694328,-0.4315572447694328,-0.8795572447694328,-0.7675572447694328,0.0,-0.3315572447694328,-0.5135572447694328,-0.7975572447694328,-0.7835572447694328,-0.7575572447694328,0.0,0.0,-0.8015572447694328,-0.7215572447694328,-0.7435572447694327,-0.8595572447694328,-0.8515572447694328,-0.5755572447694328,-0.6115572447694329,0.0,0.0,-0.6395572447694329,-0.6655572447694328,-0.6035572447694328,-0.8135572447694328,-0.7535572447694328,0.0,-0.6395572447694329,-0.6415572447694329,-0.7755572447694328,-0.6995572447694328,-0.6495572447694329,-0.7375572447694327,-0.7135572447694328,-0.8095572447694328,-0.6395572447694329,-0.8455572447694328
15:08:00,-0.616504388588246,-0.792504388588246,-0.760504388588246,-0.496504388588246,-0.410504388588246,-0.858504388588246,-0.746504388588246,0.0,-0.310504388588246,-0.492504388588246,-0.776504388588246,-0.762504388588246,-0.7365043885882461,0.0,0.0,-0.780504388588246,-0.700504388588246,-0.7225043885882461,-0.838504388588246,-0.830504388588246,-0.554504388588246,-0.5905043885882459,0.0,0.0,-0.618504388588246,-0.644504388588246,-0.5825043885882459,-0.792504388588246,-0.7325043885882461,0.0,-0.618504388588246,-0.620504388588246,-0.754504388588246,-0.678504388588246,-0.628504388588246,-0.716504388588246,-0.692504388588246,-0.788504388588246,-0.618504388588246,-0.824504388588246
15:09:00,-0.5953839702633921,-0.7713839702633921,-0.7393839702633921,-0.47538397026339213,-0.3893839702633921,-0.8373839702633921,-0.7253839702633921,0.0,-0.28938397026339213,-0.4713839702633921,-0.7553839702633921,-0.7413839702633921,-0.7153839702633922,0.0,0.0,-0.7593839702633921,-0.6793839702633921,-0.7013839702633922,-0.8173839702633922,-0.8093839702633921,-0.5333839702633921,-0.569383970263392,0.0,0.0,-0.5973839702633921,-0.6233839702633921,-0.561383970263392,-0.7713839702633921,-0.7113839702633922,0.0,-0.5973839702633921,-0.5993839702633921,-0.7333839702633921,-0.6573839702633921,-0.6073839702633921,-0.6953839702633922,-0.6713839702633921,-0.7673839702633921,-0.5973839702633921,-0.8033839702633921
15:10:00,-0.5742012907020251,-0.750201290702025,-0.718201290702025,-0.45420129070202503,-0.368201290702025,-0.816201290702025,-0.704201290702025,0.0,-0.26820129070202503,-0.450201290702025,-0.734201290702025,-0.720201290702025,-0.694201290702025,0.0,0.0,-0.738201290702025,-0.658201290702025,-0.680201290702025,-0.796201290702025,-0.788201290702025,-0.512201290702025,-0.5482012907020251,0.0,0.0,-0.5762012907020251,-0.602201290702025,-0.540201290702025,-0.750201290702025,-0.690201290702025,0.0,-0.5762012907020251,-0.5782012907020251,-0.712201290702025,-0.636201290702025,-0.5862012907020251,-0.674201290702025,-0.650201290702025,-0.746201290702025,-0.5762012907020251,-0.782201290702025
15:11:00,-0.5529620146956666,-0.7289620146956666,-0.6969620146956665,-0.4329620146956666,-0.34696201469566657,-0.7949620146956665,-0.6829620146956665,0.0,-0.2469620146956666,-0.4289620146956666,-0.7129620146956666,-0.6989620146956665,-0.6729620146956665,0.0,0.0,-0.7169620146956666,-0.6369620146956666,-0.6589620146956665,-0.7749620146956666,-0.7669620146956666,-0.4909620146956666,-0.5269620146956666,0.0,0.0,-0.5549620146956666,-0.5809620146956666,-0.5189620146956666,-0.7289620146956666,-0.6689620146956665,0.0,-0.5549620146956666,-0.5569620146956666,-0.6909620146956665,-0.6149620146956666,-0.5649620146956666,-0.6529620146956665,-0.6289620146956666,-0.7249620146956666,-0.5549620146956666,-0.7609620146956666
15:12:00,-0.5316721913459586,-0.7076721913459586,-0.6756721913459586,-0.4116721913459586,-0.3256721913459586,-0.7736721913459585,-0.6616721913459586,0.0,-0.22567219134595862,-0.4076721913459586,-0.6916721913459586,-0.6776721913459586,-0.6516721913459587,0.0,0.0,-0.6956721913459586,-0.6156721913459586,-0.6376721913459586,-0.7536721913459586,-0.7456721913459586,-0.4696721913459586,-0.5056721913459585,0.0,0.0,-0.5336721913459586,-0.5596721913459586,-0.4976721913459586,-0.7076721913459586,-0.6476721913459587,0.0,-0.5336721913459586,-0.5356721913459586,-0.6696721913459586,-0.5936721913459586,-0.5436721913459586,-0.6316721913459586,-0.6076721913459586,-0.7036721913459586,-0.5336721913459586,-0.7396721913459586
15:13:00,-0.5103382754993679,-0.686338275499368,-0.654338275499368,-0.390338275499368,-0.304338275499368,-0.7523382754993679,-0.640338275499368,0.0,-0.204338275499368,-0.386338275499368,-0.670338275499368,-0.656338275499368,-0.630338275499368,0.0,0.0,-0.674338275499368,-0.594338275499368,-0.616338275499368,-0.732338275499368,-0.724338275499368,-0.448338275499368,-0.484338275499368,0.0,0.0,-0.512338275499368,-0.538338275499368,-0.47633827549936797,-0.686338275499368,-0.626338275499368,0.0,-0.512338275499368,-0.514338275499368,-0.648338275499368,-0.572338275499368,-0.522338275499368,-0.610338275499368,-0.586338275499368,-0.682338275499368,-0.512338275499368,-0.718338275499368
15:14:00,-0.48896714997995766,-0.6649671499799577,-0.6329671499799576,-0.36896714997995766,-0.28296714997995764,-0.7309671499799576,-0.6189671499799576,0.0,-0.18296714997995767,-0.36496714997995766,-0.6489671499799576,-0.6349671499799576,-0.6089671499799576,0.0,0.0,-0.6529671499799576,-0.5729671499799577,-0.5949671499799576,-0.7109671499799577,-0.7029671499799577,-0.42696714997995766,-0.46296714997995764,0.0,0.0,-0.49096714997995766,-0.5169671499799576,-0.45496714997995763,-0.6649671499799577,-0.6049671499799576,0.0,-0.49096714997995766,-0.49296714997995766,-0.6269671499799576,-0.5509671499799577,-0.5009671499799577,-0.5889671499799576,-0.5649671499799577,-0.6609671499799576,-0.49096714997995766,-0.6969671499799577
15:15:00,-0.4675661483816273,-0.6435661483816273,-0.6115661483816273,-0.3475661483816273,-0.2615661483816273,-0.7095661483816272,-0.5975661483816272,0.0,-0.1615661483816273,-0.3435661483816273,-0.6275661483816273,-0.6135661483816273,-0.5875661483816272,0.0,0.0,-0.6315661483816273,-0.5515661483816273,-0.5735661483816272,-0.6895661483816273,-0.6815661483816273,-0.4055661483816273,-0.4415661483816273,0.0,0.0,-0.4695661483816273,-0.49556614838162727,-0.43356614838162727,-0.6435661483816273,-0.5835661483816272,0.0,-0.4695661483816273,-0.4715661483816273,-0.6055661483816273,-0.5295661483816273,-0.4795661483816273,-0.5675661483816272,-0.5435661483816273,-0.6395661483816273,-0.4695661483816273,-0.6755661483816273
15:16:00,-0.44614307896545885,-0.6221430789654588,-0.5901430789654588,-0.32614307896545885,-0.24014307896545883,-0.6881430789654588,-0.5761430789654588,0.0,-0.14014307896545886,-0.32214307896545885,-0.6061430789654588,-0.5921430789654588,-0.5661430789654589,0.0,0.0,-0.6101430789654588,-0.5301430789654589,-0.5521430789654589,-0.6681430789654589,-0.6601430789654589,-0.38414307896545885,-0.4201430789654588,0.0,0.0,-0.44814307896545885,-0.4741430789654588,-0.4121430789654588,-0.6221430789654588,-0.5621430789654589,0.0,-0.44814307896545885,-0.45014307896545885,-0.5841430789654588,-0.5081430789654588,-0.45814307896545886,-0.5461430789654589,-0.5221430789654589,-0.6181430789654588,-0.44814307896545885,-0.6541430789654589
15:17:00,-0.4247062344314391,-0.6007062344314391,-0.5687062344314391,-0.3047062344314391,-0.2187062344314391,-0.6667062344314391,-0.5547062344314391,0.0,-0.11870623443143913,-0.3007062344314391,-0.5847062344314391,-0.5707062344314391,-0.5447062344314391,0.0,0.0,-0.5887062344314391,-0.5087062344314391,-0.530706234431439,-0.6467062344314392,-0.6387062344314391,-0.3627062344314391,-0.3987062344314391,0.0,0.0,-0.4267062344314391,-0.4527062344314391,-0.3907062344314391,-0.6007062344314391,-0.5407062344314391,0.0,-0.4267062344314391,-0.4287062344314391,-0.5627062344314391,-0.4867062344314391,-0.43670623443143913,-0.524706234431439,-0.5007062344314391,-0.5967062344314391,-0.4267062344314391,-0.6327062344314391
15:18:00,-0.403264474337047,-0.579264474337047,-0.547264474337047,-0.283264474337047,-0.19726447433704697,-0.6452644743370469,-0.5332644743370469,0.0,-0.09726447433704699,-0.279264474337047,-0.563264474337047,-0.549264474337047,-0.5232644743370469,0.0,0.0,-0.567264474337047,-0.487264474337047,-0.5092644743370469,-0.625264474337047,-0.617264474337047,-0.341264474337047,-0.37726447433704696,0.0,0.0,-0.405264474337047,-0.43126447433704695,-0.36926447433704696,-0.579264474337047,-0.5192644743370469,0.0,-0.405264474337047,-0.407264474337047,-0.5412644743370469,-0.465264474337047,-0.415264474337047,-0.5032644743370469,-0.479264474337047,-0.575264474337047,-0.405264474337047,-0.611264474337047
15:19:00,-0.38182716419467094,-0.5578271641946709,-0.5258271641946709,-0.26182716419467095,-0.17582716419467093,-0.6238271641946709,-0.5118271641946709,0.0,-0.07582716419467095,-0.25782716419467094,-0.5418271641946709,-0.5278271641946709,-0.501827164194671,0.0,0.0,-0.5458271641946709,-0.46582716419467096,-0.4878271641946709,-0.603827164194671,-0.595827164194671,-0.31982716419467094,-0.3558271641946709,0.0,0.0,-0.38382716419467094,-0.4098271641946709,-0.3478271641946709,-0.5578271641946709,-0.49782716419467093,0.0,-0.38382716419467094,-0.38582716419467095,-0.5198271641946709,-0.44382716419467094,-0.39382716419467095,-0.4818271641946709,-0.45782716419467095,-0.5538271641946709,-0.38382716419467094,-0.589827164194671
15:20:00,-0.3604042584534189,-0.5364042584534189,-0.5044042584534189,-0.2404042584534189,-0.15440425845341887,-0.6024042584534188,-0.49040425845341884,0.0,-0.0544042584534189,-0.2364042584534189,-0.5204042584534189,-0.5064042584534189,-0.4804042584534189,0.0,0.0,-0.5244042584534189,-0.4444042584534189,-0.4664042584534189,-0.5824042584534189,-0.5744042584534189,-0.2984042584534189,-0.33440425845341887,0.0,0.0,-0.3624042584534189,-0.38840425845341886,-0.32640425845341886,-0.5364042584534189,-0.4764042584534189,0.0,-0.3624042584534189,-0.3644042584534189,-0.49840425845341885,-0.4224042584534189,-0.3724042584534189,-0.46040425845341887,-0.4364042584534189,-0.5324042584534189,-0.3624042584534189,-0.5684042584534189
15:21:00,-0.33900631216783533,-0.5150063121678353,-0.4830063121678353,-0.21900631216783534,-0.13300631216783532,-0.5810063121678353,-0.4690063121678353,0.0,-0.03300631216783534,-0.21500631216783533,-0.4990063121678353,-0.4850063121678353,-0.45900631216783533,0.0,0.0,-0.5030063121678353,-0.42300631216783535,-0.4450063121678353,-0.5610063121678354,-0.5530063121678354,-0.27700631216783533,-0.3130063121678353,0.0,0.0,-0.34100631216783533,-0.3670063121678353,-0.3050063121678353,-0.5150063121678353,-0.4550063121678353,0.0,-0.34100631216783533,-0.34300631216783534,-0.4770063121678353,-0.40100631216783533,-0.35100631216783534,-0.4390063121678353,-0.41500631216783535,-0.5110063121678353,-0.34100631216783533,-0.5470063121678354
15:22:00,-0.3176445065977806,-0.4936445065977806,-0.46164450659778056,-0.1976445065977806,-0.11164450659778058,-0.5596445065977805,-0.44764450659778054,0.0,-0.011644506597780602,-0.1936445065977806,-0.47764450659778057,-0.46364450659778056,-0.4376445065977806,0.0,0.0,-0.4816445065977806,-0.4016445065977806,-0.4236445065977806,-0.5396445065977806,-0.5316445065977806,-0.2556445065977806,-0.2916445065977806,0.0,0.0,-0.3196445065977806,-0.34564450659778057,-0.28364450659778057,-0.4936445065977806,-0.4336445065977806,0.0,-0.3196445065977806,-0.3216445065977806,-0.45564450659778055,-0.3796445065977806,-0.3296445065977806,-0.4176445065977806,-0.3936445065977806,-0.4896445065977806,-0.3196445065977806,-0.5256445065977806
15:23:00,-0.2963306747436352,-0.4723306747436352,-0.4403306747436352,-0.17633067474363523,-0.09033067474363521,-0.5383306747436352,-0.4263306747436352,0.0,0.0,-0.17233067474363523,-0.4563306747436352,-0.4423306747436352,-0.4163306747436352,0.0,0.0,-0.4603306747436352,-0.38033067474363524,-0.4023306747436352,-0.5183306747436353,-0.5103306747436352,-0.23433067474363523,-0.2703306747436352,0.0,0.0,-0.2983306747436352,-0.3243306747436352,-0.2623306747436352,-0.4723306747436352,-0.4123306747436352,0.0,-0.2983306747436352,-0.30033067474363523,-0.4343306747436352,-0.3583306747436352,-0.30833067474363524,-0.3963306747436352,-0.37233067474363524,-0.4683306747436352,-0.2983306747436352,-0.5043306747436352
15:24:00,-0.2750773263274114,-0.4510773263274114,-0.41907732632741135,-0.1550773263274114,-0.06907732632741137,-0.5170773263274113,-0.40507732632741134,-0.23957355981022613,0.0,-0.1510773263274114,-0.43507732632741136,-0.42107732632741135,-0.3950773263274114,0.0,0.0,-0.43907732632741137,-0.3590773263274114,-0.38107732632741137,-0.49707732632741136,-0.4890773263274114,-0.2130773263274114,-0.24907732632741136,0.0,0.0,-0.2770773263274114,-0.30307732632741136,-0.24107732632741136,-0.4510773263274114,-0.3910773263274114,0.0,-0.2770773263274114,-0.2790773263274114,-0.41307732632741134,-0.3370773263274114,-0.2870773263274114,-0.37507732632741136,-0.3510773263274114,-0.4470773263274114,-0.2770773263274114,-0.4830773263274114
15:25:00,-0.25389767170533345,-0.42989767170533344,-0.3978976717053334,-0.13389767170533345,-0.04789767170533343,-0.49589767170533344,-0.3838976717053334,-0.29989767170533344,0.0,-0.12989767170533345,-0.4138976717053334,-0.3998976717053334,-0.37389767170533345,0.0,0.0,-0.41789767170533343,-0.33789767170533347,-0.35989767170533343,-0.4758976717053334,-0.4678976717053335,-0.19189767170533345,-0.22789767170533343,0.0,0.0,-0.25589767170533345,-0.2818976717053334,-0.21989767170533342,-0.42989767170533344,-0.36989767170533344,0.0,-0.25589767170533345,-0.25789767170533345,-0.3918976717053334,-0.31589767170533345,-0.26589767170533346,-0.3538976717053334,-0.32989767170533346,-0.42589767170533344,-0.25589767170533345,-0.46189767170533347
15:26:00,-0.2328056449150065,-0.4088056449150065,-0.37680564491500645,-0.1128056449150065,-0.026805644915006477,-0.4748056449150065,-0.36280564491500644,-0.2788056449150065,0.0,-0.1088056449150065,-0.39280564491500647,-0.37880564491500646,-0.3528056449150065,0.0,0.0,-0.3968056449150065,-0.3168056449150065,-0.3388056449150065,-0.45480564491500647,-0.4468056449150065,-0.1708056449150065,-0.20680564491500647,0.0,0.0,-0.2348056449150065,-0.26080564491500646,-0.19880564491500646,-0.4088056449150065,-0.3488056449150065,0.0,-0.2348056449150065,-0.2368056449150065,-0.37080564491500645,-0.2948056449150065,-0.2448056449150065,-0.33280564491500647,-0.3088056449150065,-0.4048056449150065,-0.2348056449150065,-0.4408056449150065
15:27:00,-0.21181592463903992,-0.3878159246390399,-0.3558159246390399,-0.09181592463903993,-0.005815924639039904,-0.4538159246390399,-0.34181592463903987,-0.2578159246390399,0.0,-0.08781592463903992,-0.3718159246390399,-0.3578159246390399,-0.3318159246390399,0.0,0.0,-0.3758159246390399,-0.29581592463903994,-0.3178159246390399,-0.4338159246390399,-0.42581592463903994,-0.14981592463903992,-0.1858159246390399,0.0,0.0,-0.21381592463903992,-0.2398159246390399,-0.1778159246390399,-0.3878159246390399,-0.3278159246390399,0.0,-0.21381592463903992,-0.21581592463903992,-0.3498159246390399,-0.2738159246390399,-0.22381592463903993,-0.3118159246390399,-0.28781592463903993,-0.3838159246390399,-0.21381592463903992,-0.41981592463903994
15:28:00,-0.1909439531463013,-0.3669439531463013,-0.3349439531463013,-0.07094395314630131,0.0,-0.4329439531463013,-0.3209439531463013,-0.2369439531463013,0.0,-0.0669439531463013,-0.3509439531463013,-0.3369439531463013,-0.3109439531463013,0.0,0.0,-0.3549439531463013,-0.27494395314630127,-0.2969439531463013,-0.4129439531463013,-0.40494395314630127,-0.1289439531463013,-0.16494395314630128,0.0,0.0,-0.1929439531463013,-0.21894395314630127,-0.15694395314630127,-0.3669439531463013,-0.3069439531463013,0.0,-0.1929439531463013,-0.1949439531463013,-0.3289439531463013,-0.2529439531463013,-0.20294395314630131,-0.2909439531463013,-0.26694395314630126,-0.3629439531463013,-0.1929439531463013,-0.39894395314630127
15:29:00,-0.1702059386034523,-0.3462059386034523,-0.31420593860345225,-0.050205938603452294,0.0,-0.4122059386034523,-0.30020593860345224,-0.21620593860345227,0.0,-0.04620593860345229,-0.33020593860345226,-0.31620593860345225,-0.2902059386034523,0.0,0.0,-0.33420593860345227,-0.2542059386034523,-0.2762059386034523,-0.39220593860345226,-0.3842059386034523,-0.10820593860345229,-0.14420593860345227,0.0,0.0,-0.1722059386034523,-0.19820593860345226,-0.13620593860345226,-0.3462059386034523,-0.2862059386034523,0.0,-0.1722059386034523,-0.1742059386034523,-0.30820593860345225,-0.2322059386034523,-0.1822059386034523,-0.27020593860345227,-0.24620593860345227,-0.3422059386034523,-0.1722059386034523,-0.3782059386034523
15:30:00,-0.3216189231132261,-0.3196189231132261,-0.3156189231132261,-0.03961892311322612,0.0,-0.3436189231132261,-0.2796189231132261,-0.2516189231132261,0.0,-0.1356189231132261,-0.1956189231132261,0.0,-0.2176189231132261,0.0,0.0,-0.3316189231132261,-0.3376189231132261,-0.2676189231132261,-0.4196189231132261,-0.2076189231132261,0.0,-0.11961892311322608,0.0,0.0,-0.11161892311322608,0.0,-0.18161892311322608,-0.031618923113226116,-0.1956189231132261,0.0,-0.1516189231132261,-0.15961892311322612,-0.3276189231132261,-0.2336189231132261,-0.16361892311322612,-0.2596189231132261,-0.2456189231132261,-0.2916189231132261,-0.2256189231132261,-0.17161892311322607
15:31:00,-0.30120070796185777,-0.29920070796185777,-0.29520070796185777,-0.0192007079618578,0.0,-0.3232007079618578,-0.2592007079618578,-0.23120070796185777,0.0,-0.11520070796185777,-0.17520070796185777,0.0,-0.19720070796185776,0.0,0.0,-0.3112007079618578,-0.3172007079618578,-0.24720070796185778,-0.3992007079618578,-0.18720070796185778,0.0,-0.09920070796185776,0.0,0.0,-0.09120070796185775,0.0,-0.16120070796185776,-0.011200707961857792,-0.17520070796185777,0.0,-0.1312007079618578,-0.1392007079618578,-0.3072007079618578,-0.21320070796185778,-0.1432007079618578,-0.23920070796185777,-0.2252007079618578,-0.2712007079618578,-0.20520070796185777,-0.15120070796185775
15:32:00,-0.2809699125952933,-0.2789699125952933,-0.2749699125952933,0.0,0.0,-0.3029699125952933,-0.2389699125952933,-0.2109699125952933,0.0,-0.0949699125952933,-0.1549699125952933,0.0,-0.1769699125952933,0.0,0.0,-0.2909699125952933,-0.2969699125952933,-0.2269699125952933,-0.37896991259529333,-0.1669699125952933,0.0,-0.07896991259529329,0.0,0.0,-0.07096991259529328,0.0,-0.1409699125952933,0.0,-0.1549699125952933,0.0,-0.11096991259529332,-0.11896991259529333,-0.2869699125952933,-0.1929699125952933,-0.12296991259529333,-0.2189699125952933,-0.20496991259529332,-0.25096991259529333,-0.1849699125952933,-0.13096991259529328
15:33:00,-0.2609459581188182,-0.2589459581188182,-0.2549459581188182,0.0,0.0,-0.28294595811881823,-0.2189459581188182,-0.1909459581188182,0.0,-0.07494595811881821,-0.1349459581188182,0.0,-0.1569459581188182,0.0,0.0,-0.2709459581188182,-0.2769459581188182,-0.20694595811881822,-0.35894595811881824,-0.14694595811881822,0.0,-0.0589459581188182,0.0,0.0,-0.05094595811881819,0.0,-0.1209459581188182,0.0,-0.1349459581188182,0.0,-0.09094595811881823,-0.09894595811881823,-0.2669459581188182,-0.17294595811881822,-0.10294595811881824,-0.1989459581188182,-0.18494595811881823,-0.2309459581188182,-0.1649459581188182,-0.11094595811881819
15:34:00,-0.2411490577028081,-0.2391490577028081,-0.23514905770280808,0.0,0.0,-0.2631490577028081,-0.19914905770280808,-0.17114905770280808,0.0,-0.05514905770280809,-0.11514905770280809,0.0,-0.13714905770280808,0.0,0.0,-0.2511490577028081,-0.2571490577028081,-0.1871490577028081,-0.3391490577028081,-0.1271490577028081,0.0,-0.03914905770280808,0.0,0.0,-0.03114905770280807,0.0,-0.10114905770280808,0.0,-0.11514905770280809,0.0,-0.0711490577028081,-0.07914905770280811,-0.2471490577028081,-0.1531490577028081,-0.08314905770280812,-0.1791490577028081,-0.1651490577028081,-0.2111490577028081,-0.1451490577028081,-0.09114905770280807
15:35:00,-0.2216001985981118,-0.2196001985981118,-0.2156001985981118,0.0,0.0,-0.24360019859811183,-0.1796001985981118,-0.1516001985981118,0.0,-0.03560019859811181,-0.09560019859811181,0.0,-0.1176001985981118,0.0,0.0,-0.23160019859811182,-0.23760019859811182,-0.16760019859811182,-0.31960019859811184,-0.10760019859811182,0.0,-0.019600198598111795,0.0,0.0,-0.011600198598111788,0.0,-0.0816001985981118,0.0,-0.09560019859811181,0.0,-0.051600198598111824,-0.05960019859811183,-0.2276001985981118,-0.1336001985981118,-0.06360019859811183,-0.1596001985981118,-0.14560019859811182,-0.1916001985981118,-0.1256001985981118,-0.07160019859811179
15:36:00,-0.20232111506633788,-0.20032111506633787,-0.19632111506633787,0.0,0.0,-0.2243211150663379,-0.16032111506633787,-0.13232111506633787,0.0,-0.016321115066337877,-0.07632111506633787,0.0,-0.09832111506633787,0.0,0.0,-0.21232111506633788,-0.2183211150663379,-0.14832111506633788,-0.30032111506633785,-0.08832111506633789,0.0,-0.0003211150663378626,0.0,0.0,0.0,0.0,-0.06232111506633786,0.0,-0.07632111506633787,0.0,-0.03232111506633789,-0.0403211150663379,-0.20832111506633788,-0.11432111506633788,-0.0443211150663379,-0.14032111506633788,-0.1263211150663379,-0.17232111506633788,-0.10632111506633787,-0.05232111506633785
15:37:00,-0.1833342501005792,-0.1813342501005792,-0.17733425010057918,0.0,0.0,-0.2053342501005792,-0.14133425010057918,-0.11333425010057918,0.0,0.0,-0.05733425010057919,0.0,-0.07933425010057918,0.0,0.0,-0.1933342501005792,-0.1993342501005792,-0.1293342501005792,-0.2813342501005792,-0.0693342501005792,0.0,0.0,0.0,0.0,0.0,0.0,-0.043334250100579175,0.0,-0.05733425010057919,0.0,-0.013334250100579204,-0.02133425010057921,-0.1893342501005792,-0.0953342501005792,-0.025334250100579214,-0.12133425010057919,-0.1073342501005792,-0.1533342501005792,-0.08733425010057919,-0.033334250100579166
15:38:00,-0.1646627050544191,-0.1626627050544191,-0.1586627050544191,0.0,0.0,-0.18666270505441912,-0.12266270505441909,-0.0946627050544191,0.0,0.0,-0.0386627050544191,0.0,-0.06066270505441909,0.0,0.0,-0.1746627050544191,-0.18066270505441911,-0.11066270505441911,-0.26266270505441913,-0.05066270505441911,0.0,0.0,0.0,0.0,0.0,0.0,-0.024662705054419087,0.0,-0.0386627050544191,0.0,0.0,-0.0026627050544191233,-0.1706627050544191,-0.0766627050544191,-0.006662705054419127,-0.1026627050544191,-0.08866270505441912,-0.1346627050544191,-0.0686627050544191,-0.014662705054419078
15:39:00,-0.1463301754122014,-0.1443301754122014,-0.14033017541220139,0.0,0.0,-0.1683301754122014,-0.10433017541220138,-0.07633017541220138,0.0,0.0,-0.02033017541220139,0.0,-0.04233017541220138,0.0,0.0,-0.1563301754122014,-0.1623301754122014,-0.0923301754122014,-0.2443301754122014,-0.0323301754122014,0.0,0.0,0.0,0.0,0.0,0.0,-0.006330175412201378,0.0,-0.02033017541220139,0.0,0.0,0.0,-0.1523301754122014,-0.058330175412201396,0.0,-0.08433017541220139,-0.0703301754122014,-0.11633017541220139,-0.05033017541220139,0.0
15:40:00,-0.1283608590336392,-0.1263608590336392,-0.12236085903363919,0.0,0.0,-0.15036085903363922,-0.08636085903363919,-0.05836085903363919,0.0,0.0,-0.0023608590336391955,0.0,-0.024360859033639187,0.0,0.0,-0.1383608590336392,-0.1443608590336392,-0.0743608590336392,-0.2263608590336392,-0.014360859033639206,0.0,0.0,0.0,0.0,0.0,0.0,0.0,0.0,-0.0023608590336391955,0.0,0.0,0.0,-0.1343608590336392,-0.0403608590336392,0.0,-0.0663608590336392,-0.05236085903363921,-0.0983608590336392,-0.032360859033639194,0.0
15:41:00,-0.11077940749843701,-0.10877940749843701,-0.104779407498437,0.0,0.0,-0.13277940749843703,-0.068779407498437,-0.040779407498437004,0.0,0.0,0.0,0.0,-0.006779407498437001,0.0,0.0,-0.12077940749843702,-0.12677940749843702,-0.05677940749843702,-0.20877940749843701,0.0,0.0,0.0,0.0,0.0,0.0,0.0,0.0,0.0,0.0,0.0,0.0,0.0,-0.11677940749843702,-0.022779407498437015,0.0,-0.04877940749843701,-0.034779407498437026,-0.08077940749843701,-0.014779407498437008,0.0
15:42:00,-0.0936107380857413,-0.0916107380857413,-0.0876107380857413,0.0,0.0,-0.11561073808574131,-0.05161073808574129,-0.023610738085741295,0.0,0.0,0.0,0.0,0.0,0.0,0.0,-0.10361073808574131,-0.1096107380857413,-0.03961073808574131,-0.1916107380857413,0.0,0.0,0.0,0.0,0.0,0.0,0.0,0.0,0.0,0.0,0.0,0.0,0.0,-0.09961073808574131,-0.005610738085741307,0.0,-0.0316107380857413,-0.017610738085741318,-0.0636107380857413,0.0,0.0
15:43:00,-0.0768799463375476,-0.0748799463375476,-0.0708799463375476,0.0,0.0,-0.09887994633754761,-0.034879946337547596,-0.006879946337547599,0.0,0.0,0.0,0.0,0.0,0.0,0.0,-0.08687994633754761,-0.0928799463375476,-0.022879946337547613,-0.1748799463375476,0.0,0.0,0.0,0.0,0.0,0.0,0.0,0.0,0.0,0.0,0.0,0.0,0.0,-0.08287994633754761,0.0,0.0,-0.014879946337547606,-0.0008799463375476213,-0.04687994633754761,0.0,0.0
15:44:00,-0.0606121361177194,-0.0586121361177194,-0.054612136117719395,0.0,0.0,-0.0826121361177194,-0.01861213611771939,0.0,0.0,0.0,0.0,0.0,0.0,0.0,0.0,-0.07061213611771941,-0.0766121361177194,-0.006612136117719408,-0.1586121361177194,0.0,0.0,0.0,0.0,0.0,0.0,0.0,0.0,0.0,0.0,0.0,0.0,0.0,-0.0666121361177194,0.0,0.0,0.0,0.0,-0.030612136117719402,0.0,0.0
15:45:00,-0.0448322385252829,-0.042832238525282895,-0.03883223852528289,0.0,0.0,-0.0668322385252829,-0.0028322385252828874,0.0,0.0,0.0,0.0,0.0,0.0,0.0,0.0,-0.054832238525282906,-0.0608322385252829,0.0,-0.1428322385252829,0.0,0.0,0.0,0.0,0.0,0.0,0.0,0.0,0.0,0.0,0.0,0.0,0.0,-0.0508322385252829,0.0,0.0,0.0,0.0,-0.014832238525282898,0.0,0.0
15:46:00,-0.02956480689034241,-0.027564806890342408,-0.023564806890342405,0.0,0.0,-0.051564806890342416,0.0,0.0,0.0,0.0,0.0,0.0,0.0,0.0,0.0,-0.03956480689034242,-0.04556480689034241,0.0,-0.1275648068903424,0.0,0.0,0.0,0.0,0.0,0.0,0.0,0.0,0.0,0.0,0.0,0.0,0.0,-0.035564806890342415,0.0,0.0,0.0,0.0,0.0,0.0,0.0
15:47:00,-0.014833786617826306,-0.012833786617826304,-0.0088337866178263,0.0,0.0,-0.03683378661782631,0.0,0.0,0.0,0.0,0.0,0.0,0.0,0.0,0.0,-0.024833786617826314,-0.030833786617826306,0.0,-0.11283378661782631,0.0,0.0,0.0,0.0,0.0,0.0,0.0,0.0,0.0,0.0,0.0,0.0,0.0,-0.02083378661782631,0.0,0.0,0.0,0.0,0.0,0.0,0.0
15:48:00,-0.0006622602060170901,0.0,0.0,0.0,0.0,-0.022662260206017096,0.0,0.0,0.0,0.0,0.0,0.0,0.0,0.0,0.0,-0.010662260206017099,-0.01666226020601709,0.0,-0.0986622602060171,0.0,0.0,0.0,0.0,0.0,0.0,0.0,0.0,0.0,0.0,0.0,0.0,0.0,-0.0066622602060170955,0.0,0.0,0.0,0.0,0.0,0.0,0.0
15:49:00,0.0,0.0,0.0,0.0,0.0,-0.009072167831621,0.0,0.0,0.0,0.0,0.0,0.0,0.0,0.0,0.0,0.0,-0.003072167831620995,0.0,-0.085072167831621,0.0,0.0,0.0,0.0,0.0,0.0,0.0,0.0,0.0,0.0,0.0,0.0,0.0,0.0,0.0,0.0,0.0,0.0,0.0,0.0,0.0
15:50:00,0.0,0.0,0.0,0.0,0.0,0.0,0.0,0.0,0.0,0.0,0.0,0.0,0.0,0.0,0.0,0.0,0.0,0.0,-0.0720840047842687,0.0,0.0,0.0,0.0,0.0,0.0,0.0,0.0,0.0,0.0,0.0,0.0,0.0,0.0,0.0,0.0,0.0,0.0,0.0,0.0,0.0
15:51:00,0.0,0.0,0.0,0.0,0.0,0.0,0.0,0.0,0.0,0.0,0.0,0.0,0.0,0.0,0.0,0.0,0.0,0.0,-0.0597164904273339,0.0,0.0,0.0,0.0,0.0,0.0,0.0,0.0,0.0,0.0,0.0,0.0,0.0,0.0,0.0,0.0,0.0,0.0,0.0,0.0,0.0
15:52:00,0.0,0.0,0.0,0.0,0.0,0.0,0.0,0.0,0.0,0.0,0.0,0.0,0.0,0.0,0.0,0.0,0.0,0.0,-0.0479862607375027,0.0,0.0,0.0,0.0,0.0,0.0,0.0,0.0,0.0,0.0,0.0,0.0,0.0,0.0,0.0,0.0,0.0,0.0,0.0,0.0,0.0
15:53:00,0.0,0.0,0.0,0.0,0.0,0.0,0.0,0.0,0.0,0.0,0.0,0.0,0.0,0.0,0.0,0.0,0.0,0.0,-0.0369074663988576,0.0,0.0,0.0,0.0,0.0,0.0,0.0,0.0,0.0,0.0,0.0,0.0,0.0,0.0,0.0,0.0,0.0,0.0,0.0,0.0,0.0
15:54:00,0.0,0.0,0.0,0.0,0.0,0.0,0.0,0.0,0.0,0.0,0.0,0.0,0.0,0.0,0.0,0.0,0.0,0.0,-0.026491448794275098,0.0,0.0,0.0,0.0,0.0,0.0,0.0,0.0,0.0,0.0,0.0,0.0,0.0,0.0,0.0,0.0,0.0,0.0,0.0,0.0,0.0
15:55:00,0.0,0.0,0.0,0.0,0.0,0.0,0.0,0.0,0.0,0.0,0.0,0.0,0.0,0.0,0.0,0.0,0.0,0.0,-0.016746376541962198,0.0,0.0,0.0,0.0,0.0,0.0,0.0,0.0,0.0,0.0,0.0,0.0,0.0,0.0,0.0,0.0,0.0,0.0,0.0,0.0,0.0
15:56:00,0.0,0.0,0.0,0.0,0.0,0.0,0.0,0.0,0.0,0.0,0.0,0.0,0.0,0.0,0.0,0.0,0.0,0.0,-0.007676903473022904,0.0,0.0,0.0,0.0,0.0,0.0,0.0,0.0,0.0,0.0,0.0,0.0,0.0,0.0,0.0,0.0,0.0,0.0,0.0,0.0,0.0
15:57:00,0.0,0.0,0.0,0.0,0.0,0.0,0.0,0.0,0.0,0.0,0.0,0.0,0.0,0.0,0.0,0.0,0.0,0.0,0.0,0.0,0.0,0.0,0.0,0.0,0.0,0.0,0.0,0.0,0.0,0.0,0.0,0.0,0.0,0.0,0.0,0.0,0.0,0.0,0.0,0.0
15:58:00,0.0,0.0,0.0,0.0,0.0,0.0,0.0,0.0,0.0,0.0,0.0,0.0,0.0,0.0,0.0,0.0,0.0,0.0,0.0,0.0,0.0,0.0,0.0,0.0,0.0,0.0,0.0,0.0,0.0,0.0,0.0,0.0,0.0,0.0,0.0,0.0,0.0,0.0,0.0,0.0
15:59:00,0.0,0.0,0.0,0.0,0.0,0.0,0.0,0.0,0.0,0.0,0.0,0.0,0.0,0.0,0.0,0.0,0.0,0.0,0.0,0.0,0.0,0.0,0.0,0.0,0.0,0.0,0.0,0.0,0.0,0.0,0.0,0.0,0.0,0.0,0.0,0.0,0.0,0.0,0.0,0.0
16:00:00,0.0,0.0,0.0,0.0,0.0,0.0,0.0,0.0,0.0,0.0,0.0,0.0,0.0,0.0,0.0,0.0,0.0,0.0,0.0,0.0,0.0,0.0,0.0,0.0,0.0,0.0,0.0,0.0,0.0,0.0,0.0,0.0,0.0,0.0,0.0,0.0,0.0,0.0,0.0,0.0
16:01:00,0.0,0.0,0.0,0.0,0.0,0.0,0.0,0.0,0.0,0.0,0.0,0.0,0.0,0.0,0.0,0.0,0.0,0.0,0.0,0.0,0.0,0.0,0.0,0.0,0.0,0.0,0.0,0.0,0.0,0.0,0.0,0.0,0.0,0.0,0.0,0.0,0.0,0.0,0.0,0.0
16:02:00,0.0,0.0,0.0,0.0,0.0,0.0,0.0,0.0,0.0,0.0,0.0,0.0,0.0,0.0,0.0,0.0,0.0,0.0,0.0,0.0,0.0,0.0,0.0,0.0,0.0,0.0,0.0,0.0,0.0,0.0,0.0,0.0,0.0,0.0,0.0,0.0,0.0,0.0,0.0,0.0
16:03:00,0.0,0.0,0.0,0.0,0.0,0.0,0.0,0.0,0.0,0.0,0.0,0.0,0.0,0.0,0.0,0.0,0.0,0.0,0.0,0.0,0.0,0.0,0.0,0.0,0.0,0.0,0.0,0.0,0.0,0.0,0.0,0.0,0.0,0.0,0.0,0.0,0.0,0.0,0.0,0.0
16:04:00,0.0,0.0,0.0,0.0,0.0,0.0,0.0,0.0,0.0,0.0,0.0,0.0,0.0,0.0,0.0,0.0,0.0,0.0,0.0,0.0,0.0,0.0,0.0,0.0,0.0,0.0,0.0,0.0,0.0,0.0,0.0,0.0,0.0,0.0,0.0,0.0,0.0,0.0,0.0,0.0
16:05:00,0.0,0.0,0.0,0.0,0.0,0.0,0.0,0.0,0.0,0.0,0.0,0.0,0.0,0.0,0.0,0.0,0.0,0.0,0.0,0.0,0.0,0.0,0.0,0.0,0.0,0.0,0.0,0.0,0.0,0.0,0.0,0.0,0.0,0.0,0.0,0.0,0.0,0.0,0.0,0.0
16:06:00,0.0,0.0,0.0,0.0,0.0,0.0,0.0,0.0,0.0,0.0,0.0,0.0,0.0,0.0,0.0,0.0,0.0,0.0,0.0,0.0,0.0,0.0,0.0,0.0,0.0,0.0,0.0,0.0,0.0,0.0,0.0,0.0,0.0,0.0,0.0,0.0,0.0,0.0,0.0,0.0
16:07:00,0.0,0.0,0.0,0.0,0.0,0.0,0.0,0.0,0.0,0.0,0.0,0.0,0.0,0.0,0.0,0.0,0.0,0.0,0.0,0.0,0.0,0.0,0.0,0.0,0.0,0.0,0.0,0.0,0.0,0.0,0.0,0.0,0.0,0.0,0.0,0.0,0.0,0.0,0.0,0.0
16:08:00,0.0,0.0,0.0,0.0,0.0,0.0,0.0,0.0,0.0,0.0,0.0,0.0,0.0,0.0,0.0,0.0,0.0,0.0,0.0,0.0,0.0,0.0,0.0,0.0,0.0,0.0,0.0,0.0,0.0,0.0,0.0,0.0,0.0,0.0,0.0,0.0,0.0,0.0,0.0,0.0
16:09:00,0.0,0.0,0.0,0.0,0.0,0.0,0.0,0.0,0.0,0.0,0.0,0.0,0.0,0.0,0.0,0.0,0.0,0.0,0.0,0.0,0.0,0.0,0.0,0.0,0.0,0.0,0.0,0.0,0.0,0.0,0.0,0.0,0.0,0.0,0.0,0.0,0.0,0.0,0.0,0.0
16:10:00,0.0,0.0,0.0,0.0,0.0,0.0,0.0,0.0,0.0,0.0,0.0,0.0,0.0,0.0,0.0,0.0,0.0,0.0,0.0,0.0,0.0,0.0,0.0,0.0,0.0,0.0,0.0,0.0,0.0,0.0,0.0,0.0,0.0,0.0,0.0,0.0,0.0,0.0,0.0,0.0
16:11:00,0.0,0.0,0.0,0.0,0.0,0.0,0.0,0.0,0.0,0.0,0.0,0.0,0.0,0.0,0.0,0.0,0.0,0.0,0.0,0.0,0.0,0.0,0.0,0.0,0.0,0.0,0.0,0.0,0.0,0.0,0.0,0.0,0.0,0.0,0.0,0.0,0.0,0.0,0.0,0.0
16:12:00,0.0,0.0,0.0,0.0,0.0,0.0,0.0,0.0,0.0,0.0,0.0,0.0,0.0,0.0,0.0,0.0,0.0,0.0,0.0,0.0,0.0,0.0,0.0,0.0,0.0,0.0,0.0,0.0,0.0,0.0,0.0,0.0,0.0,0.0,0.0,0.0,0.0,0.0,0.0,0.0
16:13:00,0.0,0.0,0.0,0.0,0.0,0.0,0.0,0.0,0.0,0.0,0.0,0.0,0.0,0.0,0.0,0.0,0.0,0.0,0.0,0.0,0.0,0.0,0.0,0.0,0.0,0.0,0.0,0.0,0.0,0.0,0.0,0.0,0.0,0.0,0.0,0.0,0.0,0.0,0.0,0.0
16:14:00,0.0,0.0,0.0,0.0,0.0,0.0,0.0,0.0,0.0,0.0,0.0,0.0,0.0,0.0,0.0,0.0,0.0,0.0,0.0,0.0,0.0,0.0,0.0,0.0,0.0,0.0,0.0,0.0,0.0,0.0,0.0,0.0,0.0,0.0,0.0,0.0,0.0,0.0,0.0,0.0
16:15:00,0.0,0.0,0.0,0.0,0.0,0.0,0.0,0.0,0.0,0.0,0.0,0.0,0.0,0.0,0.0,0.0,0.0,0.0,0.0,0.0,0.0,0.0,0.0,0.0,0.0,0.0,0.0,0.0,0.0,0.0,0.0,0.0,0.0,0.0,0.0,0.0,0.0,0.0,0.0,0.0
16:16:00,0.0,0.0,0.0,0.0,0.0,0.0,0.0,0.0,0.0,0.0,0.0,0.0,0.0,0.0,0.0,0.0,0.0,0.0,0.0,0.0,0.0,0.0,0.0,0.0,0.0,0.0,0.0,0.0,0.0,0.0,0.0,0.0,0.0,0.0,0.0,0.0,0.0,0.0,0.0,0.0
16:17:00,0.0,0.0,0.0,0.0,0.0,0.0,0.0,0.0,0.0,0.0,0.0,0.0,0.0,0.0,0.0,0.0,0.0,0.0,0.0,0.0,0.0,0.0,0.0,0.0,0.0,0.0,0.0,0.0,0.0,0.0,0.0,0.0,0.0,0.0,0.0,0.0,0.0,0.0,0.0,0.0
16:18:00,0.0,0.0,0.0,0.0,0.0,0.0,0.0,0.0,0.0,0.0,0.0,0.0,0.0,0.0,0.0,0.0,0.0,0.0,0.0,0.0,0.0,0.0,0.0,0.0,0.0,0.0,0.0,0.0,0.0,0.0,0.0,0.0,0.0,0.0,0.0,0.0,0.0,0.0,0.0,0.0
16:19:00,0.0,0.0,0.0,0.0,0.0,0.0,0.0,0.0,0.0,0.0,0.0,0.0,0.0,0.0,0.0,0.0,0.0,0.0,0.0,0.0,0.0,0.0,0.0,0.0,0.0,0.0,0.0,0.0,0.0,0.0,0.0,0.0,0.0,0.0,0.0,0.0,0.0,0.0,0.0,0.0
16:20:00,0.0,0.0,0.0,0.0,0.0,0.0,0.0,0.0,0.0,0.0,0.0,0.0,0.0,0.0,0.0,0.0,0.0,0.0,0.0,0.0,0.0,0.0,0.0,0.0,0.0,0.0,0.0,0.0,0.0,0.0,0.0,0.0,0.0,0.0,0.0,0.0,0.0,0.0,0.0,0.0
16:21:00,0.0,0.0,0.0,0.0,0.0,0.0,0.0,0.0,0.0,0.0,0.0,0.0,0.0,0.0,0.0,0.0,0.0,0.0,0.0,0.0,0.0,0.0,0.0,0.0,0.0,0.0,0.0,0.0,0.0,0.0,0.0,0.0,0.0,0.0,0.0,0.0,0.0,0.0,0.0,0.0
16:22:00,0.0,0.0,0.0,0.0,0.0,0.0,0.0,0.0,0.0,0.0,0.0,0.0,0.0,0.0,0.0,0.0,0.0,0.0,0.0,0.0,0.0,0.0,0.0,0.0,0.0,0.0,0.0,0.0,0.0,0.0,0.0,0.0,0.0,0.0,0.0,0.0,0.0,0.0,0.0,0.0
16:23:00,0.0,0.0,0.0,0.0,0.0,0.0,0.0,0.0,0.0,0.0,0.0,0.0,0.0,0.0,0.0,0.0,0.0,0.0,0.0,0.0,0.0,0.0,0.0,0.0,0.0,0.0,0.0,0.0,0.0,0.0,0.0,0.0,0.0,0.0,0.0,0.0,0.0,0.0,0.0,0.0
16:24:00,0.0,0.0,0.0,0.0,0.0,0.0,0.0,0.0,0.0,0.0,0.0,0.0,0.0,0.0,0.0,0.0,0.0,0.0,0.0,0.0,0.0,0.0,0.0,0.0,0.0,0.0,0.0,0.0,0.0,0.0,0.0,0.0,0.0,0.0,0.0,0.0,0.0,0.0,0.0,0.0
16:25:00,0.0,0.0,0.0,0.0,0.0,0.0,0.0,0.0,0.0,0.0,0.0,0.0,0.0,0.0,0.0,0.0,0.0,0.0,0.0,0.0,0.0,0.0,0.0,0.0,0.0,0.0,0.0,0.0,0.0,0.0,0.0,0.0,0.0,0.0,0.0,0.0,0.0,0.0,0.0,0.0
16:26:00,0.0,0.0,0.0,0.0,0.0,0.0,0.0,0.0,0.0,0.0,0.0,0.0,0.0,0.0,0.0,0.0,0.0,0.0,0.0,0.0,0.0,0.0,0.0,0.0,0.0,0.0,0.0,0.0,0.0,0.0,0.0,0.0,0.0,0.0,0.0,0.0,0.0,0.0,0.0,0.0
16:27:00,0.0,0.0,0.0,0.0,0.0,0.0,0.0,0.0,0.0,0.0,0.0,0.0,0.0,0.0,0.0,0.0,0.0,0.0,0.0,0.0,0.0,0.0,0.0,0.0,0.0,0.0,0.0,0.0,0.0,0.0,0.0,0.0,0.0,0.0,0.0,0.0,0.0,0.0,0.0,0.0
16:28:00,0.0,0.0,0.0,0.0,0.0,0.0,0.0,0.0,0.0,0.0,0.0,0.0,0.0,0.0,0.0,0.0,0.0,0.0,0.0,0.0,0.0,0.0,0.0,0.0,0.0,0.0,0.0,0.0,0.0,0.0,0.0,0.0,0.0,0.0,0.0,0.0,0.0,0.0,0.0,0.0
16:29:00,0.0,0.0,0.0,0.0,0.0,0.0,0.0,0.0,0.0,0.0,0.0,0.0,0.0,0.0,0.0,0.0,0.0,0.0,0.0,0.0,0.0,0.0,0.0,0.0,0.0,0.0,0.0,0.0,0.0,0.0,0.0,0.0,0.0,0.0,0.0,0.0,0.0,0.0,0.0,0.0
16:30:00,0.0,0.0,0.0,0.0,0.0,0.0,0.0,0.0,0.0,0.0,0.0,0.0,0.0,0.0,0.0,0.0,0.0,0.0,0.0,0.0,0.0,0.0,0.0,0.0,0.0,0.0,0.0,0.0,0.0,0.0,0.0,0.0,0.0,0.0,0.0,0.0,0.0,0.0,0.0,0.0
16:31:00,0.0,0.0,0.0,0.0,0.0,0.0,0.0,0.0,0.0,0.0,0.0,0.0,0.0,0.0,0.0,0.0,0.0,0.0,0.0,0.0,0.0,0.0,0.0,0.0,0.0,0.0,0.0,0.0,0.0,0.0,0.0,0.0,0.0,0.0,0.0,0.0,0.0,0.0,0.0,0.0
16:32:00,0.0,0.0,0.0,0.0,0.0,0.0,0.0,0.0,0.0,0.0,0.0,0.0,0.0,0.0,0.0,0.0,0.0,0.0,0.0,0.0,0.0,0.0,0.0,0.0,0.0,0.0,0.0,0.0,0.0,0.0,0.0,0.0,0.0,0.0,0.0,0.0,0.0,0.0,0.0,0.0
16:33:00,0.0,0.0,0.0,0.0,0.0,0.0,0.0,0.0,0.0,0.0,0.0,0.0,0.0,0.0,0.0,0.0,0.0,0.0,0.0,0.0,0.0,0.0,0.0,0.0,0.0,0.0,0.0,0.0,0.0,0.0,0.0,0.0,0.0,0.0,0.0,0.0,0.0,0.0,0.0,0.0
16:34:00,0.0,0.0,0.0,0.0,0.0,0.0,0.0,0.0,0.0,0.0,0.0,0.0,0.0,0.0,0.0,0.0,0.0,0.0,0.0,0.0,0.0,0.0,0.0,0.0,0.0,0.0,0.0,0.0,0.0,0.0,0.0,0.0,0.0,0.0,0.0,0.0,0.0,0.0,0.0,0.0
16:35:00,0.0,0.0,0.0,0.0,0.0,0.0,0.0,0.0,0.0,0.0,0.0,0.0,0.0,0.0,0.0,0.0,0.0,0.0,0.0,0.0,0.0,0.0,0.0,0.0,0.0,0.0,0.0,0.0,0.0,0.0,0.0,0.0,0.0,0.0,0.0,0.0,0.0,0.0,0.0,0.0
16:36:00,0.0,0.0,0.0,0.0,0.0,0.0,0.0,0.0,0.0,0.0,0.0,0.0,0.0,0.0,0.0,0.0,0.0,0.0,0.0,0.0,0.0,0.0,0.0,0.0,0.0,0.0,0.0,0.0,0.0,0.0,0.0,0.0,0.0,0.0,0.0,0.0,0.0,0.0,0.0,0.0
16:37:00,0.0,0.0,0.0,0.0,0.0,0.0,0.0,0.0,0.0,0.0,0.0,0.0,0.0,0.0,0.0,0.0,0.0,0.0,0.0,0.0,0.0,0.0,0.0,0.0,0.0,0.0,0.0,0.0,0.0,0.0,0.0,0.0,0.0,0.0,0.0,0.0,0.0,0.0,0.0,0.0
16:38:00,0.0,0.0,0.0,0.0,0.0,0.0,0.0,0.0,0.0,0.0,0.0,0.0,0.0,0.0,0.0,0.0,0.0,0.0,0.0,0.0,0.0,0.0,0.0,0.0,0.0,0.0,0.0,0.0,0.0,0.0,0.0,0.0,0.0,0.0,0.0,0.0,0.0,0.0,0.0,0.0
16:39:00,0.0,0.0,0.0,0.0,0.0,0.0,0.0,0.0,0.0,0.0,0.0,0.0,0.0,0.0,0.0,0.0,0.0,0.0,0.0,0.0,0.0,0.0,0.0,0.0,0.0,0.0,0.0,0.0,0.0,0.0,0.0,0.0,0.0,0.0,0.0,0.0,0.0,0.0,0.0,0.0
16:40:00,0.0,0.0,0.0,0.0,0.0,0.0,0.0,0.0,0.0,0.0,0.0,0.0,0.0,0.0,0.0,0.0,0.0,0.0,0.0,0.0,0.0,0.0,0.0,0.0,0.0,0.0,0.0,0.0,0.0,0.0,0.0,0.0,0.0,0.0,0.0,0.0,0.0,0.0,0.0,0.0
16:41:00,0.0,0.0,0.0,0.0,0.0,0.0,0.0,0.0,0.0,0.0,0.0,0.0,0.0,0.0,0.0,0.0,0.0,0.0,0.0,0.0,0.0,0.0,0.0,0.0,0.0,0.0,0.0,0.0,0.0,0.0,0.0,0.0,0.0,0.0,0.0,0.0,0.0,0.0,0.0,0.0
16:42:00,0.0,0.0,0.0,0.0,0.0,0.0,0.0,0.0,0.0,0.0,0.0,0.0,0.0,0.0,0.0,0.0,0.0,0.0,0.0,0.0,0.0,0.0,0.0,0.0,0.0,0.0,0.0,0.0,0.0,0.0,0.0,0.0,0.0,0.0,0.0,0.0,0.0,0.0,0.0,0.0
16:43:00,0.0,0.0,0.0,0.0,0.0,0.0,0.0,0.0,0.0,0.0,0.0,0.0,0.0,0.0,0.0,0.0,0.0,0.0,0.0,0.0,0.0,0.0,0.0,0.0,0.0,0.0,0.0,0.0,0.0,0.0,0.0,0.0,0.0,0.0,0.0,0.0,0.0,0.0,0.0,0.0
16:44:00,0.0,0.0,0.0,0.0,0.0,0.0,0.0,0.0,0.0,0.0,0.0,0.0,0.0,0.0,0.0,0.0,0.0,0.0,0.0,0.0,0.0,0.0,0.0,0.0,0.0,0.0,0.0,0.0,0.0,0.0,0.0,0.0,0.0,0.0,0.0,0.0,0.0,0.0,0.0,0.0
16:45:00,0.0,0.0,0.0,0.0,0.0,0.0,0.0,0.0,0.0,0.0,0.0,0.0,0.0,0.0,0.0,0.0,0.0,0.0,0.0,0.0,0.0,0.0,0.0,0.0,0.0,0.0,0.0,0.0,0.0,0.0,0.0,0.0,0.0,0.0,0.0,0.0,0.0,0.0,0.0,0.0
16:46:00,0.0,0.0,0.0,0.0,0.0,0.0,0.0,0.0,0.0,0.0,0.0,0.0,0.0,0.0,0.0,0.0,0.0,0.0,0.0,0.0,0.0,0.0,0.0,0.0,0.0,0.0,0.0,0.0,0.0,0.0,0.0,0.0,0.0,0.0,0.0,0.0,0.0,0.0,0.0,0.0
16:47:00,0.0,0.0,0.0,0.0,0.0,0.0,0.0,0.0,0.0,0.0,0.0,0.0,0.0,0.0,0.0,0.0,0.0,0.0,0.0,0.0,0.0,0.0,0.0,0.0,0.0,0.0,0.0,0.0,0.0,0.0,0.0,0.0,0.0,0.0,0.0,0.0,0.0,0.0,0.0,0.0
16:48:00,0.0,0.0,0.0,0.0,0.0,0.0,0.0,0.0,0.0,0.0,0.0,0.0,0.0,0.0,0.0,0.0,0.0,0.0,0.0,0.0,0.0,0.0,0.0,0.0,0.0,0.0,0.0,0.0,0.0,0.0,0.0,0.0,0.0,0.0,0.0,0.0,0.0,0.0,0.0,0.0
16:49:00,0.0,0.0,0.0,0.0,0.0,0.0,0.0,0.0,0.0,0.0,0.0,0.0,0.0,0.0,0.0,0.0,0.0,0.0,0.0,0.0,0.0,0.0,0.0,0.0,0.0,0.0,0.0,0.0,0.0,0.0,0.0,0.0,0.0,0.0,0.0,0.0,0.0,0.0,0.0,0.0
16:50:00,0.0,0.0,0.0,0.0,0.0,0.0,0.0,0.0,0.0,0.0,0.0,0.0,0.0,0.0,0.0,0.0,0.0,0.0,0.0,0.0,0.0,0.0,0.0,0.0,0.0,0.0,0.0,0.0,0.0,0.0,0.0,0.0,0.0,0.0,0.0,0.0,0.0,0.0,0.0,0.0
16:51:00,0.0,0.0,0.0,0.0,0.0,0.0,0.0,0.0,0.0,0.0,0.0,0.0,0.0,0.0,0.0,0.0,0.0,0.0,0.0,0.0,0.0,0.0,0.0,0.0,0.0,0.0,0.0,0.0,0.0,0.0,0.0,0.0,0.0,0.0,0.0,0.0,0.0,0.0,0.0,0.0
16:52:00,0.0,0.0,0.0,0.0,0.0,0.0,0.0,0.0,0.0,0.0,0.0,0.0,0.0,0.0,0.0,0.0,0.0,0.0,0.0,0.0,0.0,0.0,0.0,0.0,0.0,0.0,0.0,0.0,0.0,0.0,0.0,0.0,0.0,0.0,0.0,0.0,0.0,0.0,0.0,0.0
16:53:00,0.0,0.0,0.0,0.0,0.0,0.0,0.0,0.0,0.0,0.0,0.0,0.0,0.0,0.0,0.0,0.0,0.0,0.0,0.0,0.0,0.0,0.0,0.0,0.0,0.0,0.0,0.0,0.0,0.0,0.0,0.0,0.0,0.0,0.0,0.0,0.0,0.0,0.0,0.0,0.0
16:54:00,0.0,0.0,0.0,0.0,0.0,0.0,0.0,0.0,0.0,0.0,0.0,0.0,0.0,0.0,0.0,0.0,0.0,0.0,0.0,0.0,0.0,0.0,0.0,0.0,0.0,0.0,0.0,0.0,0.0,0.0,0.0,0.0,0.0,0.0,0.0,0.0,0.0,0.0,0.0,0.0
16:55:00,0.0,0.0,0.0,0.0,0.0,0.0,0.0,0.0,0.0,0.0,0.0,0.0,0.0,0.0,0.0,0.0,0.0,0.0,0.0,0.0,0.0,0.0,0.0,0.0,0.0,0.0,0.0,0.0,0.0,0.0,0.0,0.0,0.0,0.0,0.0,0.0,0.0,0.0,0.0,0.0
16:56:00,0.0,0.0,0.0,0.0,0.0,0.0,0.0,0.0,0.0,0.0,0.0,0.0,0.0,0.0,0.0,0.0,0.0,0.0,0.0,0.0,0.0,0.0,0.0,0.0,0.0,0.0,0.0,0.0,0.0,0.0,0.0,0.0,0.0,0.0,0.0,0.0,0.0,0.0,0.0,0.0
16:57:00,0.0,0.0,0.0,0.0,0.0,0.0,0.0,0.0,0.0,0.0,0.0,0.0,0.0,0.0,0.0,0.0,0.0,0.0,0.0,0.0,0.0,0.0,0.0,0.0,0.0,0.0,0.0,0.0,0.0,0.0,0.0,0.0,0.0,0.0,0.0,0.0,0.0,0.0,0.0,0.0
16:58:00,0.0,0.0,0.0,0.0,0.0,0.0,0.0,0.0,0.0,0.0,0.0,0.0,0.0,0.0,0.0,0.0,0.0,0.0,0.0,0.0,0.0,0.0,0.0,0.0,0.0,0.0,0.0,0.0,0.0,0.0,0.0,0.0,0.0,0.0,0.0,0.0,0.0,0.0,0.0,0.0
16:59:00,0.0,0.0,0.0,0.0,0.0,0.0,0.0,0.0,0.0,0.0,0.0,0.0,0.0,0.0,0.0,0.0,0.0,0.0,0.0,0.0,0.0,0.0,0.0,0.0,0.0,0.0,0.0,0.0,0.0,0.0,0.0,0.0,0.0,0.0,0.0,0.0,0.0,0.0,0.0,0.0
17:00:00,0.0,0.0,0.0,0.0,0.0,0.0,0.0,0.0,0.0,0.0,0.0,0.0,0.0,0.0,0.0,0.0,0.0,0.0,0.0,0.0,0.0,0.0,0.0,0.0,0.0,0.0,0.0,0.0,0.0,0.0,0.0,0.0,0.0,0.0,0.0,0.0,0.0,0.0,0.0,0.0
17:01:00,0.0,0.0,0.0,0.0,0.0,0.0,0.0,0.0,0.0,0.0,0.0,0.0,0.0,0.0,0.0,0.0,0.0,0.0,0.0,0.0,0.0,0.0,0.0,0.0,0.0,0.0,0.0,0.0,0.0,0.0,0.0,0.0,0.0,0.0,0.0,0.0,0.0,0.0,0.0,0.0
17:02:00,0.0,0.0,0.0,0.0,0.0,0.0,0.0,0.0,0.0,0.0,0.0,0.0,0.0,0.0,0.0,0.0,0.0,0.0,0.0,0.0,0.0,0.0,0.0,0.0,0.0,0.0,0.0,0.0,0.0,0.0,0.0,0.0,0.0,0.0,0.0,0.0,0.0,0.0,0.0,0.0
17:03:00,0.0,0.0,0.0,0.0,0.0,0.0,0.0,0.0,0.0,0.0,0.0,0.0,0.0,0.0,0.0,0.0,0.0,0.0,0.0,0.0,0.0,0.0,0.0,0.0,0.0,0.0,0.0,0.0,0.0,0.0,0.0,0.0,0.0,0.0,0.0,0.0,0.0,0.0,0.0,0.0
17:04:00,0.0,0.0,0.0,0.0,0.0,0.0,0.0,0.0,0.0,0.0,0.0,0.0,0.0,0.0,0.0,0.0,0.0,0.0,0.0,0.0,0.0,0.0,0.0,0.0,0.0,0.0,0.0,0.0,0.0,0.0,0.0,0.0,0.0,0.0,0.0,0.0,0.0,0.0,0.0,0.0
17:05:00,0.0,0.0,0.0,0.0,0.0,0.0,0.0,0.0,0.0,0.0,0.0,0.0,0.0,0.0,0.0,0.0,0.0,0.0,0.0,0.0,0.0,0.0,0.0,0.0,0.0,0.0,0.0,0.0,0.0,0.0,0.0,0.0,0.0,0.0,0.0,0.0,0.0,0.0,0.0,0.0
17:06:00,0.0,0.0,0.0,0.0,0.0,0.0,0.0,0.0,0.0,0.0,0.0,0.0,0.0,0.0,0.0,0.0,0.0,0.0,0.0,0.0,0.0,0.0,0.0,0.0,0.0,0.0,0.0,0.0,0.0,0.0,0.0,0.0,0.0,0.0,0.0,0.0,0.0,0.0,0.0,0.0
17:07:00,0.0,0.0,0.0,0.0,0.0,0.0,0.0,0.0,0.0,0.0,0.0,0.0,0.0,0.0,0.0,0.0,0.0,0.0,0.0,0.0,0.0,0.0,0.0,0.0,0.0,0.0,0.0,0.0,0.0,0.0,0.0,0.0,0.0,0.0,0.0,0.0,0.0,0.0,0.0,0.0
17:08:00,0.0,0.0,0.0,0.0,0.0,0.0,0.0,0.0,0.0,0.0,0.0,0.0,0.0,0.0,0.0,0.0,0.0,0.0,0.0,0.0,0.0,0.0,0.0,0.0,0.0,0.0,0.0,0.0,0.0,0.0,0.0,0.0,0.0,0.0,0.0,0.0,0.0,0.0,0.0,0.0
17:09:00,0.0,0.0,0.0,0.0,0.0,0.0,0.0,0.0,0.0,0.0,0.0,0.0,0.0,0.0,0.0,0.0,0.0,0.0,0.0,0.0,0.0,0.0,0.0,0.0,0.0,0.0,0.0,0.0,0.0,0.0,0.0,0.0,0.0,0.0,0.0,0.0,0.0,0.0,0.0,0.0
17:10:00,0.0,0.0,0.0,0.0,0.0,0.0,0.0,0.0,0.0,0.0,0.0,0.0,0.0,0.0,0.0,0.0,0.0,0.0,0.0,0.0,0.0,0.0,0.0,0.0,0.0,0.0,0.0,0.0,0.0,0.0,0.0,0.0,0.0,0.0,0.0,0.0,0.0,0.0,0.0,0.0
17:11:00,0.0,0.0,0.0,0.0,0.0,0.0,0.0,0.0,0.0,0.0,0.0,0.0,0.0,0.0,0.0,0.0,0.0,0.0,0.0,0.0,0.0,0.0,0.0,0.0,0.0,0.0,0.0,0.0,0.0,0.0,0.0,0.0,0.0,0.0,0.0,0.0,0.0,0.0,0.0,0.0
17:12:00,0.0,0.0,0.0,0.0,0.0,0.0,0.0,0.0,0.0,0.0,0.0,0.0,0.0,0.0,0.0,0.0,0.0,0.0,0.0,0.0,0.0,0.0,0.0,0.0,0.0,0.0,0.0,0.0,0.0,0.0,0.0,0.0,0.0,0.0,0.0,0.0,0.0,0.0,0.0,0.0
17:13:00,0.0,0.0,0.0,0.0,0.0,0.0,0.0,0.0,0.0,0.0,0.0,0.0,0.0,0.0,0.0,0.0,0.0,0.0,0.0,0.0,0.0,0.0,0.0,0.0,0.0,0.0,0.0,0.0,0.0,0.0,0.0,0.0,0.0,0.0,0.0,0.0,0.0,0.0,0.0,0.0
17:14:00,0.0,0.0,0.0,0.0,0.0,0.0,0.0,0.0,0.0,0.0,0.0,0.0,0.0,0.0,0.0,0.0,0.0,0.0,0.0,0.0,0.0,0.0,0.0,0.0,0.0,0.0,0.0,0.0,0.0,0.0,0.0,0.0,0.0,0.0,0.0,0.0,0.0,0.0,0.0,0.0
17:15:00,0.0,0.0,0.0,0.0,0.0,0.0,0.0,0.0,0.0,0.0,0.0,0.0,0.0,0.0,0.0,0.0,0.0,0.0,0.0,0.0,0.0,0.0,0.0,0.0,0.0,0.0,0.0,0.0,0.0,0.0,0.0,0.0,0.0,0.0,0.0,0.0,0.0,0.0,0.0,0.0
17:16:00,0.0,0.0,0.0,0.0,0.0,0.0,0.0,0.0,0.0,0.0,0.0,0.0,0.0,0.0,0.0,0.0,0.0,0.0,0.0,0.0,0.0,0.0,0.0,0.0,0.0,0.0,0.0,0.0,0.0,0.0,0.0,0.0,0.0,0.0,0.0,0.0,0.0,0.0,0.0,0.0
17:17:00,0.0,0.0,0.0,0.0,0.0,0.0,0.0,0.0,0.0,0.0,0.0,0.0,0.0,0.0,0.0,0.0,0.0,0.0,0.0,0.0,0.0,0.0,0.0,0.0,0.0,0.0,0.0,0.0,0.0,0.0,0.0,0.0,0.0,0.0,0.0,0.0,0.0,0.0,0.0,0.0
17:18:00,0.0,0.0,0.0,0.0,0.0,0.0,0.0,0.0,0.0,0.0,0.0,0.0,0.0,0.0,0.0,0.0,0.0,0.0,0.0,0.0,0.0,0.0,0.0,0.0,0.0,0.0,0.0,0.0,0.0,0.0,0.0,0.0,0.0,0.0,0.0,0.0,0.0,0.0,0.0,0.0
17:19:00,0.0,0.0,0.0,0.0,0.0,0.0,0.0,0.0,0.0,0.0,0.0,0.0,0.0,0.0,0.0,0.0,0.0,0.0,0.0,0.0,0.0,0.0,0.0,0.0,0.0,0.0,0.0,0.0,0.0,0.0,0.0,0.0,0.0,0.0,0.0,0.0,0.0,0.0,0.0,0.0
17:20:00,0.0,0.0,0.0,0.0,0.0,0.0,0.0,0.0,0.0,0.0,0.0,0.0,0.0,0.0,0.0,0.0,0.0,0.0,0.0,0.0,0.0,0.0,0.0,0.0,0.0,0.0,0.0,0.0,0.0,0.0,0.0,0.0,0.0,0.0,0.0,0.0,0.0,0.0,0.0,0.0
17:21:00,0.0,0.0,0.0,0.0,0.0,0.0,0.0,0.0,0.0,0.0,0.0,0.0,0.0,0.0,0.0,0.0,0.0,0.0,0.0,0.0,0.0,0.0,0.0,0.0,0.0,0.0,0.0,0.0,0.0,0.0,0.0,0.0,0.0,0.0,0.0,0.0,0.0,0.0,0.0,0.0
17:22:00,0.0,0.0,0.0,0.0,0.0,0.0,0.0,0.0,0.0,0.0,0.0,0.0,0.0,0.0,0.0,0.0,0.0,0.0,0.0,0.0,0.0,0.0,0.0,0.0,0.0,0.0,0.0,0.0,0.0,0.0,0.0,0.0,0.0,0.0,0.0,0.0,0.0,0.0,0.0,0.0
17:23:00,0.0,0.0,0.0,0.0,0.0,0.0,0.0,0.0,0.0,0.0,0.0,0.0,0.0,0.0,0.0,0.0,0.0,0.0,0.0,0.0,0.0,0.0,0.0,0.0,0.0,0.0,0.0,0.0,0.0,0.0,0.0,0.0,0.0,0.0,0.0,0.0,0.0,0.0,0.0,0.0
17:24:00,0.0,0.0,0.0,0.0,0.0,0.0,0.0,0.0,0.0,0.0,0.0,0.0,0.0,0.0,0.0,0.0,0.0,0.0,0.0,0.0,0.0,0.0,0.0,0.0,0.0,0.0,0.0,0.0,0.0,0.0,0.0,0.0,0.0,0.0,0.0,0.0,0.0,0.0,0.0,0.0
17:25:00,0.0,0.0,0.0,0.0,0.0,0.0,0.0,0.0,0.0,0.0,0.0,0.0,0.0,0.0,0.0,0.0,0.0,0.0,0.0,0.0,0.0,0.0,0.0,0.0,0.0,0.0,0.0,0.0,0.0,0.0,0.0,0.0,0.0,0.0,0.0,0.0,0.0,0.0,0.0,0.0
17:26:00,0.0,0.0,0.0,0.0,0.0,0.0,0.0,0.0,0.0,0.0,0.0,0.0,0.0,0.0,0.0,0.0,0.0,0.0,0.0,0.0,0.0,0.0,0.0,0.0,0.0,0.0,0.0,0.0,0.0,0.0,0.0,0.0,0.0,0.0,0.0,0.0,0.0,0.0,0.0,0.0
17:27:00,0.0,0.0,0.0,0.0,0.0,0.0,0.0,0.0,0.0,0.0,0.0,0.0,0.0,0.0,0.0,0.0,0.0,0.0,0.0,0.0,0.0,0.0,0.0,0.0,0.0,0.0,0.0,0.0,0.0,0.0,0.0,0.0,0.0,0.0,0.0,0.0,0.0,0.0,0.0,0.0
17:28:00,0.0,0.0,0.0,0.0,0.0,0.0,0.0,0.0,0.0,0.0,0.0,0.0,0.0,0.0,0.0,0.0,0.0,0.0,0.0,0.0,0.0,0.0,0.0,0.0,0.0,0.0,0.0,0.0,0.0,0.0,0.0,0.0,0.0,0.0,0.0,0.0,0.0,0.0,0.0,0.0
17:29:00,0.0,0.0,0.0,0.0,0.0,0.0,0.0,0.0,0.0,0.0,0.0,0.0,0.0,0.0,0.0,0.0,0.0,0.0,0.0,0.0,0.0,0.0,0.0,0.0,0.0,0.0,0.0,0.0,0.0,0.0,0.0,0.0,0.0,0.0,0.0,0.0,0.0,0.0,0.0,0.0
17:30:00,0.0,0.0,0.0,0.0,0.0,0.0,0.0,0.0,0.0,0.0,0.0,0.0,0.0,0.0,0.0,0.0,0.0,0.0,0.0,0.0,0.0,0.0,0.0,0.0,0.0,0.0,0.0,0.0,0.0,0.0,0.0,0.0,0.0,0.0,0.0,0.0,0.0,0.0,0.0,0.0
17:31:00,0.0,0.0,0.0,0.0,0.0,0.0,0.0,0.0,0.0,0.0,0.0,0.0,0.0,0.0,0.0,0.0,0.0,0.0,0.0,0.0,0.0,0.0,0.0,0.0,0.0,0.0,0.0,0.0,0.0,0.0,0.0,0.0,0.0,0.0,0.0,0.0,0.0,0.0,0.0,0.0
17:32:00,0.0,0.0,0.0,0.0,0.0,0.0,0.0,0.0,0.0,0.0,0.0,0.0,0.0,0.0,0.0,0.0,0.0,0.0,0.0,0.0,0.0,0.0,0.0,0.0,0.0,0.0,0.0,0.0,0.0,0.0,0.0,0.0,0.0,0.0,0.0,0.0,0.0,0.0,0.0,0.0
17:33:00,0.0,0.0,0.0,0.0,0.0,0.0,0.0,0.0,0.0,0.0,0.0,0.0,0.0,0.0,0.0,0.0,0.0,0.0,0.0,0.0,0.0,0.0,0.0,0.0,0.0,0.0,0.0,0.0,0.0,0.0,0.0,0.0,0.0,0.0,0.0,0.0,0.0,0.0,0.0,0.0
17:34:00,0.0,0.0,0.0,0.0,0.0,0.0,0.0,0.0,0.0,0.0,0.0,0.0,0.0,0.0,0.0,0.0,0.0,0.0,0.0,0.0,0.0,0.0,0.0,0.0,0.0,0.0,0.0,0.0,0.0,0.0,0.0,0.0,0.0,0.0,0.0,0.0,0.0,0.0,0.0,0.0
17:35:00,0.0,0.0,0.0,0.0,0.0,0.0,0.0,0.0,0.0,0.0,0.0,0.0,0.0,0.0,0.0,0.0,0.0,0.0,0.0,0.0,0.0,0.0,0.0,0.0,0.0,0.0,0.0,0.0,0.0,0.0,0.0,0.0,0.0,0.0,0.0,0.0,0.0,0.0,0.0,0.0
17:36:00,0.0,0.0,0.0,0.0,0.0,0.0,0.0,0.0,0.0,0.0,0.0,0.0,0.0,0.0,0.0,0.0,0.0,0.0,0.0,0.0,0.0,0.0,0.0,0.0,0.0,0.0,0.0,0.0,0.0,0.0,0.0,0.0,0.0,0.0,0.0,0.0,0.0,0.0,0.0,0.0
17:37:00,0.0,0.0,0.0,0.0,0.0,0.0,0.0,0.0,0.0,0.0,0.0,0.0,0.0,0.0,0.0,0.0,0.0,0.0,0.0,0.0,0.0,0.0,0.0,0.0,0.0,0.0,0.0,0.0,0.0,0.0,0.0,0.0,0.0,0.0,0.0,0.0,0.0,0.0,0.0,0.0
17:38:00,0.0,0.0,0.0,0.0,0.0,0.0,0.0,0.0,0.0,0.0,0.0,0.0,0.0,0.0,0.0,0.0,0.0,0.0,0.0,0.0,0.0,0.0,0.0,0.0,0.0,0.0,0.0,0.0,0.0,0.0,0.0,0.0,0.0,0.0,0.0,0.0,0.0,0.0,0.0,0.0
17:39:00,0.0,0.0,0.0,0.0,0.0,0.0,0.0,0.0,0.0,0.0,0.0,0.0,0.0,0.0,0.0,0.0,0.0,0.0,0.0,0.0,0.0,0.0,0.0,0.0,0.0,0.0,0.0,0.0,0.0,0.0,0.0,0.0,0.0,0.0,0.0,0.0,0.0,0.0,0.0,0.0
17:40:00,0.0,0.0,0.0,0.0,0.0,0.0,0.0,0.0,0.0,0.0,0.0,0.0,0.0,0.0,0.0,0.0,0.0,0.0,0.0,0.0,0.0,0.0,0.0,0.0,0.0,0.0,0.0,0.0,0.0,0.0,0.0,0.0,0.0,0.0,0.0,0.0,0.0,0.0,0.0,0.0
17:41:00,0.0,0.0,0.0,0.0,0.0,0.0,0.0,0.0,0.0,0.0,0.0,0.0,0.0,0.0,0.0,0.0,0.0,0.0,0.0,0.0,0.0,0.0,0.0,0.0,0.0,0.0,0.0,0.0,0.0,0.0,0.0,0.0,0.0,0.0,0.0,0.0,0.0,0.0,0.0,0.0
17:42:00,0.0,0.0,0.0,0.0,0.0,0.0,0.0,0.0,0.0,0.0,0.0,0.0,0.0,0.0,0.0,0.0,0.0,0.0,0.0,0.0,0.0,0.0,0.0,0.0,0.0,0.0,0.0,0.0,0.0,0.0,0.0,0.0,0.0,0.0,0.0,0.0,0.0,0.0,0.0,0.0
17:43:00,0.0,0.0,0.0,0.0,0.0,0.0,0.0,0.0,0.0,0.0,0.0,0.0,0.0,0.0,0.0,0.0,0.0,0.0,0.0,0.0,0.0,0.0,0.0,0.0,0.0,0.0,0.0,0.0,0.0,0.0,0.0,0.0,0.0,0.0,0.0,0.0,0.0,0.0,0.0,0.0
17:44:00,0.0,0.0,0.0,0.0,0.0,0.0,0.0,0.0,0.0,0.0,0.0,0.0,0.0,0.0,0.0,0.0,0.0,0.0,0.0,0.0,0.0,0.0,0.0,0.0,0.0,0.0,0.0,0.0,0.0,0.0,0.0,0.0,0.0,0.0,0.0,0.0,0.0,0.0,0.0,0.0
17:45:00,0.0,0.0,0.0,0.0,0.0,0.0,0.0,0.0,0.0,0.0,0.0,0.0,0.0,0.0,0.0,0.0,0.0,0.0,0.0,0.0,0.0,0.0,0.0,0.0,0.0,0.0,0.0,0.0,0.0,0.0,0.0,0.0,0.0,0.0,0.0,0.0,0.0,0.0,0.0,0.0
17:46:00,0.0,0.0,0.0,0.0,0.0,0.0,0.0,0.0,0.0,0.0,0.0,0.0,0.0,0.0,0.0,0.0,0.0,0.0,0.0,0.0,0.0,0.0,0.0,0.0,0.0,0.0,0.0,0.0,0.0,0.0,0.0,0.0,0.0,0.0,0.0,0.0,0.0,0.0,0.0,0.0
17:47:00,0.0,0.0,0.0,0.0,0.0,0.0,0.0,0.0,0.0,0.0,0.0,0.0,0.0,0.0,0.0,0.0,0.0,0.0,0.0,0.0,0.0,0.0,0.0,0.0,0.0,0.0,0.0,0.0,0.0,0.0,0.0,0.0,0.0,0.0,0.0,0.0,0.0,0.0,0.0,0.0
17:48:00,0.0,0.0,0.0,0.0,0.0,0.0,0.0,0.0,0.0,0.0,0.0,0.0,0.0,0.0,0.0,0.0,0.0,0.0,0.0,0.0,0.0,0.0,0.0,0.0,0.0,0.0,0.0,0.0,0.0,0.0,0.0,0.0,0.0,0.0,0.0,0.0,0.0,0.0,0.0,0.0
17:49:00,0.0,0.0,0.0,0.0,0.0,0.0,0.0,0.0,0.0,0.0,0.0,0.0,0.0,0.0,0.0,0.0,0.0,0.0,0.0,0.0,0.0,0.0,0.0,0.0,0.0,0.0,0.0,0.0,0.0,0.0,0.0,0.0,0.0,0.0,0.0,0.0,0.0,0.0,0.0,0.0
17:50:00,0.0,0.0,0.0,0.0,0.0,0.0,0.0,0.0,0.0,0.0,0.0,0.0,0.0,0.0,0.0,0.0,0.0,0.0,0.0,0.0,0.0,0.0,0.0,0.0,0.0,0.0,0.0,0.0,0.0,0.0,0.0,0.0,0.0,0.0,0.0,0.0,0.0,0.0,0.0,0.0
17:51:00,0.0,0.0,0.0,0.0,0.0,0.0,0.0,0.0,0.0,0.0,0.0,0.0,0.0,0.0,0.0,0.0,0.0,0.0,0.0,0.0,0.0,0.0,0.0,0.0,0.0,0.0,0.0,0.0,0.0,0.0,0.0,0.0,0.0,0.0,0.0,0.0,0.0,0.0,0.0,0.0
17:52:00,0.0,0.0,0.0,0.0,0.0,0.0,0.0,0.0,0.0,0.0,0.0,0.0,0.0,0.0,0.0,0.0,0.0,0.0,0.0,0.0,0.0,0.0,0.0,0.0,0.0,0.0,0.0,0.0,0.0,0.0,0.0,0.0,0.0,0.0,0.0,0.0,0.0,0.0,0.0,0.0
17:53:00,0.0,0.0,0.0,0.0,0.0,0.0,0.0,0.0,0.0,0.0,0.0,0.0,0.0,0.0,0.0,0.0,0.0,0.0,0.0,0.0,0.0,0.0,0.0,0.0,0.0,0.0,0.0,0.0,0.0,0.0,0.0,0.0,0.0,0.0,0.0,0.0,0.0,0.0,0.0,0.0
17:54:00,0.0,0.0,0.0,0.0,0.0,0.0,0.0,0.0,0.0,0.0,0.0,0.0,0.0,0.0,0.0,0.0,0.0,0.0,0.0,0.0,0.0,0.0,0.0,0.0,0.0,0.0,0.0,0.0,0.0,0.0,0.0,0.0,0.0,0.0,0.0,0.0,0.0,0.0,0.0,0.0
17:55:00,0.0,0.0,0.0,0.0,0.0,0.0,0.0,0.0,0.0,0.0,0.0,0.0,0.0,0.0,0.0,0.0,0.0,0.0,0.0,0.0,0.0,0.0,0.0,0.0,0.0,0.0,0.0,0.0,0.0,0.0,0.0,0.0,0.0,0.0,0.0,0.0,0.0,0.0,0.0,0.0
17:56:00,0.0,0.0,0.0,0.0,0.0,0.0,0.0,0.0,0.0,0.0,0.0,0.0,0.0,0.0,0.0,0.0,0.0,0.0,0.0,0.0,0.0,0.0,0.0,0.0,0.0,0.0,0.0,0.0,0.0,0.0,0.0,0.0,0.0,0.0,0.0,0.0,0.0,0.0,0.0,0.0
17:57:00,0.0,0.0,0.0,0.0,0.0,0.0,0.0,0.0,0.0,0.0,0.0,0.0,0.0,0.0,0.0,0.0,0.0,0.0,0.0,0.0,0.0,0.0,0.0,0.0,0.0,0.0,0.0,0.0,0.0,0.0,0.0,0.0,0.0,0.0,0.0,0.0,0.0,0.0,0.0,0.0
17:58:00,0.0,0.0,0.0,0.0,0.0,0.0,0.0,0.0,0.0,0.0,0.0,0.0,0.0,0.0,0.0,0.0,0.0,0.0,0.0,0.0,0.0,0.0,0.0,0.0,0.0,0.0,0.0,0.0,0.0,0.0,0.0,0.0,0.0,0.0,0.0,0.0,0.0,0.0,0.0,0.0
17:59:00,0.0,0.0,0.0,0.0,0.0,0.0,0.0,0.0,0.0,0.0,0.0,0.0,0.0,0.0,0.0,0.0,0.0,0.0,0.0,0.0,0.0,0.0,0.0,0.0,0.0,0.0,0.0,0.0,0.0,0.0,0.0,0.0,0.0,0.0,0.0,0.0,0.0,0.0,0.0,0.0
18:00:00,0.0,0.0,0.0,0.0,0.0,0.0,0.0,0.0,0.0,0.0,0.0,0.0,0.0,0.0,0.0,0.0,0.0,0.0,0.0,0.0,0.0,0.0,0.0,0.0,0.0,0.0,0.0,0.0,0.0,0.0,0.0,0.0,0.0,0.0,0.0,0.0,0.0,0.0,0.0,0.0
18:01:00,0.0,0.0,0.0,0.0,0.0,0.0,0.0,0.0,0.0,0.0,0.0,0.0,0.0,0.0,0.0,0.0,0.0,0.0,0.0,0.0,0.0,0.0,0.0,0.0,0.0,0.0,0.0,0.0,0.0,0.0,0.0,0.0,0.0,0.0,0.0,0.0,0.0,0.0,0.0,0.0
18:02:00,0.0,0.0,0.0,0.0,0.0,0.0,0.0,0.0,0.0,0.0,0.0,0.0,0.0,0.0,0.0,0.0,0.0,0.0,0.0,0.0,0.0,0.0,0.0,0.0,0.0,0.0,0.0,0.0,0.0,0.0,0.0,0.0,0.0,0.0,0.0,0.0,0.0,0.0,0.0,0.0
18:03:00,0.0,0.0,0.0,0.0,0.0,0.0,0.0,0.0,0.0,0.0,0.0,0.0,0.0,0.0,0.0,0.0,0.0,0.0,0.0,0.0,0.0,0.0,0.0,0.0,0.0,0.0,0.0,0.0,0.0,0.0,0.0,0.0,0.0,0.0,0.0,0.0,0.0,0.0,0.0,0.0
18:04:00,0.0,0.0,0.0,0.0,0.0,0.0,0.0,0.0,0.0,0.0,0.0,0.0,0.0,0.0,0.0,0.0,0.0,0.0,0.0,0.0,0.0,0.0,0.0,0.0,0.0,0.0,0.0,0.0,0.0,0.0,0.0,0.0,0.0,0.0,0.0,0.0,0.0,0.0,0.0,0.0
18:05:00,0.0,0.0,0.0,0.0,0.0,0.0,0.0,0.0,0.0,0.0,0.0,0.0,0.0,0.0,0.0,0.0,0.0,0.0,0.0,0.0,0.0,0.0,0.0,0.0,0.0,0.0,0.0,0.0,0.0,0.0,0.0,0.0,0.0,0.0,0.0,0.0,0.0,0.0,0.0,0.0
18:06:00,0.0,0.0,0.0,0.0,0.0,0.0,0.0,0.0,0.0,0.0,0.0,0.0,0.0,0.0,0.0,0.0,0.0,0.0,0.0,0.0,0.0,0.0,0.0,0.0,0.0,0.0,0.0,0.0,0.0,0.0,0.0,0.0,0.0,0.0,0.0,0.0,0.0,0.0,0.0,0.0
18:07:00,0.0,0.0,0.0,0.0,0.0,0.0,0.0,0.0,0.0,0.0,0.0,0.0,0.0,0.0,0.0,0.0,0.0,0.0,0.0,0.0,0.0,0.0,0.0,0.0,0.0,0.0,0.0,0.0,0.0,0.0,0.0,0.0,0.0,0.0,0.0,0.0,0.0,0.0,0.0,0.0
18:08:00,0.0,0.0,0.0,0.0,0.0,0.0,0.0,0.0,0.0,0.0,0.0,0.0,0.0,0.0,0.0,0.0,0.0,0.0,0.0,0.0,0.0,0.0,0.0,0.0,0.0,0.0,0.0,0.0,0.0,0.0,0.0,0.0,0.0,0.0,0.0,0.0,0.0,0.0,0.0,0.0
18:09:00,0.0,0.0,0.0,0.0,0.0,0.0,0.0,0.0,0.0,0.0,0.0,0.0,0.0,0.0,0.0,0.0,0.0,0.0,0.0,0.0,0.0,0.0,0.0,0.0,0.0,0.0,0.0,0.0,0.0,0.0,0.0,0.0,0.0,0.0,0.0,0.0,0.0,0.0,0.0,0.0
18:10:00,0.0,0.0,0.0,0.0,0.0,0.0,0.0,0.0,0.0,0.0,0.0,0.0,0.0,0.0,0.0,0.0,0.0,0.0,0.0,0.0,0.0,0.0,0.0,0.0,0.0,0.0,0.0,0.0,0.0,0.0,0.0,0.0,0.0,0.0,0.0,0.0,0.0,0.0,0.0,0.0
18:11:00,0.0,0.0,0.0,0.0,0.0,0.0,0.0,0.0,0.0,0.0,0.0,0.0,0.0,0.0,0.0,0.0,0.0,0.0,0.0,0.0,0.0,0.0,0.0,0.0,0.0,0.0,0.0,0.0,0.0,0.0,0.0,0.0,0.0,0.0,0.0,0.0,0.0,0.0,0.0,0.0
18:12:00,0.0,0.0,0.0,0.0,0.0,0.0,0.0,0.0,0.0,0.0,0.0,0.0,0.0,0.0,0.0,0.0,0.0,0.0,0.0,0.0,0.0,0.0,0.0,0.0,0.0,0.0,0.0,0.0,0.0,0.0,0.0,0.0,0.0,0.0,0.0,0.0,0.0,0.0,0.0,0.0
18:13:00,0.0,0.0,0.0,0.0,0.0,0.0,0.0,0.0,0.0,0.0,0.0,0.0,0.0,0.0,0.0,0.0,0.0,0.0,0.0,0.0,0.0,0.0,0.0,0.0,0.0,0.0,0.0,0.0,0.0,0.0,0.0,0.0,0.0,0.0,0.0,0.0,0.0,0.0,0.0,0.0
18:14:00,0.0,0.0,0.0,0.0,0.0,0.0,0.0,0.0,0.0,0.0,0.0,0.0,0.0,0.0,0.0,0.0,0.0,0.0,0.0,0.0,0.0,0.0,0.0,0.0,0.0,0.0,0.0,0.0,0.0,0.0,0.0,0.0,0.0,0.0,0.0,0.0,0.0,0.0,0.0,0.0
18:15:00,0.0,0.0,0.0,0.0,0.0,0.0,0.0,0.0,0.0,0.0,0.0,0.0,0.0,0.0,0.0,0.0,0.0,0.0,0.0,0.0,0.0,0.0,0.0,0.0,0.0,0.0,0.0,0.0,0.0,0.0,0.0,0.0,0.0,0.0,0.0,0.0,0.0,0.0,0.0,0.0
18:16:00,0.0,0.0,0.0,0.0,0.0,0.0,0.0,0.0,0.0,0.0,0.0,0.0,0.0,0.0,0.0,0.0,0.0,0.0,0.0,0.0,0.0,0.0,0.0,0.0,0.0,0.0,0.0,0.0,0.0,0.0,0.0,0.0,0.0,0.0,0.0,0.0,0.0,0.0,0.0,0.0
18:17:00,0.0,0.0,0.0,0.0,0.0,0.0,0.0,0.0,0.0,0.0,0.0,0.0,0.0,0.0,0.0,0.0,0.0,0.0,0.0,0.0,0.0,0.0,0.0,0.0,0.0,0.0,0.0,0.0,0.0,0.0,0.0,0.0,0.0,0.0,0.0,0.0,0.0,0.0,0.0,0.0
18:18:00,0.0,0.0,0.0,0.0,0.0,0.0,0.0,0.0,0.0,0.0,0.0,0.0,0.0,0.0,0.0,0.0,0.0,0.0,0.0,0.0,0.0,0.0,0.0,0.0,0.0,0.0,0.0,0.0,0.0,0.0,0.0,0.0,0.0,0.0,0.0,0.0,0.0,0.0,0.0,0.0
18:19:00,0.0,0.0,0.0,0.0,0.0,0.0,0.0,0.0,0.0,0.0,0.0,0.0,0.0,0.0,0.0,0.0,0.0,0.0,0.0,0.0,0.0,0.0,0.0,0.0,0.0,0.0,0.0,0.0,0.0,0.0,0.0,0.0,0.0,0.0,0.0,0.0,0.0,0.0,0.0,0.0
18:20:00,0.0,0.0,0.0,0.0,0.0,0.0,0.0,0.0,0.0,0.0,0.0,0.0,0.0,0.0,0.0,0.0,0.0,0.0,0.0,0.0,0.0,0.0,0.0,0.0,0.0,0.0,0.0,0.0,0.0,0.0,0.0,0.0,0.0,0.0,0.0,0.0,0.0,0.0,0.0,0.0
18:21:00,0.0,0.0,0.0,0.0,0.0,0.0,0.0,0.0,0.0,0.0,0.0,0.0,0.0,0.0,0.0,0.0,0.0,0.0,0.0,0.0,0.0,0.0,0.0,0.0,0.0,0.0,0.0,0.0,0.0,0.0,0.0,0.0,0.0,0.0,0.0,0.0,0.0,0.0,0.0,0.0
18:22:00,0.0,0.0,0.0,0.0,0.0,0.0,0.0,0.0,0.0,0.0,0.0,0.0,0.0,0.0,0.0,0.0,0.0,0.0,0.0,0.0,0.0,0.0,0.0,0.0,0.0,0.0,0.0,0.0,0.0,0.0,0.0,0.0,0.0,0.0,0.0,0.0,0.0,0.0,0.0,0.0
18:23:00,0.0,0.0,0.0,0.0,0.0,0.0,0.0,0.0,0.0,0.0,0.0,0.0,0.0,0.0,0.0,0.0,0.0,0.0,0.0,0.0,0.0,0.0,0.0,0.0,0.0,0.0,0.0,0.0,0.0,0.0,0.0,0.0,0.0,0.0,0.0,0.0,0.0,0.0,0.0,0.0
18:24:00,0.0,0.0,0.0,0.0,0.0,0.0,0.0,0.0,0.0,0.0,0.0,0.0,0.0,0.0,0.0,0.0,0.0,0.0,0.0,0.0,0.0,0.0,0.0,0.0,0.0,0.0,0.0,0.0,0.0,0.0,0.0,0.0,0.0,0.0,0.0,0.0,0.0,0.0,0.0,0.0
18:25:00,0.0,0.0,0.0,0.0,0.0,0.0,0.0,0.0,0.0,0.0,0.0,0.0,0.0,0.0,0.0,0.0,0.0,0.0,0.0,0.0,0.0,0.0,0.0,0.0,0.0,0.0,0.0,0.0,0.0,0.0,0.0,0.0,0.0,0.0,0.0,0.0,0.0,0.0,0.0,0.0
18:26:00,0.0,0.0,0.0,0.0,0.0,0.0,0.0,0.0,0.0,0.0,0.0,0.0,0.0,0.0,0.0,0.0,0.0,0.0,0.0,0.0,0.0,0.0,0.0,0.0,0.0,0.0,0.0,0.0,0.0,0.0,0.0,0.0,0.0,0.0,0.0,0.0,0.0,0.0,0.0,0.0
18:27:00,0.0,0.0,0.0,0.0,0.0,0.0,0.0,0.0,0.0,0.0,0.0,0.0,0.0,0.0,0.0,0.0,0.0,0.0,0.0,0.0,0.0,0.0,0.0,0.0,0.0,0.0,0.0,0.0,0.0,0.0,0.0,0.0,0.0,0.0,0.0,0.0,0.0,0.0,0.0,0.0
18:28:00,0.0,0.0,0.0,0.0,0.0,0.0,0.0,0.0,0.0,0.0,0.0,0.0,0.0,0.0,0.0,0.0,0.0,0.0,0.0,0.0,0.0,0.0,0.0,0.0,0.0,0.0,0.0,0.0,0.0,0.0,0.0,0.0,0.0,0.0,0.0,0.0,0.0,0.0,0.0,0.0
18:29:00,0.0,0.0,0.0,0.0,0.0,0.0,0.0,0.0,0.0,0.0,0.0,0.0,0.0,0.0,0.0,0.0,0.0,0.0,0.0,0.0,0.0,0.0,0.0,0.0,0.0,0.0,0.0,0.0,0.0,0.0,0.0,0.0,0.0,0.0,0.0,0.0,0.0,0.0,0.0,0.0
18:30:00,0.0,0.0,0.0,0.0,0.0,0.0,0.0,0.0,0.0,0.0,0.0,0.0,0.0,0.0,0.0,0.0,0.0,0.0,0.0,0.0,0.0,0.0,0.0,0.0,0.0,0.0,0.0,0.0,0.0,0.0,0.0,0.0,0.0,0.0,0.0,0.0,0.0,0.0,0.0,0.0
18:31:00,0.0,0.0,0.0,0.0,0.0,0.0,0.0,0.0,0.0,0.0,0.0,0.0,0.0,0.0,0.0,0.0,0.0,0.0,0.0,0.0,0.0,0.0,0.0,0.0,0.0,0.0,0.0,0.0,0.0,0.0,0.0,0.0,0.0,0.0,0.0,0.0,0.0,0.0,0.0,0.0
18:32:00,0.0,0.0,0.0,0.0,0.0,0.0,0.0,0.0,0.0,0.0,0.0,0.0,0.0,0.0,0.0,0.0,0.0,0.0,0.0,0.0,0.0,0.0,0.0,0.0,0.0,0.0,0.0,0.0,0.0,0.0,0.0,0.0,0.0,0.0,0.0,0.0,0.0,0.0,0.0,0.0
18:33:00,0.0,0.0,0.0,0.0,0.0,0.0,0.0,0.0,0.0,0.0,0.0,0.0,0.0,0.0,0.0,0.0,0.0,0.0,0.0,0.0,0.0,0.0,0.0,0.0,0.0,0.0,0.0,0.0,0.0,0.0,0.0,0.0,0.0,0.0,0.0,0.0,0.0,0.0,0.0,0.0
18:34:00,0.0,0.0,0.0,0.0,0.0,0.0,0.0,0.0,0.0,0.0,0.0,0.0,0.0,0.0,0.0,0.0,0.0,0.0,0.0,0.0,0.0,0.0,0.0,0.0,0.0,0.0,0.0,0.0,0.0,0.0,0.0,0.0,0.0,0.0,0.0,0.0,0.0,0.0,0.0,0.0
18:35:00,0.0,0.0,0.0,0.0,0.0,0.0,0.0,0.0,0.0,0.0,0.0,0.0,0.0,0.0,0.0,0.0,0.0,0.0,0.0,0.0,0.0,0.0,0.0,0.0,0.0,0.0,0.0,0.0,0.0,0.0,0.0,0.0,0.0,0.0,0.0,0.0,0.0,0.0,0.0,0.0
18:36:00,0.0,0.0,0.0,0.0,0.0,0.0,0.0,0.0,0.0,0.0,0.0,0.0,0.0,0.0,0.0,0.0,0.0,0.0,0.0,0.0,0.0,0.0,0.0,0.0,0.0,0.0,0.0,0.0,0.0,0.0,0.0,0.0,0.0,0.0,0.0,0.0,0.0,0.0,0.0,0.0
18:37:00,0.0,0.0,0.0,0.0,0.0,0.0,0.0,0.0,0.0,0.0,0.0,0.0,0.0,0.0,0.0,0.0,0.0,0.0,0.0,0.0,0.0,0.0,0.0,0.0,0.0,0.0,0.0,0.0,0.0,0.0,0.0,0.0,0.0,0.0,0.0,0.0,0.0,0.0,0.0,0.0
18:38:00,0.0,0.0,0.0,0.0,0.0,0.0,0.0,0.0,0.0,0.0,0.0,0.0,0.0,0.0,0.0,0.0,0.0,0.0,0.0,0.0,0.0,0.0,0.0,0.0,0.0,0.0,0.0,0.0,0.0,0.0,0.0,0.0,0.0,0.0,0.0,0.0,0.0,0.0,0.0,0.0
18:39:00,0.0,0.0,0.0,0.0,0.0,0.0,0.0,0.0,0.0,0.0,0.0,0.0,0.0,0.0,0.0,0.0,0.0,0.0,0.0,0.0,0.0,0.0,0.0,0.0,0.0,0.0,0.0,0.0,0.0,0.0,0.0,0.0,0.0,0.0,0.0,0.0,0.0,0.0,0.0,0.0
18:40:00,0.0,0.0,0.0,0.0,0.0,0.0,0.0,0.0,0.0,0.0,0.0,0.0,0.0,0.0,0.0,0.0,0.0,0.0,0.0,0.0,0.0,0.0,0.0,0.0,0.0,0.0,0.0,0.0,0.0,0.0,0.0,0.0,0.0,0.0,0.0,0.0,0.0,0.0,0.0,0.0
18:41:00,0.0,0.0,0.0,0.0,0.0,0.0,0.0,0.0,0.0,0.0,0.0,0.0,0.0,0.0,0.0,0.0,0.0,0.0,0.0,0.0,0.0,0.0,0.0,0.0,0.0,0.0,0.0,0.0,0.0,0.0,0.0,0.0,0.0,0.0,0.0,0.0,0.0,0.0,0.0,0.0
18:42:00,0.0,0.0,0.0,0.0,0.0,0.0,0.0,0.0,0.0,0.0,0.0,0.0,0.0,0.0,0.0,0.0,0.0,0.0,0.0,0.0,0.0,0.0,0.0,0.0,0.0,0.0,0.0,0.0,0.0,0.0,0.0,0.0,0.0,0.0,0.0,0.0,0.0,0.0,0.0,0.0
18:43:00,0.0,0.0,0.0,0.0,0.0,0.0,0.0,0.0,0.0,0.0,0.0,0.0,0.0,0.0,0.0,0.0,0.0,0.0,0.0,0.0,0.0,0.0,0.0,0.0,0.0,0.0,0.0,0.0,0.0,0.0,0.0,0.0,0.0,0.0,0.0,0.0,0.0,0.0,0.0,0.0
18:44:00,0.0,0.0,0.0,0.0,0.0,0.0,0.0,0.0,0.0,0.0,0.0,0.0,0.0,0.0,0.0,0.0,0.0,0.0,0.0,0.0,0.0,0.0,0.0,0.0,0.0,0.0,0.0,0.0,0.0,0.0,0.0,0.0,0.0,0.0,0.0,0.0,0.0,0.0,0.0,0.0
18:45:00,0.0,0.0,0.0,0.0,0.0,0.0,0.0,0.0,0.0,0.0,0.0,0.0,0.0,0.0,0.0,0.0,0.0,0.0,0.0,0.0,0.0,0.0,0.0,0.0,0.0,0.0,0.0,0.0,0.0,0.0,0.0,0.0,0.0,0.0,0.0,0.0,0.0,0.0,0.0,0.0
18:46:00,0.0,0.0,0.0,0.0,0.0,0.0,0.0,0.0,0.0,0.0,0.0,0.0,0.0,0.0,0.0,0.0,0.0,0.0,0.0,0.0,0.0,0.0,0.0,0.0,0.0,0.0,0.0,0.0,0.0,0.0,0.0,0.0,0.0,0.0,0.0,0.0,0.0,0.0,0.0,0.0
18:47:00,0.0,0.0,0.0,0.0,0.0,0.0,0.0,0.0,0.0,0.0,0.0,0.0,0.0,0.0,0.0,0.0,0.0,0.0,0.0,0.0,0.0,0.0,0.0,0.0,0.0,0.0,0.0,0.0,0.0,0.0,0.0,0.0,0.0,0.0,0.0,0.0,0.0,0.0,0.0,0.0
18:48:00,0.0,0.0,0.0,0.0,0.0,0.0,0.0,0.0,0.0,0.0,0.0,0.0,0.0,0.0,0.0,0.0,0.0,0.0,0.0,0.0,0.0,0.0,0.0,0.0,0.0,0.0,0.0,0.0,0.0,0.0,0.0,0.0,0.0,0.0,0.0,0.0,0.0,0.0,0.0,0.0
18:49:00,0.0,0.0,0.0,0.0,0.0,0.0,0.0,0.0,0.0,0.0,0.0,0.0,0.0,0.0,0.0,0.0,0.0,0.0,0.0,0.0,0.0,0.0,0.0,0.0,0.0,0.0,0.0,0.0,0.0,0.0,0.0,0.0,0.0,0.0,0.0,0.0,0.0,0.0,0.0,0.0
18:50:00,0.0,0.0,0.0,0.0,0.0,0.0,0.0,0.0,0.0,0.0,0.0,0.0,0.0,0.0,0.0,0.0,0.0,0.0,0.0,0.0,0.0,0.0,0.0,0.0,0.0,0.0,0.0,0.0,0.0,0.0,0.0,0.0,0.0,0.0,0.0,0.0,0.0,0.0,0.0,0.0
18:51:00,0.0,0.0,0.0,0.0,0.0,0.0,0.0,0.0,0.0,0.0,0.0,0.0,0.0,0.0,0.0,0.0,0.0,0.0,0.0,0.0,0.0,0.0,0.0,0.0,0.0,0.0,0.0,0.0,0.0,0.0,0.0,0.0,0.0,0.0,0.0,0.0,0.0,0.0,0.0,0.0
18:52:00,0.0,0.0,0.0,0.0,0.0,0.0,0.0,0.0,0.0,0.0,0.0,0.0,0.0,0.0,0.0,0.0,0.0,0.0,0.0,0.0,0.0,0.0,0.0,0.0,0.0,0.0,0.0,0.0,0.0,0.0,0.0,0.0,0.0,0.0,0.0,0.0,0.0,0.0,0.0,0.0
18:53:00,0.0,0.0,0.0,0.0,0.0,0.0,0.0,0.0,0.0,0.0,0.0,0.0,0.0,0.0,0.0,0.0,0.0,0.0,0.0,0.0,0.0,0.0,0.0,0.0,0.0,0.0,0.0,0.0,0.0,0.0,0.0,0.0,0.0,0.0,0.0,0.0,0.0,0.0,0.0,0.0
18:54:00,0.0,0.0,0.0,0.0,0.0,0.0,0.0,0.0,0.0,0.0,0.0,0.0,0.0,0.0,0.0,0.0,0.0,0.0,0.0,0.0,0.0,0.0,0.0,0.0,0.0,0.0,0.0,0.0,0.0,0.0,0.0,0.0,0.0,0.0,0.0,0.0,0.0,0.0,0.0,0.0
18:55:00,0.0,0.0,0.0,0.0,0.0,0.0,0.0,0.0,0.0,0.0,0.0,0.0,0.0,0.0,0.0,0.0,0.0,0.0,0.0,0.0,0.0,0.0,0.0,0.0,0.0,0.0,0.0,0.0,0.0,0.0,0.0,0.0,0.0,0.0,0.0,0.0,0.0,0.0,0.0,0.0
18:56:00,0.0,0.0,0.0,0.0,0.0,0.0,0.0,0.0,0.0,0.0,0.0,0.0,0.0,0.0,0.0,0.0,0.0,0.0,0.0,0.0,0.0,0.0,0.0,0.0,0.0,0.0,0.0,0.0,0.0,0.0,0.0,0.0,0.0,0.0,0.0,0.0,0.0,0.0,0.0,0.0
18:57:00,0.0,0.0,0.0,0.0,0.0,0.0,0.0,0.0,0.0,0.0,0.0,0.0,0.0,0.0,0.0,0.0,0.0,0.0,0.0,0.0,0.0,0.0,0.0,0.0,0.0,0.0,0.0,0.0,0.0,0.0,0.0,0.0,0.0,0.0,0.0,0.0,0.0,0.0,0.0,0.0
18:58:00,0.0,0.0,0.0,0.0,0.0,0.0,0.0,0.0,0.0,0.0,0.0,0.0,0.0,0.0,0.0,0.0,0.0,0.0,0.0,0.0,0.0,0.0,0.0,0.0,0.0,0.0,0.0,0.0,0.0,0.0,0.0,0.0,0.0,0.0,0.0,0.0,0.0,0.0,0.0,0.0
18:59:00,0.0,0.0,0.0,0.0,0.0,0.0,0.0,0.0,0.0,0.0,0.0,0.0,0.0,0.0,0.0,0.0,0.0,0.0,0.0,0.0,0.0,0.0,0.0,0.0,0.0,0.0,0.0,0.0,0.0,0.0,0.0,0.0,0.0,0.0,0.0,0.0,0.0,0.0,0.0,0.0
19:00:00,0.0,0.0,0.0,0.0,0.0,0.0,0.0,0.0,0.0,0.0,0.0,0.0,0.0,0.0,0.0,0.0,0.0,0.0,0.0,0.0,0.0,0.0,0.0,0.0,0.0,0.0,0.0,0.0,0.0,0.0,0.0,0.0,0.0,0.0,0.0,0.0,0.0,0.0,0.0,0.0
19:01:00,0.0,0.0,0.0,0.0,0.0,0.0,0.0,0.0,0.0,0.0,0.0,0.0,0.0,0.0,0.0,0.0,0.0,0.0,0.0,0.0,0.0,0.0,0.0,0.0,0.0,0.0,0.0,0.0,0.0,0.0,0.0,0.0,0.0,0.0,0.0,0.0,0.0,0.0,0.0,0.0
19:02:00,0.0,0.0,0.0,0.0,0.0,0.0,0.0,0.0,0.0,0.0,0.0,0.0,0.0,0.0,0.0,0.0,0.0,0.0,0.0,0.0,0.0,0.0,0.0,0.0,0.0,0.0,0.0,0.0,0.0,0.0,0.0,0.0,0.0,0.0,0.0,0.0,0.0,0.0,0.0,0.0
19:03:00,0.0,0.0,0.0,0.0,0.0,0.0,0.0,0.0,0.0,0.0,0.0,0.0,0.0,0.0,0.0,0.0,0.0,0.0,0.0,0.0,0.0,0.0,0.0,0.0,0.0,0.0,0.0,0.0,0.0,0.0,0.0,0.0,0.0,0.0,0.0,0.0,0.0,0.0,0.0,0.0
19:04:00,0.0,0.0,0.0,0.0,0.0,0.0,0.0,0.0,0.0,0.0,0.0,0.0,0.0,0.0,0.0,0.0,0.0,0.0,0.0,0.0,0.0,0.0,0.0,0.0,0.0,0.0,0.0,0.0,0.0,0.0,0.0,0.0,0.0,0.0,0.0,0.0,0.0,0.0,0.0,0.0
19:05:00,0.0,0.0,0.0,0.0,0.0,0.0,0.0,0.0,0.0,0.0,0.0,0.0,0.0,0.0,0.0,0.0,0.0,0.0,0.0,0.0,0.0,0.0,0.0,0.0,0.0,0.0,0.0,0.0,0.0,0.0,0.0,0.0,0.0,0.0,0.0,0.0,0.0,0.0,0.0,0.0
19:06:00,0.0,0.0,0.0,0.0,0.0,0.0,0.0,0.0,0.0,0.0,0.0,0.0,0.0,0.0,0.0,0.0,0.0,0.0,0.0,0.0,0.0,0.0,0.0,0.0,0.0,0.0,0.0,0.0,0.0,0.0,0.0,0.0,0.0,0.0,0.0,0.0,0.0,0.0,0.0,0.0
19:07:00,0.0,0.0,0.0,0.0,0.0,0.0,0.0,0.0,0.0,0.0,0.0,0.0,0.0,0.0,0.0,0.0,0.0,0.0,0.0,0.0,0.0,0.0,0.0,0.0,0.0,0.0,0.0,0.0,0.0,0.0,0.0,0.0,0.0,0.0,0.0,0.0,0.0,0.0,0.0,0.0
19:08:00,0.0,0.0,0.0,0.0,0.0,0.0,0.0,0.0,0.0,0.0,0.0,0.0,0.0,0.0,0.0,0.0,0.0,0.0,0.0,0.0,0.0,0.0,0.0,0.0,0.0,0.0,0.0,0.0,0.0,0.0,0.0,0.0,0.0,0.0,0.0,0.0,0.0,0.0,0.0,0.0
19:09:00,0.0,0.0,0.0,0.0,0.0,0.0,0.0,0.0,0.0,0.0,0.0,0.0,0.0,0.0,0.0,0.0,0.0,0.0,0.0,0.0,0.0,0.0,0.0,0.0,0.0,0.0,0.0,0.0,0.0,0.0,0.0,0.0,0.0,0.0,0.0,0.0,0.0,0.0,0.0,0.0
19:10:00,0.0,0.0,0.0,0.0,0.0,0.0,0.0,0.0,0.0,0.0,0.0,0.0,0.0,0.0,0.0,0.0,0.0,0.0,0.0,0.0,0.0,0.0,0.0,0.0,0.0,0.0,0.0,0.0,0.0,0.0,0.0,0.0,0.0,0.0,0.0,0.0,0.0,0.0,0.0,0.0
19:11:00,0.0,0.0,0.0,0.0,0.0,0.0,0.0,0.0,0.0,0.0,0.0,0.0,0.0,0.0,0.0,0.0,0.0,0.0,0.0,0.0,0.0,0.0,0.0,0.0,0.0,0.0,0.0,0.0,0.0,0.0,0.0,0.0,0.0,0.0,0.0,0.0,0.0,0.0,0.0,0.0
19:12:00,0.0,0.0,0.0,0.0,0.0,0.0,0.0,0.0,0.0,0.0,0.0,0.0,0.0,0.0,0.0,0.0,0.0,0.0,0.0,0.0,0.0,0.0,0.0,0.0,0.0,0.0,0.0,0.0,0.0,0.0,0.0,0.0,0.0,0.0,0.0,0.0,0.0,0.0,0.0,0.0
19:13:00,0.0,0.0,0.0,0.0,0.0,0.0,0.0,0.0,0.0,0.0,0.0,0.0,0.0,0.0,0.0,0.0,0.0,0.0,0.0,0.0,0.0,0.0,0.0,0.0,0.0,0.0,0.0,0.0,0.0,0.0,0.0,0.0,0.0,0.0,0.0,0.0,0.0,0.0,0.0,0.0
19:14:00,0.0,0.0,0.0,0.0,0.0,0.0,0.0,0.0,0.0,0.0,0.0,0.0,0.0,0.0,0.0,0.0,0.0,0.0,0.0,0.0,0.0,0.0,0.0,0.0,0.0,0.0,0.0,0.0,0.0,0.0,0.0,0.0,0.0,0.0,0.0,0.0,0.0,0.0,0.0,0.0
19:15:00,0.0,0.0,0.0,0.0,0.0,0.0,0.0,0.0,0.0,0.0,0.0,0.0,0.0,0.0,0.0,0.0,0.0,0.0,0.0,0.0,0.0,0.0,0.0,0.0,0.0,0.0,0.0,0.0,0.0,0.0,0.0,0.0,0.0,0.0,0.0,0.0,0.0,0.0,0.0,0.0
19:16:00,0.0,0.0,0.0,0.0,0.0,0.0,0.0,0.0,0.0,0.0,0.0,0.0,0.0,0.0,0.0,0.0,0.0,0.0,0.0,0.0,0.0,0.0,0.0,0.0,0.0,0.0,0.0,0.0,0.0,0.0,0.0,0.0,0.0,0.0,0.0,0.0,0.0,0.0,0.0,0.0
19:17:00,0.0,0.0,0.0,0.0,0.0,0.0,0.0,0.0,0.0,0.0,0.0,0.0,0.0,0.0,0.0,0.0,0.0,0.0,0.0,0.0,0.0,0.0,0.0,0.0,0.0,0.0,0.0,0.0,0.0,0.0,0.0,0.0,0.0,0.0,0.0,0.0,0.0,0.0,0.0,0.0
19:18:00,0.0,0.0,0.0,0.0,0.0,0.0,0.0,0.0,0.0,0.0,0.0,0.0,0.0,0.0,0.0,0.0,0.0,0.0,0.0,0.0,0.0,0.0,0.0,0.0,0.0,0.0,0.0,0.0,0.0,0.0,0.0,0.0,0.0,0.0,0.0,0.0,0.0,0.0,0.0,0.0
19:19:00,0.0,0.0,0.0,0.0,0.0,0.0,0.0,0.0,0.0,0.0,0.0,0.0,0.0,0.0,0.0,0.0,0.0,0.0,0.0,0.0,0.0,0.0,0.0,0.0,0.0,0.0,0.0,0.0,0.0,0.0,0.0,0.0,0.0,0.0,0.0,0.0,0.0,0.0,0.0,0.0
19:20:00,0.0,0.0,0.0,0.0,0.0,0.0,0.0,0.0,0.0,0.0,0.0,0.0,0.0,0.0,0.0,0.0,0.0,0.0,0.0,0.0,0.0,0.0,0.0,0.0,0.0,0.0,0.0,0.0,0.0,0.0,0.0,0.0,0.0,0.0,0.0,0.0,0.0,0.0,0.0,0.0
19:21:00,0.0,0.0,0.0,0.0,0.0,0.0,0.0,0.0,0.0,0.0,0.0,0.0,0.0,0.0,0.0,0.0,0.0,0.0,0.0,0.0,0.0,0.0,0.0,0.0,0.0,0.0,0.0,0.0,0.0,0.0,0.0,0.0,0.0,0.0,0.0,0.0,0.0,0.0,0.0,0.0
19:22:00,0.0,0.0,0.0,0.0,0.0,0.0,0.0,0.0,0.0,0.0,0.0,0.0,0.0,0.0,0.0,0.0,0.0,0.0,0.0,0.0,0.0,0.0,0.0,0.0,0.0,0.0,0.0,0.0,0.0,0.0,0.0,0.0,0.0,0.0,0.0,0.0,0.0,0.0,0.0,0.0
19:23:00,0.0,0.0,0.0,0.0,0.0,0.0,0.0,0.0,0.0,0.0,0.0,0.0,0.0,0.0,0.0,0.0,0.0,0.0,0.0,0.0,0.0,0.0,0.0,0.0,0.0,0.0,0.0,0.0,0.0,0.0,0.0,0.0,0.0,0.0,0.0,0.0,0.0,0.0,0.0,0.0
19:24:00,0.0,0.0,0.0,0.0,0.0,0.0,0.0,0.0,0.0,0.0,0.0,0.0,0.0,0.0,0.0,0.0,0.0,0.0,0.0,0.0,0.0,0.0,0.0,0.0,0.0,0.0,0.0,0.0,0.0,0.0,0.0,0.0,0.0,0.0,0.0,0.0,0.0,0.0,0.0,0.0
19:25:00,0.0,0.0,0.0,0.0,0.0,0.0,0.0,0.0,0.0,0.0,0.0,0.0,0.0,0.0,0.0,0.0,0.0,0.0,0.0,0.0,0.0,0.0,0.0,0.0,0.0,0.0,0.0,0.0,0.0,0.0,0.0,0.0,0.0,0.0,0.0,0.0,0.0,0.0,0.0,0.0
19:26:00,0.0,0.0,0.0,0.0,0.0,0.0,0.0,0.0,0.0,0.0,0.0,0.0,0.0,0.0,0.0,0.0,0.0,0.0,0.0,0.0,0.0,0.0,0.0,0.0,0.0,0.0,0.0,0.0,0.0,0.0,0.0,0.0,0.0,0.0,0.0,0.0,0.0,0.0,0.0,0.0
19:27:00,0.0,0.0,0.0,0.0,0.0,0.0,0.0,0.0,0.0,0.0,0.0,0.0,0.0,0.0,0.0,0.0,0.0,0.0,0.0,0.0,0.0,0.0,0.0,0.0,0.0,0.0,0.0,0.0,0.0,0.0,0.0,0.0,0.0,0.0,0.0,0.0,0.0,0.0,0.0,0.0
19:28:00,0.0,0.0,0.0,0.0,0.0,0.0,0.0,0.0,0.0,0.0,0.0,0.0,0.0,0.0,0.0,0.0,0.0,0.0,0.0,0.0,0.0,0.0,0.0,0.0,0.0,0.0,0.0,0.0,0.0,0.0,0.0,0.0,0.0,0.0,0.0,0.0,0.0,0.0,0.0,0.0
19:29:00,0.0,0.0,0.0,0.0,0.0,0.0,0.0,0.0,0.0,0.0,0.0,0.0,0.0,0.0,0.0,0.0,0.0,0.0,0.0,0.0,0.0,0.0,0.0,0.0,0.0,0.0,0.0,0.0,0.0,0.0,0.0,0.0,0.0,0.0,0.0,0.0,0.0,0.0,0.0,0.0
19:30:00,0.0,0.0,0.0,0.0,0.0,0.0,0.0,0.0,0.0,0.0,0.0,0.0,0.0,0.0,0.0,0.0,0.0,0.0,0.0,0.0,0.0,0.0,0.0,0.0,0.0,0.0,0.0,0.0,0.0,0.0,0.0,0.0,0.0,0.0,0.0,0.0,0.0,0.0,0.0,0.0
19:31:00,0.0,0.0,0.0,0.0,0.0,0.0,0.0,0.0,0.0,0.0,0.0,0.0,0.0,0.0,0.0,0.0,0.0,0.0,0.0,0.0,0.0,0.0,0.0,0.0,0.0,0.0,0.0,0.0,0.0,0.0,0.0,0.0,0.0,0.0,0.0,0.0,0.0,0.0,0.0,0.0
19:32:00,0.0,0.0,0.0,0.0,0.0,0.0,0.0,0.0,0.0,0.0,0.0,0.0,0.0,0.0,0.0,0.0,0.0,0.0,0.0,0.0,0.0,0.0,0.0,0.0,0.0,0.0,0.0,0.0,0.0,0.0,0.0,0.0,0.0,0.0,0.0,0.0,0.0,0.0,0.0,0.0
19:33:00,0.0,0.0,0.0,0.0,0.0,0.0,0.0,0.0,0.0,0.0,0.0,0.0,0.0,0.0,0.0,0.0,0.0,0.0,0.0,0.0,0.0,0.0,0.0,0.0,0.0,0.0,0.0,0.0,0.0,0.0,0.0,0.0,0.0,0.0,0.0,0.0,0.0,0.0,0.0,0.0
19:34:00,0.0,0.0,0.0,0.0,0.0,0.0,0.0,0.0,0.0,0.0,0.0,0.0,0.0,0.0,0.0,0.0,0.0,0.0,0.0,0.0,0.0,0.0,0.0,0.0,0.0,0.0,0.0,0.0,0.0,0.0,0.0,0.0,0.0,0.0,0.0,0.0,0.0,0.0,0.0,0.0
19:35:00,0.0,0.0,0.0,0.0,0.0,0.0,0.0,0.0,0.0,0.0,0.0,0.0,0.0,0.0,0.0,0.0,0.0,0.0,0.0,0.0,0.0,0.0,0.0,0.0,0.0,0.0,0.0,0.0,0.0,0.0,0.0,0.0,0.0,0.0,0.0,0.0,0.0,0.0,0.0,0.0
19:36:00,0.0,0.0,0.0,0.0,0.0,0.0,0.0,0.0,0.0,0.0,0.0,0.0,0.0,0.0,0.0,0.0,0.0,0.0,0.0,0.0,0.0,0.0,0.0,0.0,0.0,0.0,0.0,0.0,0.0,0.0,0.0,0.0,0.0,0.0,0.0,0.0,0.0,0.0,0.0,0.0
19:37:00,0.0,0.0,0.0,0.0,0.0,0.0,0.0,0.0,0.0,0.0,0.0,0.0,0.0,0.0,0.0,0.0,0.0,0.0,0.0,0.0,0.0,0.0,0.0,0.0,0.0,0.0,0.0,0.0,0.0,0.0,0.0,0.0,0.0,0.0,0.0,0.0,0.0,0.0,0.0,0.0
19:38:00,0.0,0.0,0.0,0.0,0.0,0.0,0.0,0.0,0.0,0.0,0.0,0.0,0.0,0.0,0.0,0.0,0.0,0.0,0.0,0.0,0.0,0.0,0.0,0.0,0.0,0.0,0.0,0.0,0.0,0.0,0.0,0.0,0.0,0.0,0.0,0.0,0.0,0.0,0.0,0.0
19:39:00,0.0,0.0,0.0,0.0,0.0,0.0,0.0,0.0,0.0,0.0,0.0,0.0,0.0,0.0,0.0,0.0,0.0,0.0,0.0,0.0,0.0,0.0,0.0,0.0,0.0,0.0,0.0,0.0,0.0,0.0,0.0,0.0,0.0,0.0,0.0,0.0,0.0,0.0,0.0,0.0
19:40:00,0.0,0.0,0.0,0.0,0.0,0.0,0.0,0.0,0.0,0.0,0.0,0.0,0.0,0.0,0.0,0.0,0.0,0.0,0.0,0.0,0.0,0.0,0.0,0.0,0.0,0.0,0.0,0.0,0.0,0.0,0.0,0.0,0.0,0.0,0.0,0.0,0.0,0.0,0.0,0.0
19:41:00,0.0,0.0,0.0,0.0,0.0,0.0,0.0,0.0,0.0,0.0,0.0,0.0,0.0,0.0,0.0,0.0,0.0,0.0,0.0,0.0,0.0,0.0,0.0,0.0,0.0,0.0,0.0,0.0,0.0,0.0,0.0,0.0,0.0,0.0,0.0,0.0,0.0,0.0,0.0,0.0
19:42:00,0.0,0.0,0.0,0.0,0.0,0.0,0.0,0.0,0.0,0.0,0.0,0.0,0.0,0.0,0.0,0.0,0.0,0.0,0.0,0.0,0.0,0.0,0.0,0.0,0.0,0.0,0.0,0.0,0.0,0.0,0.0,0.0,0.0,0.0,0.0,0.0,0.0,0.0,0.0,0.0
19:43:00,0.0,0.0,0.0,0.0,0.0,0.0,0.0,0.0,0.0,0.0,0.0,0.0,0.0,0.0,0.0,0.0,0.0,0.0,0.0,0.0,0.0,0.0,0.0,0.0,0.0,0.0,0.0,0.0,0.0,0.0,0.0,0.0,0.0,0.0,0.0,0.0,0.0,0.0,0.0,0.0
19:44:00,0.0,0.0,0.0,0.0,0.0,0.0,0.0,0.0,0.0,0.0,0.0,0.0,0.0,0.0,0.0,0.0,0.0,0.0,0.0,0.0,0.0,0.0,0.0,0.0,0.0,0.0,0.0,0.0,0.0,0.0,0.0,0.0,0.0,0.0,0.0,0.0,0.0,0.0,0.0,0.0
19:45:00,0.0,0.0,0.0,0.0,0.0,0.0,0.0,0.0,0.0,0.0,0.0,0.0,0.0,0.0,0.0,0.0,0.0,0.0,0.0,0.0,0.0,0.0,0.0,0.0,0.0,0.0,0.0,0.0,0.0,0.0,0.0,0.0,0.0,0.0,0.0,0.0,0.0,0.0,0.0,0.0
19:46:00,0.0,0.0,0.0,0.0,0.0,0.0,0.0,0.0,0.0,0.0,0.0,0.0,0.0,0.0,0.0,0.0,0.0,0.0,0.0,0.0,0.0,0.0,0.0,0.0,0.0,0.0,0.0,0.0,0.0,0.0,0.0,0.0,0.0,0.0,0.0,0.0,0.0,0.0,0.0,0.0
19:47:00,0.0,0.0,0.0,0.0,0.0,0.0,0.0,0.0,0.0,0.0,0.0,0.0,0.0,0.0,0.0,0.0,0.0,0.0,0.0,0.0,0.0,0.0,0.0,0.0,0.0,0.0,0.0,0.0,0.0,0.0,0.0,0.0,0.0,0.0,0.0,0.0,0.0,0.0,0.0,0.0
19:48:00,0.0,0.0,0.0,0.0,0.0,0.0,0.0,0.0,0.0,0.0,0.0,0.0,0.0,0.0,0.0,0.0,0.0,0.0,0.0,0.0,0.0,0.0,0.0,0.0,0.0,0.0,0.0,0.0,0.0,0.0,0.0,0.0,0.0,0.0,0.0,0.0,0.0,0.0,0.0,0.0
19:49:00,0.0,0.0,0.0,0.0,0.0,0.0,0.0,0.0,0.0,0.0,0.0,0.0,0.0,0.0,0.0,0.0,0.0,0.0,0.0,0.0,0.0,0.0,0.0,0.0,0.0,0.0,0.0,0.0,0.0,0.0,0.0,0.0,0.0,0.0,0.0,0.0,0.0,0.0,0.0,0.0
19:50:00,0.0,0.0,0.0,0.0,0.0,0.0,0.0,0.0,0.0,0.0,0.0,0.0,0.0,0.0,0.0,0.0,0.0,0.0,0.0,0.0,0.0,0.0,0.0,0.0,0.0,0.0,0.0,0.0,0.0,0.0,0.0,0.0,0.0,0.0,0.0,0.0,0.0,0.0,0.0,0.0
19:51:00,0.0,0.0,0.0,0.0,0.0,0.0,0.0,0.0,0.0,0.0,0.0,0.0,0.0,0.0,0.0,0.0,0.0,0.0,0.0,0.0,0.0,0.0,0.0,0.0,0.0,0.0,0.0,0.0,0.0,0.0,0.0,0.0,0.0,0.0,0.0,0.0,0.0,0.0,0.0,0.0
19:52:00,0.0,0.0,0.0,0.0,0.0,0.0,0.0,0.0,0.0,0.0,0.0,0.0,0.0,0.0,0.0,0.0,0.0,0.0,0.0,0.0,0.0,0.0,0.0,0.0,0.0,0.0,0.0,0.0,0.0,0.0,0.0,0.0,0.0,0.0,0.0,0.0,0.0,0.0,0.0,0.0
19:53:00,0.0,0.0,0.0,0.0,0.0,0.0,0.0,0.0,0.0,0.0,0.0,0.0,0.0,0.0,0.0,0.0,0.0,0.0,0.0,0.0,0.0,0.0,0.0,0.0,0.0,0.0,0.0,0.0,0.0,0.0,0.0,0.0,0.0,0.0,0.0,0.0,0.0,0.0,0.0,0.0
19:54:00,0.0,0.0,0.0,0.0,0.0,0.0,0.0,0.0,0.0,0.0,0.0,0.0,0.0,0.0,0.0,0.0,0.0,0.0,0.0,0.0,0.0,0.0,0.0,0.0,0.0,0.0,0.0,0.0,0.0,0.0,0.0,0.0,0.0,0.0,0.0,0.0,0.0,0.0,0.0,0.0
19:55:00,0.0,0.0,0.0,0.0,0.0,0.0,0.0,0.0,0.0,0.0,0.0,0.0,0.0,0.0,0.0,0.0,0.0,0.0,0.0,0.0,0.0,0.0,0.0,0.0,0.0,0.0,0.0,0.0,0.0,0.0,0.0,0.0,0.0,0.0,0.0,0.0,0.0,0.0,0.0,0.0
19:56:00,0.0,0.0,0.0,0.0,0.0,0.0,0.0,0.0,0.0,0.0,0.0,0.0,0.0,0.0,0.0,0.0,0.0,0.0,0.0,0.0,0.0,0.0,0.0,0.0,0.0,0.0,0.0,0.0,0.0,0.0,0.0,0.0,0.0,0.0,0.0,0.0,0.0,0.0,0.0,0.0
19:57:00,0.0,0.0,0.0,0.0,0.0,0.0,0.0,0.0,0.0,0.0,0.0,0.0,0.0,0.0,0.0,0.0,0.0,0.0,0.0,0.0,0.0,0.0,0.0,0.0,0.0,0.0,0.0,0.0,0.0,0.0,0.0,0.0,0.0,0.0,0.0,0.0,0.0,0.0,0.0,0.0
19:58:00,0.0,0.0,0.0,0.0,0.0,0.0,0.0,0.0,0.0,0.0,0.0,0.0,0.0,0.0,0.0,0.0,0.0,0.0,0.0,0.0,0.0,0.0,0.0,0.0,0.0,0.0,0.0,0.0,0.0,0.0,0.0,0.0,0.0,0.0,0.0,0.0,0.0,0.0,0.0,0.0
19:59:00,0.0,0.0,0.0,0.0,0.0,0.0,0.0,0.0,0.0,0.0,0.0,0.0,0.0,0.0,0.0,0.0,0.0,0.0,0.0,0.0,0.0,0.0,0.0,0.0,0.0,0.0,0.0,0.0,0.0,0.0,0.0,0.0,0.0,0.0,0.0,0.0,0.0,0.0,0.0,0.0
20:00:00,0.0,0.0,0.0,0.0,0.0,0.0,0.0,0.0,0.0,0.0,0.0,0.0,0.0,0.0,0.0,0.0,0.0,0.0,0.0,0.0,0.0,0.0,0.0,0.0,0.0,0.0,0.0,0.0,0.0,0.0,0.0,0.0,0.0,0.0,0.0,0.0,0.0,0.0,0.0,0.0
20:01:00,0.0,0.0,0.0,0.0,0.0,0.0,0.0,0.0,0.0,0.0,0.0,0.0,0.0,0.0,0.0,0.0,0.0,0.0,0.0,0.0,0.0,0.0,0.0,0.0,0.0,0.0,0.0,0.0,0.0,0.0,0.0,0.0,0.0,0.0,0.0,0.0,0.0,0.0,0.0,0.0
20:02:00,0.0,0.0,0.0,0.0,0.0,0.0,0.0,0.0,0.0,0.0,0.0,0.0,0.0,0.0,0.0,0.0,0.0,0.0,0.0,0.0,0.0,0.0,0.0,0.0,0.0,0.0,0.0,0.0,0.0,0.0,0.0,0.0,0.0,0.0,0.0,0.0,0.0,0.0,0.0,0.0
20:03:00,0.0,0.0,0.0,0.0,0.0,0.0,0.0,0.0,0.0,0.0,0.0,0.0,0.0,0.0,0.0,0.0,0.0,0.0,0.0,0.0,0.0,0.0,0.0,0.0,0.0,0.0,0.0,0.0,0.0,0.0,0.0,0.0,0.0,0.0,0.0,0.0,0.0,0.0,0.0,0.0
20:04:00,0.0,0.0,0.0,0.0,0.0,0.0,0.0,0.0,0.0,0.0,0.0,0.0,0.0,0.0,0.0,0.0,0.0,0.0,0.0,0.0,0.0,0.0,0.0,0.0,0.0,0.0,0.0,0.0,0.0,0.0,0.0,0.0,0.0,0.0,0.0,0.0,0.0,0.0,0.0,0.0
20:05:00,0.0,0.0,0.0,0.0,0.0,0.0,0.0,0.0,0.0,0.0,0.0,0.0,0.0,0.0,0.0,0.0,0.0,0.0,0.0,0.0,0.0,0.0,0.0,0.0,0.0,0.0,0.0,0.0,0.0,0.0,0.0,0.0,0.0,0.0,0.0,0.0,0.0,0.0,0.0,0.0
20:06:00,0.0,0.0,0.0,0.0,0.0,0.0,0.0,0.0,0.0,0.0,0.0,0.0,0.0,0.0,0.0,0.0,0.0,0.0,0.0,0.0,0.0,0.0,0.0,0.0,0.0,0.0,0.0,0.0,0.0,0.0,0.0,0.0,0.0,0.0,0.0,0.0,0.0,0.0,0.0,0.0
20:07:00,0.0,0.0,0.0,0.0,0.0,0.0,0.0,0.0,0.0,0.0,0.0,0.0,0.0,0.0,0.0,0.0,0.0,0.0,0.0,0.0,0.0,0.0,0.0,0.0,0.0,0.0,0.0,0.0,0.0,0.0,0.0,0.0,0.0,0.0,0.0,0.0,0.0,0.0,0.0,0.0
20:08:00,0.0,0.0,0.0,0.0,0.0,0.0,0.0,0.0,0.0,0.0,0.0,0.0,0.0,0.0,0.0,0.0,0.0,0.0,0.0,0.0,0.0,0.0,0.0,0.0,0.0,0.0,0.0,0.0,0.0,0.0,0.0,0.0,0.0,0.0,0.0,0.0,0.0,0.0,0.0,0.0
20:09:00,0.0,0.0,0.0,0.0,0.0,0.0,0.0,0.0,0.0,0.0,0.0,0.0,0.0,0.0,0.0,0.0,0.0,0.0,0.0,0.0,0.0,0.0,0.0,0.0,0.0,0.0,0.0,0.0,0.0,0.0,0.0,0.0,0.0,0.0,0.0,0.0,0.0,0.0,0.0,0.0
20:10:00,0.0,0.0,0.0,0.0,0.0,0.0,0.0,0.0,0.0,0.0,0.0,0.0,0.0,0.0,0.0,0.0,0.0,0.0,0.0,0.0,0.0,0.0,0.0,0.0,0.0,0.0,0.0,0.0,0.0,0.0,0.0,0.0,0.0,0.0,0.0,0.0,0.0,0.0,0.0,0.0
20:11:00,0.0,0.0,0.0,0.0,0.0,0.0,0.0,0.0,0.0,0.0,0.0,0.0,0.0,0.0,0.0,0.0,0.0,0.0,0.0,0.0,0.0,0.0,0.0,0.0,0.0,0.0,0.0,0.0,0.0,0.0,0.0,0.0,0.0,0.0,0.0,0.0,0.0,0.0,0.0,0.0
20:12:00,0.0,0.0,0.0,0.0,0.0,0.0,0.0,0.0,0.0,0.0,0.0,0.0,0.0,0.0,0.0,0.0,0.0,0.0,0.0,0.0,0.0,0.0,0.0,0.0,0.0,0.0,0.0,0.0,0.0,0.0,0.0,0.0,0.0,0.0,0.0,0.0,0.0,0.0,0.0,0.0
20:13:00,0.0,0.0,0.0,0.0,0.0,0.0,0.0,0.0,0.0,0.0,0.0,0.0,0.0,0.0,0.0,0.0,0.0,0.0,0.0,0.0,0.0,0.0,0.0,0.0,0.0,0.0,0.0,0.0,0.0,0.0,0.0,0.0,0.0,0.0,0.0,0.0,0.0,0.0,0.0,0.0
20:14:00,0.0,0.0,0.0,0.0,0.0,0.0,0.0,0.0,0.0,0.0,0.0,0.0,0.0,0.0,0.0,0.0,0.0,0.0,0.0,0.0,0.0,0.0,0.0,0.0,0.0,0.0,0.0,0.0,0.0,0.0,0.0,0.0,0.0,0.0,0.0,0.0,0.0,0.0,0.0,0.0
20:15:00,0.0,0.0,0.0,0.0,0.0,0.0,0.0,0.0,0.0,0.0,0.0,0.0,0.0,0.0,0.0,0.0,0.0,0.0,0.0,0.0,0.0,0.0,0.0,0.0,0.0,0.0,0.0,0.0,0.0,0.0,0.0,0.0,0.0,0.0,0.0,0.0,0.0,0.0,0.0,0.0
20:16:00,0.0,0.0,0.0,0.0,0.0,0.0,0.0,0.0,0.0,0.0,0.0,0.0,0.0,0.0,0.0,0.0,0.0,0.0,0.0,0.0,0.0,0.0,0.0,0.0,0.0,0.0,0.0,0.0,0.0,0.0,0.0,0.0,0.0,0.0,0.0,0.0,0.0,0.0,0.0,0.0
20:17:00,0.0,0.0,0.0,0.0,0.0,0.0,0.0,0.0,0.0,0.0,0.0,0.0,0.0,0.0,0.0,0.0,0.0,0.0,0.0,0.0,0.0,0.0,0.0,0.0,0.0,0.0,0.0,0.0,0.0,0.0,0.0,0.0,0.0,0.0,0.0,0.0,0.0,0.0,0.0,0.0
20:18:00,0.0,0.0,0.0,0.0,0.0,0.0,0.0,0.0,0.0,0.0,0.0,0.0,0.0,0.0,0.0,0.0,0.0,0.0,0.0,0.0,0.0,0.0,0.0,0.0,0.0,0.0,0.0,0.0,0.0,0.0,0.0,0.0,0.0,0.0,0.0,0.0,0.0,0.0,0.0,0.0
20:19:00,0.0,0.0,0.0,0.0,0.0,0.0,0.0,0.0,0.0,0.0,0.0,0.0,0.0,0.0,0.0,0.0,0.0,0.0,0.0,0.0,0.0,0.0,0.0,0.0,0.0,0.0,0.0,0.0,0.0,0.0,0.0,0.0,0.0,0.0,0.0,0.0,0.0,0.0,0.0,0.0
20:20:00,0.0,0.0,0.0,0.0,0.0,0.0,0.0,0.0,0.0,0.0,0.0,0.0,0.0,0.0,0.0,0.0,0.0,0.0,0.0,0.0,0.0,0.0,0.0,0.0,0.0,0.0,0.0,0.0,0.0,0.0,0.0,0.0,0.0,0.0,0.0,0.0,0.0,0.0,0.0,0.0
20:21:00,0.0,0.0,0.0,0.0,0.0,0.0,0.0,0.0,0.0,0.0,0.0,0.0,0.0,0.0,0.0,0.0,0.0,0.0,0.0,0.0,0.0,0.0,0.0,0.0,0.0,0.0,0.0,0.0,0.0,0.0,0.0,0.0,0.0,0.0,0.0,0.0,0.0,0.0,0.0,0.0
20:22:00,0.0,0.0,0.0,0.0,0.0,0.0,0.0,0.0,0.0,0.0,0.0,0.0,0.0,0.0,0.0,0.0,0.0,0.0,0.0,0.0,0.0,0.0,0.0,0.0,0.0,0.0,0.0,0.0,0.0,0.0,0.0,0.0,0.0,0.0,0.0,0.0,0.0,0.0,0.0,0.0
20:23:00,0.0,0.0,0.0,0.0,0.0,0.0,0.0,0.0,0.0,0.0,0.0,0.0,0.0,0.0,0.0,0.0,0.0,0.0,0.0,0.0,0.0,0.0,0.0,0.0,0.0,0.0,0.0,0.0,0.0,0.0,0.0,0.0,0.0,0.0,0.0,0.0,0.0,0.0,0.0,0.0
20:24:00,0.0,0.0,0.0,0.0,0.0,0.0,0.0,0.0,0.0,0.0,0.0,0.0,0.0,0.0,0.0,0.0,0.0,0.0,0.0,0.0,0.0,0.0,0.0,0.0,0.0,0.0,0.0,0.0,0.0,0.0,0.0,0.0,0.0,0.0,0.0,0.0,0.0,0.0,0.0,0.0
20:25:00,0.0,0.0,0.0,0.0,0.0,0.0,0.0,0.0,0.0,0.0,0.0,0.0,0.0,0.0,0.0,0.0,0.0,0.0,0.0,0.0,0.0,0.0,0.0,0.0,0.0,0.0,0.0,0.0,0.0,0.0,0.0,0.0,0.0,0.0,0.0,0.0,0.0,0.0,0.0,0.0
20:26:00,0.0,0.0,0.0,0.0,0.0,0.0,0.0,0.0,0.0,0.0,0.0,0.0,0.0,0.0,0.0,0.0,0.0,0.0,0.0,0.0,0.0,0.0,0.0,0.0,0.0,0.0,0.0,0.0,0.0,0.0,0.0,0.0,0.0,0.0,0.0,0.0,0.0,0.0,0.0,0.0
20:27:00,0.0,0.0,0.0,0.0,0.0,0.0,0.0,0.0,0.0,0.0,0.0,0.0,0.0,0.0,0.0,0.0,0.0,0.0,0.0,0.0,0.0,0.0,0.0,0.0,0.0,0.0,0.0,0.0,0.0,0.0,0.0,0.0,0.0,0.0,0.0,0.0,0.0,0.0,0.0,0.0
20:28:00,0.0,0.0,0.0,0.0,0.0,0.0,0.0,0.0,0.0,0.0,0.0,0.0,0.0,0.0,0.0,0.0,0.0,0.0,0.0,0.0,0.0,0.0,0.0,0.0,0.0,0.0,0.0,0.0,0.0,0.0,0.0,0.0,0.0,0.0,0.0,0.0,0.0,0.0,0.0,0.0
20:29:00,0.0,0.0,0.0,0.0,0.0,0.0,0.0,0.0,0.0,0.0,0.0,0.0,0.0,0.0,0.0,0.0,0.0,0.0,0.0,0.0,0.0,0.0,0.0,0.0,0.0,0.0,0.0,0.0,0.0,0.0,0.0,0.0,0.0,0.0,0.0,0.0,0.0,0.0,0.0,0.0
20:30:00,0.0,0.0,0.0,0.0,0.0,0.0,0.0,0.0,0.0,0.0,0.0,0.0,0.0,0.0,0.0,0.0,0.0,0.0,0.0,0.0,0.0,0.0,0.0,0.0,0.0,0.0,0.0,0.0,0.0,0.0,0.0,0.0,0.0,0.0,0.0,0.0,0.0,0.0,0.0,0.0
20:31:00,0.0,0.0,0.0,0.0,0.0,0.0,0.0,0.0,0.0,0.0,0.0,0.0,0.0,0.0,0.0,0.0,0.0,0.0,0.0,0.0,0.0,0.0,0.0,0.0,0.0,0.0,0.0,0.0,0.0,0.0,0.0,0.0,0.0,0.0,0.0,0.0,0.0,0.0,0.0,0.0
20:32:00,0.0,0.0,0.0,0.0,0.0,0.0,0.0,0.0,0.0,0.0,0.0,0.0,0.0,0.0,0.0,0.0,0.0,0.0,0.0,0.0,0.0,0.0,0.0,0.0,0.0,0.0,0.0,0.0,0.0,0.0,0.0,0.0,0.0,0.0,0.0,0.0,0.0,0.0,0.0,0.0
20:33:00,0.0,0.0,0.0,0.0,0.0,0.0,0.0,0.0,0.0,0.0,0.0,0.0,0.0,0.0,0.0,0.0,0.0,0.0,0.0,0.0,0.0,0.0,0.0,0.0,0.0,0.0,0.0,0.0,0.0,0.0,0.0,0.0,0.0,0.0,0.0,0.0,0.0,0.0,0.0,0.0
20:34:00,0.0,0.0,0.0,0.0,0.0,0.0,0.0,0.0,0.0,0.0,0.0,0.0,0.0,0.0,0.0,0.0,0.0,0.0,0.0,0.0,0.0,0.0,0.0,0.0,0.0,0.0,0.0,0.0,0.0,0.0,0.0,0.0,0.0,0.0,0.0,0.0,0.0,0.0,0.0,0.0
20:35:00,0.0,0.0,0.0,0.0,0.0,0.0,0.0,0.0,0.0,0.0,0.0,0.0,0.0,0.0,0.0,0.0,0.0,0.0,0.0,0.0,0.0,0.0,0.0,0.0,0.0,0.0,0.0,0.0,0.0,0.0,0.0,0.0,0.0,0.0,0.0,0.0,0.0,0.0,0.0,0.0
20:36:00,0.0,0.0,0.0,0.0,0.0,0.0,0.0,0.0,0.0,0.0,0.0,0.0,0.0,0.0,0.0,0.0,0.0,0.0,0.0,0.0,0.0,0.0,0.0,0.0,0.0,0.0,0.0,0.0,0.0,0.0,0.0,0.0,0.0,0.0,0.0,0.0,0.0,0.0,0.0,0.0
20:37:00,0.0,0.0,0.0,0.0,0.0,0.0,0.0,0.0,0.0,0.0,0.0,0.0,0.0,0.0,0.0,0.0,0.0,0.0,0.0,0.0,0.0,0.0,0.0,0.0,0.0,0.0,0.0,0.0,0.0,0.0,0.0,0.0,0.0,0.0,0.0,0.0,0.0,0.0,0.0,0.0
20:38:00,0.0,0.0,0.0,0.0,0.0,0.0,0.0,0.0,0.0,0.0,0.0,0.0,0.0,0.0,0.0,0.0,0.0,0.0,0.0,0.0,0.0,0.0,0.0,0.0,0.0,0.0,0.0,0.0,0.0,0.0,0.0,0.0,0.0,0.0,0.0,0.0,0.0,0.0,0.0,0.0
20:39:00,0.0,0.0,0.0,0.0,0.0,0.0,0.0,0.0,0.0,0.0,0.0,0.0,0.0,0.0,0.0,0.0,0.0,0.0,0.0,0.0,0.0,0.0,0.0,0.0,0.0,0.0,0.0,0.0,0.0,0.0,0.0,0.0,0.0,0.0,0.0,0.0,0.0,0.0,0.0,0.0
20:40:00,0.0,0.0,0.0,0.0,0.0,0.0,0.0,0.0,0.0,0.0,0.0,0.0,0.0,0.0,0.0,0.0,0.0,0.0,0.0,0.0,0.0,0.0,0.0,0.0,0.0,0.0,0.0,0.0,0.0,0.0,0.0,0.0,0.0,0.0,0.0,0.0,0.0,0.0,0.0,0.0
20:41:00,0.0,0.0,0.0,0.0,0.0,0.0,0.0,0.0,0.0,0.0,0.0,0.0,0.0,0.0,0.0,0.0,0.0,0.0,0.0,0.0,0.0,0.0,0.0,0.0,0.0,0.0,0.0,0.0,0.0,0.0,0.0,0.0,0.0,0.0,0.0,0.0,0.0,0.0,0.0,0.0
20:42:00,0.0,0.0,0.0,0.0,0.0,0.0,0.0,0.0,0.0,0.0,0.0,0.0,0.0,0.0,0.0,0.0,0.0,0.0,0.0,0.0,0.0,0.0,0.0,0.0,0.0,0.0,0.0,0.0,0.0,0.0,0.0,0.0,0.0,0.0,0.0,0.0,0.0,0.0,0.0,0.0
20:43:00,0.0,0.0,0.0,0.0,0.0,0.0,0.0,0.0,0.0,0.0,0.0,0.0,0.0,0.0,0.0,0.0,0.0,0.0,0.0,0.0,0.0,0.0,0.0,0.0,0.0,0.0,0.0,0.0,0.0,0.0,0.0,0.0,0.0,0.0,0.0,0.0,0.0,0.0,0.0,0.0
20:44:00,0.0,0.0,0.0,0.0,0.0,0.0,0.0,0.0,0.0,0.0,0.0,0.0,0.0,0.0,0.0,0.0,0.0,0.0,0.0,0.0,0.0,0.0,0.0,0.0,0.0,0.0,0.0,0.0,0.0,0.0,0.0,0.0,0.0,0.0,0.0,0.0,0.0,0.0,0.0,0.0
20:45:00,0.0,0.0,0.0,0.0,0.0,0.0,0.0,0.0,0.0,0.0,0.0,0.0,0.0,0.0,0.0,0.0,0.0,0.0,0.0,0.0,0.0,0.0,0.0,0.0,0.0,0.0,0.0,0.0,0.0,0.0,0.0,0.0,0.0,0.0,0.0,0.0,0.0,0.0,0.0,0.0
20:46:00,0.0,0.0,0.0,0.0,0.0,0.0,0.0,0.0,0.0,0.0,0.0,0.0,0.0,0.0,0.0,0.0,0.0,0.0,0.0,0.0,0.0,0.0,0.0,0.0,0.0,0.0,0.0,0.0,0.0,0.0,0.0,0.0,0.0,0.0,0.0,0.0,0.0,0.0,0.0,0.0
20:47:00,0.0,0.0,0.0,0.0,0.0,0.0,0.0,0.0,0.0,0.0,0.0,0.0,0.0,0.0,0.0,0.0,0.0,0.0,0.0,0.0,0.0,0.0,0.0,0.0,0.0,0.0,0.0,0.0,0.0,0.0,0.0,0.0,0.0,0.0,0.0,0.0,0.0,0.0,0.0,0.0
20:48:00,0.0,0.0,0.0,0.0,0.0,0.0,0.0,0.0,0.0,0.0,0.0,0.0,0.0,0.0,0.0,0.0,0.0,0.0,0.0,0.0,0.0,0.0,0.0,0.0,0.0,0.0,0.0,0.0,0.0,0.0,0.0,0.0,0.0,0.0,0.0,0.0,0.0,0.0,0.0,0.0
20:49:00,0.0,0.0,0.0,0.0,0.0,0.0,0.0,0.0,0.0,0.0,0.0,0.0,0.0,0.0,0.0,0.0,0.0,0.0,0.0,0.0,0.0,0.0,0.0,0.0,0.0,0.0,0.0,0.0,0.0,0.0,0.0,0.0,0.0,0.0,0.0,0.0,0.0,0.0,0.0,0.0
20:50:00,0.0,0.0,0.0,0.0,0.0,0.0,0.0,0.0,0.0,0.0,0.0,0.0,0.0,0.0,0.0,0.0,0.0,0.0,0.0,0.0,0.0,0.0,0.0,0.0,0.0,0.0,0.0,0.0,0.0,0.0,0.0,0.0,0.0,0.0,0.0,0.0,0.0,0.0,0.0,0.0
20:51:00,0.0,0.0,0.0,0.0,0.0,0.0,0.0,0.0,0.0,0.0,0.0,0.0,0.0,0.0,0.0,0.0,0.0,0.0,0.0,0.0,0.0,0.0,0.0,0.0,0.0,0.0,0.0,0.0,0.0,0.0,0.0,0.0,0.0,0.0,0.0,0.0,0.0,0.0,0.0,0.0
20:52:00,0.0,0.0,0.0,0.0,0.0,0.0,0.0,0.0,0.0,0.0,0.0,0.0,0.0,0.0,0.0,0.0,0.0,0.0,0.0,0.0,0.0,0.0,0.0,0.0,0.0,0.0,0.0,0.0,0.0,0.0,0.0,0.0,0.0,0.0,0.0,0.0,0.0,0.0,0.0,0.0
20:53:00,0.0,0.0,0.0,0.0,0.0,0.0,0.0,0.0,0.0,0.0,0.0,0.0,0.0,0.0,0.0,0.0,0.0,0.0,0.0,0.0,0.0,0.0,0.0,0.0,0.0,0.0,0.0,0.0,0.0,0.0,0.0,0.0,0.0,0.0,0.0,0.0,0.0,0.0,0.0,0.0
20:54:00,0.0,0.0,0.0,0.0,0.0,0.0,0.0,0.0,0.0,0.0,0.0,0.0,0.0,0.0,0.0,0.0,0.0,0.0,0.0,0.0,0.0,0.0,0.0,0.0,0.0,0.0,0.0,0.0,0.0,0.0,0.0,0.0,0.0,0.0,0.0,0.0,0.0,0.0,0.0,0.0
20:55:00,0.0,0.0,0.0,0.0,0.0,0.0,0.0,0.0,0.0,0.0,0.0,0.0,0.0,0.0,0.0,0.0,0.0,0.0,0.0,0.0,0.0,0.0,0.0,0.0,0.0,0.0,0.0,0.0,0.0,0.0,0.0,0.0,0.0,0.0,0.0,0.0,0.0,0.0,0.0,0.0
20:56:00,0.0,0.0,0.0,0.0,0.0,0.0,0.0,0.0,0.0,0.0,0.0,0.0,0.0,0.0,0.0,0.0,0.0,0.0,0.0,0.0,0.0,0.0,0.0,0.0,0.0,0.0,0.0,0.0,0.0,0.0,0.0,0.0,0.0,0.0,0.0,0.0,0.0,0.0,0.0,0.0
20:57:00,0.0,0.0,0.0,0.0,0.0,0.0,0.0,0.0,0.0,0.0,0.0,0.0,0.0,0.0,0.0,0.0,0.0,0.0,0.0,0.0,0.0,0.0,0.0,0.0,0.0,0.0,0.0,0.0,0.0,0.0,0.0,0.0,0.0,0.0,0.0,0.0,0.0,0.0,0.0,0.0
20:58:00,0.0,0.0,0.0,0.0,0.0,0.0,0.0,0.0,0.0,0.0,0.0,0.0,0.0,0.0,0.0,0.0,0.0,0.0,0.0,0.0,0.0,0.0,0.0,0.0,0.0,0.0,0.0,0.0,0.0,0.0,0.0,0.0,0.0,0.0,0.0,0.0,0.0,0.0,0.0,0.0
20:59:00,0.0,0.0,0.0,0.0,0.0,0.0,0.0,0.0,0.0,0.0,0.0,0.0,0.0,0.0,0.0,0.0,0.0,0.0,0.0,0.0,0.0,0.0,0.0,0.0,0.0,0.0,0.0,0.0,0.0,0.0,0.0,0.0,0.0,0.0,0.0,0.0,0.0,0.0,0.0,0.0
21:00:00,0.0,0.0,0.0,0.0,0.0,0.0,0.0,0.0,0.0,0.0,0.0,0.0,0.0,0.0,0.0,0.0,0.0,0.0,0.0,0.0,0.0,0.0,0.0,0.0,0.0,0.0,0.0,0.0,0.0,0.0,0.0,0.0,0.0,0.0,0.0,0.0,0.0,0.0,0.0,0.0
21:01:00,0.0,0.0,0.0,0.0,0.0,0.0,0.0,0.0,0.0,0.0,0.0,0.0,0.0,0.0,0.0,0.0,0.0,0.0,0.0,0.0,0.0,0.0,0.0,0.0,0.0,0.0,0.0,0.0,0.0,0.0,0.0,0.0,0.0,0.0,0.0,0.0,0.0,0.0,0.0,0.0
21:02:00,0.0,0.0,0.0,0.0,0.0,0.0,0.0,0.0,0.0,0.0,0.0,0.0,0.0,0.0,0.0,0.0,0.0,0.0,0.0,0.0,0.0,0.0,0.0,0.0,0.0,0.0,0.0,0.0,0.0,0.0,0.0,0.0,0.0,0.0,0.0,0.0,0.0,0.0,0.0,0.0
21:03:00,0.0,0.0,0.0,0.0,0.0,0.0,0.0,0.0,0.0,0.0,0.0,0.0,0.0,0.0,0.0,0.0,0.0,0.0,0.0,0.0,0.0,0.0,0.0,0.0,0.0,0.0,0.0,0.0,0.0,0.0,0.0,0.0,0.0,0.0,0.0,0.0,0.0,0.0,0.0,0.0
21:04:00,0.0,0.0,0.0,0.0,0.0,0.0,0.0,0.0,0.0,0.0,0.0,0.0,0.0,0.0,0.0,0.0,0.0,0.0,0.0,0.0,0.0,0.0,0.0,0.0,0.0,0.0,0.0,0.0,0.0,0.0,0.0,0.0,0.0,0.0,0.0,0.0,0.0,0.0,0.0,0.0
21:05:00,0.0,0.0,0.0,0.0,0.0,0.0,0.0,0.0,0.0,0.0,0.0,0.0,0.0,0.0,0.0,0.0,0.0,0.0,0.0,0.0,0.0,0.0,0.0,0.0,0.0,0.0,0.0,0.0,0.0,0.0,0.0,0.0,0.0,0.0,0.0,0.0,0.0,0.0,0.0,0.0
21:06:00,0.0,0.0,0.0,0.0,0.0,0.0,0.0,0.0,0.0,0.0,0.0,0.0,0.0,0.0,0.0,0.0,0.0,0.0,0.0,0.0,0.0,0.0,0.0,0.0,0.0,0.0,0.0,0.0,0.0,0.0,0.0,0.0,0.0,0.0,0.0,0.0,0.0,0.0,0.0,0.0
21:07:00,0.0,0.0,0.0,0.0,0.0,0.0,0.0,0.0,0.0,0.0,0.0,0.0,0.0,0.0,0.0,0.0,0.0,0.0,0.0,0.0,0.0,0.0,0.0,0.0,0.0,0.0,0.0,0.0,0.0,0.0,0.0,0.0,0.0,0.0,0.0,0.0,0.0,0.0,0.0,0.0
21:08:00,0.0,0.0,0.0,0.0,0.0,0.0,0.0,0.0,0.0,0.0,0.0,0.0,0.0,0.0,0.0,0.0,0.0,0.0,0.0,0.0,0.0,0.0,0.0,0.0,0.0,0.0,0.0,0.0,0.0,0.0,0.0,0.0,0.0,0.0,0.0,0.0,0.0,0.0,0.0,0.0
21:09:00,0.0,0.0,0.0,0.0,0.0,0.0,0.0,0.0,0.0,0.0,0.0,0.0,0.0,0.0,0.0,0.0,0.0,0.0,0.0,0.0,0.0,0.0,0.0,0.0,0.0,0.0,0.0,0.0,0.0,0.0,0.0,0.0,0.0,0.0,0.0,0.0,0.0,0.0,0.0,0.0
21:10:00,0.0,0.0,0.0,0.0,0.0,0.0,0.0,0.0,0.0,0.0,0.0,0.0,0.0,0.0,0.0,0.0,0.0,0.0,0.0,0.0,0.0,0.0,0.0,0.0,0.0,0.0,0.0,0.0,0.0,0.0,0.0,0.0,0.0,0.0,0.0,0.0,0.0,0.0,0.0,0.0
21:11:00,0.0,0.0,0.0,0.0,0.0,0.0,0.0,0.0,0.0,0.0,0.0,0.0,0.0,0.0,0.0,0.0,0.0,0.0,0.0,0.0,0.0,0.0,0.0,0.0,0.0,0.0,0.0,0.0,0.0,0.0,0.0,0.0,0.0,0.0,0.0,0.0,0.0,0.0,0.0,0.0
21:12:00,0.0,0.0,0.0,0.0,0.0,0.0,0.0,0.0,0.0,0.0,0.0,0.0,0.0,0.0,0.0,0.0,0.0,0.0,0.0,0.0,0.0,0.0,0.0,0.0,0.0,0.0,0.0,0.0,0.0,0.0,0.0,0.0,0.0,0.0,0.0,0.0,0.0,0.0,0.0,0.0
21:13:00,0.0,0.0,0.0,0.0,0.0,0.0,0.0,0.0,0.0,0.0,0.0,0.0,0.0,0.0,0.0,0.0,0.0,0.0,0.0,0.0,0.0,0.0,0.0,0.0,0.0,0.0,0.0,0.0,0.0,0.0,0.0,0.0,0.0,0.0,0.0,0.0,0.0,0.0,0.0,0.0
21:14:00,0.0,0.0,0.0,0.0,0.0,0.0,0.0,0.0,0.0,0.0,0.0,0.0,0.0,0.0,0.0,0.0,0.0,0.0,0.0,0.0,0.0,0.0,0.0,0.0,0.0,0.0,0.0,0.0,0.0,0.0,0.0,0.0,0.0,0.0,0.0,0.0,0.0,0.0,0.0,0.0
21:15:00,0.0,0.0,0.0,0.0,0.0,0.0,0.0,0.0,0.0,0.0,0.0,0.0,0.0,0.0,0.0,0.0,0.0,0.0,0.0,0.0,0.0,0.0,0.0,0.0,0.0,0.0,0.0,0.0,0.0,0.0,0.0,0.0,0.0,0.0,0.0,0.0,0.0,0.0,0.0,0.0
21:16:00,0.0,0.0,0.0,0.0,0.0,0.0,0.0,0.0,0.0,0.0,0.0,0.0,0.0,0.0,0.0,0.0,0.0,0.0,0.0,0.0,0.0,0.0,0.0,0.0,0.0,0.0,0.0,0.0,0.0,0.0,0.0,0.0,0.0,0.0,0.0,0.0,0.0,0.0,0.0,0.0
21:17:00,0.0,0.0,0.0,0.0,0.0,0.0,0.0,0.0,0.0,0.0,0.0,0.0,0.0,0.0,0.0,0.0,0.0,0.0,0.0,0.0,0.0,0.0,0.0,0.0,0.0,0.0,0.0,0.0,0.0,0.0,0.0,0.0,0.0,0.0,0.0,0.0,0.0,0.0,0.0,0.0
21:18:00,0.0,0.0,0.0,0.0,0.0,0.0,0.0,0.0,0.0,0.0,0.0,0.0,0.0,0.0,0.0,0.0,0.0,0.0,0.0,0.0,0.0,0.0,0.0,0.0,0.0,0.0,0.0,0.0,0.0,0.0,0.0,0.0,0.0,0.0,0.0,0.0,0.0,0.0,0.0,0.0
21:19:00,0.0,0.0,0.0,0.0,0.0,0.0,0.0,0.0,0.0,0.0,0.0,0.0,0.0,0.0,0.0,0.0,0.0,0.0,0.0,0.0,0.0,0.0,0.0,0.0,0.0,0.0,0.0,0.0,0.0,0.0,0.0,0.0,0.0,0.0,0.0,0.0,0.0,0.0,0.0,0.0
21:20:00,0.0,0.0,0.0,0.0,0.0,0.0,0.0,0.0,0.0,0.0,0.0,0.0,0.0,0.0,0.0,0.0,0.0,0.0,0.0,0.0,0.0,0.0,0.0,0.0,0.0,0.0,0.0,0.0,0.0,0.0,0.0,0.0,0.0,0.0,0.0,0.0,0.0,0.0,0.0,0.0
21:21:00,0.0,0.0,0.0,0.0,0.0,0.0,0.0,0.0,0.0,0.0,0.0,0.0,0.0,0.0,0.0,0.0,0.0,0.0,0.0,0.0,0.0,0.0,0.0,0.0,0.0,0.0,0.0,0.0,0.0,0.0,0.0,0.0,0.0,0.0,0.0,0.0,0.0,0.0,0.0,0.0
21:22:00,0.0,0.0,0.0,0.0,0.0,0.0,0.0,0.0,0.0,0.0,0.0,0.0,0.0,0.0,0.0,0.0,0.0,0.0,0.0,0.0,0.0,0.0,0.0,0.0,0.0,0.0,0.0,0.0,0.0,0.0,0.0,0.0,0.0,0.0,0.0,0.0,0.0,0.0,0.0,0.0
21:23:00,0.0,0.0,0.0,0.0,0.0,0.0,0.0,0.0,0.0,0.0,0.0,0.0,0.0,0.0,0.0,0.0,0.0,0.0,0.0,0.0,0.0,0.0,0.0,0.0,0.0,0.0,0.0,0.0,0.0,0.0,0.0,0.0,0.0,0.0,0.0,0.0,0.0,0.0,0.0,0.0
21:24:00,0.0,0.0,0.0,0.0,0.0,0.0,0.0,0.0,0.0,0.0,0.0,0.0,0.0,0.0,0.0,0.0,0.0,0.0,0.0,0.0,0.0,0.0,0.0,0.0,0.0,0.0,0.0,0.0,0.0,0.0,0.0,0.0,0.0,0.0,0.0,0.0,0.0,0.0,0.0,0.0
21:25:00,0.0,0.0,0.0,0.0,0.0,0.0,0.0,0.0,0.0,0.0,0.0,0.0,0.0,0.0,0.0,0.0,0.0,0.0,0.0,0.0,0.0,0.0,0.0,0.0,0.0,0.0,0.0,0.0,0.0,0.0,0.0,0.0,0.0,0.0,0.0,0.0,0.0,0.0,0.0,0.0
21:26:00,0.0,0.0,0.0,0.0,0.0,0.0,0.0,0.0,0.0,0.0,0.0,0.0,0.0,0.0,0.0,0.0,0.0,0.0,0.0,0.0,0.0,0.0,0.0,0.0,0.0,0.0,0.0,0.0,0.0,0.0,0.0,0.0,0.0,0.0,0.0,0.0,0.0,0.0,0.0,0.0
21:27:00,0.0,0.0,0.0,0.0,0.0,0.0,0.0,0.0,0.0,0.0,0.0,0.0,0.0,0.0,0.0,0.0,0.0,0.0,0.0,0.0,0.0,0.0,0.0,0.0,0.0,0.0,0.0,0.0,0.0,0.0,0.0,0.0,0.0,0.0,0.0,0.0,0.0,0.0,0.0,0.0
21:28:00,0.0,0.0,0.0,0.0,0.0,0.0,0.0,0.0,0.0,0.0,0.0,0.0,0.0,0.0,0.0,0.0,0.0,0.0,0.0,0.0,0.0,0.0,0.0,0.0,0.0,0.0,0.0,0.0,0.0,0.0,0.0,0.0,0.0,0.0,0.0,0.0,0.0,0.0,0.0,0.0
21:29:00,0.0,0.0,0.0,0.0,0.0,0.0,0.0,0.0,0.0,0.0,0.0,0.0,0.0,0.0,0.0,0.0,0.0,0.0,0.0,0.0,0.0,0.0,0.0,0.0,0.0,0.0,0.0,0.0,0.0,0.0,0.0,0.0,0.0,0.0,0.0,0.0,0.0,0.0,0.0,0.0
21:30:00,0.0,0.0,0.0,0.0,0.0,0.0,0.0,0.0,0.0,0.0,0.0,0.0,0.0,0.0,0.0,0.0,0.0,0.0,0.0,0.0,0.0,0.0,0.0,0.0,0.0,0.0,0.0,0.0,0.0,0.0,0.0,0.0,0.0,0.0,0.0,0.0,0.0,0.0,0.0,0.0
21:31:00,0.0,0.0,0.0,0.0,0.0,0.0,0.0,0.0,0.0,0.0,0.0,0.0,0.0,0.0,0.0,0.0,0.0,0.0,0.0,0.0,0.0,0.0,0.0,0.0,0.0,0.0,0.0,0.0,0.0,0.0,0.0,0.0,0.0,0.0,0.0,0.0,0.0,0.0,0.0,0.0
21:32:00,0.0,0.0,0.0,0.0,0.0,0.0,0.0,0.0,0.0,0.0,0.0,0.0,0.0,0.0,0.0,0.0,0.0,0.0,0.0,0.0,0.0,0.0,0.0,0.0,0.0,0.0,0.0,0.0,0.0,0.0,0.0,0.0,0.0,0.0,0.0,0.0,0.0,0.0,0.0,0.0
21:33:00,0.0,0.0,0.0,0.0,0.0,0.0,0.0,0.0,0.0,0.0,0.0,0.0,0.0,0.0,0.0,0.0,0.0,0.0,0.0,0.0,0.0,0.0,0.0,0.0,0.0,0.0,0.0,0.0,0.0,0.0,0.0,0.0,0.0,0.0,0.0,0.0,0.0,0.0,0.0,0.0
21:34:00,0.0,0.0,0.0,0.0,0.0,0.0,0.0,0.0,0.0,0.0,0.0,0.0,0.0,0.0,0.0,0.0,0.0,0.0,0.0,0.0,0.0,0.0,0.0,0.0,0.0,0.0,0.0,0.0,0.0,0.0,0.0,0.0,0.0,0.0,0.0,0.0,0.0,0.0,0.0,0.0
21:35:00,0.0,0.0,0.0,0.0,0.0,0.0,0.0,0.0,0.0,0.0,0.0,0.0,0.0,0.0,0.0,0.0,0.0,0.0,0.0,0.0,0.0,0.0,0.0,0.0,0.0,0.0,0.0,0.0,0.0,0.0,0.0,0.0,0.0,0.0,0.0,0.0,0.0,0.0,0.0,0.0
21:36:00,0.0,0.0,0.0,0.0,0.0,0.0,0.0,0.0,0.0,0.0,0.0,0.0,0.0,0.0,0.0,0.0,0.0,0.0,0.0,0.0,0.0,0.0,0.0,0.0,0.0,0.0,0.0,0.0,0.0,0.0,0.0,0.0,0.0,0.0,0.0,0.0,0.0,0.0,0.0,0.0
21:37:00,0.0,0.0,0.0,0.0,0.0,0.0,0.0,0.0,0.0,0.0,0.0,0.0,0.0,0.0,0.0,0.0,0.0,0.0,1.3212007863427917,0.0,0.0,0.0,0.0,0.0,0.0,0.0,0.0,0.0,0.0,0.0,0.0,0.0,0.0,0.0,0.0,0.0,0.0,0.0,0.0,0.0
21:38:00,0.0,0.0,0.0,0.0,0.0,0.0,0.0,0.0,0.0,0.0,0.0,0.0,0.0,0.0,0.0,0.0,0.0,0.0,2.154,0.0,0.0,0.0,0.0,0.0,0.0,0.0,0.0,0.0,0.0,0.0,0.0,0.0,0.0,0.0,0.0,0.0,0.0,0.0,0.0,0.0
21:39:00,0.0,0.0,0.0,0.30907011539124213,0.0,0.0,0.0,0.0,0.0,0.0,0.0,0.0,0.0,0.0,0.0,0.0,0.0,0.0,2.154,0.0,0.0,0.0,0.0,0.0,0.0,0.0,0.0,0.0,0.0,0.0,0.0,0.0,0.0,0.0,0.0,0.0,0.0,0.0,0.0,0.0
21:40:00,0.0,0.0,0.0,0.74,0.0,0.0,0.0,0.0,0.0,0.0,0.0,0.0,0.0,0.0,0.0,0.0,0.0,0.0,2.154,0.0,0.0,0.0,0.0,0.0,0.0,0.0,0.0,0.0,0.0,0.0,0.0,0.0,0.0,0.0,0.0,0.0,0.0,0.0,0.0,0.0
21:41:00,0.0,0.0,0.0,0.74,0.0,0.0,0.0,0.0,0.0,0.0,0.0,0.0,0.0,0.0,0.0,0.0,0.0,0.0,2.154,0.0,0.0,0.0,0.0,0.0,0.0,0.0,0.0,0.0,0.0,0.0,0.0,0.0,0.0,0.0,0.0,0.0,0.0,0.0,0.0,0.0
21:42:00,0.0,0.0,0.0,0.74,0.0,0.0,0.0,0.0,0.0,0.0,0.0,0.0,0.0,0.0,0.0,0.0,0.0,0.0,2.154,0.0,0.0,0.0,0.0,0.0,0.0,0.0,0.0,0.0,0.0,0.0,0.0,0.0,0.0,0.0,0.0,0.0,0.0,0.0,0.0,0.0
21:43:00,0.0,0.0,0.0,0.74,0.0,0.0,0.0,0.0,0.0,0.0,0.0,0.0,0.0,0.0,0.0,0.0,0.0,0.0,2.154,0.0,0.0,0.0,0.0,0.0,0.0,0.0,0.0,0.0,0.0,0.0,0.0,0.0,0.0,0.0,0.0,0.0,0.0,0.0,0.0,0.0
21:44:00,0.0,0.0,0.0,0.74,0.0,0.0,0.0,0.0,0.0,0.0,0.0,0.0,0.0,0.0,0.0,0.0,0.0,0.0,2.154,0.0,0.0,0.0,0.0,0.0,0.0,0.0,0.0,0.0,0.0,0.0,0.0,0.0,0.0,0.0,0.0,0.0,0.0,0.0,0.0,0.0
21:45:00,0.0,0.0,0.0,0.74,0.0,0.0,0.0,0.0,0.0,0.0,0.0,0.0,0.0,0.0,0.0,0.0,0.0,0.0,2.154,0.0,0.0,0.0,0.0,0.0,0.0,0.0,0.0,0.0,0.0,0.0,0.0,0.0,0.0,0.0,0.0,0.0,0.0,0.0,0.0,0.0
21:46:00,0.0,0.0,0.0,0.74,0.0,0.0,0.0,0.0,0.0,0.0,0.0,0.0,0.0,0.0,0.0,0.0,0.0,0.0,2.154,0.0,0.0,0.0,0.0,0.0,0.0,0.0,0.0,0.0,0.0,0.0,0.0,0.0,0.0,0.0,0.0,0.0,0.0,0.0,0.0,0.0
21:47:00,0.0,0.0,0.0,0.74,0.0,0.0,0.0,0.0,0.0,0.0,0.0,0.0,0.0,0.0,0.0,0.0,0.0,0.0,2.154,0.0,0.0,0.0,0.0,0.0,0.0,0.0,0.0,0.0,0.0,0.0,0.0,0.0,0.0,0.0,0.0,0.0,0.0,0.0,0.0,0.0
21:48:00,0.0,0.0,0.0,0.74,0.0,0.0,0.0,0.0,0.0,0.0,0.0,0.0,0.0,0.0,0.0,0.0,0.0,0.0,2.154,0.0,0.0,0.0,0.0,0.0,0.0,0.0,0.0,0.0,0.0,0.0,0.0,0.0,0.0,0.0,0.0,0.0,0.0,0.0,0.0,0.0
21:49:00,0.0,0.0,0.0,0.74,0.0,0.0,0.0,0.0,0.0,0.0,0.0,0.0,0.0,0.0,0.0,0.0,0.0,0.0,2.154,0.0,0.0,0.0,0.0,0.0,0.0,0.0,0.0,0.0,0.0,0.0,0.0,0.0,0.0,0.0,0.0,0.0,0.0,0.0,0.0,0.0
21:50:00,0.0,0.0,0.0,0.74,0.0,0.0,0.0,0.0,0.0,0.0,0.0,0.0,0.0,0.0,0.0,0.0,0.0,0.0,2.154,0.0,0.0,0.0,0.0,0.0,0.0,0.0,0.0,0.0,0.0,0.0,0.0,0.0,0.0,0.0,0.0,0.0,0.0,0.0,0.0,0.0
21:51:00,0.0,0.0,0.0,0.74,0.0,0.0,0.0,0.0,0.0,0.0,0.0,0.0,0.0,0.0,0.0,0.0,0.0,0.0,2.154,0.0,0.0,0.0,0.0,0.0,0.0,0.0,0.0,0.0,0.0,0.0,0.0,0.0,0.0,0.0,0.0,0.0,0.0,0.0,0.0,0.0
21:52:00,0.0,0.0,0.0,0.74,0.0,0.0,0.0,0.0,0.0,0.0,0.0,0.0,0.0,0.0,0.0,0.0,0.0,0.0,2.154,0.0,0.0,0.0,0.0,0.0,0.0,0.0,0.0,0.0,0.0,0.0,0.0,0.0,0.0,0.0,0.0,0.0,0.0,0.0,0.0,0.0
21:53:00,0.0,0.0,0.0,0.74,0.0,0.0,0.0,0.0,0.0,0.0,0.0,0.0,0.0,0.0,0.0,0.0,0.0,0.0,2.154,0.0,0.0,0.0,0.0,0.0,0.0,0.0,0.0,0.0,0.0,0.0,0.0,0.0,0.0,0.0,0.0,0.0,0.0,0.0,0.0,0.0
21:54:00,0.0,0.0,0.0,0.74,0.0,0.0,0.0,0.0,0.0,0.0,0.0,0.0,0.0,0.0,0.0,0.0,0.0,0.0,2.154,0.0,0.0,0.0,0.0,0.0,0.0,0.0,0.0,0.0,0.0,0.0,0.0,0.0,0.0,0.0,0.0,0.0,0.0,0.0,0.0,0.0
21:55:00,0.0,0.0,0.0,0.74,0.0,0.0,0.0,0.0,0.0,0.0,0.0,0.0,0.0,0.0,0.0,0.0,0.0,0.0,2.154,0.0,0.0,0.0,0.0,0.0,0.0,0.0,0.0,0.0,0.0,0.0,0.0,0.0,0.0,0.0,0.0,0.0,0.0,0.0,0.0,0.0
21:56:00,0.0,0.0,0.0,0.74,0.0,0.0,0.0,0.0,0.0,0.0,0.0,0.0,0.0,0.0,0.0,0.0,0.0,0.0,2.154,0.0,0.0,0.0,0.0,0.0,0.0,0.0,0.0,0.0,0.0,0.0,0.0,0.0,0.0,0.0,0.0,0.0,0.0,0.0,0.0,0.0
21:57:00,0.0,0.0,0.0,0.74,0.0,0.0,0.0,0.0,0.0,0.0,0.0,0.0,0.0,0.0,0.0,0.0,0.0,0.0,2.154,0.0,0.0,0.0,0.0,0.0,0.0,0.0,0.0,0.0,0.0,0.0,0.0,0.0,0.0,0.0,0.0,0.0,0.0,0.0,0.0,0.0
21:58:00,0.0,0.0,0.0,0.74,0.0,0.0,0.0,0.0,0.0,0.0,0.0,0.0,0.0,0.0,0.0,0.0,0.0,0.0,2.154,0.0,0.0,0.0,0.0,0.0,0.0,0.0,0.0,0.0,0.0,0.0,0.0,0.0,0.0,0.0,0.0,0.0,0.0,0.0,0.0,0.0
21:59:00,0.0,0.0,0.0,0.74,0.0,0.0,0.0,0.0,0.0,0.0,0.0,0.0,0.0,0.0,0.0,0.0,0.0,0.0,2.154,0.0,0.0,0.0,0.0,0.0,0.0,0.0,0.0,0.0,0.0,0.0,0.0,0.0,0.0,0.0,0.0,0.0,0.0,0.0,0.0,0.0
22:00:00,0.0,0.0,0.0,0.076,0.0,0.0,0.0,0.0,0.0,0.0,0.0,0.0,0.0,0.0,0.0,0.0,0.0,0.0,0.898,0.0,0.0,0.0,0.0,0.0,0.0,0.0,0.0,0.0,0.0,0.0,0.0,0.0,0.0,0.0,0.0,0.0,0.0,0.0,0.0,0.0
22:01:00,0.0,0.0,0.0,0.076,0.0,0.0,0.0,0.0,0.0,0.0,0.0,0.0,0.0,0.0,0.0,0.0,0.0,0.0,0.898,0.0,0.0,0.0,0.0,0.0,0.0,0.0,0.0,0.0,0.0,0.0,0.0,0.0,0.0,0.0,0.0,0.0,0.0,0.0,0.0,0.0
22:02:00,0.0,0.0,0.0,0.076,0.0,0.0,0.0,0.0,0.0,0.0,0.0,0.0,0.0,0.0,0.0,0.0,0.0,0.0,0.898,0.0,0.0,0.0,0.0,0.0,0.0,0.0,0.0,0.0,0.0,0.0,0.0,0.0,0.0,0.0,0.0,0.0,0.0,0.0,0.0,0.0
22:03:00,0.0,0.0,0.0,0.076,0.0,0.0,0.0,0.0,0.0,0.0,0.0,0.0,0.0,0.0,0.0,0.0,0.0,0.0,0.898,0.0,0.0,0.0,0.0,0.0,0.0,0.0,0.0,0.0,0.0,0.0,0.0,0.0,0.0,0.0,0.0,0.0,0.0,0.0,0.0,0.0
22:04:00,0.0,0.0,0.0,0.076,0.0,0.0,0.0,0.0,0.0,0.0,0.0,0.0,0.0,0.0,0.0,0.0,0.0,0.0,0.898,0.0,0.0,0.0,0.0,0.0,0.0,0.0,0.0,0.0,0.0,0.0,0.0,0.0,0.0,0.0,0.0,0.0,0.0,0.0,0.0,0.0
22:05:00,0.0,0.0,0.0,0.076,0.0,0.0,0.0,0.0,0.0,0.0,0.0,0.0,0.0,0.0,0.0,0.0,0.0,0.0,0.898,0.0,0.0,0.0,0.0,0.0,0.0,0.0,0.0,0.0,0.0,0.0,0.0,0.0,0.0,0.0,0.0,0.0,0.0,0.0,0.0,0.0
22:06:00,0.0,0.0,0.0,0.076,0.0,0.0,0.0,0.0,0.0,0.0,0.0,0.0,0.0,0.0,0.0,0.0,0.0,0.0,0.898,0.0,0.0,0.0,0.0,0.0,0.0,0.0,0.0,0.0,0.0,0.0,0.0,0.0,0.0,0.0,0.0,0.0,0.0,0.0,0.0,0.0
22:07:00,0.0,0.0,0.0,0.076,0.0,0.0,0.0,0.0,0.0,0.0,0.0,0.0,0.0,0.0,0.0,0.0,0.0,0.0,0.898,0.0,0.0,0.0,0.0,0.0,0.0,0.0,0.0,0.0,0.0,0.0,0.0,0.0,0.0,0.0,0.0,0.0,0.0,0.0,0.0,0.0
22:08:00,0.0,0.0,0.0,0.076,0.0,0.0,0.0,0.0,0.0,0.0,0.0,0.0,0.0,0.0,0.0,0.0,0.0,0.0,0.898,0.0,0.0,0.0,0.0,0.0,0.0,0.0,0.0,0.0,0.0,0.0,0.0,0.0,0.0,0.0,0.0,0.0,0.0,0.0,0.0,0.0
22:09:00,0.0,0.0,0.0,0.076,0.0,0.0,0.0,0.0,0.0,0.0,0.0,0.0,0.0,0.0,0.0,0.0,0.0,0.0,0.898,0.0,0.0,0.0,0.0,0.0,0.0,0.0,0.0,0.0,0.0,0.0,0.0,0.0,0.0,0.0,0.0,0.0,0.0,0.0,0.0,0.0
22:10:00,0.0,0.0,0.0,0.076,0.0,0.0,0.0,0.0,0.0,0.0,0.0,0.0,0.0,0.0,0.0,0.0,0.0,0.0,0.898,0.0,0.0,0.0,0.0,0.0,0.0,0.0,0.0,0.0,0.0,0.0,0.0,0.0,0.0,0.0,0.0,0.0,0.0,0.0,0.0,0.0
22:11:00,0.0,0.0,0.0,0.076,0.0,0.0,0.0,0.0,0.0,0.0,0.0,0.0,0.0,0.0,0.0,0.0,0.0,0.0,0.898,0.0,0.0,0.0,0.0,0.0,0.0,0.0,0.0,0.0,0.0,0.0,0.0,0.0,0.0,0.0,0.0,0.0,0.0,0.0,0.0,0.0
22:12:00,0.0,0.0,0.0,0.076,0.0,0.0,0.0,0.0,0.0,0.0,0.0,0.0,0.0,0.0,0.0,0.0,0.0,0.0,0.898,0.0,0.0,0.0,0.0,0.0,0.0,0.0,0.0,0.0,0.0,0.0,0.0,0.0,0.0,0.0,0.0,0.0,0.0,0.0,0.0,0.0
22:13:00,0.0,0.0,0.0,0.076,0.0,0.0,0.0,0.0,0.0,0.0,0.0,0.0,0.0,0.0,0.0,0.0,0.0,0.0,0.898,0.0,0.0,0.0,0.0,0.0,0.0,0.0,0.0,0.0,0.0,0.0,0.0,0.0,0.0,0.0,0.0,0.0,0.0,0.0,0.0,0.0
22:14:00,0.0,0.0,0.0,0.076,0.0,0.0,0.0,0.0,0.0,0.0,0.0,0.0,0.0,0.0,0.0,0.0,0.0,0.0,0.898,0.0,0.0,0.0,0.0,0.0,0.0,0.0,0.0,0.0,0.0,0.0,0.0,0.0,0.0,0.0,0.0,0.0,0.0,0.0,0.0,0.0
22:15:00,0.0,0.0,0.0,0.076,0.0,0.0,0.0,0.0,0.0,0.0,0.0,0.0,0.0,0.0,0.0,0.0,0.0,0.0,0.898,0.0,0.0,0.0,0.0,0.0,0.0,0.0,0.0,0.0,0.0,0.0,0.0,0.0,0.0,0.0,0.0,0.0,0.0,0.0,0.0,0.0
22:16:00,0.0,0.0,0.0,0.076,0.0,0.0,0.0,0.0,0.0,0.0,0.0,0.0,0.0,0.0,0.0,0.0,0.0,0.0,0.898,0.0,0.0,0.0,0.0,0.0,0.0,0.0,0.0,0.0,0.0,0.0,0.0,0.0,0.0,0.0,0.0,0.0,0.0,0.0,0.0,0.0
22:17:00,0.0,0.0,0.0,0.076,0.0,0.0,0.0,0.0,0.0,0.0,0.0,0.0,0.0,0.0,0.0,0.0,0.0,0.0,0.898,0.0,0.0,0.0,0.0,0.0,0.0,0.0,0.0,0.0,0.0,0.0,0.0,0.0,0.0,0.0,0.0,0.0,0.0,0.0,0.0,0.0
22:18:00,0.0,0.0,0.0,0.076,0.0,0.0,0.0,0.0,0.0,0.0,0.0,0.0,0.0,0.0,0.0,0.0,0.0,0.0,0.898,0.0,0.0,0.0,0.0,0.0,0.0,0.0,0.0,0.0,0.0,0.0,0.0,0.0,0.0,0.0,0.0,0.0,0.0,0.0,0.0,0.0
22:19:00,0.0,0.0,0.0,0.076,0.0,0.0,0.0,0.0,0.0,0.0,0.0,0.0,0.0,0.0,0.0,0.0,0.0,0.0,0.898,0.0,0.0,0.0,0.0,0.0,0.0,0.0,0.0,0.0,0.0,0.0,0.0,0.0,0.0,0.0,0.0,0.0,0.0,0.0,0.0,0.0
22:20:00,0.0,0.0,0.0,0.076,0.0,0.0,0.0,0.0,0.0,0.0,0.0,0.0,0.0,0.0,0.0,0.0,0.0,0.0,0.898,0.0,0.0,0.0,0.0,0.0,0.0,0.0,0.0,0.0,0.0,0.0,0.0,0.0,0.0,0.0,0.0,0.0,0.0,0.0,0.0,0.0
22:21:00,0.0,0.0,0.0,0.076,0.0,0.0,0.0,0.0,0.0,0.0,0.0,0.0,0.0,0.0,0.0,0.0,0.0,0.0,0.898,0.0,0.0,0.0,0.0,0.0,0.0,0.0,0.0,0.0,0.0,0.0,0.0,0.0,0.0,0.0,0.0,0.0,0.0,0.0,0.0,0.0
22:22:00,0.0,0.0,0.0,0.076,0.0,0.0,0.0,0.0,0.0,0.0,0.0,0.0,0.0,0.0,0.0,0.0,0.0,0.0,0.898,0.0,0.0,0.0,0.0,0.0,0.0,0.0,0.0,0.0,0.0,0.0,0.0,0.0,0.0,0.0,0.0,0.0,0.0,0.0,0.0,0.0
22:23:00,0.0,0.0,0.0,0.076,0.0,0.0,0.0,0.0,0.0,0.0,0.0,0.0,0.0,0.0,0.0,0.0,0.0,0.0,0.898,0.0,0.0,0.0,0.0,0.0,0.0,0.0,0.0,0.0,0.0,0.0,0.0,0.0,0.0,0.0,0.0,0.0,0.0,0.0,0.0,0.0
22:24:00,0.0,0.0,0.0,0.076,0.0,0.0,0.0,0.0,0.0,0.0,0.0,0.0,0.0,0.0,0.0,0.0,0.0,0.0,0.898,0.0,0.0,0.0,0.0,0.0,0.0,0.0,0.0,0.0,0.0,0.0,0.0,0.0,0.0,0.0,0.0,0.0,0.0,0.0,0.0,0.0
22:25:00,0.0,0.0,0.0,0.076,0.0,0.0,0.0,0.0,0.0,0.0,0.0,0.0,0.0,0.0,0.0,0.0,0.0,0.0,0.898,0.0,0.0,0.0,0.0,0.0,0.0,0.0,0.0,0.0,0.0,0.0,0.0,0.0,0.0,0.0,0.0,0.0,0.0,0.0,0.0,0.0
22:26:00,0.0,0.0,0.0,0.076,0.0,0.0,0.0,0.0,0.0,0.0,0.0,0.0,0.0,0.0,0.0,0.0,0.0,0.0,0.898,0.0,0.0,0.0,0.0,0.0,0.0,0.0,0.0,0.0,0.0,0.0,0.0,0.0,0.0,0.0,0.0,0.0,0.0,0.0,0.0,0.0
22:27:00,0.0,0.0,0.0,0.076,0.0,0.0,0.0,0.0,0.0,0.0,0.0,0.0,0.0,0.0,0.0,0.0,0.0,0.0,0.898,0.0,0.0,0.0,0.0,0.0,0.0,0.0,0.0,0.0,0.0,0.0,0.0,0.0,0.0,0.0,0.0,0.0,0.0,0.0,0.0,0.0
22:28:00,0.0,0.0,0.0,0.076,0.0,0.0,0.0,0.0,0.0,0.0,0.0,0.0,0.0,0.0,0.0,0.0,0.0,0.0,0.898,0.0,0.0,0.0,0.0,0.0,0.0,0.0,0.0,0.0,0.0,0.0,0.0,0.0,0.0,0.0,0.22605331263032513,0.0,0.0,0.0,0.0,0.0
22:29:00,0.0,0.0,0.0,0.076,0.0,0.0,0.0,0.0,0.0,0.0,0.0,0.0,0.0,0.0,0.0,0.0,0.0,0.0,0.898,0.0,0.0,0.0,0.0,0.0,0.0,0.0,0.0,0.0,0.0,0.0,0.0,0.0,0.0,0.0,0.58,0.0,0.0,0.0,0.0,0.0
22:30:00,0.0,0.0,0.0,0.082,0.0,0.0,0.0,0.0,0.0,0.0,0.0,0.0,0.0,0.0,0.0,0.0,0.0,0.0,0.422,0.0,0.0,0.0,0.0,0.0,0.0,0.0,0.0,0.0,0.0,0.0,0.0,0.0,0.0,0.0,0.496,0.0,0.0,0.0,0.0,0.0
22:31:00,0.0,0.0,0.0,0.082,0.0,0.0,0.0,0.0,0.0,0.0,0.0,0.0,0.0,0.0,0.0,0.0,0.0,0.0,0.422,0.0,0.0,0.0,0.0,0.0,0.0,0.0,0.0,0.0,0.0,0.0,0.0,0.0,0.0,0.0,0.496,0.0,0.0,0.0,0.0,0.0
22:32:00,0.0,0.0,0.0,0.082,0.0,0.0,0.0,0.0,0.0,0.0,0.0,0.0,0.0,0.0,0.0,0.0,0.0,0.0,0.422,0.0,0.0,0.0,0.0,0.0,0.0,0.0,0.0,0.0,0.0,0.0,0.0,0.0,0.0,0.0,0.496,0.0,0.0,0.0,0.0,0.0
22:33:00,0.0,0.0,0.0,0.082,0.0,0.0,0.0,0.0,0.0,0.0,0.0,0.0,0.0,0.0,0.0,0.0,0.0,0.0,0.422,0.0,0.0,0.0,0.0,0.0,0.0,0.0,0.0,0.0,0.0,0.0,0.0,0.0,0.0,0.0,0.496,0.0,0.0,0.0,0.0,0.0
22:34:00,0.0,0.0,0.0,0.082,0.0,0.0,0.0,0.0,0.0,0.0,0.0,0.0,0.0,0.0,0.0,0.0,0.0,0.0,0.422,0.0,0.0,0.0,0.0,0.0,0.0,0.0,0.0,0.0,0.0,0.0,0.0,0.0,0.0,0.0,0.496,0.0,0.0,0.0,0.0,0.0
22:35:00,0.0,0.0,0.0,0.082,0.0,0.0,0.0,0.0,0.0,0.0,0.0,0.0,0.0,0.0,0.0,0.0,0.0,0.0,0.422,0.0,0.0,0.0,0.0,0.0,0.0,0.0,0.0,0.0,0.0,0.0,0.0,0.0,0.0,0.0,0.496,0.0,0.0,0.0,0.0,0.0
22:36:00,0.0,0.0,0.0,0.082,0.0,0.0,0.0,0.0,0.0,0.0,0.0,0.0,0.0,0.0,0.0,0.0,0.0,0.0,0.422,0.0,0.0,0.0,0.0,0.0,0.0,0.0,0.0,0.0,0.0,0.0,0.0,0.0,0.0,0.0,0.496,0.0,0.0,0.0,0.0,0.0
22:37:00,0.0,0.0,0.0,0.082,0.0,0.0,0.0,0.0,0.0,0.0,0.0,0.0,0.0,0.0,0.0,0.0,0.0,0.0,0.422,0.0,0.0,0.0,0.0,0.0,0.0,0.0,0.0,0.0,0.0,0.0,0.0,0.0,0.0,0.0,0.496,0.0,0.0,0.0,0.0,0.0
22:38:00,0.0,0.0,0.0,0.082,0.0,0.0,0.0,0.0,0.0,0.0,0.0,0.0,0.0,0.0,0.0,0.0,0.0,0.0,0.422,0.0,0.0,0.0,0.0,0.0,0.0,0.0,0.0,0.0,0.0,0.0,0.0,0.0,0.0,0.0,0.496,0.0,0.0,0.0,0.0,0.0
22:39:00,0.0,0.0,0.0,0.082,0.0,0.0,0.0,0.0,0.0,0.0,0.0,0.0,0.0,0.0,0.0,0.0,0.0,0.0,0.422,0.0,0.0,0.0,0.0,0.0,0.0,0.0,0.0,0.0,0.0,0.0,0.0,0.0,0.0,0.0,0.496,0.0,0.0,0.0,0.0,0.0
22:40:00,0.0,0.0,0.0,0.082,0.0,0.0,0.0,0.0,0.0,0.0,0.0,0.0,0.0,0.0,0.0,0.0,0.0,0.0,0.422,0.0,0.0,0.0,0.0,0.0,0.0,0.0,0.0,0.0,0.0,0.0,0.0,0.0,0.0,0.0,0.496,0.0,0.0,0.0,0.0,0.0
22:41:00,0.0,0.0,0.0,0.082,0.0,0.0,0.0,0.0,0.0,0.0,0.0,0.0,0.0,0.0,0.0,0.0,0.0,0.0,0.422,0.0,0.0,0.0,0.0,0.0,0.0,0.0,0.0,0.0,0.0,0.0,0.0,0.0,0.0,0.0,0.496,0.0,0.0,0.0,0.0,0.0
22:42:00,0.0,0.0,0.0,0.082,0.0,0.0,0.0,0.0,0.0,0.0,0.0,0.0,0.0,0.0,0.0,0.0,0.0,0.0,0.422,0.0,0.0,0.0,0.0,0.0,0.0,0.0,0.0,0.0,0.0,0.0,0.0,0.0,0.0,0.0,0.496,0.0,0.0,0.0,0.0,0.0
22:43:00,0.0,0.0,0.0,0.082,0.0,0.0,0.0,0.0,0.0,0.0,0.0,0.0,0.0,0.0,0.0,0.0,0.0,0.0,0.422,0.0,0.0,0.0,0.0,0.0,0.0,0.0,0.0,0.0,0.0,0.0,0.0,0.0,0.0,0.0,0.496,0.0,0.0,0.0,0.0,0.0
22:44:00,0.0,0.0,0.0,0.082,0.0,0.0,0.0,0.0,0.0,0.0,0.0,0.0,0.0,0.0,0.0,0.0,0.0,0.0,0.422,0.0,0.0,0.0,0.0,0.0,0.0,0.0,0.0,0.0,0.0,0.0,0.0,0.0,0.0,0.0,0.496,0.0,0.0,0.0,0.0,0.0
22:45:00,0.0,0.0,0.0,0.082,0.0,0.0,0.0,0.0,0.0,0.0,0.0,0.0,0.0,0.0,0.0,0.0,0.0,0.0,0.422,0.0,0.0,0.0,0.0,0.0,0.0,0.0,0.0,0.0,0.0,0.0,0.0,0.0,0.0,0.0,0.496,0.0,0.0,0.0,0.0,0.0
22:46:00,0.0,0.0,0.0,0.082,0.0,0.0,0.0,0.0,0.0,0.0,0.0,0.0,0.0,0.0,0.0,0.0,0.0,0.0,0.422,0.0,0.0,0.0,0.0,0.0,0.0,0.0,0.0,0.0,0.0,0.0,0.0,0.0,0.0,0.0,0.496,0.0,0.0,0.0,0.0,0.0
22:47:00,0.0,0.0,0.0,0.082,0.0,0.0,0.0,0.0,0.0,0.0,0.0,0.0,0.0,0.0,0.0,0.0,0.0,0.0,0.422,0.0,0.0,0.0,0.0,0.0,0.0,0.0,0.0,0.0,0.0,0.0,0.0,0.0,0.0,0.0,0.496,0.0,0.0,0.0,0.0,0.0
22:48:00,0.0,0.0,0.0,0.082,0.0,0.0,0.0,0.0,0.0,0.0,0.0,0.0,0.0,0.0,0.0,0.0,0.0,0.0,0.422,0.0,0.0,0.0,0.0,0.0,0.0,0.0,0.0,0.0,0.0,0.0,0.0,0.0,0.0,0.0,0.496,0.0,0.0,0.0,0.0,0.0
22:49:00,0.0,0.0,0.0,0.082,0.0,0.0,0.43745881364076705,0.0,0.0,0.0,0.0,0.0,0.0,0.0,0.0,0.0,0.0,0.0,0.422,0.0,0.0,0.0,0.0,0.0,0.0,0.0,0.0,0.0,0.0,0.0,0.0,0.0,0.0,0.0,0.496,0.0,0.0,0.0,0.0,0.0
22:50:00,0.0,0.0,0.0,0.082,0.0,0.0,0.448,0.0,0.0,0.0,0.0,0.0,0.0,0.0,0.0,0.0,0.0,0.0,0.422,0.0,0.0,0.0,0.0,0.0,0.0,0.0,0.0,0.0,0.0,0.0,0.0,0.0,0.0,0.0,0.496,0.0,0.0,0.0,0.0,0.0
22:51:00,0.0,0.0,0.0,0.082,0.0,0.0,0.448,0.0,0.0,0.0,0.0,0.0,0.0,0.0,0.0,0.0,0.0,0.0,0.422,0.0,0.0,0.0,0.0,0.0,0.0,0.0,0.0,0.0,0.0,0.0,0.0,0.0,0.0,0.0,0.496,0.0,0.0,0.0,0.0,0.0
22:52:00,0.0,0.0,0.0,0.082,0.0,0.0,0.448,0.0,0.0,0.0,0.0,0.0,0.0,0.0,0.0,0.0,0.0,0.0,0.422,0.0,0.0,0.0,0.0,0.0,0.0,0.0,0.0,0.0,0.0,0.0,0.0,0.0,0.0,0.0,0.496,0.0,0.0,0.0,0.0,0.0
22:53:00,0.0,0.0,0.0,0.082,0.0,0.0,0.448,0.0,0.0,0.0,0.0,0.0,0.0,0.0,0.0,0.0,0.0,0.0,0.422,0.0,0.0,0.0,0.0,0.0,0.0,0.0,0.0,0.0,0.0,0.0,0.0,0.0,0.0,0.0,0.496,0.0,0.0,0.0,0.0,0.0
22:54:00,0.0,0.0,0.0,0.082,0.0,0.0,0.448,0.0,0.0,0.0,0.0,0.0,0.0,0.0,0.0,0.0,0.0,0.0,0.422,0.0,0.0,0.0,0.0,0.0,0.0,0.0,0.0,0.0,0.0,0.0,0.0,0.0,0.0,0.0,0.496,0.0,0.0,0.0,0.0,0.0
22:55:00,0.0,0.0,0.0,0.082,0.0,0.0,0.448,0.0,0.0,0.0,0.0,0.0,0.0,0.0,0.0,0.0,0.0,0.0,0.422,0.0,0.0,0.0,0.0,0.0,0.0,0.0,0.0,0.0,0.0,0.0,0.0,0.0,0.0,0.0,0.496,0.0,0.0,0.0,0.0,0.0
22:56:00,0.0,0.0,0.0,0.082,0.0,0.0,0.448,0.0,0.0,0.0,0.0,0.0,0.0,0.0,0.0,0.0,0.0,0.0,0.422,0.0,0.0,0.0,0.0,0.0,0.0,0.0,0.0,0.0,0.0,0.0,0.0,0.0,0.0,0.0,0.496,0.0,0.0,0.0,0.0,0.0
22:57:00,0.0,0.0,0.0,0.082,0.0,0.0,0.448,0.0,0.0,0.0,0.0,0.0,0.0,0.0,0.0,0.0,0.0,0.0,0.422,0.0,0.0,0.0,0.0,0.0,0.0,0.0,0.0,0.0,0.0,0.0,0.0,0.0,0.0,0.0,0.496,0.0,0.0,0.0,0.0,0.0
22:58:00,0.0,0.0,0.0,0.082,0.0,0.0,0.448,0.0,0.0,0.0,0.0,0.0,0.0,0.0,0.0,0.0,0.0,0.0,0.422,0.0,0.0,0.0,0.0,0.0,0.0,0.0,0.0,0.0,0.0,0.0,0.0,0.0,0.0,0.0,0.496,0.0,0.0,0.0,0.0,0.0
22:59:00,0.0,0.0,0.0,0.082,0.0,0.0,0.448,0.0,0.0,0.0,0.0,0.0,0.0,0.0,0.0,0.0,0.0,0.0,0.422,0.0,0.0,0.0,0.0,0.0,0.0,0.0,0.0,0.0,0.0,0.0,0.0,0.0,0.0,0.0,0.496,0.0,0.0,0.0,0.0,0.0
23:00:00,0.0,0.0,0.0,0.102,0.0,0.0,0.29,0.0,0.0,0.0,0.0,0.0,0.0,0.0,0.0,0.0,0.0,0.0,0.392,0.0,0.0,0.0,0.0,0.0,0.0,0.0,0.0,0.0,0.0,0.0,0.0,0.0,0.0,0.0,0.47,0.0,0.0,0.0,0.0,0.0
23:01:00,0.0,0.0,0.0,0.102,0.0,0.0,0.29,0.0,0.0,0.0,0.0,0.0,0.0,0.0,0.0,0.0,0.0,0.0,0.392,0.0,0.0,0.0,0.0,0.0,0.0,0.0,0.0,0.0,0.0,0.0,0.0,0.0,0.0,0.0,0.47,0.0,0.0,0.0,0.0,0.0
23:02:00,0.0,0.0,0.0,0.102,0.0,0.0,0.29,0.0,0.0,0.0,0.0,0.0,0.0,0.0,0.0,0.0,0.0,0.0,0.392,0.0,0.0,0.0,0.0,0.0,0.0,0.0,0.0,0.0,0.0,0.0,0.0,0.0,0.0,0.0,0.47,0.0,0.0,0.0,0.0,0.0
23:03:00,0.0,0.0,0.0,0.102,0.0,0.0,0.29,0.0,0.0,0.0,0.0,0.0,0.0,0.0,0.0,0.0,0.0,0.0,0.392,0.0,0.0,0.0,0.0,0.0,0.0,0.0,0.0,0.0,0.0,0.0,0.0,0.0,0.0,0.0,0.47,0.0,0.0,0.0,0.0,0.0
23:04:00,0.0,0.0,0.0,0.102,0.0,0.0,0.29,0.0,0.0,0.0,0.0,0.0,0.0,0.0,0.0,0.0,0.0,0.0,0.392,0.0,0.0,0.0,0.0,0.0,0.0,0.0,0.0,0.0,0.0,0.0,0.0,0.0,0.0,0.0,0.47,0.0,0.0,0.0,0.0,0.0
23:05:00,0.0,0.0,0.0,0.102,0.0,0.0,0.29,0.0,0.0,0.0,0.0,0.0,0.0,0.0,0.0,0.0,0.0,0.0,0.392,0.0,0.0,0.0,0.0,0.0,0.0,0.0,0.0,0.0,0.0,0.0,0.0,0.0,0.0,0.0,0.47,0.0,0.0,0.0,0.0,0.0
23:06:00,0.0,0.0,0.0,0.102,0.0,0.0,0.29,0.0,0.0,0.0,0.0,0.0,0.0,0.0,0.0,0.0,0.0,0.0,0.392,0.0,0.0,0.0,0.0,0.0,0.0,0.0,0.0,0.0,0.0,0.0,0.0,0.0,0.0,0.0,0.47,0.0,0.0,0.0,0.0,0.0
23:07:00,0.0,0.0,0.0,0.102,0.0,0.0,0.29,0.0,0.0,0.0,0.0,0.0,0.0,0.0,0.0,0.0,0.0,0.0,0.392,0.0,0.0,0.0,0.0,0.0,0.0,0.0,0.0,0.0,0.0,0.0,0.0,0.0,0.0,0.0,0.47,0.0,0.0,0.0,0.0,0.0
23:08:00,0.0,0.0,0.0,0.102,0.0,0.0,0.29,0.0,0.0,0.0,0.0,0.0,0.0,0.0,0.0,0.0,0.0,0.0,0.392,0.0,0.0,0.0,0.0,0.0,0.0,0.0,0.0,0.0,0.0,0.0,0.0,0.0,0.0,0.0,0.47,0.0,0.0,0.0,0.0,0.0
23:09:00,0.0,0.0,0.0,0.102,0.0,0.0,0.29,0.0,0.0,0.0,0.0,0.0,0.0,0.0,0.0,0.0,0.0,0.0,0.392,0.0,0.0,0.0,0.0,0.0,0.0,0.0,0.0,0.0,0.0,0.0,0.0,0.0,0.0,0.0,0.47,0.0,0.0,0.0,0.0,0.0
23:10:00,0.0,0.0,0.0,0.102,0.0,0.0,0.29,0.0,0.0,0.0,0.0,0.0,0.0,0.0,0.0,0.0,0.0,0.0,0.392,0.0,0.0,0.0,0.0,0.0,0.0,0.0,0.0,0.0,0.0,0.0,0.0,0.0,0.0,0.0,0.47,0.0,0.0,0.0,0.0,0.0
23:11:00,0.0,0.08985740714772633,0.0,0.102,0.0,0.0,0.29,0.0,0.0,0.0,0.0,0.0,0.0,0.0,0.0,0.0,0.0,0.0,0.392,0.0,0.0,0.0,0.0,0.0,0.0,0.0,0.0,0.0,0.0,0.0,0.0,0.0,0.0,0.0,0.47,0.0,0.0,0.0,0.0,0.0
23:12:00,0.0,0.486,0.0,0.102,0.0,0.0,0.29,0.0,0.0,0.0,0.0,0.0,0.0,0.0,0.0,0.0,0.0,0.0,0.392,0.0,0.0,0.0,0.0,0.0,0.0,0.0,0.0,0.0,0.0,0.0,0.0,0.0,0.0,0.0,0.47,0.0,0.0,0.0,0.0,0.0
23:13:00,0.0,0.486,0.0,0.102,0.0,0.0,0.29,0.0,0.0,0.0,0.0,0.0,0.0,0.0,0.0,0.0,0.0,0.0,0.392,0.0,0.0,0.0,0.0,0.0,0.0,0.0,0.0,0.0,0.0,0.0,0.0,0.0,0.0,0.0,0.47,0.0,0.0,0.0,0.0,0.0
23:14:00,0.0,0.486,0.0,0.102,0.0,0.0,0.29,0.0,0.0,0.0,0.0,0.0,0.0,0.0,0.0,0.0,0.0,0.0,0.392,0.0,0.0,0.0,0.0,0.0,0.0,0.0,0.0,0.0,0.0,0.0,0.0,0.0,0.0,0.0,0.47,0.0,0.0,0.0,0.0,0.0
23:15:00,0.0,0.486,0.0,0.102,0.0,0.0,0.29,0.0,0.0,0.0,0.0,0.0,0.0,0.0,0.0,0.0,0.0,0.0,0.392,0.0,0.0,0.0,0.0,0.0,0.0,0.0,0.0,0.0,0.0,0.0,0.0,0.0,0.0,0.0,0.47,0.0,0.0,0.0,0.0,0.0
23:16:00,0.0,0.486,0.0,0.102,0.0,0.0,0.29,0.0,0.0,0.0,0.0,0.0,0.0,0.0,0.0,0.0,0.0,0.0,0.392,0.0,0.0,0.0,0.0,0.0,0.0,0.0,0.0,0.0,0.0,0.0,0.0,0.0,0.0,0.0,0.47,0.0,0.0,0.0,0.0,0.0
23:17:00,0.0,0.486,0.0,0.102,0.0,0.0,0.29,0.0,0.0,0.0,0.0,0.0,0.0,0.0,0.0,0.0,0.0,0.0,0.392,0.0,0.0,0.0,0.0,0.0,0.0,0.0,0.0,0.0,0.0,0.0,0.0,0.0,0.0,0.0,0.47,0.0,0.0,0.0,0.0,0.0
23:18:00,0.0,0.486,0.0,0.102,0.0,0.0,0.29,0.0,0.0,0.0,0.0,0.0,0.0,0.0,0.0,0.0,0.0,0.0,0.392,0.0,0.0,0.0,0.0,0.0,0.0,0.0,0.0,0.0,0.0,0.0,0.0,0.0,0.0,0.0,0.47,0.0,0.0,0.0,0.0,0.0
23:19:00,0.0,0.486,0.0,0.102,0.0,0.0,0.29,0.0,0.0,0.0,0.0,0.0,0.0,0.0,0.0,0.0,0.0,0.0,0.392,0.0,0.0,0.0,0.0,0.0,0.0,0.0,0.0,0.0,0.0,0.0,0.0,0.0,0.0,0.0,0.47,0.0,0.0,0.0,0.0,0.0
23:20:00,0.0,0.486,0.0,0.102,0.0,0.0,0.29,0.0,0.0,0.0,0.0,0.0,0.0,0.0,0.0,0.0,0.0,0.0,0.392,0.0,0.0,0.0,0.0,0.0,0.0,0.0,0.0,0.0,0.0,0.0,0.0,0.0,0.0,0.0,0.47,0.0,0.0,0.0,0.0,0.0
23:21:00,0.0,0.486,0.0,0.102,0.0,0.0,0.29,0.0,0.0,0.0,0.0,0.0,0.0,0.0,0.0,0.0,0.0,0.0,0.392,0.0,0.0,0.0,0.0,0.0,0.0,0.0,0.0,0.0,0.0,0.0,0.0,0.0,0.0,0.0,0.47,0.0,0.0,0.0,0.0,0.0
23:22:00,0.0,0.486,0.0,0.102,0.0,0.0,0.29,0.0,0.0,0.0,0.0,0.0,0.0,0.0,0.0,0.0,0.0,0.0,0.392,0.0,0.0,0.0,0.0,0.0,0.0,0.0,0.0,0.0,0.0,0.0,0.0,0.0,0.0,0.0,0.47,0.0,0.0,0.0,0.0,0.0
23:23:00,0.0,0.486,0.0,0.102,0.0,0.0,0.29,0.0,0.0,0.0,0.0,0.0,0.0,0.0,0.0,0.0,0.0,0.0,0.392,0.0,0.0,0.0,0.0,0.0,0.0,0.0,0.0,0.0,0.0,0.0,0.0,0.0,0.0,0.0,0.47,0.0,0.0,0.0,0.0,0.0
23:24:00,0.0,0.486,0.0,0.102,0.0,0.0,0.29,0.0,0.0,0.0,0.0,0.0,0.0,0.0,0.0,0.0,0.0,0.0,0.392,0.0,0.0,0.0,0.0,0.0,0.0,0.0,0.0,0.0,0.0,0.0,0.0,0.0,0.0,0.0,0.47,0.0,0.0,0.0,0.0,0.0
23:25:00,0.0,0.486,0.0,0.102,0.0,0.0,0.29,0.0,0.0,0.0,0.0,0.0,0.0,0.0,0.0,0.0,0.0,0.0,0.392,0.0,0.0,0.0,0.0,0.0,0.0,0.0,0.0,0.0,0.0,0.0,0.0,0.0,0.0,0.0,0.47,0.0,0.0,0.0,0.0,0.0
23:26:00,0.0,0.486,0.0,0.102,0.0,0.0,0.29,0.0,0.0,0.0,0.0,0.0,0.0,0.0,0.0,0.0,0.0,0.0,0.392,0.0,0.0,0.0,0.0,0.0,0.0,0.0,0.0,0.0,0.0,0.0,0.0,0.0,0.0,0.0,0.47,0.0,0.0,0.0,0.0,0.0
23:27:00,0.0,0.486,0.0,0.102,0.0,0.0,0.29,0.0,0.0,0.0,0.0,0.0,0.0,0.0,0.0,0.0,0.0,0.0,0.392,0.0,0.0,0.0,0.0,0.0,0.0,0.0,0.0,0.0,0.0,0.0,0.0,0.0,0.0,0.0,0.47,0.0,0.0,0.0,0.0,0.0
23:28:00,0.0,0.486,0.0,0.102,0.0,0.0,0.29,0.0,0.0,0.0,0.0,0.0,0.0,0.0,0.0,0.0,0.0,0.0,0.392,0.0,0.0,0.0,0.0,0.0,0.0,0.0,0.0,0.0,0.0,0.0,0.0,0.0,0.0,0.0,0.47,0.0,0.0,0.0,0.0,0.0
23:29:00,0.0,0.486,0.0,0.102,0.0,0.0,0.29,0.0,0.0,0.0,0.0,0.0,0.0,0.0,0.0,0.0,0.0,0.0,0.392,0.0,0.0,0.0,0.0,0.0,0.0,0.0,0.0,0.0,0.0,0.0,0.0,0.0,0.0,0.0,0.47,0.0,0.0,0.0,0.0,0.0
23:30:00,0.0,0.224,0.0,0.1,0.0,0.0,0.172,0.0,0.0,0.0,0.0,0.0,0.0,0.0,0.0,0.0,0.0,0.0,0.336,0.0,0.0,0.0,0.0,0.0,0.0,0.0,0.0,0.0,0.0,0.0,0.0,0.0,0.0,0.0,0.502,0.0,0.0,0.0,0.0,0.0
23:31:00,0.0,0.224,0.0,0.1,0.0,0.0,0.172,0.0,0.0,0.0,0.0,0.0,0.0,0.0,0.0,0.0,0.0,0.0,0.336,0.0,0.0,0.0,0.0,0.0,0.0,0.0,0.0,0.0,0.0,0.0,0.0,0.0,0.0,0.0,0.502,0.0,0.0,0.0,0.0,0.0
23:32:00,0.0,0.224,0.0,0.1,0.0,0.0,0.172,0.0,0.0,0.0,0.0,0.0,0.0,0.0,0.0,0.0,0.0,0.0,0.336,0.0,0.0,0.0,0.0,0.0,0.0,0.0,0.0,0.0,0.0,0.0,0.0,0.0,0.0,0.0,0.502,0.0,0.0,0.0,0.0,0.0
23:33:00,0.0,0.224,0.0,0.1,0.0,0.0,0.172,0.0,0.0,0.0,0.0,0.0,0.0,0.0,0.0,0.0,0.0,0.0,0.336,0.0,0.0,0.0,0.0,0.0,0.0,0.0,0.0,0.0,0.0,0.0,0.0,0.0,0.0,0.0,0.502,0.0,0.0,0.0,0.0,0.0
23:34:00,0.0,0.224,0.0,0.1,0.0,0.0,0.172,0.0,0.0,0.0,0.0,0.0,0.0,0.0,0.0,0.0,0.0,0.0,0.336,0.0,0.0,0.0,0.0,0.0,0.0,0.0,0.0,0.0,0.0,0.0,0.0,0.0,0.0,0.0,0.502,0.0,0.0,0.0,0.0,0.0
23:35:00,0.0,0.224,0.0,0.1,0.0,0.0,0.172,0.0,0.0,0.0,0.0,0.0,0.0,0.0,0.0,0.0,0.0,0.0,0.336,0.0,0.0,0.0,0.0,0.0,0.0,0.0,0.0,0.0,0.0,0.0,0.0,0.0,0.0,0.0,0.502,0.0,0.0,0.0,0.0,0.0
23:36:00,0.0,0.224,0.0,0.1,0.0,0.0,0.172,0.0,0.0,0.0,0.0,0.0,0.0,0.0,0.0,0.0,0.0,0.0,0.336,0.0,0.0,0.0,0.0,0.0,0.0,0.0,0.0,0.0,0.0,0.0,0.0,0.0,0.0,0.0,0.502,0.0,0.0,0.0,0.0,0.0
23:37:00,0.0,0.224,0.0,0.1,0.0,0.0,0.172,0.0,0.0,0.0,0.0,0.0,0.0,0.0,0.0,0.0,0.0,0.0,0.336,0.0,0.0,0.0,0.0,0.0,0.0,0.0,0.0,0.0,0.0,0.0,0.0,0.0,0.0,0.0,0.502,0.0,0.0,0.0,0.0,0.0
23:38:00,0.0,0.224,0.0,0.1,0.0,0.0,0.172,0.0,0.0,0.0,0.0,0.0,0.0,0.0,0.0,0.0,0.0,0.0,0.336,0.0,0.0,0.0,0.0,0.0,0.0,0.0,0.0,0.0,0.0,0.0,0.0,0.0,0.0,0.0,0.502,0.0,0.0,0.0,0.0,0.0
23:39:00,0.0,0.224,0.0,0.1,0.0,0.0,0.172,0.0,0.0,0.0,0.0,0.0,0.0,0.0,0.0,0.0,0.0,0.0,0.336,0.0,0.0,0.0,0.0,0.0,0.0,0.0,0.0,0.0,0.0,0.0,0.0,0.0,0.0,0.0,0.502,0.0,0.0,0.0,0.0,0.0
23:40:00,0.0,0.224,0.0,0.1,0.0,0.0,0.172,0.0,0.0,0.0,0.0,0.0,0.0,0.0,0.0,0.0,0.0,0.0,0.336,0.0,0.0,0.0,0.0,0.0,0.0,0.0,0.0,0.0,0.0,0.0,0.0,0.0,0.0,0.0,0.502,0.0,0.0,0.0,0.0,0.0
23:41:00,0.0,0.224,0.0,0.1,0.0,0.0,0.172,0.0,0.0,0.0,0.0,0.0,0.0,0.0,0.0,0.0,0.0,0.0,0.336,0.0,0.0,0.0,0.0,0.0,0.0,0.0,0.0,0.0,0.0,0.0,0.0,0.0,0.0,0.0,0.502,0.0,0.0,0.0,0.0,0.0
23:42:00,0.0,0.224,0.0,0.1,0.0,0.0,0.172,0.0,0.0,0.0,0.0,0.0,0.0,0.0,0.0,0.0,0.0,0.0,0.336,0.0,0.0,0.0,0.0,0.0,0.0,0.0,0.0,0.0,0.0,0.0,0.0,0.0,0.0,0.0,0.502,0.0,0.0,0.0,0.0,0.0
23:43:00,0.0,0.224,0.0,0.1,0.0,0.0,0.172,0.0,0.0,0.0,0.0,0.0,0.0,0.0,0.0,0.0,0.0,0.0,0.336,0.0,0.0,0.0,0.0,0.0,0.0,0.0,0.0,0.0,0.0,0.0,0.0,0.0,0.0,0.0,0.502,0.0,0.0,0.0,0.0,0.0
23:44:00,0.0,0.224,0.0,0.1,0.0,0.0,0.172,0.0,0.0,0.0,0.0,0.0,0.0,0.0,0.0,0.0,0.0,0.0,0.336,0.0,0.0,0.0,0.0,0.0,0.0,0.0,0.0,0.0,0.0,0.0,0.0,0.0,0.0,0.0,0.502,0.0,0.0,0.0,0.0,0.0
23:45:00,0.0,0.224,0.0,0.1,0.0,0.0,0.172,0.0,0.0,0.0,0.0,0.0,0.0,0.0,0.0,0.0,0.0,0.0,0.336,0.0,0.0,0.0,0.0,0.0,0.0,0.0,0.0,0.0,0.0,0.0,0.0,0.0,0.0,0.0,0.502,0.0,0.0,0.0,0.0,0.0
23:46:00,0.0,0.224,0.0,0.1,0.0,0.0,0.172,0.0,0.0,0.0,0.0,0.0,0.0,0.0,0.0,0.0,0.0,0.0,0.336,0.0,0.0,0.0,0.0,0.0,0.0,0.0,0.0,0.0,0.0,0.0,0.0,0.0,0.0,0.0,0.502,0.0,0.0,0.0,0.0,0.0
23:47:00,0.0,0.224,0.0,0.1,0.0,0.0,0.172,0.0,0.0,0.0,0.0,0.0,0.0,0.0,0.0,0.0,0.0,0.0,0.336,0.0,0.0,0.0,0.0,0.0,0.0,0.0,0.0,0.0,0.0,0.0,0.0,0.0,0.0,0.0,0.502,0.0,0.0,0.0,0.0,0.0
23:48:00,0.0,0.224,0.0,0.1,0.0,0.0,0.172,0.0,0.0,0.0,0.0,0.0,0.0,0.0,0.0,0.0,0.0,0.0,0.336,0.0,0.0,0.0,0.0,0.0,0.0,0.0,0.0,0.0,0.0,0.0,0.0,0.0,0.0,0.0,0.502,0.0,0.0,0.0,0.0,0.0
23:49:00,0.0,0.224,0.0,0.1,0.0,0.0,0.172,0.0,0.0,0.0,0.0,0.0,0.0,0.0,0.0,0.0,0.0,0.0,0.336,0.0,0.0,0.0,0.0,0.0,0.0,0.0,0.0,0.0,0.0,0.0,0.0,0.0,0.0,0.0,0.502,0.0,0.0,0.0,0.0,0.0
23:50:00,0.0,0.224,0.0,0.1,0.0,0.0,0.172,0.0,0.0,0.0,0.0,0.0,0.0,0.0,0.0,0.0,0.0,0.0,0.336,0.0,0.0,0.0,0.0,0.0,0.0,0.0,0.0,0.0,0.0,0.0,0.0,0.0,0.0,0.0,0.502,0.0,0.0,0.0,0.0,0.0
23:51:00,0.0,0.224,0.0,0.1,0.0,0.0,0.172,0.0,0.0,0.0,0.0,0.0,0.0,0.0,0.0,0.0,0.0,0.0,0.336,0.0,0.0,0.0,0.0,0.0,0.0,0.0,0.0,0.0,0.0,0.0,0.0,0.0,0.0,0.0,0.502,0.0,0.0,0.0,0.0,0.0
23:52:00,0.0,0.224,0.0,0.1,0.0,0.0,0.172,0.0,0.0,0.0,0.0,0.0,0.0,0.0,0.0,0.0,0.0,0.0,0.336,0.0,0.0,0.0,0.0,0.0,0.0,0.0,0.0,0.0,0.0,0.0,0.0,0.0,0.0,0.0,0.502,0.0,0.0,0.0,0.0,0.0
23:53:00,0.0,0.224,0.0,0.1,0.0,0.0,0.172,0.0,0.0,0.0,0.0,0.0,0.0,0.0,0.0,0.0,0.0,0.0,0.336,0.0,0.0,0.0,0.0,0.0,0.0,0.0,0.0,0.0,0.0,0.0,0.0,0.0,0.0,0.0,0.502,0.0,0.0,0.0,0.0,0.0
23:54:00,0.0,0.224,0.0,0.1,0.0,0.0,0.172,0.0,0.0,0.0,0.0,0.0,0.0,0.0,0.0,0.0,0.0,0.0,0.336,0.0,0.0,0.0,0.0,0.0,0.0,0.0,0.0,0.0,0.0,0.0,0.0,0.0,0.0,0.0,0.502,0.0,0.0,0.0,0.0,0.0
23:55:00,0.0,0.224,0.0,0.1,0.0,0.0,0.172,0.0,0.0,0.0,0.0,0.0,0.0,0.0,0.0,0.0,0.0,0.0,0.336,0.0,0.0,0.0,0.0,0.0,0.0,0.0,0.0,0.0,0.0,0.0,0.0,0.0,0.0,0.0,0.502,0.0,0.0,0.0,0.0,0.0
23:56:00,0.0,0.224,0.0,0.1,0.0,0.0,0.172,0.0,0.0,0.0,0.0,0.0,0.0,0.0,0.0,0.0,0.0,0.0,0.336,0.0,0.0,0.0,0.0,0.0,0.0,0.0,0.0,0.0,0.0,0.0,0.0,0.0,0.0,0.0,0.502,0.0,0.0,0.0,0.0,0.0
23:57:00,0.0,0.224,0.0,0.1,0.0,0.0,0.172,0.0,0.0,0.0,0.0,0.0,0.0,0.0,0.0,0.0,0.0,0.0,0.336,0.0,0.0,0.0,0.0,0.0,0.0,0.0,0.0,0.0,0.0,0.0,0.0,0.0,0.0,0.0,0.502,0.0,0.0,0.0,0.0,0.0
23:58:00,0.0,0.224,0.0,0.1,0.0,0.0,0.172,0.0,0.0,0.0,0.0,0.0,0.0,0.0,0.0,0.0,0.0,0.0,0.336,0.0,0.0,0.0,0.0,0.0,0.0,0.0,0.0,0.0,0.0,0.0,0.0,0.0,0.0,0.0,0.502,0.0,0.0,0.0,0.0,0.0
23:59:00,0.0,0.224,0.0,0.1,0.0,0.0,0.172,0.0,0.0,0.0,0.0,0.0,0.0,0.0,0.0,0.0,0.0,0.0,0.336,0.0,0.0,0.0,0.0,0.0,0.0,0.0,0.0,0.0,0.0,0.0,0.0,0.0,0.0,0.0,0.502,0.0,0.0,0.0,0.0,0.0
