time,MAC000055_net_output_kW,MAC000203_net_output_kW,MAC000214_net_output_kW,MAC000239_net_output_kW,MAC000250_net_output_kW,MAC000676_net_output_kW,MAC000727_net_output_kW,MAC000734_net_output_kW,MAC000761_net_output_kW,MAC000792_net_output_kW,MAC000864_net_output_kW,MAC001072_net_output_kW,MAC001210_net_output_kW,MAC001238_net_output_kW,MAC001607_net_output_kW,MAC001759_net_output_kW,MAC001795_net_output_kW,MAC001799_net_output_kW,MAC001816_net_output_kW,MAC001906_net_output_kW,MAC001996_net_output_kW,MAC002205_net_output_kW,MAC002220_net_output_kW,MAC002733_net_output_kW,MAC002756_net_output_kW,MAC002877_net_output_kW,MAC003046_net_output_kW,MAC003473_net_output_kW,MAC003488_net_output_kW,MAC003490_net_output_kW,MAC003718_net_output_kW,MAC004146_net_output_kW,MAC004508_net_output_kW,MAC004619_net_output_kW,MAC004848_net_output_kW,MAC004856_net_output_kW,MAC004933_net_output_kW,MAC005219_net_output_kW,MAC005325_net_output_kW,MAC005531_net_output_kW
00:00:00,0.206,0.188,0.084,0.226,0.522,0.134,0.344,0.216,0.77,0.452,0.318,0.3,0.102,0.048,0.218,0.252,0.078,0.116,0.184,0.14,0.392,0.132,0.206,0.136,0.118,0.212,0.282,0.196,0.39,0.084,0.214,0.31,0.096,0.168,0.11,0.402,0.524,1.436,0.474,0.238
00:01:00,0.206,0.188,0.084,0.226,0.522,0.134,0.344,0.216,0.77,0.452,0.318,0.3,0.102,0.048,0.218,0.252,0.078,0.116,0.184,0.14,0.392,0.132,0.206,0.136,0.118,0.212,0.282,0.196,0.39,0.084,0.214,0.31,0.096,0.168,0.11,0.402,0.524,1.436,0.474,0.238
00:02:00,0.206,0.188,0.084,0.226,0.522,0.134,0.344,0.216,0.77,0.452,0.318,0.3,0.102,0.048,0.218,0.252,0.078,0.116,0.184,0.14,0.392,0.132,0.206,0.136,0.118,0.212,0.282,0.196,0.39,0.084,0.214,0.31,0.096,0.168,0.11,0.402,0.524,1.436,0.474,0.238
00:03:00,0.206,0.188,0.084,0.226,0.522,0.134,0.344,0.216,0.77,0.452,0.318,0.3,0.102,0.048,0.218,0.252,0.078,0.116,0.184,0.14,0.392,0.132,0.206,0.136,0.118,0.212,0.282,0.196,0.39,0.084,0.214,0.31,0.096,0.168,0.11,0.402,0.524,1.436,0.474,0.238
00:04:00,0.206,0.188,0.084,0.226,0.522,0.134,0.344,0.216,0.77,0.452,0.318,0.3,0.102,0.048,0.218,0.252,0.078,0.116,0.184,0.14,0.392,0.132,0.206,0.136,0.118,0.212,0.282,0.196,0.39,0.084,0.214,0.31,0.096,0.168,0.11,0.402,0.524,1.436,0.474,0.238
00:05:00,0.206,0.188,0.084,0.226,0.522,0.134,0.344,0.216,0.77,0.452,0.318,0.3,0.102,0.048,0.218,0.252,0.078,0.116,0.184,0.14,0.392,0.132,0.206,0.136,0.118,0.212,0.282,0.196,0.39,0.084,0.214,0.31,0.096,0.168,0.11,0.402,0.524,1.436,0.474,0.238
00:06:00,0.206,0.188,0.084,0.226,0.522,0.134,0.344,0.216,0.77,0.452,0.318,0.3,0.102,0.048,0.218,0.252,0.078,0.116,0.184,0.14,0.392,0.132,0.206,0.136,0.118,0.212,0.282,0.196,0.39,0.084,0.214,0.31,0.096,0.168,0.11,0.402,0.524,1.436,0.474,0.238
00:07:00,0.206,0.188,0.084,0.226,0.522,0.134,0.344,0.216,0.77,0.452,0.318,0.3,0.102,0.048,0.218,0.252,0.078,0.116,0.184,0.14,0.392,0.132,0.206,0.136,0.118,0.212,0.282,0.196,0.39,0.084,0.214,0.31,0.096,0.168,0.11,0.402,0.524,1.436,0.474,0.238
00:08:00,0.206,0.188,0.084,0.226,0.522,0.134,0.344,0.216,0.77,0.452,0.318,0.3,0.102,0.048,0.218,0.252,0.078,0.116,0.184,0.14,0.392,0.132,0.206,0.136,0.118,0.212,0.282,0.196,0.39,0.084,0.214,0.31,0.096,0.168,0.11,0.402,0.524,1.436,0.474,0.238
00:09:00,0.206,0.188,0.084,0.226,0.522,0.134,0.344,0.216,0.77,0.452,0.318,0.3,0.102,0.048,0.218,0.252,0.078,0.116,0.184,0.14,0.392,0.132,0.206,0.136,0.118,0.212,0.282,0.196,0.39,0.084,0.214,0.31,0.096,0.168,0.11,0.402,0.524,1.436,0.474,0.238
00:10:00,0.206,0.188,0.084,0.226,0.522,0.134,0.344,0.216,0.77,0.452,0.318,0.3,0.102,0.048,0.218,0.252,0.078,0.116,0.184,0.14,0.392,0.132,0.206,0.136,0.118,0.212,0.282,0.196,0.39,0.084,0.214,0.31,0.096,0.168,0.11,0.402,0.524,1.436,0.474,0.238
00:11:00,0.206,0.188,0.084,0.226,0.522,0.134,0.344,0.216,0.77,0.452,0.318,0.3,0.102,0.048,0.218,0.252,0.078,0.116,0.184,0.14,0.392,0.132,0.206,0.136,0.118,0.212,0.282,0.196,0.39,0.084,0.214,0.31,0.096,0.168,0.11,0.402,0.524,1.436,0.474,0.238
00:12:00,0.206,0.188,0.084,0.226,0.522,0.134,0.344,0.216,0.77,0.452,0.318,0.3,0.102,0.048,0.218,0.252,0.078,0.116,0.184,0.14,0.392,0.132,0.206,0.136,0.118,0.212,0.282,0.196,0.39,0.084,0.214,0.31,0.096,0.168,0.11,0.402,0.524,1.436,0.474,0.238
00:13:00,0.206,0.188,0.084,0.226,0.522,0.134,0.344,0.216,0.77,0.452,0.318,0.3,0.102,0.048,0.218,0.252,0.078,0.116,0.184,0.14,0.392,0.132,0.206,0.136,0.118,0.212,0.282,0.196,0.39,0.084,0.214,0.31,0.096,0.168,0.11,0.402,0.524,1.436,0.474,0.238
00:14:00,0.206,0.188,0.084,0.226,0.522,0.134,0.344,0.216,0.77,0.452,0.318,0.3,0.102,0.048,0.218,0.252,0.078,0.116,0.184,0.14,0.392,0.132,0.206,0.136,0.118,0.212,0.282,0.196,0.39,0.084,0.214,0.31,0.096,0.168,0.11,0.402,0.524,1.436,0.474,0.238
00:15:00,0.206,0.188,0.084,0.226,0.522,0.134,0.344,0.216,0.77,0.452,0.318,0.3,0.102,0.048,0.218,0.252,0.078,0.116,0.184,0.14,0.392,0.132,0.206,0.136,0.118,0.212,0.282,0.196,0.39,0.084,0.214,0.31,0.096,0.168,0.11,0.402,0.524,1.436,0.474,0.238
00:16:00,0.206,0.188,0.084,0.226,0.522,0.134,0.344,0.216,0.77,0.452,0.318,0.3,0.102,0.048,0.218,0.252,0.078,0.116,0.184,0.14,0.392,0.132,0.206,0.136,0.118,0.212,0.282,0.196,0.39,0.084,0.214,0.31,0.096,0.168,0.11,0.402,0.524,1.436,0.474,0.238
00:17:00,0.206,0.188,0.084,0.226,0.522,0.134,0.344,0.216,0.77,0.452,0.318,0.3,0.102,0.048,0.218,0.252,0.078,0.116,0.184,0.14,0.392,0.132,0.206,0.136,0.118,0.212,0.282,0.196,0.39,0.084,0.214,0.31,0.096,0.168,0.11,0.402,0.524,1.436,0.474,0.238
00:18:00,0.206,0.188,0.084,0.226,0.522,0.134,0.344,0.216,0.77,0.452,0.318,0.3,0.102,0.048,0.218,0.252,0.078,0.116,0.184,0.14,0.392,0.132,0.206,0.136,0.118,0.212,0.282,0.196,0.39,0.084,0.214,0.31,0.096,0.168,0.11,0.402,0.524,1.436,0.474,0.238
00:19:00,0.206,0.188,0.084,0.226,0.522,0.134,0.344,0.216,0.77,0.452,0.318,0.3,0.102,0.048,0.218,0.252,0.078,0.116,0.184,0.14,0.392,0.132,0.206,0.136,0.118,0.212,0.282,0.196,0.39,0.084,0.214,0.31,0.096,0.168,0.11,0.402,0.524,1.436,0.474,0.238
00:20:00,0.206,0.188,0.084,0.226,0.522,0.134,0.344,0.216,0.77,0.452,0.318,0.3,0.102,0.048,0.218,0.252,0.078,0.116,0.184,0.14,0.392,0.132,0.206,0.136,0.118,0.212,0.282,0.196,0.39,0.084,0.214,0.31,0.096,0.168,0.11,0.402,0.524,1.436,0.474,0.238
00:21:00,0.206,0.188,0.084,0.226,0.522,0.134,0.344,0.216,0.77,0.452,0.318,0.3,0.102,0.048,0.218,0.252,0.078,0.116,0.184,0.14,0.392,0.132,0.206,0.136,0.118,0.212,0.282,0.196,0.39,0.084,0.214,0.31,0.096,0.168,0.11,0.402,0.524,1.436,0.474,0.238
00:22:00,0.206,0.188,0.084,0.226,0.522,0.134,0.344,0.216,0.77,0.452,0.318,0.3,0.102,0.048,0.218,0.252,0.078,0.116,0.184,0.14,0.392,0.132,0.206,0.136,0.118,0.212,0.282,0.196,0.39,0.084,0.214,0.31,0.096,0.168,0.11,0.402,0.524,1.436,0.474,0.238
00:23:00,0.206,0.188,0.084,0.226,0.522,0.134,0.344,0.216,0.77,0.452,0.318,0.3,0.102,0.048,0.218,0.252,0.078,0.116,0.184,0.14,0.392,0.132,0.206,0.136,0.118,0.212,0.282,0.196,0.39,0.084,0.214,0.31,0.096,0.168,0.11,0.402,0.524,1.436,0.474,0.238
00:24:00,0.206,0.188,0.084,0.226,0.522,0.134,0.344,0.216,0.77,0.452,0.318,0.3,0.102,0.048,0.218,0.252,0.078,0.116,0.184,0.14,0.392,0.132,0.206,0.136,0.118,0.212,0.282,0.196,0.39,0.084,0.214,0.31,0.096,0.168,0.11,0.402,0.524,1.436,0.474,0.238
00:25:00,0.206,0.188,0.084,0.226,0.522,0.134,0.344,0.216,0.77,0.452,0.318,0.3,0.102,0.048,0.218,0.252,0.078,0.116,0.184,0.14,0.392,0.132,0.206,0.136,0.118,0.212,0.282,0.196,0.39,0.084,0.214,0.31,0.096,0.168,0.11,0.402,0.524,1.436,0.474,0.238
00:26:00,0.206,0.188,0.084,0.226,0.522,0.134,0.344,0.216,0.77,0.452,0.318,0.3,0.102,0.048,0.218,0.252,0.078,0.116,0.184,0.14,0.392,0.132,0.206,0.136,0.118,0.212,0.282,0.196,0.39,0.084,0.214,0.31,0.096,0.168,0.11,0.402,0.524,1.436,0.474,0.238
00:27:00,0.206,0.188,0.084,0.226,0.522,0.134,0.344,0.216,0.77,0.452,0.318,0.3,0.102,0.048,0.218,0.252,0.078,0.116,0.184,0.14,0.392,0.132,0.206,0.136,0.118,0.212,0.282,0.196,0.39,0.084,0.214,0.31,0.096,0.168,0.11,0.402,0.524,1.436,0.474,0.238
00:28:00,0.206,0.188,0.084,0.226,0.522,0.134,0.344,0.216,0.77,0.452,0.318,0.3,0.102,0.048,0.218,0.252,0.078,0.116,0.184,0.14,0.392,0.132,0.206,0.136,0.118,0.212,0.282,0.196,0.39,0.084,0.214,0.31,0.096,0.168,0.11,0.402,0.524,1.436,0.474,0.238
00:29:00,0.206,0.188,0.084,0.226,0.522,0.134,0.344,0.216,0.77,0.452,0.318,0.3,0.102,0.048,0.218,0.252,0.078,0.116,0.184,0.14,0.392,0.132,0.206,0.136,0.118,0.212,0.282,0.196,0.39,0.084,0.214,0.31,0.096,0.168,0.11,0.402,0.524,1.436,0.474,0.238
00:30:00,0.316,0.226,0.102,0.22,0.346,0.116,1.56,0.216,0.39,0.462,0.252,0.334,0.078,0.082,0.202,0.27,0.13,0.074,0.222,0.18,0.438,0.086,0.13,0.074,0.086,0.136,0.276,0.194,0.114,0.07,1.272,0.0,0.078,0.05,0.088,0.528,0.552,1.06,0.398,0.238
00:31:00,0.316,0.226,0.102,0.22,0.346,0.116,1.56,0.216,0.39,0.462,0.252,0.334,0.078,0.082,0.202,0.27,0.13,0.074,0.222,0.18,0.438,0.086,0.13,0.074,0.086,0.136,0.276,0.194,0.114,0.07,1.272,0.0,0.078,0.05,0.088,0.528,0.552,1.06,0.398,0.238
00:32:00,0.316,0.226,0.102,0.22,0.346,0.116,1.56,0.216,0.39,0.462,0.252,0.334,0.078,0.082,0.202,0.27,0.13,0.074,0.222,0.18,0.438,0.086,0.13,0.074,0.086,0.136,0.276,0.194,0.114,0.07,1.272,0.0,0.078,0.05,0.088,0.528,0.552,1.06,0.398,0.238
00:33:00,0.316,0.226,0.102,0.22,0.346,0.116,1.56,0.216,0.39,0.462,0.252,0.334,0.078,0.082,0.202,0.27,0.13,0.074,0.222,0.18,0.438,0.086,0.13,0.074,0.086,0.136,0.276,0.194,0.114,0.07,1.272,0.0,0.078,0.05,0.088,0.528,0.552,1.06,0.398,0.238
00:34:00,0.316,0.226,0.102,0.22,0.346,0.116,1.56,0.216,0.39,0.462,0.252,0.334,0.078,0.082,0.202,0.27,0.13,0.074,0.222,0.18,0.438,0.086,0.13,0.074,0.086,0.136,0.276,0.194,0.114,0.07,1.272,0.0,0.078,0.05,0.088,0.528,0.552,1.06,0.398,0.238
00:35:00,0.316,0.226,0.102,0.22,0.346,0.116,1.56,0.216,0.39,0.462,0.252,0.334,0.078,0.082,0.202,0.27,0.13,0.074,0.222,0.18,0.438,0.086,0.13,0.074,0.086,0.136,0.276,0.194,0.114,0.07,1.272,0.0,0.078,0.05,0.088,0.528,0.552,1.06,0.398,0.238
00:36:00,0.316,0.226,0.102,0.22,0.346,0.116,1.56,0.216,0.39,0.462,0.252,0.334,0.078,0.082,0.202,0.27,0.13,0.074,0.222,0.18,0.438,0.086,0.13,0.074,0.086,0.136,0.276,0.194,0.114,0.07,1.272,0.0,0.078,0.05,0.088,0.528,0.552,1.06,0.398,0.238
00:37:00,0.316,0.226,0.102,0.22,0.346,0.116,1.56,0.216,0.39,0.462,0.252,0.334,0.078,0.082,0.202,0.27,0.13,0.074,0.222,0.18,0.438,0.086,0.13,0.074,0.086,0.136,0.276,0.194,0.114,0.07,1.272,0.0,0.078,0.05,0.088,0.528,0.552,1.06,0.398,0.238
00:38:00,0.316,0.226,0.102,0.22,0.346,0.116,1.56,0.216,0.39,0.462,0.252,0.334,0.078,0.082,0.202,0.27,0.13,0.074,0.222,0.18,0.438,0.086,0.13,0.074,0.086,0.136,0.276,0.194,0.114,0.07,1.272,0.0,0.078,0.05,0.088,0.528,0.552,1.06,0.398,0.238
00:39:00,0.316,0.226,0.102,0.22,0.346,0.116,1.56,0.216,0.39,0.462,0.252,0.334,0.078,0.082,0.202,0.27,0.13,0.074,0.222,0.18,0.438,0.086,0.13,0.074,0.086,0.136,0.276,0.194,0.114,0.07,1.272,0.0,0.078,0.05,0.088,0.528,0.552,1.06,0.398,0.238
00:40:00,0.316,0.226,0.102,0.22,0.346,0.116,1.56,0.216,0.39,0.462,0.252,0.334,0.078,0.082,0.202,0.27,0.13,0.074,0.222,0.18,0.438,0.086,0.13,0.074,0.086,0.136,0.276,0.194,0.114,0.07,1.272,0.0,0.078,0.05,0.088,0.528,0.552,1.06,0.398,0.238
00:41:00,0.316,0.226,0.102,0.22,0.346,0.116,1.56,0.216,0.39,0.462,0.252,0.334,0.078,0.082,0.202,0.27,0.13,0.074,0.222,0.18,0.438,0.086,0.13,0.074,0.086,0.136,0.276,0.194,0.114,0.07,1.272,0.0,0.078,0.05,0.088,0.528,0.552,1.06,0.398,0.238
00:42:00,0.316,0.226,0.102,0.22,0.346,0.116,1.56,0.216,0.39,0.462,0.252,0.334,0.078,0.082,0.202,0.27,0.13,0.074,0.222,0.18,0.438,0.086,0.13,0.074,0.086,0.136,0.276,0.194,0.114,0.07,1.272,0.0,0.078,0.05,0.088,0.528,0.552,1.06,0.398,0.238
00:43:00,0.316,0.226,0.102,0.22,0.346,0.116,1.56,0.216,0.39,0.462,0.252,0.334,0.078,0.082,0.202,0.27,0.13,0.074,0.222,0.18,0.438,0.086,0.13,0.074,0.086,0.136,0.276,0.194,0.114,0.07,1.272,0.0,0.078,0.05,0.088,0.528,0.552,1.06,0.398,0.238
00:44:00,0.316,0.226,0.102,0.22,0.346,0.116,1.56,0.216,0.39,0.462,0.252,0.334,0.078,0.082,0.202,0.27,0.13,0.074,0.222,0.18,0.438,0.086,0.13,0.074,0.086,0.136,0.276,0.194,0.114,0.07,1.272,0.0,0.078,0.05,0.088,0.528,0.552,1.06,0.398,0.238
00:45:00,0.316,0.226,0.102,0.22,0.346,0.116,1.56,0.216,0.39,0.462,0.252,0.334,0.078,0.082,0.202,0.27,0.13,0.074,0.222,0.18,0.438,0.086,0.13,0.074,0.086,0.136,0.276,0.194,0.114,0.07,1.272,0.0,0.078,0.05,0.088,0.528,0.552,1.06,0.398,0.238
00:46:00,0.316,0.226,0.102,0.22,0.346,0.116,1.56,0.216,0.39,0.462,0.252,0.334,0.078,0.082,0.202,0.27,0.13,0.074,0.222,0.18,0.438,0.086,0.13,0.074,0.086,0.136,0.276,0.194,0.114,0.07,1.272,0.0,0.078,0.05,0.088,0.528,0.552,1.06,0.398,0.238
00:47:00,0.316,0.226,0.102,0.22,0.346,0.116,1.56,0.216,0.39,0.462,0.252,0.334,0.078,0.082,0.202,0.27,0.13,0.074,0.222,0.18,0.438,0.086,0.13,0.074,0.086,0.136,0.276,0.194,0.114,0.07,1.272,0.0,0.078,0.05,0.088,0.528,0.552,1.06,0.398,0.238
00:48:00,0.316,0.226,0.102,0.22,0.346,0.116,1.56,0.216,0.39,0.462,0.252,0.334,0.078,0.082,0.202,0.27,0.13,0.074,0.222,0.18,0.438,0.086,0.13,0.074,0.086,0.136,0.276,0.194,0.114,0.07,1.272,0.0,0.078,0.05,0.088,0.528,0.552,1.06,0.398,0.238
00:49:00,0.316,0.226,0.102,0.22,0.346,0.116,1.56,0.216,0.39,0.462,0.252,0.334,0.078,0.082,0.202,0.27,0.13,0.074,0.222,0.18,0.438,0.086,0.13,0.074,0.086,0.136,0.276,0.194,0.114,0.07,1.272,0.0,0.078,0.05,0.088,0.528,0.552,1.06,0.398,0.238
00:50:00,0.316,0.226,0.102,0.22,0.346,0.116,1.56,0.216,0.39,0.462,0.252,0.334,0.078,0.082,0.202,0.27,0.13,0.074,0.222,0.18,0.438,0.086,0.13,0.074,0.086,0.136,0.276,0.194,0.114,0.07,1.272,0.0,0.078,0.05,0.088,0.528,0.552,1.06,0.398,0.238
00:51:00,0.316,0.226,0.102,0.22,0.346,0.116,1.56,0.216,0.39,0.462,0.252,0.334,0.078,0.082,0.202,0.27,0.13,0.074,0.222,0.18,0.438,0.086,0.13,0.074,0.086,0.136,0.276,0.194,0.114,0.07,1.272,0.0,0.078,0.05,0.088,0.528,0.552,1.06,0.398,0.238
00:52:00,0.316,0.226,0.102,0.22,0.346,0.116,1.56,0.216,0.39,0.462,0.252,0.334,0.078,0.082,0.202,0.27,0.13,0.074,0.222,0.18,0.438,0.086,0.13,0.074,0.086,0.136,0.276,0.194,0.114,0.07,1.272,0.0,0.078,0.05,0.088,0.528,0.552,1.06,0.398,0.238
00:53:00,0.316,0.226,0.102,0.22,0.346,0.116,1.56,0.216,0.39,0.462,0.252,0.334,0.078,0.082,0.202,0.27,0.13,0.074,0.222,0.18,0.438,0.086,0.13,0.074,0.086,0.136,0.276,0.194,0.114,0.07,1.272,0.0,0.078,0.05,0.088,0.528,0.552,1.06,0.398,0.238
00:54:00,0.316,0.226,0.102,0.22,0.346,0.116,1.56,0.216,0.39,0.462,0.252,0.334,0.078,0.082,0.202,0.27,0.13,0.074,0.222,0.18,0.438,0.086,0.13,0.074,0.086,0.136,0.276,0.194,0.114,0.07,1.272,0.0,0.078,0.05,0.088,0.528,0.552,1.06,0.398,0.238
00:55:00,0.316,0.226,0.102,0.22,0.346,0.116,1.56,0.216,0.39,0.462,0.252,0.334,0.078,0.082,0.202,0.27,0.13,0.074,0.222,0.18,0.438,0.086,0.13,0.074,0.086,0.136,0.276,0.194,0.114,0.07,1.272,0.0,0.078,0.05,0.088,0.528,0.552,1.06,0.398,0.238
00:56:00,0.316,0.226,0.102,0.22,0.346,0.116,1.56,0.216,0.39,0.462,0.252,0.334,0.078,0.082,0.202,0.27,0.13,0.074,0.222,0.18,0.438,0.086,0.13,0.074,0.086,0.136,0.276,0.194,0.114,0.07,1.272,0.0,0.078,0.05,0.088,0.528,0.552,1.06,0.398,0.238
00:57:00,0.316,0.226,0.102,0.22,0.346,0.116,1.56,0.216,0.39,0.462,0.252,0.334,0.078,0.082,0.202,0.27,0.13,0.074,0.222,0.18,0.438,0.086,0.13,0.074,0.086,0.136,0.276,0.194,0.114,0.07,1.272,0.0,0.078,0.05,0.088,0.528,0.552,1.06,0.398,0.238
00:58:00,0.316,0.226,0.102,0.22,0.346,0.116,1.56,0.216,0.39,0.462,0.252,0.334,0.078,0.082,0.202,0.27,0.13,0.074,0.222,0.18,0.438,0.086,0.13,0.074,0.086,0.136,0.276,0.194,0.114,0.07,1.272,0.0,0.078,0.05,0.088,0.528,0.552,1.06,0.398,0.238
00:59:00,0.316,0.226,0.102,0.22,0.346,0.116,1.56,0.216,0.39,0.462,0.252,0.334,0.078,0.082,0.202,0.27,0.13,0.074,0.222,0.18,0.438,0.086,0.13,0.074,0.086,0.136,0.276,0.194,0.114,0.07,1.272,0.0,0.078,0.05,0.088,0.528,0.552,1.06,0.398,0.238
01:00:00,0.276,0.144,0.192,0.228,0.184,0.118,0.166,0.204,0.268,0.316,0.278,0.316,0.064,0.474,0.178,0.298,0.16,0.116,0.182,0.114,0.386,0.076,0.182,0.138,0.096,0.178,0.524,0.196,0.252,0.176,0.404,0.0,0.08,0.05,0.102,0.376,0.208,0.106,0.418,0.296
01:01:00,0.276,0.144,0.192,0.228,0.184,0.118,0.166,0.204,0.268,0.316,0.278,0.316,0.064,0.474,0.178,0.298,0.16,0.116,0.182,0.114,0.386,0.076,0.182,0.138,0.096,0.178,0.524,0.196,0.252,0.176,0.404,0.0,0.08,0.05,0.102,0.376,0.208,0.106,0.418,0.296
01:02:00,0.276,0.144,0.192,0.228,0.184,0.118,0.166,0.204,0.268,0.316,0.278,0.316,0.064,0.474,0.178,0.298,0.16,0.116,0.182,0.114,0.386,0.076,0.182,0.138,0.096,0.178,0.524,0.196,0.252,0.176,0.404,0.0,0.08,0.05,0.102,0.376,0.208,0.106,0.418,0.296
01:03:00,0.276,0.144,0.192,0.228,0.184,0.118,0.166,0.204,0.268,0.316,0.278,0.316,0.064,0.474,0.178,0.298,0.16,0.116,0.182,0.114,0.386,0.076,0.182,0.138,0.096,0.178,0.524,0.196,0.252,0.176,0.404,0.0,0.08,0.05,0.102,0.376,0.208,0.106,0.418,0.296
01:04:00,0.276,0.144,0.192,0.228,0.184,0.118,0.166,0.204,0.268,0.316,0.278,0.316,0.064,0.474,0.178,0.298,0.16,0.116,0.182,0.114,0.386,0.076,0.182,0.138,0.096,0.178,0.524,0.196,0.252,0.176,0.404,0.0,0.08,0.05,0.102,0.376,0.208,0.106,0.418,0.296
01:05:00,0.276,0.144,0.192,0.228,0.184,0.118,0.166,0.204,0.268,0.316,0.278,0.316,0.064,0.474,0.178,0.298,0.16,0.116,0.182,0.114,0.386,0.076,0.182,0.138,0.096,0.178,0.524,0.196,0.252,0.176,0.404,0.0,0.08,0.05,0.102,0.376,0.208,0.106,0.418,0.296
01:06:00,0.276,0.144,0.192,0.228,0.184,0.118,0.166,0.204,0.268,0.316,0.278,0.316,0.064,0.474,0.178,0.298,0.16,0.116,0.182,0.114,0.386,0.076,0.182,0.138,0.096,0.178,0.524,0.196,0.252,0.176,0.404,0.0,0.08,0.05,0.102,0.376,0.208,0.106,0.418,0.296
01:07:00,0.276,0.144,0.192,0.228,0.184,0.118,0.166,0.204,0.268,0.316,0.278,0.316,0.064,0.474,0.178,0.298,0.16,0.116,0.182,0.114,0.386,0.076,0.182,0.138,0.096,0.178,0.524,0.196,0.252,0.176,0.404,0.0,0.08,0.05,0.102,0.376,0.208,0.106,0.418,0.296
01:08:00,0.276,0.144,0.192,0.228,0.184,0.118,0.166,0.204,0.268,0.316,0.278,0.316,0.064,0.474,0.178,0.298,0.16,0.116,0.182,0.114,0.386,0.076,0.182,0.138,0.096,0.178,0.524,0.196,0.252,0.176,0.404,0.0,0.08,0.05,0.102,0.376,0.208,0.106,0.418,0.296
01:09:00,0.276,0.144,0.192,0.228,0.184,0.118,0.166,0.204,0.268,0.316,0.278,0.316,0.064,0.474,0.178,0.298,0.16,0.116,0.182,0.114,0.386,0.076,0.182,0.138,0.096,0.178,0.524,0.196,0.252,0.176,0.404,0.0,0.08,0.05,0.102,0.376,0.208,0.106,0.418,0.296
01:10:00,0.276,0.144,0.192,0.228,0.184,0.118,0.166,0.204,0.268,0.316,0.278,0.316,0.064,0.474,0.178,0.298,0.16,0.116,0.182,0.114,0.386,0.076,0.182,0.138,0.096,0.178,0.524,0.196,0.252,0.176,0.404,0.0,0.08,0.05,0.102,0.376,0.208,0.106,0.418,0.296
01:11:00,0.276,0.144,0.192,0.228,0.184,0.118,0.166,0.204,0.268,0.316,0.278,0.316,0.064,0.474,0.178,0.298,0.16,0.116,0.182,0.114,0.386,0.076,0.182,0.138,0.096,0.178,0.524,0.196,0.252,0.176,0.404,0.0,0.08,0.05,0.102,0.376,0.208,0.106,0.418,0.296
01:12:00,0.276,0.144,0.192,0.228,0.184,0.118,0.166,0.204,0.268,0.316,0.278,0.316,0.064,0.474,0.178,0.298,0.16,0.116,0.182,0.114,0.386,0.076,0.182,0.138,0.096,0.178,0.524,0.196,0.252,0.176,0.404,0.0,0.08,0.05,0.102,0.376,0.208,0.106,0.418,0.296
01:13:00,0.276,0.144,0.192,0.228,0.184,0.118,0.166,0.204,0.268,0.316,0.278,0.316,0.064,0.474,0.178,0.298,0.16,0.116,0.182,0.114,0.386,0.076,0.182,0.138,0.096,0.178,0.524,0.196,0.252,0.176,0.404,0.0,0.08,0.05,0.102,0.376,0.208,0.106,0.418,0.296
01:14:00,0.276,0.144,0.192,0.228,0.184,0.118,0.166,0.204,0.268,0.316,0.278,0.316,0.064,0.474,0.178,0.298,0.16,0.116,0.182,0.114,0.386,0.076,0.182,0.138,0.096,0.178,0.524,0.196,0.252,0.176,0.404,0.0,0.08,0.05,0.102,0.376,0.208,0.106,0.418,0.296
01:15:00,0.276,0.144,0.192,0.228,0.184,0.118,0.166,0.204,0.268,0.316,0.278,0.316,0.064,0.474,0.178,0.298,0.16,0.116,0.182,0.114,0.386,0.076,0.182,0.138,0.096,0.178,0.524,0.196,0.252,0.176,0.404,0.0,0.08,0.05,0.102,0.376,0.208,0.106,0.418,0.296
01:16:00,0.276,0.144,0.192,0.228,0.184,0.118,0.166,0.204,0.268,0.316,0.278,0.316,0.064,0.474,0.178,0.298,0.16,0.116,0.182,0.114,0.386,0.076,0.182,0.138,0.096,0.178,0.524,0.196,0.252,0.176,0.404,0.0,0.08,0.05,0.102,0.376,0.208,0.106,0.418,0.296
01:17:00,0.276,0.144,0.192,0.228,0.184,0.118,0.166,0.204,0.268,0.316,0.278,0.316,0.064,0.474,0.178,0.298,0.16,0.116,0.182,0.114,0.386,0.076,0.182,0.138,0.096,0.178,0.524,0.196,0.252,0.176,0.404,0.0,0.08,0.05,0.102,0.376,0.208,0.106,0.418,0.296
01:18:00,0.276,0.144,0.192,0.228,0.184,0.118,0.166,0.204,0.268,0.316,0.278,0.316,0.064,0.474,0.178,0.298,0.16,0.116,0.182,0.114,0.386,0.076,0.182,0.138,0.096,0.178,0.524,0.196,0.252,0.176,0.404,0.0,0.08,0.05,0.102,0.376,0.208,0.106,0.418,0.296
01:19:00,0.276,0.144,0.192,0.228,0.184,0.118,0.166,0.204,0.268,0.316,0.278,0.316,0.064,0.474,0.178,0.298,0.16,0.116,0.182,0.114,0.386,0.076,0.182,0.138,0.096,0.178,0.524,0.196,0.252,0.176,0.404,0.0,0.08,0.05,0.102,0.376,0.208,0.106,0.418,0.296
01:20:00,0.276,0.144,0.192,0.228,0.184,0.118,0.166,0.204,0.268,0.316,0.278,0.316,0.064,0.474,0.178,0.298,0.16,0.116,0.182,0.114,0.386,0.076,0.182,0.138,0.096,0.178,0.524,0.196,0.252,0.176,0.404,0.0,0.08,0.05,0.102,0.376,0.208,0.106,0.418,0.296
01:21:00,0.276,0.144,0.192,0.228,0.184,0.118,0.166,0.204,0.268,0.316,0.278,0.316,0.064,0.474,0.178,0.298,0.16,0.116,0.182,0.114,0.386,0.076,0.182,0.138,0.096,0.178,0.524,0.196,0.252,0.176,0.404,0.0,0.08,0.05,0.102,0.376,0.208,0.106,0.418,0.296
01:22:00,0.276,0.144,0.192,0.228,0.184,0.118,0.166,0.204,0.268,0.316,0.278,0.316,0.064,0.474,0.178,0.298,0.16,0.116,0.182,0.114,0.386,0.076,0.182,0.138,0.096,0.178,0.524,0.196,0.252,0.176,0.404,0.0,0.08,0.05,0.102,0.376,0.208,0.106,0.418,0.296
01:23:00,0.276,0.144,0.192,0.228,0.184,0.118,0.166,0.204,0.268,0.316,0.278,0.316,0.064,0.474,0.178,0.298,0.16,0.116,0.182,0.114,0.386,0.076,0.182,0.138,0.096,0.178,0.524,0.196,0.252,0.176,0.404,0.0,0.08,0.05,0.102,0.376,0.208,0.106,0.418,0.296
01:24:00,0.276,0.144,0.192,0.228,0.184,0.118,0.166,0.204,0.268,0.316,0.278,0.316,0.064,0.474,0.178,0.298,0.16,0.116,0.182,0.114,0.386,0.076,0.182,0.138,0.096,0.178,0.524,0.196,0.252,0.176,0.404,0.0,0.08,0.05,0.102,0.376,0.208,0.106,0.418,0.296
01:25:00,0.276,0.144,0.192,0.228,0.184,0.118,0.166,0.204,0.268,0.316,0.278,0.316,0.064,0.474,0.178,0.298,0.16,0.116,0.182,0.114,0.386,0.076,0.182,0.138,0.096,0.178,0.524,0.196,0.252,0.176,0.404,0.0,0.08,0.05,0.102,0.376,0.208,0.106,0.418,0.296
01:26:00,0.276,0.144,0.192,0.228,0.184,0.118,0.166,0.204,0.268,0.316,0.278,0.316,0.064,0.474,0.178,0.298,0.16,0.116,0.182,0.114,0.386,0.076,0.182,0.138,0.096,0.178,0.524,0.196,0.252,0.176,0.404,0.0,0.08,0.05,0.102,0.376,0.208,0.106,0.418,0.296
01:27:00,0.276,0.144,0.192,0.228,0.184,0.118,0.166,0.204,0.268,0.316,0.278,0.316,0.064,0.474,0.178,0.298,0.16,0.116,0.182,0.114,0.386,0.076,0.182,0.138,0.096,0.178,0.524,0.196,0.252,0.176,0.404,0.0,0.08,0.05,0.102,0.376,0.208,0.106,0.418,0.296
01:28:00,0.276,0.144,0.192,0.228,0.184,0.118,0.166,0.204,0.268,0.316,0.278,0.316,0.064,0.474,0.178,0.298,0.16,0.116,0.182,0.114,0.386,0.076,0.182,0.138,0.096,0.178,0.524,0.196,0.252,0.176,0.404,0.0,0.08,0.05,0.102,0.376,0.208,0.106,0.418,0.296
01:29:00,0.276,0.144,0.192,0.228,0.184,0.118,0.166,0.204,0.268,0.316,0.278,0.316,0.064,0.474,0.178,0.298,0.16,0.116,0.182,0.114,0.386,0.076,0.182,0.138,0.096,0.178,0.524,0.196,0.252,0.176,0.404,0.0,0.08,0.05,0.102,0.376,0.208,0.106,0.418,0.296
01:30:00,0.324,0.096,0.076,0.168,0.16,0.116,0.136,0.156,0.118,0.168,0.14,0.318,0.098,0.206,0.184,0.236,0.216,0.028,0.164,0.118,0.202,0.11,0.216,0.062,0.102,0.13,0.442,0.19,0.382,0.056,0.152,0.186,0.098,0.168,0.134,0.264,0.184,0.102,0.276,0.186
01:31:00,0.324,0.096,0.076,0.168,0.16,0.116,0.136,0.156,0.118,0.168,0.14,0.318,0.098,0.206,0.184,0.236,0.216,0.028,0.164,0.118,0.202,0.11,0.216,0.062,0.102,0.13,0.442,0.19,0.382,0.056,0.152,0.186,0.098,0.168,0.134,0.264,0.184,0.102,0.276,0.186
01:32:00,0.324,0.096,0.076,0.168,0.16,0.116,0.136,0.156,0.118,0.168,0.14,0.318,0.098,0.206,0.184,0.236,0.216,0.028,0.164,0.118,0.202,0.11,0.216,0.062,0.102,0.13,0.442,0.19,0.382,0.056,0.152,0.186,0.098,0.168,0.134,0.264,0.184,0.102,0.276,0.186
01:33:00,0.324,0.096,0.076,0.168,0.16,0.116,0.136,0.156,0.118,0.168,0.14,0.318,0.098,0.206,0.184,0.236,0.216,0.028,0.164,0.118,0.202,0.11,0.216,0.062,0.102,0.13,0.442,0.19,0.382,0.056,0.152,0.186,0.098,0.168,0.134,0.264,0.184,0.102,0.276,0.186
01:34:00,0.324,0.096,0.076,0.168,0.16,0.116,0.136,0.156,0.118,0.168,0.14,0.318,0.098,0.206,0.184,0.236,0.216,0.028,0.164,0.118,0.202,0.11,0.216,0.062,0.102,0.13,0.442,0.19,0.382,0.056,0.152,0.186,0.098,0.168,0.134,0.264,0.184,0.102,0.276,0.186
01:35:00,0.324,0.096,0.076,0.168,0.16,0.116,0.136,0.156,0.118,0.168,0.14,0.318,0.098,0.206,0.184,0.236,0.216,0.028,0.164,0.118,0.202,0.11,0.216,0.062,0.102,0.13,0.442,0.19,0.382,0.056,0.152,0.186,0.098,0.168,0.134,0.264,0.184,0.102,0.276,0.186
01:36:00,0.324,0.096,0.076,0.168,0.16,0.116,0.136,0.156,0.118,0.168,0.14,0.318,0.098,0.206,0.184,0.236,0.216,0.028,0.164,0.118,0.202,0.11,0.216,0.062,0.102,0.13,0.442,0.19,0.382,0.056,0.152,0.186,0.098,0.168,0.134,0.264,0.184,0.102,0.276,0.186
01:37:00,0.324,0.096,0.076,0.168,0.16,0.116,0.136,0.156,0.118,0.168,0.14,0.318,0.098,0.206,0.184,0.236,0.216,0.028,0.164,0.118,0.202,0.11,0.216,0.062,0.102,0.13,0.442,0.19,0.382,0.056,0.152,0.186,0.098,0.168,0.134,0.264,0.184,0.102,0.276,0.186
01:38:00,0.324,0.096,0.076,0.168,0.16,0.116,0.136,0.156,0.118,0.168,0.14,0.318,0.098,0.206,0.184,0.236,0.216,0.028,0.164,0.118,0.202,0.11,0.216,0.062,0.102,0.13,0.442,0.19,0.382,0.056,0.152,0.186,0.098,0.168,0.134,0.264,0.184,0.102,0.276,0.186
01:39:00,0.324,0.096,0.076,0.168,0.16,0.116,0.136,0.156,0.118,0.168,0.14,0.318,0.098,0.206,0.184,0.236,0.216,0.028,0.164,0.118,0.202,0.11,0.216,0.062,0.102,0.13,0.442,0.19,0.382,0.056,0.152,0.186,0.098,0.168,0.134,0.264,0.184,0.102,0.276,0.186
01:40:00,0.324,0.096,0.076,0.168,0.16,0.116,0.136,0.156,0.118,0.168,0.14,0.318,0.098,0.206,0.184,0.236,0.216,0.028,0.164,0.118,0.202,0.11,0.216,0.062,0.102,0.13,0.442,0.19,0.382,0.056,0.152,0.186,0.098,0.168,0.134,0.264,0.184,0.102,0.276,0.186
01:41:00,0.324,0.096,0.076,0.168,0.16,0.116,0.136,0.156,0.118,0.168,0.14,0.318,0.098,0.206,0.184,0.236,0.216,0.028,0.164,0.118,0.202,0.11,0.216,0.062,0.102,0.13,0.442,0.19,0.382,0.056,0.152,0.186,0.098,0.168,0.134,0.264,0.184,0.102,0.276,0.186
01:42:00,0.324,0.096,0.076,0.168,0.16,0.116,0.136,0.156,0.118,0.168,0.14,0.318,0.098,0.206,0.184,0.236,0.216,0.028,0.164,0.118,0.202,0.11,0.216,0.062,0.102,0.13,0.442,0.19,0.382,0.056,0.152,0.186,0.098,0.168,0.134,0.264,0.184,0.102,0.276,0.186
01:43:00,0.324,0.096,0.076,0.168,0.16,0.116,0.136,0.156,0.118,0.168,0.14,0.318,0.098,0.206,0.184,0.236,0.216,0.028,0.164,0.118,0.202,0.11,0.216,0.062,0.102,0.13,0.442,0.19,0.382,0.056,0.152,0.186,0.098,0.168,0.134,0.264,0.184,0.102,0.276,0.186
01:44:00,0.324,0.096,0.076,0.168,0.16,0.116,0.136,0.156,0.118,0.168,0.14,0.318,0.098,0.206,0.184,0.236,0.216,0.028,0.164,0.118,0.202,0.11,0.216,0.062,0.102,0.13,0.442,0.19,0.382,0.056,0.152,0.186,0.098,0.168,0.134,0.264,0.184,0.102,0.276,0.186
01:45:00,0.324,0.096,0.076,0.168,0.16,0.116,0.136,0.156,0.118,0.168,0.14,0.318,0.098,0.206,0.184,0.236,0.216,0.028,0.164,0.118,0.202,0.11,0.216,0.062,0.102,0.13,0.442,0.19,0.382,0.056,0.152,0.186,0.098,0.168,0.134,0.264,0.184,0.102,0.276,0.186
01:46:00,0.324,0.096,0.076,0.168,0.16,0.116,0.136,0.156,0.118,0.168,0.14,0.318,0.098,0.206,0.184,0.236,0.216,0.028,0.164,0.118,0.202,0.11,0.216,0.062,0.102,0.13,0.442,0.19,0.382,0.056,0.152,0.186,0.098,0.168,0.134,0.264,0.184,0.102,0.276,0.186
01:47:00,0.324,0.096,0.076,0.168,0.16,0.116,0.136,0.156,0.118,0.168,0.14,0.318,0.098,0.206,0.184,0.236,0.216,0.028,0.164,0.118,0.202,0.11,0.216,0.062,0.102,0.13,0.442,0.19,0.382,0.056,0.152,0.186,0.098,0.168,0.134,0.264,0.184,0.102,0.276,0.186
01:48:00,0.324,0.096,0.076,0.168,0.16,0.116,0.136,0.156,0.118,0.168,0.14,0.318,0.098,0.206,0.184,0.236,0.216,0.028,0.164,0.118,0.202,0.11,0.216,0.062,0.102,0.13,0.442,0.19,0.382,0.056,0.152,0.186,0.098,0.168,0.134,0.264,0.184,0.102,0.276,0.186
01:49:00,0.324,0.096,0.076,0.168,0.16,0.116,0.136,0.156,0.118,0.168,0.14,0.318,0.098,0.206,0.184,0.236,0.216,0.028,0.164,0.118,0.202,0.11,0.216,0.062,0.102,0.13,0.442,0.19,0.382,0.056,0.152,0.186,0.098,0.168,0.134,0.264,0.184,0.102,0.276,0.186
01:50:00,0.324,0.096,0.076,0.168,0.16,0.116,0.136,0.156,0.118,0.168,0.14,0.318,0.098,0.206,0.184,0.236,0.216,0.028,0.164,0.118,0.202,0.11,0.216,0.062,0.102,0.13,0.442,0.19,0.382,0.056,0.152,0.186,0.098,0.168,0.134,0.264,0.184,0.102,0.276,0.186
01:51:00,0.324,0.096,0.076,0.168,0.16,0.116,0.136,0.156,0.118,0.168,0.14,0.318,0.098,0.206,0.184,0.236,0.216,0.028,0.164,0.118,0.202,0.11,0.216,0.062,0.102,0.13,0.442,0.19,0.382,0.056,0.152,0.186,0.098,0.168,0.134,0.264,0.184,0.102,0.276,0.186
01:52:00,0.324,0.096,0.076,0.168,0.16,0.116,0.136,0.156,0.118,0.168,0.14,0.318,0.098,0.206,0.184,0.236,0.216,0.028,0.164,0.118,0.202,0.11,0.216,0.062,0.102,0.13,0.442,0.19,0.382,0.056,0.152,0.186,0.098,0.168,0.134,0.264,0.184,0.102,0.276,0.186
01:53:00,0.324,0.096,0.076,0.168,0.16,0.116,0.136,0.156,0.118,0.168,0.14,0.318,0.098,0.206,0.184,0.236,0.216,0.028,0.164,0.118,0.202,0.11,0.216,0.062,0.102,0.13,0.442,0.19,0.382,0.056,0.152,0.186,0.098,0.168,0.134,0.264,0.184,0.102,0.276,0.186
01:54:00,0.324,0.096,0.076,0.168,0.16,0.116,0.136,0.156,0.118,0.168,0.14,0.318,0.098,0.206,0.184,0.236,0.216,0.028,0.164,0.118,0.202,0.11,0.216,0.062,0.102,0.13,0.442,0.19,0.382,0.056,0.152,0.186,0.098,0.168,0.134,0.264,0.184,0.102,0.276,0.186
01:55:00,0.324,0.096,0.076,0.168,0.16,0.116,0.136,0.156,0.118,0.168,0.14,0.318,0.098,0.206,0.184,0.236,0.216,0.028,0.164,0.118,0.202,0.11,0.216,0.062,0.102,0.13,0.442,0.19,0.382,0.056,0.152,0.186,0.098,0.168,0.134,0.264,0.184,0.102,0.276,0.186
01:56:00,0.324,0.096,0.076,0.168,0.16,0.116,0.136,0.156,0.118,0.168,0.14,0.318,0.098,0.206,0.184,0.236,0.216,0.028,0.164,0.118,0.202,0.11,0.216,0.062,0.102,0.13,0.442,0.19,0.382,0.056,0.152,0.186,0.098,0.168,0.134,0.264,0.184,0.102,0.276,0.186
01:57:00,0.324,0.096,0.076,0.168,0.16,0.116,0.136,0.156,0.118,0.168,0.14,0.318,0.098,0.206,0.184,0.236,0.216,0.028,0.164,0.118,0.202,0.11,0.216,0.062,0.102,0.13,0.442,0.19,0.382,0.056,0.152,0.186,0.098,0.168,0.134,0.264,0.184,0.102,0.276,0.186
01:58:00,0.324,0.096,0.076,0.168,0.16,0.116,0.136,0.156,0.118,0.168,0.14,0.318,0.098,0.206,0.184,0.236,0.216,0.028,0.164,0.118,0.202,0.11,0.216,0.062,0.102,0.13,0.442,0.19,0.382,0.056,0.152,0.186,0.098,0.168,0.134,0.264,0.184,0.102,0.276,0.186
01:59:00,0.324,0.096,0.076,0.168,0.16,0.116,0.136,0.156,0.118,0.168,0.14,0.318,0.098,0.206,0.184,0.236,0.216,0.028,0.164,0.118,0.202,0.11,0.216,0.062,0.102,0.13,0.442,0.19,0.382,0.056,0.152,0.186,0.098,0.168,0.134,0.264,0.184,0.102,0.276,0.186
02:00:00,0.262,0.124,0.076,0.26,0.148,0.21,0.102,0.192,0.068,0.258,0.132,0.314,0.098,0.252,0.174,0.28,0.154,0.028,0.148,0.048,0.072,0.116,0.256,0.154,0.082,0.178,0.084,0.172,0.128,0.074,0.224,0.0,0.098,0.05,0.09,0.21,0.224,0.086,0.154,0.14
02:01:00,0.262,0.124,0.076,0.26,0.148,0.21,0.102,0.192,0.068,0.258,0.132,0.314,0.098,0.252,0.174,0.28,0.154,0.028,0.148,0.048,0.072,0.116,0.256,0.154,0.082,0.178,0.084,0.172,0.128,0.074,0.224,0.0,0.098,0.05,0.09,0.21,0.224,0.086,0.154,0.14
02:02:00,0.262,0.124,0.076,0.26,0.148,0.21,0.102,0.192,0.068,0.258,0.132,0.314,0.098,0.252,0.174,0.28,0.154,0.028,0.148,0.048,0.072,0.116,0.256,0.154,0.082,0.178,0.084,0.172,0.128,0.074,0.224,0.0,0.098,0.05,0.09,0.21,0.224,0.086,0.154,0.14
02:03:00,0.262,0.124,0.076,0.26,0.148,0.21,0.102,0.192,0.068,0.258,0.132,0.314,0.098,0.252,0.174,0.28,0.154,0.028,0.148,0.048,0.072,0.116,0.256,0.154,0.082,0.178,0.084,0.172,0.128,0.074,0.224,0.0,0.098,0.05,0.09,0.21,0.224,0.086,0.154,0.14
02:04:00,0.262,0.124,0.076,0.26,0.148,0.21,0.102,0.192,0.068,0.258,0.132,0.314,0.098,0.252,0.174,0.28,0.154,0.028,0.148,0.048,0.072,0.116,0.256,0.154,0.082,0.178,0.084,0.172,0.128,0.074,0.224,0.0,0.098,0.05,0.09,0.21,0.224,0.086,0.154,0.14
02:05:00,0.262,0.124,0.076,0.26,0.148,0.21,0.102,0.192,0.068,0.258,0.132,0.314,0.098,0.252,0.174,0.28,0.154,0.028,0.148,0.048,0.072,0.116,0.256,0.154,0.082,0.178,0.084,0.172,0.128,0.074,0.224,0.0,0.098,0.05,0.09,0.21,0.224,0.086,0.154,0.14
02:06:00,0.262,0.124,0.076,0.26,0.148,0.21,0.102,0.192,0.068,0.258,0.132,0.314,0.098,0.252,0.174,0.28,0.154,0.028,0.148,0.048,0.072,0.116,0.256,0.154,0.082,0.178,0.084,0.172,0.128,0.074,0.224,0.0,0.098,0.05,0.09,0.21,0.224,0.086,0.154,0.14
02:07:00,0.262,0.124,0.076,0.26,0.148,0.21,0.102,0.192,0.068,0.258,0.132,0.314,0.098,0.252,0.174,0.28,0.154,0.028,0.148,0.048,0.072,0.116,0.256,0.154,0.082,0.178,0.084,0.172,0.128,0.074,0.224,0.0,0.098,0.05,0.09,0.21,0.224,0.086,0.154,0.14
02:08:00,0.262,0.124,0.076,0.26,0.148,0.21,0.102,0.192,0.068,0.258,0.132,0.314,0.098,0.252,0.174,0.28,0.154,0.028,0.148,0.048,0.072,0.116,0.256,0.154,0.082,0.178,0.084,0.172,0.128,0.074,0.224,0.0,0.098,0.05,0.09,0.21,0.224,0.086,0.154,0.14
02:09:00,0.262,0.124,0.076,0.26,0.148,0.21,0.102,0.192,0.068,0.258,0.132,0.314,0.098,0.252,0.174,0.28,0.154,0.028,0.148,0.048,0.072,0.116,0.256,0.154,0.082,0.178,0.084,0.172,0.128,0.074,0.224,0.0,0.098,0.05,0.09,0.21,0.224,0.086,0.154,0.14
02:10:00,0.262,0.124,0.076,0.26,0.148,0.21,0.102,0.192,0.068,0.258,0.132,0.314,0.098,0.252,0.174,0.28,0.154,0.028,0.148,0.048,0.072,0.116,0.256,0.154,0.082,0.178,0.084,0.172,0.128,0.074,0.224,0.0,0.098,0.05,0.09,0.21,0.224,0.086,0.154,0.14
02:11:00,0.262,0.124,0.076,0.26,0.148,0.21,0.102,0.192,0.068,0.258,0.132,0.314,0.098,0.252,0.174,0.28,0.154,0.028,0.148,0.048,0.072,0.116,0.256,0.154,0.082,0.178,0.084,0.172,0.128,0.074,0.224,0.0,0.098,0.05,0.09,0.21,0.224,0.086,0.154,0.14
02:12:00,0.262,0.124,0.076,0.26,0.148,0.21,0.102,0.192,0.068,0.258,0.132,0.314,0.098,0.252,0.174,0.28,0.154,0.028,0.148,0.048,0.072,0.116,0.256,0.154,0.082,0.178,0.084,0.172,0.128,0.074,0.224,0.0,0.098,0.05,0.09,0.21,0.224,0.086,0.154,0.14
02:13:00,0.262,0.124,0.076,0.26,0.148,0.21,0.102,0.192,0.068,0.258,0.132,0.314,0.098,0.252,0.174,0.28,0.154,0.028,0.148,0.048,0.072,0.116,0.256,0.154,0.082,0.178,0.084,0.172,0.128,0.074,0.224,0.0,0.098,0.05,0.09,0.21,0.224,0.086,0.154,0.14
02:14:00,0.262,0.124,0.076,0.26,0.148,0.21,0.102,0.192,0.068,0.258,0.132,0.314,0.098,0.252,0.174,0.28,0.154,0.028,0.148,0.048,0.072,0.116,0.256,0.154,0.082,0.178,0.084,0.172,0.128,0.074,0.224,0.0,0.098,0.05,0.09,0.21,0.224,0.086,0.154,0.14
02:15:00,0.262,0.124,0.076,0.26,0.148,0.21,0.102,0.192,0.068,0.258,0.132,0.314,0.098,0.252,0.174,0.28,0.154,0.028,0.148,0.048,0.072,0.116,0.256,0.154,0.082,0.178,0.084,0.172,0.128,0.074,0.224,0.0,0.098,0.05,0.09,0.21,0.224,0.086,0.154,0.14
02:16:00,0.262,0.124,0.076,0.26,0.148,0.21,0.102,0.192,0.068,0.258,0.132,0.314,0.098,0.252,0.174,0.28,0.154,0.028,0.148,0.048,0.072,0.116,0.256,0.154,0.082,0.178,0.084,0.172,0.128,0.074,0.224,0.0,0.098,0.05,0.09,0.21,0.224,0.086,0.154,0.14
02:17:00,0.262,0.124,0.076,0.26,0.148,0.21,0.102,0.192,0.068,0.258,0.132,0.314,0.098,0.252,0.174,0.28,0.154,0.028,0.148,0.048,0.072,0.116,0.256,0.154,0.082,0.178,0.084,0.172,0.128,0.074,0.224,0.0,0.098,0.05,0.09,0.21,0.224,0.086,0.154,0.14
02:18:00,0.262,0.124,0.076,0.26,0.148,0.21,0.102,0.192,0.068,0.258,0.132,0.314,0.098,0.252,0.174,0.28,0.154,0.028,0.148,0.048,0.072,0.116,0.256,0.154,0.082,0.178,0.084,0.172,0.128,0.074,0.224,0.0,0.098,0.05,0.09,0.21,0.224,0.086,0.154,0.14
02:19:00,0.262,0.124,0.076,0.26,0.148,0.21,0.102,0.192,0.068,0.258,0.132,0.314,0.098,0.252,0.174,0.28,0.154,0.028,0.148,0.048,0.072,0.116,0.256,0.154,0.082,0.178,0.084,0.172,0.128,0.074,0.224,0.0,0.098,0.05,0.09,0.21,0.224,0.086,0.154,0.14
02:20:00,0.262,0.124,0.076,0.26,0.148,0.21,0.102,0.192,0.068,0.258,0.132,0.314,0.098,0.252,0.174,0.28,0.154,0.028,0.148,0.048,0.072,0.116,0.256,0.154,0.082,0.178,0.084,0.172,0.128,0.074,0.224,0.0,0.098,0.05,0.09,0.21,0.224,0.086,0.154,0.14
02:21:00,0.262,0.124,0.076,0.26,0.148,0.21,0.102,0.192,0.068,0.258,0.132,0.314,0.098,0.252,0.174,0.28,0.154,0.028,0.148,0.048,0.072,0.116,0.256,0.154,0.082,0.178,0.084,0.172,0.128,0.074,0.224,0.0,0.098,0.05,0.09,0.21,0.224,0.086,0.154,0.14
02:22:00,0.262,0.124,0.076,0.26,0.148,0.21,0.102,0.192,0.068,0.258,0.132,0.314,0.098,0.252,0.174,0.28,0.154,0.028,0.148,0.048,0.072,0.116,0.256,0.154,0.082,0.178,0.084,0.172,0.128,0.074,0.224,0.0,0.098,0.05,0.09,0.21,0.224,0.086,0.154,0.14
02:23:00,0.262,0.124,0.076,0.26,0.148,0.21,0.102,0.192,0.068,0.258,0.132,0.314,0.098,0.252,0.174,0.28,0.154,0.028,0.148,0.048,0.072,0.116,0.256,0.154,0.082,0.178,0.084,0.172,0.128,0.074,0.224,0.0,0.098,0.05,0.09,0.21,0.224,0.086,0.154,0.14
02:24:00,0.262,0.124,0.076,0.26,0.148,0.21,0.102,0.192,0.068,0.258,0.132,0.314,0.098,0.252,0.174,0.28,0.154,0.028,0.148,0.048,0.072,0.116,0.256,0.154,0.082,0.178,0.084,0.172,0.128,0.074,0.224,0.0,0.098,0.05,0.09,0.21,0.224,0.086,0.154,0.14
02:25:00,0.262,0.124,0.076,0.26,0.148,0.21,0.102,0.192,0.068,0.258,0.132,0.314,0.098,0.252,0.174,0.28,0.154,0.028,0.148,0.048,0.072,0.116,0.256,0.154,0.082,0.178,0.084,0.172,0.128,0.074,0.224,0.0,0.098,0.05,0.09,0.21,0.224,0.086,0.154,0.14
02:26:00,0.262,0.124,0.076,0.26,0.148,0.21,0.102,0.192,0.068,0.258,0.132,0.314,0.098,0.252,0.174,0.28,0.154,0.028,0.148,0.048,0.072,0.116,0.256,0.154,0.082,0.178,0.084,0.172,0.128,0.074,0.224,0.0,0.098,0.05,0.09,0.21,0.224,0.086,0.154,0.14
02:27:00,0.262,0.124,0.076,0.26,0.148,0.21,0.102,0.192,0.068,0.258,0.132,0.314,0.098,0.252,0.174,0.28,0.154,0.028,0.148,0.048,0.072,0.116,0.256,0.154,0.082,0.178,0.084,0.172,0.128,0.074,0.224,0.0,0.098,0.05,0.09,0.21,0.224,0.086,0.154,0.14
02:28:00,0.262,0.124,0.076,0.26,0.148,0.21,0.102,0.192,0.068,0.258,0.132,0.314,0.098,0.252,0.174,0.28,0.154,0.028,0.148,0.048,0.072,0.116,0.256,0.154,0.082,0.178,0.084,0.172,0.128,0.074,0.224,0.0,0.098,0.05,0.09,0.21,0.224,0.086,0.154,0.14
02:29:00,0.262,0.124,0.076,0.26,0.148,0.21,0.102,0.192,0.068,0.258,0.132,0.314,0.098,0.252,0.174,0.28,0.154,0.028,0.148,0.048,0.072,0.116,0.256,0.154,0.082,0.178,0.084,0.172,0.128,0.074,0.224,0.0,0.098,0.05,0.09,0.21,0.224,0.086,0.154,0.14
02:30:00,0.31,0.202,0.182,0.174,0.148,0.12,0.082,0.17,0.11,0.372,0.052,0.332,0.078,0.166,0.148,0.256,0.084,0.122,0.142,0.054,0.052,0.076,0.202,0.058,0.118,0.12,0.088,0.348,0.278,0.174,0.246,0.0,0.096,0.052,0.098,0.106,0.192,0.1,0.104,0.14
02:31:00,0.31,0.202,0.182,0.174,0.148,0.12,0.082,0.17,0.11,0.372,0.052,0.332,0.078,0.166,0.148,0.256,0.084,0.122,0.142,0.054,0.052,0.076,0.202,0.058,0.118,0.12,0.088,0.348,0.278,0.174,0.246,0.0,0.096,0.052,0.098,0.106,0.192,0.1,0.104,0.14
02:32:00,0.31,0.202,0.182,0.174,0.148,0.12,0.082,0.17,0.11,0.372,0.052,0.332,0.078,0.166,0.148,0.256,0.084,0.122,0.142,0.054,0.052,0.076,0.202,0.058,0.118,0.12,0.088,0.348,0.278,0.174,0.246,0.0,0.096,0.052,0.098,0.106,0.192,0.1,0.104,0.14
02:33:00,0.31,0.202,0.182,0.174,0.148,0.12,0.082,0.17,0.11,0.372,0.052,0.332,0.078,0.166,0.148,0.256,0.084,0.122,0.142,0.054,0.052,0.076,0.202,0.058,0.118,0.12,0.088,0.348,0.278,0.174,0.246,0.0,0.096,0.052,0.098,0.106,0.192,0.1,0.104,0.14
02:34:00,0.31,0.202,0.182,0.174,0.148,0.12,0.082,0.17,0.11,0.372,0.052,0.332,0.078,0.166,0.148,0.256,0.084,0.122,0.142,0.054,0.052,0.076,0.202,0.058,0.118,0.12,0.088,0.348,0.278,0.174,0.246,0.0,0.096,0.052,0.098,0.106,0.192,0.1,0.104,0.14
02:35:00,0.31,0.202,0.182,0.174,0.148,0.12,0.082,0.17,0.11,0.372,0.052,0.332,0.078,0.166,0.148,0.256,0.084,0.122,0.142,0.054,0.052,0.076,0.202,0.058,0.118,0.12,0.088,0.348,0.278,0.174,0.246,0.0,0.096,0.052,0.098,0.106,0.192,0.1,0.104,0.14
02:36:00,0.31,0.202,0.182,0.174,0.148,0.12,0.082,0.17,0.11,0.372,0.052,0.332,0.078,0.166,0.148,0.256,0.084,0.122,0.142,0.054,0.052,0.076,0.202,0.058,0.118,0.12,0.088,0.348,0.278,0.174,0.246,0.0,0.096,0.052,0.098,0.106,0.192,0.1,0.104,0.14
02:37:00,0.31,0.202,0.182,0.174,0.148,0.12,0.082,0.17,0.11,0.372,0.052,0.332,0.078,0.166,0.148,0.256,0.084,0.122,0.142,0.054,0.052,0.076,0.202,0.058,0.118,0.12,0.088,0.348,0.278,0.174,0.246,0.0,0.096,0.052,0.098,0.106,0.192,0.1,0.104,0.14
02:38:00,0.31,0.202,0.182,0.174,0.148,0.12,0.082,0.17,0.11,0.372,0.052,0.332,0.078,0.166,0.148,0.256,0.084,0.122,0.142,0.054,0.052,0.076,0.202,0.058,0.118,0.12,0.088,0.348,0.278,0.174,0.246,0.0,0.096,0.052,0.098,0.106,0.192,0.1,0.104,0.14
02:39:00,0.31,0.202,0.182,0.174,0.148,0.12,0.082,0.17,0.11,0.372,0.052,0.332,0.078,0.166,0.148,0.256,0.084,0.122,0.142,0.054,0.052,0.076,0.202,0.058,0.118,0.12,0.088,0.348,0.278,0.174,0.246,0.0,0.096,0.052,0.098,0.106,0.192,0.1,0.104,0.14
02:40:00,0.31,0.202,0.182,0.174,0.148,0.12,0.082,0.17,0.11,0.372,0.052,0.332,0.078,0.166,0.148,0.256,0.084,0.122,0.142,0.054,0.052,0.076,0.202,0.058,0.118,0.12,0.088,0.348,0.278,0.174,0.246,0.0,0.096,0.052,0.098,0.106,0.192,0.1,0.104,0.14
02:41:00,0.31,0.202,0.182,0.174,0.148,0.12,0.082,0.17,0.11,0.372,0.052,0.332,0.078,0.166,0.148,0.256,0.084,0.122,0.142,0.054,0.052,0.076,0.202,0.058,0.118,0.12,0.088,0.348,0.278,0.174,0.246,0.0,0.096,0.052,0.098,0.106,0.192,0.1,0.104,0.14
02:42:00,0.31,0.202,0.182,0.174,0.148,0.12,0.082,0.17,0.11,0.372,0.052,0.332,0.078,0.166,0.148,0.256,0.084,0.122,0.142,0.054,0.052,0.076,0.202,0.058,0.118,0.12,0.088,0.348,0.278,0.174,0.246,0.0,0.096,0.052,0.098,0.106,0.192,0.1,0.104,0.14
02:43:00,0.31,0.202,0.182,0.174,0.148,0.12,0.082,0.17,0.11,0.372,0.052,0.332,0.078,0.166,0.148,0.256,0.084,0.122,0.142,0.054,0.052,0.076,0.202,0.058,0.118,0.12,0.088,0.348,0.278,0.174,0.246,0.0,0.096,0.052,0.098,0.106,0.192,0.1,0.104,0.14
02:44:00,0.31,0.202,0.182,0.174,0.148,0.12,0.082,0.17,0.11,0.372,0.052,0.332,0.078,0.166,0.148,0.256,0.084,0.122,0.142,0.054,0.052,0.076,0.202,0.058,0.118,0.12,0.088,0.348,0.278,0.174,0.246,0.0,0.096,0.052,0.098,0.106,0.192,0.1,0.104,0.14
02:45:00,0.31,0.202,0.182,0.174,0.148,0.12,0.082,0.17,0.11,0.372,0.052,0.332,0.078,0.166,0.148,0.256,0.084,0.122,0.142,0.054,0.052,0.076,0.202,0.058,0.118,0.12,0.088,0.348,0.278,0.174,0.246,0.0,0.096,0.052,0.098,0.106,0.192,0.1,0.104,0.14
02:46:00,0.31,0.202,0.182,0.174,0.148,0.12,0.082,0.17,0.11,0.372,0.052,0.332,0.078,0.166,0.148,0.256,0.084,0.122,0.142,0.054,0.052,0.076,0.202,0.058,0.118,0.12,0.088,0.348,0.278,0.174,0.246,0.0,0.096,0.052,0.098,0.106,0.192,0.1,0.104,0.14
02:47:00,0.31,0.202,0.182,0.174,0.148,0.12,0.082,0.17,0.11,0.372,0.052,0.332,0.078,0.166,0.148,0.256,0.084,0.122,0.142,0.054,0.052,0.076,0.202,0.058,0.118,0.12,0.088,0.348,0.278,0.174,0.246,0.0,0.096,0.052,0.098,0.106,0.192,0.1,0.104,0.14
02:48:00,0.31,0.202,0.182,0.174,0.148,0.12,0.082,0.17,0.11,0.372,0.052,0.332,0.078,0.166,0.148,0.256,0.084,0.122,0.142,0.054,0.052,0.076,0.202,0.058,0.118,0.12,0.088,0.348,0.278,0.174,0.246,0.0,0.096,0.052,0.098,0.106,0.192,0.1,0.104,0.14
02:49:00,0.31,0.202,0.182,0.174,0.148,0.12,0.082,0.17,0.11,0.372,0.052,0.332,0.078,0.166,0.148,0.256,0.084,0.122,0.142,0.054,0.052,0.076,0.202,0.058,0.118,0.12,0.088,0.348,0.278,0.174,0.246,0.0,0.096,0.052,0.098,0.106,0.192,0.1,0.104,0.14
02:50:00,0.31,0.202,0.182,0.174,0.148,0.12,0.082,0.17,0.11,0.372,0.052,0.332,0.078,0.166,0.148,0.256,0.084,0.122,0.142,0.054,0.052,0.076,0.202,0.058,0.118,0.12,0.088,0.348,0.278,0.174,0.246,0.0,0.096,0.052,0.098,0.106,0.192,0.1,0.104,0.14
02:51:00,0.31,0.202,0.182,0.174,0.148,0.12,0.082,0.17,0.11,0.372,0.052,0.332,0.078,0.166,0.148,0.256,0.084,0.122,0.142,0.054,0.052,0.076,0.202,0.058,0.118,0.12,0.088,0.348,0.278,0.174,0.246,0.0,0.096,0.052,0.098,0.106,0.192,0.1,0.104,0.14
02:52:00,0.31,0.202,0.182,0.174,0.148,0.12,0.082,0.17,0.11,0.372,0.052,0.332,0.078,0.166,0.148,0.256,0.084,0.122,0.142,0.054,0.052,0.076,0.202,0.058,0.118,0.12,0.088,0.348,0.278,0.174,0.246,0.0,0.096,0.052,0.098,0.106,0.192,0.1,0.104,0.14
02:53:00,0.31,0.202,0.182,0.174,0.148,0.12,0.082,0.17,0.11,0.372,0.052,0.332,0.078,0.166,0.148,0.256,0.084,0.122,0.142,0.054,0.052,0.076,0.202,0.058,0.118,0.12,0.088,0.348,0.278,0.174,0.246,0.0,0.096,0.052,0.098,0.106,0.192,0.1,0.104,0.14
02:54:00,0.31,0.202,0.182,0.174,0.148,0.12,0.082,0.17,0.11,0.372,0.052,0.332,0.078,0.166,0.148,0.256,0.084,0.122,0.142,0.054,0.052,0.076,0.202,0.058,0.118,0.12,0.088,0.348,0.278,0.174,0.246,0.0,0.096,0.052,0.098,0.106,0.192,0.1,0.104,0.14
02:55:00,0.31,0.202,0.182,0.174,0.148,0.12,0.082,0.17,0.11,0.372,0.052,0.332,0.078,0.166,0.148,0.256,0.084,0.122,0.142,0.054,0.052,0.076,0.202,0.058,0.118,0.12,0.088,0.348,0.278,0.174,0.246,0.0,0.096,0.052,0.098,0.106,0.192,0.1,0.104,0.14
02:56:00,0.31,0.202,0.182,0.174,0.148,0.12,0.082,0.17,0.11,0.372,0.052,0.332,0.078,0.166,0.148,0.256,0.084,0.122,0.142,0.054,0.052,0.076,0.202,0.058,0.118,0.12,0.088,0.348,0.278,0.174,0.246,0.0,0.096,0.052,0.098,0.106,0.192,0.1,0.104,0.14
02:57:00,0.31,0.202,0.182,0.174,0.148,0.12,0.082,0.17,0.11,0.372,0.052,0.332,0.078,0.166,0.148,0.256,0.084,0.122,0.142,0.054,0.052,0.076,0.202,0.058,0.118,0.12,0.088,0.348,0.278,0.174,0.246,0.0,0.096,0.052,0.098,0.106,0.192,0.1,0.104,0.14
02:58:00,0.31,0.202,0.182,0.174,0.148,0.12,0.082,0.17,0.11,0.372,0.052,0.332,0.078,0.166,0.148,0.256,0.084,0.122,0.142,0.054,0.052,0.076,0.202,0.058,0.118,0.12,0.088,0.348,0.278,0.174,0.246,0.0,0.096,0.052,0.098,0.106,0.192,0.1,0.104,0.14
02:59:00,0.31,0.202,0.182,0.174,0.148,0.12,0.082,0.17,0.11,0.372,0.052,0.332,0.078,0.166,0.148,0.256,0.084,0.122,0.142,0.054,0.052,0.076,0.202,0.058,0.118,0.12,0.088,0.348,0.278,0.174,0.246,0.0,0.096,0.052,0.098,0.106,0.192,0.1,0.104,0.14
03:00:00,0.3,0.066,0.126,0.236,0.172,0.116,0.072,0.2,0.068,0.51,0.076,0.198,0.058,0.08,0.182,0.274,0.078,0.064,0.138,0.09,0.096,0.06,0.15,0.256,0.07,0.178,0.062,0.096,0.174,0.054,0.246,0.0,0.086,0.154,0.108,0.272,0.268,0.106,0.094,0.138
03:01:00,0.3,0.066,0.126,0.236,0.172,0.116,0.072,0.2,0.068,0.51,0.076,0.198,0.058,0.08,0.182,0.274,0.078,0.064,0.138,0.09,0.096,0.06,0.15,0.256,0.07,0.178,0.062,0.096,0.174,0.054,0.246,0.0,0.086,0.154,0.108,0.272,0.268,0.106,0.094,0.138
03:02:00,0.3,0.066,0.126,0.236,0.172,0.116,0.072,0.2,0.068,0.51,0.076,0.198,0.058,0.08,0.182,0.274,0.078,0.064,0.138,0.09,0.096,0.06,0.15,0.256,0.07,0.178,0.062,0.096,0.174,0.054,0.246,0.0,0.086,0.154,0.108,0.272,0.268,0.106,0.094,0.138
03:03:00,0.3,0.066,0.126,0.236,0.172,0.116,0.072,0.2,0.068,0.51,0.076,0.198,0.058,0.08,0.182,0.274,0.078,0.064,0.138,0.09,0.096,0.06,0.15,0.256,0.07,0.178,0.062,0.096,0.174,0.054,0.246,0.0,0.086,0.154,0.108,0.272,0.268,0.106,0.094,0.138
03:04:00,0.3,0.066,0.126,0.236,0.172,0.116,0.072,0.2,0.068,0.51,0.076,0.198,0.058,0.08,0.182,0.274,0.078,0.064,0.138,0.09,0.096,0.06,0.15,0.256,0.07,0.178,0.062,0.096,0.174,0.054,0.246,0.0,0.086,0.154,0.108,0.272,0.268,0.106,0.094,0.138
03:05:00,0.3,0.066,0.126,0.236,0.172,0.116,0.072,0.2,0.068,0.51,0.076,0.198,0.058,0.08,0.182,0.274,0.078,0.064,0.138,0.09,0.096,0.06,0.15,0.256,0.07,0.178,0.062,0.096,0.174,0.054,0.246,0.0,0.086,0.154,0.108,0.272,0.268,0.106,0.094,0.138
03:06:00,0.3,0.066,0.126,0.236,0.172,0.116,0.072,0.2,0.068,0.51,0.076,0.198,0.058,0.08,0.182,0.274,0.078,0.064,0.138,0.09,0.096,0.06,0.15,0.256,0.07,0.178,0.062,0.096,0.174,0.054,0.246,0.0,0.086,0.154,0.108,0.272,0.268,0.106,0.094,0.138
03:07:00,0.3,0.066,0.126,0.236,0.172,0.116,0.072,0.2,0.068,0.51,0.076,0.198,0.058,0.08,0.182,0.274,0.078,0.064,0.138,0.09,0.096,0.06,0.15,0.256,0.07,0.178,0.062,0.096,0.174,0.054,0.246,0.0,0.086,0.154,0.108,0.272,0.268,0.106,0.094,0.138
03:08:00,0.3,0.066,0.126,0.236,0.172,0.116,0.072,0.2,0.068,0.51,0.076,0.198,0.058,0.08,0.182,0.274,0.078,0.064,0.138,0.09,0.096,0.06,0.15,0.256,0.07,0.178,0.062,0.096,0.174,0.054,0.246,0.0,0.086,0.154,0.108,0.272,0.268,0.106,0.094,0.138
03:09:00,0.3,0.066,0.126,0.236,0.172,0.116,0.072,0.2,0.068,0.51,0.076,0.198,0.058,0.08,0.182,0.274,0.078,0.064,0.138,0.09,0.096,0.06,0.15,0.256,0.07,0.178,0.062,0.096,0.174,0.054,0.246,0.0,0.086,0.154,0.108,0.272,0.268,0.106,0.094,0.138
03:10:00,0.3,0.066,0.126,0.236,0.172,0.116,0.072,0.2,0.068,0.51,0.076,0.198,0.058,0.08,0.182,0.274,0.078,0.064,0.138,0.09,0.096,0.06,0.15,0.256,0.07,0.178,0.062,0.096,0.174,0.054,0.246,0.0,0.086,0.154,0.108,0.272,0.268,0.106,0.094,0.138
03:11:00,0.3,0.066,0.126,0.236,0.172,0.116,0.072,0.2,0.068,0.51,0.076,0.198,0.058,0.08,0.182,0.274,0.078,0.064,0.138,0.09,0.096,0.06,0.15,0.256,0.07,0.178,0.062,0.096,0.174,0.054,0.246,0.0,0.086,0.154,0.108,0.272,0.268,0.106,0.094,0.138
03:12:00,0.3,0.066,0.126,0.236,0.172,0.116,0.072,0.2,0.068,0.51,0.076,0.198,0.058,0.08,0.182,0.274,0.078,0.064,0.138,0.09,0.096,0.06,0.15,0.256,0.07,0.178,0.062,0.096,0.174,0.054,0.246,0.0,0.086,0.154,0.108,0.272,0.268,0.106,0.094,0.138
03:13:00,0.3,0.066,0.126,0.236,0.172,0.116,0.072,0.2,0.068,0.51,0.076,0.198,0.058,0.08,0.182,0.274,0.078,0.064,0.138,0.09,0.096,0.06,0.15,0.256,0.07,0.178,0.062,0.096,0.174,0.054,0.246,0.0,0.086,0.154,0.108,0.272,0.268,0.106,0.094,0.138
03:14:00,0.3,0.066,0.126,0.236,0.172,0.116,0.072,0.2,0.068,0.51,0.076,0.198,0.058,0.08,0.182,0.274,0.078,0.064,0.138,0.09,0.096,0.06,0.15,0.256,0.07,0.178,0.062,0.096,0.174,0.054,0.246,0.0,0.086,0.154,0.108,0.272,0.268,0.106,0.094,0.138
03:15:00,0.3,0.066,0.126,0.236,0.172,0.116,0.072,0.2,0.068,0.51,0.076,0.198,0.058,0.08,0.182,0.274,0.078,0.064,0.138,0.09,0.096,0.06,0.15,0.256,0.07,0.178,0.062,0.096,0.174,0.054,0.246,0.0,0.086,0.154,0.108,0.272,0.268,0.106,0.094,0.138
03:16:00,0.3,0.066,0.126,0.236,0.172,0.116,0.072,0.2,0.068,0.51,0.076,0.198,0.058,0.08,0.182,0.274,0.078,0.064,0.138,0.09,0.096,0.06,0.15,0.256,0.07,0.178,0.062,0.096,0.174,0.054,0.246,0.0,0.086,0.154,0.108,0.272,0.268,0.106,0.094,0.138
03:17:00,0.3,0.066,0.126,0.236,0.172,0.116,0.072,0.2,0.068,0.51,0.076,0.198,0.058,0.08,0.182,0.274,0.078,0.064,0.138,0.09,0.096,0.06,0.15,0.256,0.07,0.178,0.062,0.096,0.174,0.054,0.246,0.0,0.086,0.154,0.108,0.272,0.268,0.106,0.094,0.138
03:18:00,0.3,0.066,0.126,0.236,0.172,0.116,0.072,0.2,0.068,0.51,0.076,0.198,0.058,0.08,0.182,0.274,0.078,0.064,0.138,0.09,0.096,0.06,0.15,0.256,0.07,0.178,0.062,0.096,0.174,0.054,0.246,0.0,0.086,0.154,0.108,0.272,0.268,0.106,0.094,0.138
03:19:00,0.3,0.066,0.126,0.236,0.172,0.116,0.072,0.2,0.068,0.51,0.076,0.198,0.058,0.08,0.182,0.274,0.078,0.064,0.138,0.09,0.096,0.06,0.15,0.256,0.07,0.178,0.062,0.096,0.174,0.054,0.246,0.0,0.086,0.154,0.108,0.272,0.268,0.106,0.094,0.138
03:20:00,0.3,0.066,0.126,0.236,0.172,0.116,0.072,0.2,0.068,0.51,0.076,0.198,0.058,0.08,0.182,0.274,0.078,0.064,0.138,0.09,0.096,0.06,0.15,0.256,0.07,0.178,0.062,0.096,0.174,0.054,0.246,0.0,0.086,0.154,0.108,0.272,0.268,0.106,0.094,0.138
03:21:00,0.3,0.066,0.126,0.236,0.172,0.116,0.072,0.2,0.068,0.51,0.076,0.198,0.058,0.08,0.182,0.274,0.078,0.064,0.138,0.09,0.096,0.06,0.15,0.256,0.07,0.178,0.062,0.096,0.174,0.054,0.246,0.0,0.086,0.154,0.108,0.272,0.268,0.106,0.094,0.138
03:22:00,0.3,0.066,0.126,0.236,0.172,0.116,0.072,0.2,0.068,0.51,0.076,0.198,0.058,0.08,0.182,0.274,0.078,0.064,0.138,0.09,0.096,0.06,0.15,0.256,0.07,0.178,0.062,0.096,0.174,0.054,0.246,0.0,0.086,0.154,0.108,0.272,0.268,0.106,0.094,0.138
03:23:00,0.3,0.066,0.126,0.236,0.172,0.116,0.072,0.2,0.068,0.51,0.076,0.198,0.058,0.08,0.182,0.274,0.078,0.064,0.138,0.09,0.096,0.06,0.15,0.256,0.07,0.178,0.062,0.096,0.174,0.054,0.246,0.0,0.086,0.154,0.108,0.272,0.268,0.106,0.094,0.138
03:24:00,0.3,0.066,0.126,0.236,0.172,0.116,0.072,0.2,0.068,0.51,0.076,0.198,0.058,0.08,0.182,0.274,0.078,0.064,0.138,0.09,0.096,0.06,0.15,0.256,0.07,0.178,0.062,0.096,0.174,0.054,0.246,0.0,0.086,0.154,0.108,0.272,0.268,0.106,0.094,0.138
03:25:00,0.3,0.066,0.126,0.236,0.172,0.116,0.072,0.2,0.068,0.51,0.076,0.198,0.058,0.08,0.182,0.274,0.078,0.064,0.138,0.09,0.096,0.06,0.15,0.256,0.07,0.178,0.062,0.096,0.174,0.054,0.246,0.0,0.086,0.154,0.108,0.272,0.268,0.106,0.094,0.138
03:26:00,0.3,0.066,0.126,0.236,0.172,0.116,0.072,0.2,0.068,0.51,0.076,0.198,0.058,0.08,0.182,0.274,0.078,0.064,0.138,0.09,0.096,0.06,0.15,0.256,0.07,0.178,0.062,0.096,0.174,0.054,0.246,0.0,0.086,0.154,0.108,0.272,0.268,0.106,0.094,0.138
03:27:00,0.3,0.066,0.126,0.236,0.172,0.116,0.072,0.2,0.068,0.51,0.076,0.198,0.058,0.08,0.182,0.274,0.078,0.064,0.138,0.09,0.096,0.06,0.15,0.256,0.07,0.178,0.062,0.096,0.174,0.054,0.246,0.0,0.086,0.154,0.108,0.272,0.268,0.106,0.094,0.138
03:28:00,0.3,0.066,0.126,0.236,0.172,0.116,0.072,0.2,0.068,0.51,0.076,0.198,0.058,0.08,0.182,0.274,0.078,0.064,0.138,0.09,0.096,0.06,0.15,0.256,0.07,0.178,0.062,0.096,0.174,0.054,0.246,0.0,0.086,0.154,0.108,0.272,0.268,0.106,0.094,0.138
03:29:00,0.3,0.066,0.126,0.236,0.172,0.116,0.072,0.2,0.068,0.51,0.076,0.198,0.058,0.08,0.182,0.274,0.078,0.064,0.138,0.09,0.096,0.06,0.15,0.256,0.07,0.178,0.062,0.096,0.174,0.054,0.246,0.0,0.086,0.154,0.108,0.272,0.268,0.106,0.094,0.138
03:30:00,0.264,0.146,0.106,0.17,0.154,0.114,0.074,0.182,0.076,0.218,0.148,0.178,0.098,0.55,0.176,0.294,0.136,0.028,0.132,0.032,0.05,0.142,0.156,0.148,0.11,0.066,0.128,0.074,0.544,0.054,0.246,0.184,0.074,0.13,0.126,0.274,0.162,0.11,0.092,0.12
03:31:00,0.264,0.146,0.106,0.17,0.154,0.114,0.074,0.182,0.076,0.218,0.148,0.178,0.098,0.55,0.176,0.294,0.136,0.028,0.132,0.032,0.05,0.142,0.156,0.148,0.11,0.066,0.128,0.074,0.544,0.054,0.246,0.184,0.074,0.13,0.126,0.274,0.162,0.11,0.092,0.12
03:32:00,0.264,0.146,0.106,0.17,0.154,0.114,0.074,0.182,0.076,0.218,0.148,0.178,0.098,0.55,0.176,0.294,0.136,0.028,0.132,0.032,0.05,0.142,0.156,0.148,0.11,0.066,0.128,0.074,0.544,0.054,0.246,0.184,0.074,0.13,0.126,0.274,0.162,0.11,0.092,0.12
03:33:00,0.264,0.146,0.106,0.17,0.154,0.114,0.074,0.182,0.076,0.218,0.148,0.178,0.098,0.55,0.176,0.294,0.136,0.028,0.132,0.032,0.05,0.142,0.156,0.148,0.11,0.066,0.128,0.074,0.544,0.054,0.246,0.184,0.074,0.13,0.126,0.274,0.162,0.11,0.092,0.12
03:34:00,0.264,0.146,0.106,0.17,0.154,0.114,0.074,0.182,0.076,0.218,0.148,0.178,0.098,0.55,0.176,0.294,0.136,0.028,0.132,0.032,0.05,0.142,0.156,0.148,0.11,0.066,0.128,0.074,0.544,0.054,0.246,0.184,0.074,0.13,0.126,0.274,0.162,0.11,0.092,0.12
03:35:00,0.264,0.146,0.106,0.17,0.154,0.114,0.074,0.182,0.076,0.218,0.148,0.178,0.098,0.55,0.176,0.294,0.136,0.028,0.132,0.032,0.05,0.142,0.156,0.148,0.11,0.066,0.128,0.074,0.544,0.054,0.246,0.184,0.074,0.13,0.126,0.274,0.162,0.11,0.092,0.12
03:36:00,0.264,0.146,0.106,0.17,0.154,0.114,0.074,0.182,0.076,0.218,0.148,0.178,0.098,0.55,0.176,0.294,0.136,0.028,0.132,0.032,0.05,0.142,0.156,0.148,0.11,0.066,0.128,0.074,0.544,0.054,0.246,0.184,0.074,0.13,0.126,0.274,0.162,0.11,0.092,0.12
03:37:00,0.264,0.146,0.106,0.17,0.154,0.114,0.074,0.182,0.076,0.218,0.148,0.178,0.098,0.55,0.176,0.294,0.136,0.028,0.132,0.032,0.05,0.142,0.156,0.148,0.11,0.066,0.128,0.074,0.544,0.054,0.246,0.184,0.074,0.13,0.126,0.274,0.162,0.11,0.092,0.12
03:38:00,0.264,0.146,0.106,0.17,0.154,0.114,0.074,0.182,0.076,0.218,0.148,0.178,0.098,0.55,0.176,0.294,0.136,0.028,0.132,0.032,0.05,0.142,0.156,0.148,0.11,0.066,0.128,0.074,0.544,0.054,0.246,0.184,0.074,0.13,0.126,0.274,0.162,0.11,0.092,0.12
03:39:00,0.264,0.146,0.106,0.17,0.154,0.114,0.074,0.182,0.076,0.218,0.148,0.178,0.098,0.55,0.176,0.294,0.136,0.028,0.132,0.032,0.05,0.142,0.156,0.148,0.11,0.066,0.128,0.074,0.544,0.054,0.246,0.184,0.074,0.13,0.126,0.274,0.162,0.11,0.092,0.12
03:40:00,0.264,0.146,0.106,0.17,0.154,0.114,0.074,0.182,0.076,0.218,0.148,0.178,0.098,0.55,0.176,0.294,0.136,0.028,0.132,0.032,0.05,0.142,0.156,0.148,0.11,0.066,0.128,0.074,0.544,0.054,0.246,0.184,0.074,0.13,0.126,0.274,0.162,0.11,0.092,0.12
03:41:00,0.264,0.146,0.106,0.17,0.154,0.114,0.074,0.182,0.076,0.218,0.148,0.178,0.098,0.55,0.176,0.294,0.136,0.028,0.132,0.032,0.05,0.142,0.156,0.148,0.11,0.066,0.128,0.074,0.544,0.054,0.246,0.184,0.074,0.13,0.126,0.274,0.162,0.11,0.092,0.12
03:42:00,0.264,0.146,0.106,0.17,0.154,0.114,0.074,0.182,0.076,0.218,0.148,0.178,0.098,0.55,0.176,0.294,0.136,0.028,0.132,0.032,0.05,0.142,0.156,0.148,0.11,0.066,0.128,0.074,0.544,0.054,0.246,0.184,0.074,0.13,0.126,0.274,0.162,0.11,0.092,0.12
03:43:00,0.264,0.146,0.106,0.17,0.154,0.114,0.074,0.182,0.076,0.218,0.148,0.178,0.098,0.55,0.176,0.294,0.136,0.028,0.132,0.032,0.05,0.142,0.156,0.148,0.11,0.066,0.128,0.074,0.544,0.054,0.246,0.184,0.074,0.13,0.126,0.274,0.162,0.11,0.092,0.12
03:44:00,0.264,0.146,0.106,0.17,0.154,0.114,0.074,0.182,0.076,0.218,0.148,0.178,0.098,0.55,0.176,0.294,0.136,0.028,0.132,0.032,0.05,0.142,0.156,0.148,0.11,0.066,0.128,0.074,0.544,0.054,0.246,0.184,0.074,0.13,0.126,0.274,0.162,0.11,0.092,0.12
03:45:00,0.264,0.146,0.106,0.17,0.154,0.114,0.074,0.182,0.076,0.218,0.148,0.178,0.098,0.55,0.176,0.294,0.136,0.028,0.132,0.032,0.05,0.142,0.156,0.148,0.11,0.066,0.128,0.074,0.544,0.054,0.246,0.184,0.074,0.13,0.126,0.274,0.162,0.11,0.092,0.12
03:46:00,0.264,0.146,0.106,0.17,0.154,0.114,0.074,0.182,0.076,0.218,0.148,0.178,0.098,0.55,0.176,0.294,0.136,0.028,0.132,0.032,0.05,0.142,0.156,0.148,0.11,0.066,0.128,0.074,0.544,0.054,0.246,0.184,0.074,0.13,0.126,0.274,0.162,0.11,0.092,0.12
03:47:00,0.264,0.146,0.106,0.17,0.154,0.114,0.074,0.182,0.076,0.218,0.148,0.178,0.098,0.55,0.176,0.294,0.136,0.028,0.132,0.032,0.05,0.142,0.156,0.148,0.11,0.066,0.128,0.074,0.544,0.054,0.246,0.184,0.074,0.13,0.126,0.274,0.162,0.11,0.092,0.12
03:48:00,0.264,0.146,0.106,0.17,0.154,0.114,0.074,0.182,0.076,0.218,0.148,0.178,0.098,0.55,0.176,0.294,0.136,0.028,0.132,0.032,0.05,0.142,0.156,0.148,0.11,0.066,0.128,0.074,0.544,0.054,0.246,0.184,0.074,0.13,0.126,0.274,0.162,0.11,0.092,0.12
03:49:00,0.264,0.146,0.106,0.17,0.154,0.114,0.074,0.182,0.076,0.218,0.148,0.178,0.098,0.55,0.176,0.294,0.136,0.028,0.132,0.032,0.05,0.142,0.156,0.148,0.11,0.066,0.128,0.074,0.544,0.054,0.246,0.184,0.074,0.13,0.126,0.274,0.162,0.11,0.092,0.12
03:50:00,0.264,0.146,0.106,0.17,0.154,0.114,0.074,0.182,0.076,0.218,0.148,0.178,0.098,0.55,0.176,0.294,0.136,0.028,0.132,0.032,0.05,0.142,0.156,0.148,0.11,0.066,0.128,0.074,0.544,0.054,0.246,0.184,0.074,0.13,0.126,0.274,0.162,0.11,0.092,0.12
03:51:00,0.264,0.146,0.106,0.17,0.154,0.114,0.074,0.182,0.076,0.218,0.148,0.178,0.098,0.55,0.176,0.294,0.136,0.028,0.132,0.032,0.05,0.142,0.156,0.148,0.11,0.066,0.128,0.074,0.544,0.054,0.246,0.184,0.074,0.13,0.126,0.274,0.162,0.11,0.092,0.12
03:52:00,0.264,0.146,0.106,0.17,0.154,0.114,0.074,0.182,0.076,0.218,0.148,0.178,0.098,0.55,0.176,0.294,0.136,0.028,0.132,0.032,0.05,0.142,0.156,0.148,0.11,0.066,0.128,0.074,0.544,0.054,0.246,0.184,0.074,0.13,0.126,0.274,0.162,0.11,0.092,0.12
03:53:00,0.264,0.146,0.106,0.17,0.154,0.114,0.074,0.182,0.076,0.218,0.148,0.178,0.098,0.55,0.176,0.294,0.136,0.028,0.132,0.032,0.05,0.142,0.156,0.148,0.11,0.066,0.128,0.074,0.544,0.054,0.246,0.184,0.074,0.13,0.126,0.274,0.162,0.11,0.092,0.12
03:54:00,0.264,0.146,0.106,0.17,0.154,0.114,0.074,0.182,0.076,0.218,0.148,0.178,0.098,0.55,0.176,0.294,0.136,0.028,0.132,0.032,0.05,0.142,0.156,0.148,0.11,0.066,0.128,0.074,0.544,0.054,0.246,0.184,0.074,0.13,0.126,0.274,0.162,0.11,0.092,0.12
03:55:00,0.264,0.146,0.106,0.17,0.154,0.114,0.074,0.182,0.076,0.218,0.148,0.178,0.098,0.55,0.176,0.294,0.136,0.028,0.132,0.032,0.05,0.142,0.156,0.148,0.11,0.066,0.128,0.074,0.544,0.054,0.246,0.184,0.074,0.13,0.126,0.274,0.162,0.11,0.092,0.12
03:56:00,0.264,0.146,0.106,0.17,0.154,0.114,0.074,0.182,0.076,0.218,0.148,0.178,0.098,0.55,0.176,0.294,0.136,0.028,0.132,0.032,0.05,0.142,0.156,0.148,0.11,0.066,0.128,0.074,0.544,0.054,0.246,0.184,0.074,0.13,0.126,0.274,0.162,0.11,0.092,0.12
03:57:00,0.264,0.146,0.106,0.17,0.154,0.114,0.074,0.182,0.076,0.218,0.148,0.178,0.098,0.55,0.176,0.294,0.136,0.028,0.132,0.032,0.05,0.142,0.156,0.148,0.11,0.066,0.128,0.074,0.544,0.054,0.246,0.184,0.074,0.13,0.126,0.274,0.162,0.11,0.092,0.12
03:58:00,0.264,0.146,0.106,0.17,0.154,0.114,0.074,0.182,0.076,0.218,0.148,0.178,0.098,0.55,0.176,0.294,0.136,0.028,0.132,0.032,0.05,0.142,0.156,0.148,0.11,0.066,0.128,0.074,0.544,0.054,0.246,0.184,0.074,0.13,0.126,0.274,0.162,0.11,0.092,0.12
03:59:00,0.264,0.146,0.106,0.17,0.154,0.114,0.074,0.182,0.076,0.218,0.148,0.178,0.098,0.55,0.176,0.294,0.136,0.028,0.132,0.032,0.05,0.142,0.156,0.148,0.11,0.066,0.128,0.074,0.544,0.054,0.246,0.184,0.074,0.13,0.126,0.274,0.162,0.11,0.092,0.12
04:00:00,0.274,0.136,0.156,0.236,0.144,0.112,0.072,0.16,0.1,0.214,0.138,0.176,0.096,0.71,0.196,0.238,0.13,0.05,0.146,0.092,0.096,0.088,0.156,0.16,0.176,0.13,0.024,0.072,0.092,0.156,0.24,0.0,0.094,0.128,0.126,0.138,0.234,0.098,0.096,0.12
04:01:00,0.274,0.136,0.156,0.236,0.144,0.112,0.072,0.16,0.1,0.214,0.138,0.176,0.096,0.71,0.196,0.238,0.13,0.05,0.146,0.092,0.096,0.088,0.156,0.16,0.176,0.13,0.024,0.072,0.092,0.156,0.24,0.0,0.094,0.128,0.126,0.138,0.234,0.098,0.096,0.12
04:02:00,0.274,0.136,0.156,0.236,0.144,0.112,0.072,0.16,0.1,0.214,0.138,0.176,0.096,0.71,0.196,0.238,0.13,0.05,0.146,0.092,0.096,0.088,0.156,0.16,0.176,0.13,0.024,0.072,0.092,0.156,0.24,0.0,0.094,0.128,0.126,0.138,0.234,0.098,0.096,0.12
04:03:00,0.274,0.136,0.156,0.236,0.144,0.112,0.072,0.16,0.1,0.214,0.138,0.176,0.096,0.71,0.196,0.238,0.13,0.05,0.146,0.092,0.096,0.088,0.156,0.16,0.176,0.13,0.024,0.072,0.092,0.156,0.24,0.0,0.094,0.128,0.126,0.138,0.234,0.098,0.096,0.12
04:04:00,0.274,0.136,0.156,0.236,0.144,0.112,0.072,0.16,0.1,0.214,0.138,0.176,0.096,0.71,0.196,0.238,0.13,0.05,0.146,0.092,0.096,0.088,0.156,0.16,0.176,0.13,0.024,0.072,0.092,0.156,0.24,0.0,0.094,0.128,0.126,0.138,0.234,0.098,0.096,0.12
04:05:00,0.274,0.136,0.156,0.236,0.144,0.112,0.072,0.16,0.1,0.214,0.138,0.176,0.096,0.71,0.196,0.238,0.13,0.05,0.146,0.092,0.096,0.088,0.156,0.16,0.176,0.13,0.024,0.072,0.092,0.156,0.24,0.0,0.094,0.128,0.126,0.138,0.234,0.098,0.096,0.12
04:06:00,0.274,0.136,0.156,0.236,0.144,0.112,0.072,0.16,0.1,0.214,0.138,0.176,0.096,0.71,0.196,0.238,0.13,0.05,0.146,0.092,0.096,0.088,0.156,0.16,0.176,0.13,0.024,0.072,0.092,0.156,0.24,0.0,0.094,0.128,0.126,0.138,0.234,0.098,0.096,0.12
04:07:00,0.274,0.136,0.156,0.236,0.144,0.112,0.072,0.16,0.1,0.214,0.138,0.176,0.096,0.71,0.196,0.238,0.13,0.05,0.146,0.092,0.096,0.088,0.156,0.16,0.176,0.13,0.024,0.072,0.092,0.156,0.24,0.0,0.094,0.128,0.126,0.138,0.234,0.098,0.096,0.12
04:08:00,0.274,0.136,0.156,0.236,0.144,0.112,0.072,0.16,0.1,0.214,0.138,0.176,0.096,0.71,0.196,0.238,0.13,0.05,0.146,0.092,0.096,0.088,0.156,0.16,0.176,0.13,0.024,0.072,0.092,0.156,0.24,0.0,0.094,0.128,0.126,0.138,0.234,0.098,0.096,0.12
04:09:00,0.274,0.136,0.156,0.236,0.144,0.112,0.072,0.16,0.1,0.214,0.138,0.176,0.096,0.71,0.196,0.238,0.13,0.05,0.146,0.092,0.096,0.088,0.156,0.16,0.176,0.13,0.024,0.072,0.092,0.156,0.24,0.0,0.094,0.128,0.126,0.138,0.234,0.098,0.096,0.12
04:10:00,0.274,0.136,0.156,0.236,0.144,0.112,0.072,0.16,0.1,0.214,0.138,0.176,0.096,0.71,0.196,0.238,0.13,0.05,0.146,0.092,0.096,0.088,0.156,0.16,0.176,0.13,0.024,0.072,0.092,0.156,0.24,0.0,0.094,0.128,0.126,0.138,0.234,0.098,0.096,0.12
04:11:00,0.274,0.136,0.156,0.236,0.144,0.112,0.072,0.16,0.1,0.214,0.138,0.176,0.096,0.71,0.196,0.238,0.13,0.05,0.146,0.092,0.096,0.088,0.156,0.16,0.176,0.13,0.024,0.072,0.092,0.156,0.24,0.0,0.094,0.128,0.126,0.138,0.234,0.098,0.096,0.12
04:12:00,0.274,0.136,0.156,0.236,0.144,0.112,0.072,0.16,0.1,0.214,0.138,0.176,0.096,0.71,0.196,0.238,0.13,0.05,0.146,0.092,0.096,0.088,0.156,0.16,0.176,0.13,0.024,0.072,0.092,0.156,0.24,0.0,0.094,0.128,0.126,0.138,0.234,0.098,0.096,0.12
04:13:00,0.274,0.136,0.156,0.236,0.144,0.112,0.072,0.16,0.1,0.214,0.138,0.176,0.096,0.71,0.196,0.238,0.13,0.05,0.146,0.092,0.096,0.088,0.156,0.16,0.176,0.13,0.024,0.072,0.092,0.156,0.24,0.0,0.094,0.128,0.126,0.138,0.234,0.098,0.096,0.12
04:14:00,0.274,0.136,0.156,0.236,0.144,0.112,0.072,0.16,0.1,0.214,0.138,0.176,0.096,0.71,0.196,0.238,0.13,0.05,0.146,0.092,0.096,0.088,0.156,0.16,0.176,0.13,0.024,0.072,0.092,0.156,0.24,0.0,0.094,0.128,0.126,0.138,0.234,0.098,0.096,0.12
04:15:00,0.274,0.136,0.156,0.236,0.144,0.112,0.072,0.16,0.1,0.214,0.138,0.176,0.096,0.71,0.196,0.238,0.13,0.05,0.146,0.092,0.096,0.088,0.156,0.16,0.176,0.13,0.024,0.072,0.092,0.156,0.24,0.0,0.094,0.128,0.126,0.138,0.234,0.098,0.096,0.12
04:16:00,0.274,0.136,0.156,0.236,0.144,0.112,0.072,0.16,0.1,0.214,0.138,0.176,0.096,0.71,0.196,0.238,0.13,0.05,0.146,0.092,0.096,0.088,0.156,0.16,0.176,0.13,0.024,0.072,0.092,0.156,0.24,0.0,0.094,0.128,0.126,0.138,0.234,0.098,0.096,0.12
04:17:00,0.274,0.136,0.156,0.236,0.144,0.112,0.072,0.16,0.1,0.214,0.138,0.176,0.096,0.71,0.196,0.238,0.13,0.05,0.146,0.092,0.096,0.088,0.156,0.16,0.176,0.13,0.024,0.072,0.092,0.156,0.24,0.0,0.094,0.128,0.126,0.138,0.234,0.098,0.096,0.12
04:18:00,0.274,0.136,0.156,0.236,0.144,0.112,0.072,0.16,0.1,0.214,0.138,0.176,0.096,0.71,0.196,0.238,0.13,0.05,0.146,0.092,0.096,0.088,0.156,0.16,0.176,0.13,0.024,0.072,0.092,0.156,0.24,0.0,0.094,0.128,0.126,0.138,0.234,0.098,0.096,0.12
04:19:00,0.274,0.136,0.156,0.236,0.144,0.112,0.072,0.16,0.1,0.214,0.138,0.176,0.096,0.71,0.196,0.238,0.13,0.05,0.146,0.092,0.096,0.088,0.156,0.16,0.176,0.13,0.024,0.072,0.092,0.156,0.24,0.0,0.094,0.128,0.126,0.138,0.234,0.098,0.096,0.12
04:20:00,0.274,0.136,0.156,0.236,0.144,0.112,0.072,0.16,0.1,0.214,0.138,0.176,0.096,0.71,0.196,0.238,0.13,0.05,0.146,0.092,0.096,0.088,0.156,0.16,0.176,0.13,0.024,0.072,0.092,0.156,0.24,0.0,0.094,0.128,0.126,0.138,0.234,0.098,0.096,0.12
04:21:00,0.274,0.136,0.156,0.236,0.144,0.112,0.072,0.16,0.1,0.214,0.138,0.176,0.096,0.71,0.196,0.238,0.13,0.05,0.146,0.092,0.096,0.088,0.156,0.16,0.176,0.13,0.024,0.072,0.092,0.156,0.24,0.0,0.094,0.128,0.126,0.138,0.234,0.098,0.096,0.12
04:22:00,0.274,0.136,0.156,0.236,0.144,0.112,0.072,0.16,0.1,0.214,0.138,0.176,0.096,0.71,0.196,0.238,0.13,0.05,0.146,0.092,0.096,0.088,0.156,0.16,0.176,0.13,0.024,0.072,0.092,0.156,0.24,0.0,0.094,0.128,0.126,0.138,0.234,0.098,0.096,0.12
04:23:00,0.274,0.136,0.156,0.236,0.144,0.112,0.072,0.16,0.1,0.214,0.138,0.176,0.096,0.71,0.196,0.238,0.13,0.05,0.146,0.092,0.096,0.088,0.156,0.16,0.176,0.13,0.024,0.072,0.092,0.156,0.24,0.0,0.094,0.128,0.126,0.138,0.234,0.098,0.096,0.12
04:24:00,0.274,0.136,0.156,0.236,0.144,0.112,0.072,0.16,0.1,0.214,0.138,0.176,0.096,0.71,0.196,0.238,0.13,0.05,0.146,0.092,0.096,0.088,0.156,0.16,0.176,0.13,0.024,0.072,0.092,0.156,0.24,0.0,0.094,0.128,0.126,0.138,0.234,0.098,0.096,0.12
04:25:00,0.274,0.136,0.156,0.236,0.144,0.112,0.072,0.16,0.1,0.214,0.138,0.176,0.096,0.71,0.196,0.238,0.13,0.05,0.146,0.092,0.096,0.088,0.156,0.16,0.176,0.13,0.024,0.072,0.092,0.156,0.24,0.0,0.094,0.128,0.126,0.138,0.234,0.098,0.096,0.12
04:26:00,0.274,0.136,0.156,0.236,0.144,0.112,0.072,0.16,0.1,0.214,0.138,0.176,0.096,0.71,0.196,0.238,0.13,0.05,0.146,0.092,0.096,0.088,0.156,0.16,0.176,0.13,0.024,0.072,0.092,0.156,0.24,0.0,0.094,0.128,0.126,0.138,0.234,0.098,0.096,0.12
04:27:00,0.274,0.136,0.156,0.236,0.144,0.112,0.072,0.16,0.1,0.214,0.138,0.176,0.096,0.71,0.196,0.238,0.13,0.05,0.146,0.092,0.096,0.088,0.156,0.16,0.176,0.13,0.024,0.072,0.092,0.156,0.24,0.0,0.094,0.128,0.126,0.138,0.234,0.098,0.096,0.12
04:28:00,0.274,0.136,0.156,0.236,0.144,0.112,0.072,0.16,0.1,0.214,0.138,0.176,0.096,0.71,0.196,0.238,0.13,0.05,0.146,0.092,0.096,0.088,0.156,0.16,0.176,0.13,0.024,0.072,0.092,0.156,0.24,0.0,0.094,0.128,0.126,0.138,0.234,0.098,0.096,0.12
04:29:00,0.274,0.136,0.156,0.236,0.144,0.112,0.072,0.16,0.1,0.214,0.138,0.176,0.096,0.71,0.196,0.238,0.13,0.05,0.146,0.092,0.096,0.088,0.156,0.16,0.176,0.13,0.024,0.072,0.092,0.156,0.24,0.0,0.094,0.128,0.126,0.138,0.234,0.098,0.096,0.12
04:30:00,0.398,0.074,0.152,0.188,0.142,0.208,0.074,0.202,0.408,0.25,0.05,0.158,0.074,0.732,0.178,0.28,0.204,0.134,0.124,0.048,0.092,0.046,0.15,0.062,0.18,0.062,0.116,0.072,0.062,0.106,0.242,0.0,0.098,0.17,0.104,0.202,0.172,0.08,0.122,0.136
04:31:00,0.398,0.074,0.152,0.188,0.142,0.208,0.074,0.202,0.408,0.25,0.05,0.158,0.074,0.732,0.178,0.28,0.204,0.134,0.124,0.048,0.092,0.046,0.15,0.062,0.18,0.062,0.116,0.072,0.062,0.106,0.242,0.0,0.098,0.17,0.104,0.202,0.172,0.08,0.122,0.136
04:32:00,0.398,0.074,0.152,0.188,0.142,0.208,0.074,0.202,0.408,0.25,0.05,0.158,0.074,0.732,0.178,0.28,0.204,0.134,0.124,0.048,0.092,0.046,0.15,0.062,0.18,0.062,0.116,0.072,0.062,0.106,0.242,0.0,0.098,0.17,0.104,0.202,0.172,0.08,0.122,0.136
04:33:00,0.398,0.074,0.152,0.188,0.142,0.208,0.074,0.202,0.408,0.25,0.05,0.158,0.074,0.732,0.178,0.28,0.204,0.134,0.124,0.048,0.092,0.046,0.15,0.062,0.18,0.062,0.116,0.072,0.062,0.106,0.242,0.0,0.098,0.17,0.104,0.202,0.172,0.08,0.122,0.136
04:34:00,0.398,0.074,0.152,0.188,0.142,0.208,0.074,0.202,0.408,0.25,0.05,0.158,0.074,0.732,0.178,0.28,0.204,0.134,0.124,0.048,0.092,0.046,0.15,0.062,0.18,0.062,0.116,0.072,0.062,0.106,0.242,0.0,0.098,0.17,0.104,0.202,0.172,0.08,0.122,0.136
04:35:00,0.398,0.074,0.152,0.188,0.142,0.208,0.074,0.202,0.408,0.25,0.05,0.158,0.074,0.732,0.178,0.28,0.204,0.134,0.124,0.048,0.092,0.046,0.15,0.062,0.18,0.062,0.116,0.072,0.062,0.106,0.242,0.0,0.098,0.17,0.104,0.202,0.172,0.08,0.122,0.136
04:36:00,0.398,0.074,0.152,0.188,0.142,0.208,0.074,0.202,0.408,0.25,0.05,0.158,0.074,0.732,0.178,0.28,0.204,0.134,0.124,0.048,0.092,0.046,0.15,0.062,0.18,0.062,0.116,0.072,0.062,0.106,0.242,0.0,0.098,0.17,0.104,0.202,0.172,0.08,0.122,0.136
04:37:00,0.398,0.074,0.152,0.188,0.142,0.208,0.074,0.202,0.408,0.25,0.05,0.158,0.074,0.732,0.178,0.28,0.204,0.134,0.124,0.048,0.092,0.046,0.15,0.062,0.18,0.062,0.116,0.072,0.062,0.106,0.242,0.0,0.098,0.17,0.104,0.202,0.172,0.08,0.122,0.136
04:38:00,0.398,0.074,0.152,0.188,0.142,0.208,0.074,0.202,0.408,0.25,0.05,0.158,0.074,0.732,0.178,0.28,0.204,0.134,0.124,0.048,0.092,0.046,0.15,0.062,0.18,0.062,0.116,0.072,0.062,0.106,0.242,0.0,0.098,0.17,0.104,0.202,0.172,0.08,0.122,0.136
04:39:00,0.398,0.074,0.152,0.188,0.142,0.208,0.074,0.202,0.408,0.25,0.05,0.158,0.074,0.732,0.178,0.28,0.204,0.134,0.124,0.048,0.092,0.046,0.15,0.062,0.18,0.062,0.116,0.072,0.062,0.106,0.242,0.0,0.098,0.17,0.104,0.202,0.172,0.08,0.122,0.136
04:40:00,0.398,0.074,0.152,0.188,0.142,0.208,0.074,0.202,0.408,0.25,0.05,0.158,0.074,0.732,0.178,0.28,0.204,0.134,0.124,0.048,0.092,0.046,0.15,0.062,0.18,0.062,0.116,0.072,0.062,0.106,0.242,0.0,0.098,0.17,0.104,0.202,0.172,0.08,0.122,0.136
04:41:00,0.398,0.074,0.152,0.188,0.142,0.208,0.074,0.202,0.408,0.25,0.05,0.158,0.074,0.732,0.178,0.28,0.204,0.134,0.124,0.048,0.092,0.046,0.15,0.062,0.18,0.062,0.116,0.072,0.062,0.106,0.242,0.0,0.098,0.17,0.104,0.202,0.172,0.08,0.122,0.136
04:42:00,0.398,0.074,0.152,0.188,0.142,0.208,0.074,0.202,0.408,0.25,0.05,0.158,0.074,0.732,0.178,0.28,0.204,0.134,0.124,0.048,0.092,0.046,0.15,0.062,0.18,0.062,0.116,0.072,0.062,0.106,0.242,0.0,0.098,0.17,0.104,0.202,0.172,0.08,0.122,0.136
04:43:00,0.398,0.074,0.152,0.188,0.142,0.208,0.074,0.202,0.408,0.25,0.05,0.158,0.074,0.732,0.178,0.28,0.204,0.134,0.124,0.048,0.092,0.046,0.15,0.062,0.18,0.062,0.116,0.072,0.062,0.106,0.242,0.0,0.098,0.17,0.104,0.202,0.172,0.08,0.122,0.136
04:44:00,0.398,0.074,0.152,0.188,0.142,0.208,0.074,0.202,0.408,0.25,0.05,0.158,0.074,0.732,0.178,0.28,0.204,0.134,0.124,0.048,0.092,0.046,0.15,0.062,0.18,0.062,0.116,0.072,0.062,0.106,0.242,0.0,0.098,0.17,0.104,0.202,0.172,0.08,0.122,0.136
04:45:00,0.398,0.074,0.152,0.188,0.142,0.208,0.074,0.202,0.408,0.25,0.05,0.158,0.074,0.732,0.178,0.28,0.204,0.134,0.124,0.048,0.092,0.046,0.15,0.062,0.18,0.062,0.116,0.072,0.062,0.106,0.242,0.0,0.098,0.17,0.104,0.202,0.172,0.08,0.122,0.136
04:46:00,0.398,0.074,0.152,0.188,0.142,0.208,0.074,0.202,0.408,0.25,0.05,0.158,0.074,0.732,0.178,0.28,0.204,0.134,0.124,0.048,0.092,0.046,0.15,0.062,0.18,0.062,0.116,0.072,0.062,0.106,0.242,0.0,0.098,0.17,0.104,0.202,0.172,0.08,0.122,0.136
04:47:00,0.398,0.074,0.152,0.188,0.142,0.208,0.074,0.202,0.408,0.25,0.05,0.158,0.074,0.732,0.178,0.28,0.204,0.134,0.124,0.048,0.092,0.046,0.15,0.062,0.18,0.062,0.116,0.072,0.062,0.106,0.242,0.0,0.098,0.17,0.104,0.202,0.172,0.08,0.122,0.136
04:48:00,0.398,0.074,0.152,0.188,0.142,0.208,0.074,0.202,0.408,0.25,0.05,0.158,0.074,0.732,0.178,0.28,0.204,0.134,0.124,0.048,0.092,0.046,0.15,0.062,0.18,0.062,0.116,0.072,0.062,0.106,0.242,0.0,0.098,0.17,0.104,0.202,0.172,0.08,0.122,0.136
04:49:00,0.398,0.074,0.152,0.188,0.142,0.208,0.074,0.202,0.408,0.25,0.05,0.158,0.074,0.732,0.178,0.28,0.204,0.134,0.124,0.048,0.092,0.046,0.15,0.062,0.18,0.062,0.116,0.072,0.062,0.106,0.242,0.0,0.098,0.17,0.104,0.202,0.172,0.08,0.122,0.136
04:50:00,0.398,0.074,0.152,0.188,0.142,0.208,0.074,0.202,0.408,0.25,0.05,0.158,0.074,0.732,0.178,0.28,0.204,0.134,0.124,0.048,0.092,0.046,0.15,0.062,0.18,0.062,0.116,0.072,0.062,0.106,0.242,0.0,0.098,0.17,0.104,0.202,0.172,0.08,0.122,0.136
04:51:00,0.398,0.074,0.152,0.188,0.142,0.208,0.074,0.202,0.408,0.25,0.05,0.158,0.074,0.732,0.178,0.28,0.204,0.134,0.124,0.048,0.092,0.046,0.15,0.062,0.18,0.062,0.116,0.072,0.062,0.106,0.242,0.0,0.098,0.17,0.104,0.202,0.172,0.08,0.122,0.136
04:52:00,0.398,0.074,0.152,0.188,0.142,0.208,0.074,0.202,0.408,0.25,0.05,0.158,0.074,0.732,0.178,0.28,0.204,0.134,0.124,0.048,0.092,0.046,0.15,0.062,0.18,0.062,0.116,0.072,0.062,0.106,0.242,0.0,0.098,0.17,0.104,0.202,0.172,0.08,0.122,0.136
04:53:00,0.398,0.074,0.152,0.188,0.142,0.208,0.074,0.202,0.408,0.25,0.05,0.158,0.074,0.732,0.178,0.28,0.204,0.134,0.124,0.048,0.092,0.046,0.15,0.062,0.18,0.062,0.116,0.072,0.062,0.106,0.242,0.0,0.098,0.17,0.104,0.202,0.172,0.08,0.122,0.136
04:54:00,0.398,0.074,0.152,0.188,0.142,0.208,0.074,0.202,0.408,0.25,0.05,0.158,0.074,0.732,0.178,0.28,0.204,0.134,0.124,0.048,0.092,0.046,0.15,0.062,0.18,0.062,0.116,0.072,0.062,0.106,0.242,0.0,0.098,0.17,0.104,0.202,0.172,0.08,0.122,0.136
04:55:00,0.398,0.074,0.152,0.188,0.142,0.208,0.074,0.202,0.408,0.25,0.05,0.158,0.074,0.732,0.178,0.28,0.204,0.134,0.124,0.048,0.092,0.046,0.15,0.062,0.18,0.062,0.116,0.072,0.062,0.106,0.242,0.0,0.098,0.17,0.104,0.202,0.172,0.08,0.122,0.136
04:56:00,0.398,0.074,0.152,0.188,0.142,0.208,0.074,0.202,0.408,0.25,0.05,0.158,0.074,0.732,0.178,0.28,0.204,0.134,0.124,0.048,0.092,0.046,0.15,0.062,0.18,0.062,0.116,0.072,0.062,0.106,0.242,0.0,0.098,0.17,0.104,0.202,0.172,0.08,0.122,0.136
04:57:00,0.398,0.074,0.152,0.188,0.142,0.208,0.074,0.202,0.408,0.25,0.05,0.158,0.074,0.732,0.178,0.28,0.204,0.134,0.124,0.048,0.092,0.046,0.15,0.062,0.18,0.062,0.116,0.072,0.062,0.106,0.242,0.0,0.098,0.17,0.104,0.202,0.172,0.08,0.122,0.136
04:58:00,0.398,0.074,0.152,0.188,0.142,0.208,0.074,0.202,0.408,0.25,0.05,0.158,0.074,0.732,0.178,0.28,0.204,0.134,0.124,0.048,0.092,0.046,0.15,0.062,0.18,0.062,0.116,0.072,0.062,0.106,0.242,0.0,0.098,0.17,0.104,0.202,0.172,0.08,0.122,0.136
04:59:00,0.398,0.074,0.152,0.188,0.142,0.208,0.074,0.202,0.408,0.25,0.05,0.158,0.074,0.732,0.178,0.28,0.204,0.134,0.124,0.048,0.092,0.046,0.15,0.062,0.18,0.062,0.116,0.072,0.062,0.106,0.242,0.0,0.098,0.17,0.104,0.202,0.172,0.08,0.122,0.136
05:00:00,0.288,0.168,0.094,0.212,0.118,0.116,0.168,0.168,0.414,0.282,0.068,0.174,0.062,0.696,0.184,0.494,0.208,0.028,0.152,0.044,0.07,0.11,0.166,0.07,0.162,0.126,0.068,0.05,0.094,0.052,0.172,0.0,0.096,0.11,0.084,0.19,0.268,0.106,0.138,0.134
05:01:00,0.288,0.168,0.094,0.212,0.118,0.116,0.168,0.168,0.414,0.282,0.068,0.174,0.062,0.696,0.184,0.494,0.208,0.028,0.152,0.044,0.07,0.11,0.166,0.07,0.162,0.126,0.068,0.05,0.094,0.052,0.172,0.0,0.096,0.11,0.084,0.19,0.268,0.106,0.138,0.134
05:02:00,0.288,0.168,0.094,0.212,0.118,0.116,0.168,0.168,0.414,0.282,0.068,0.174,0.062,0.696,0.184,0.494,0.208,0.028,0.152,0.044,0.07,0.11,0.166,0.07,0.162,0.126,0.068,0.05,0.094,0.052,0.172,0.0,0.096,0.11,0.084,0.19,0.268,0.106,0.138,0.134
05:03:00,0.288,0.168,0.094,0.212,0.118,0.116,0.168,0.168,0.414,0.282,0.068,0.174,0.062,0.696,0.184,0.494,0.208,0.028,0.152,0.044,0.07,0.11,0.166,0.07,0.162,0.126,0.068,0.05,0.094,0.052,0.172,0.0,0.096,0.11,0.084,0.19,0.268,0.106,0.138,0.134
05:04:00,0.288,0.168,0.094,0.212,0.118,0.116,0.168,0.168,0.414,0.282,0.068,0.174,0.062,0.696,0.184,0.494,0.208,0.028,0.152,0.044,0.07,0.11,0.166,0.07,0.162,0.126,0.068,0.05,0.094,0.052,0.172,0.0,0.096,0.11,0.084,0.19,0.268,0.106,0.138,0.134
05:05:00,0.288,0.168,0.094,0.212,0.118,0.116,0.168,0.168,0.414,0.282,0.068,0.174,0.062,0.696,0.184,0.494,0.208,0.028,0.152,0.044,0.07,0.11,0.166,0.07,0.162,0.126,0.068,0.05,0.094,0.052,0.172,0.0,0.096,0.11,0.084,0.19,0.268,0.106,0.138,0.134
05:06:00,0.288,0.168,0.094,0.212,0.118,0.116,0.168,0.168,0.414,0.282,0.068,0.174,0.062,0.696,0.184,0.494,0.208,0.028,0.152,0.044,0.07,0.11,0.166,0.07,0.162,0.126,0.068,0.05,0.094,0.052,0.172,0.0,0.096,0.11,0.084,0.19,0.268,0.106,0.138,0.134
05:07:00,0.288,0.168,0.094,0.212,0.118,0.116,0.168,0.168,0.414,0.282,0.068,0.174,0.062,0.696,0.184,0.494,0.208,0.028,0.152,0.044,0.07,0.11,0.166,0.07,0.162,0.126,0.068,0.05,0.094,0.052,0.172,0.0,0.096,0.11,0.084,0.19,0.268,0.106,0.138,0.134
05:08:00,0.288,0.168,0.094,0.212,0.118,0.116,0.168,0.168,0.414,0.282,0.068,0.174,0.062,0.696,0.184,0.494,0.208,0.028,0.152,0.044,0.07,0.11,0.166,0.07,0.162,0.126,0.068,0.05,0.094,0.052,0.172,0.0,0.096,0.11,0.084,0.19,0.268,0.106,0.138,0.134
05:09:00,0.288,0.168,0.094,0.212,0.118,0.116,0.168,0.168,0.414,0.282,0.068,0.174,0.062,0.696,0.184,0.494,0.208,0.028,0.152,0.044,0.07,0.11,0.166,0.07,0.162,0.126,0.068,0.05,0.094,0.052,0.172,0.0,0.096,0.11,0.084,0.19,0.268,0.106,0.138,0.134
05:10:00,0.288,0.168,0.094,0.212,0.118,0.116,0.168,0.168,0.414,0.282,0.068,0.174,0.062,0.696,0.184,0.494,0.208,0.028,0.152,0.044,0.07,0.11,0.166,0.07,0.162,0.126,0.068,0.05,0.094,0.052,0.172,0.0,0.096,0.11,0.084,0.19,0.268,0.106,0.138,0.134
05:11:00,0.288,0.168,0.094,0.212,0.118,0.116,0.168,0.168,0.414,0.282,0.068,0.174,0.062,0.696,0.184,0.494,0.208,0.028,0.152,0.044,0.07,0.11,0.166,0.07,0.162,0.126,0.068,0.05,0.094,0.052,0.172,0.0,0.096,0.11,0.084,0.19,0.268,0.106,0.138,0.134
05:12:00,0.288,0.168,0.094,0.212,0.118,0.116,0.168,0.168,0.414,0.282,0.068,0.174,0.062,0.696,0.184,0.494,0.208,0.028,0.152,0.044,0.07,0.11,0.166,0.07,0.162,0.126,0.068,0.05,0.094,0.052,0.172,0.0,0.096,0.11,0.084,0.19,0.268,0.106,0.138,0.134
05:13:00,0.288,0.168,0.094,0.212,0.118,0.116,0.168,0.168,0.414,0.282,0.068,0.174,0.062,0.696,0.184,0.494,0.208,0.028,0.152,0.044,0.07,0.11,0.166,0.07,0.162,0.126,0.068,0.05,0.094,0.052,0.172,0.0,0.096,0.11,0.084,0.19,0.268,0.106,0.138,0.134
05:14:00,0.288,0.168,0.094,0.212,0.118,0.116,0.168,0.168,0.414,0.282,0.068,0.174,0.062,0.696,0.184,0.494,0.208,0.028,0.152,0.044,0.07,0.11,0.166,0.07,0.162,0.126,0.068,0.05,0.094,0.052,0.172,0.0,0.096,0.11,0.084,0.19,0.268,0.106,0.138,0.134
05:15:00,0.288,0.168,0.094,0.212,0.118,0.116,0.168,0.168,0.414,0.282,0.068,0.174,0.062,0.696,0.184,0.494,0.208,0.028,0.152,0.044,0.07,0.11,0.166,0.07,0.162,0.126,0.068,0.05,0.094,0.052,0.172,0.0,0.096,0.11,0.084,0.19,0.268,0.106,0.138,0.134
05:16:00,0.288,0.168,0.094,0.212,0.118,0.116,0.168,0.168,0.414,0.282,0.068,0.174,0.062,0.696,0.184,0.494,0.208,0.028,0.152,0.044,0.07,0.11,0.166,0.07,0.162,0.126,0.068,0.05,0.094,0.052,0.172,0.0,0.096,0.11,0.084,0.19,0.268,0.106,0.138,0.134
05:17:00,0.288,0.168,0.094,0.212,0.118,0.116,0.168,0.168,0.414,0.282,0.068,0.174,0.062,0.696,0.184,0.494,0.208,0.028,0.152,0.044,0.07,0.11,0.166,0.07,0.162,0.126,0.068,0.05,0.094,0.052,0.172,0.0,0.096,0.11,0.084,0.19,0.268,0.106,0.138,0.134
05:18:00,0.288,0.168,0.094,0.212,0.118,0.116,0.168,0.168,0.414,0.282,0.068,0.174,0.062,0.696,0.184,0.494,0.208,0.028,0.152,0.044,0.07,0.11,0.166,0.07,0.162,0.126,0.068,0.05,0.094,0.052,0.172,0.0,0.096,0.11,0.084,0.19,0.268,0.106,0.138,0.134
05:19:00,0.288,0.168,0.094,0.212,0.118,0.116,0.168,0.168,0.414,0.282,0.068,0.174,0.062,0.696,0.184,0.494,0.208,0.028,0.152,0.044,0.07,0.11,0.166,0.07,0.162,0.126,0.068,0.05,0.094,0.052,0.172,0.0,0.096,0.11,0.084,0.19,0.268,0.106,0.138,0.134
05:20:00,0.288,0.168,0.094,0.212,0.118,0.116,0.168,0.168,0.414,0.282,0.068,0.174,0.062,0.696,0.184,0.494,0.208,0.028,0.152,0.044,0.07,0.11,0.166,0.07,0.162,0.126,0.068,0.05,0.094,0.052,0.172,0.0,0.096,0.11,0.084,0.19,0.268,0.106,0.138,0.134
05:21:00,0.288,0.168,0.094,0.212,0.118,0.116,0.168,0.168,0.414,0.282,0.068,0.174,0.062,0.696,0.184,0.494,0.208,0.028,0.152,0.044,0.07,0.11,0.166,0.07,0.162,0.126,0.068,0.05,0.094,0.052,0.172,0.0,0.096,0.11,0.084,0.19,0.268,0.106,0.138,0.134
05:22:00,0.288,0.168,0.094,0.212,0.118,0.116,0.168,0.168,0.414,0.282,0.068,0.174,0.062,0.696,0.184,0.494,0.208,0.028,0.152,0.044,0.07,0.11,0.166,0.07,0.162,0.126,0.068,0.05,0.094,0.052,0.172,0.0,0.096,0.11,0.084,0.19,0.268,0.106,0.138,0.134
05:23:00,0.288,0.168,0.094,0.212,0.118,0.116,0.168,0.168,0.414,0.282,0.068,0.174,0.062,0.696,0.184,0.494,0.208,0.028,0.152,0.044,0.07,0.11,0.166,0.07,0.162,0.126,0.068,0.05,0.094,0.052,0.172,0.0,0.096,0.11,0.084,0.19,0.268,0.106,0.138,0.134
05:24:00,0.288,0.168,0.094,0.212,0.118,0.116,0.168,0.168,0.414,0.282,0.068,0.174,0.062,0.696,0.184,0.494,0.208,0.028,0.152,0.044,0.07,0.11,0.166,0.07,0.162,0.126,0.068,0.05,0.094,0.052,0.172,0.0,0.096,0.11,0.084,0.19,0.268,0.106,0.138,0.134
05:25:00,0.288,0.168,0.094,0.212,0.118,0.116,0.168,0.168,0.414,0.282,0.068,0.174,0.062,0.696,0.184,0.494,0.208,0.028,0.152,0.044,0.07,0.11,0.166,0.07,0.162,0.126,0.068,0.05,0.094,0.052,0.172,0.0,0.096,0.11,0.084,0.19,0.268,0.106,0.138,0.134
05:26:00,0.288,0.168,0.094,0.212,0.118,0.116,0.168,0.168,0.414,0.282,0.068,0.174,0.062,0.696,0.184,0.494,0.208,0.028,0.152,0.044,0.07,0.11,0.166,0.07,0.162,0.126,0.068,0.05,0.094,0.052,0.172,0.0,0.096,0.11,0.084,0.19,0.268,0.106,0.138,0.134
05:27:00,0.288,0.168,0.094,0.212,0.118,0.116,0.168,0.168,0.414,0.282,0.068,0.174,0.062,0.696,0.184,0.494,0.208,0.028,0.152,0.044,0.07,0.11,0.166,0.07,0.162,0.126,0.068,0.05,0.094,0.052,0.172,0.0,0.096,0.11,0.084,0.19,0.268,0.106,0.138,0.134
05:28:00,0.288,0.168,0.094,0.212,0.118,0.116,0.168,0.168,0.414,0.282,0.068,0.174,0.062,0.696,0.184,0.494,0.208,0.028,0.152,0.044,0.07,0.11,0.166,0.07,0.162,0.126,0.068,0.05,0.094,0.052,0.172,0.0,0.096,0.11,0.084,0.19,0.268,0.106,0.138,0.134
05:29:00,0.288,0.168,0.094,0.212,0.118,0.116,0.168,0.168,0.414,0.282,0.068,0.174,0.062,0.696,0.184,0.494,0.208,0.028,0.152,0.044,0.07,0.11,0.166,0.07,0.162,0.126,0.068,0.05,0.094,0.052,0.172,0.0,0.096,0.11,0.084,0.19,0.268,0.106,0.138,0.134
05:30:00,0.194,0.264,0.088,0.174,0.114,0.118,0.156,0.198,0.39,0.196,0.434,0.17,0.096,0.51,0.332,0.394,0.148,0.026,0.128,0.094,0.086,0.172,0.21,0.154,0.106,0.066,0.084,0.072,0.27,0.058,0.242,0.18,0.086,0.118,0.106,0.12,0.172,0.106,0.17,0.134
05:31:00,0.194,0.264,0.088,0.174,0.114,0.118,0.156,0.198,0.39,0.196,0.434,0.17,0.096,0.51,0.332,0.394,0.148,0.026,0.128,0.094,0.086,0.172,0.21,0.154,0.106,0.066,0.084,0.072,0.27,0.058,0.242,0.18,0.086,0.118,0.106,0.12,0.172,0.106,0.17,0.134
05:32:00,0.194,0.264,0.088,0.174,0.114,0.118,0.156,0.198,0.39,0.196,0.434,0.17,0.096,0.51,0.332,0.394,0.148,0.026,0.128,0.094,0.086,0.172,0.21,0.154,0.106,0.066,0.084,0.072,0.27,0.058,0.242,0.18,0.086,0.118,0.106,0.12,0.172,0.106,0.17,0.134
05:33:00,0.194,0.264,0.088,0.174,0.114,0.118,0.156,0.198,0.39,0.196,0.434,0.17,0.096,0.51,0.332,0.394,0.148,0.026,0.128,0.094,0.086,0.172,0.21,0.154,0.106,0.066,0.084,0.072,0.27,0.058,0.242,0.18,0.086,0.118,0.106,0.12,0.172,0.106,0.17,0.134
05:34:00,0.194,0.264,0.088,0.174,0.114,0.118,0.156,0.198,0.39,0.196,0.434,0.17,0.096,0.51,0.332,0.394,0.148,0.026,0.128,0.094,0.086,0.172,0.21,0.154,0.106,0.066,0.084,0.072,0.27,0.058,0.242,0.18,0.086,0.118,0.106,0.12,0.172,0.106,0.17,0.134
05:35:00,0.194,0.264,0.088,0.174,0.114,0.118,0.156,0.198,0.39,0.196,0.434,0.17,0.096,0.51,0.332,0.394,0.148,0.026,0.128,0.094,0.086,0.172,0.21,0.154,0.106,0.066,0.084,0.072,0.27,0.058,0.242,0.18,0.086,0.118,0.106,0.12,0.172,0.106,0.17,0.134
05:36:00,0.194,0.264,0.088,0.174,0.114,0.118,0.156,0.198,0.39,0.196,0.434,0.17,0.096,0.51,0.332,0.394,0.148,0.026,0.128,0.094,0.086,0.172,0.21,0.154,0.106,0.066,0.084,0.072,0.27,0.058,0.242,0.18,0.086,0.118,0.106,0.12,0.172,0.106,0.17,0.134
05:37:00,0.194,0.264,0.088,0.174,0.114,0.118,0.156,0.198,0.39,0.196,0.434,0.17,0.096,0.51,0.332,0.394,0.148,0.026,0.128,0.094,0.086,0.172,0.21,0.154,0.106,0.066,0.084,0.072,0.27,0.058,0.242,0.18,0.086,0.118,0.106,0.12,0.172,0.106,0.17,0.134
05:38:00,0.194,0.264,0.088,0.174,0.114,0.118,0.156,0.198,0.39,0.196,0.434,0.17,0.096,0.51,0.332,0.394,0.148,0.026,0.128,0.094,0.086,0.172,0.21,0.154,0.106,0.066,0.084,0.072,0.27,0.058,0.242,0.18,0.086,0.118,0.106,0.12,0.172,0.106,0.17,0.134
05:39:00,0.194,0.264,0.088,0.174,0.114,0.118,0.156,0.198,0.39,0.196,0.434,0.17,0.096,0.51,0.332,0.394,0.148,0.026,0.128,0.094,0.086,0.172,0.21,0.154,0.106,0.066,0.084,0.072,0.27,0.058,0.242,0.18,0.086,0.118,0.106,0.12,0.172,0.106,0.17,0.134
05:40:00,0.194,0.264,0.088,0.174,0.114,0.118,0.156,0.198,0.39,0.196,0.434,0.17,0.096,0.51,0.332,0.394,0.148,0.026,0.128,0.094,0.086,0.172,0.21,0.154,0.106,0.066,0.084,0.072,0.27,0.058,0.242,0.18,0.086,0.118,0.106,0.12,0.172,0.106,0.17,0.134
05:41:00,0.194,0.264,0.088,0.174,0.114,0.118,0.156,0.198,0.39,0.196,0.434,0.17,0.096,0.51,0.332,0.394,0.148,0.026,0.128,0.094,0.086,0.172,0.21,0.154,0.106,0.066,0.084,0.072,0.27,0.058,0.242,0.18,0.086,0.118,0.106,0.12,0.172,0.106,0.17,0.134
05:42:00,0.194,0.264,0.088,0.174,0.114,0.118,0.156,0.198,0.39,0.196,0.434,0.17,0.096,0.51,0.332,0.394,0.148,0.026,0.128,0.094,0.086,0.172,0.21,0.154,0.106,0.066,0.084,0.072,0.27,0.058,0.242,0.18,0.086,0.118,0.106,0.12,0.172,0.106,0.17,0.134
05:43:00,0.194,0.264,0.088,0.174,0.114,0.118,0.156,0.198,0.39,0.196,0.434,0.17,0.096,0.51,0.332,0.394,0.148,0.026,0.128,0.094,0.086,0.172,0.21,0.154,0.106,0.066,0.084,0.072,0.27,0.058,0.242,0.18,0.086,0.118,0.106,0.12,0.172,0.106,0.17,0.134
05:44:00,0.194,0.264,0.088,0.174,0.114,0.118,0.156,0.198,0.39,0.196,0.434,0.17,0.096,0.51,0.332,0.394,0.148,0.026,0.128,0.094,0.086,0.172,0.21,0.154,0.106,0.066,0.084,0.072,0.27,0.058,0.242,0.18,0.086,0.118,0.106,0.12,0.172,0.106,0.17,0.134
05:45:00,0.194,0.264,0.088,0.174,0.114,0.118,0.156,0.198,0.39,0.196,0.434,0.17,0.096,0.51,0.332,0.394,0.148,0.026,0.128,0.094,0.086,0.172,0.21,0.154,0.106,0.066,0.084,0.072,0.27,0.058,0.242,0.18,0.086,0.118,0.106,0.12,0.172,0.106,0.17,0.134
05:46:00,0.194,0.264,0.088,0.174,0.114,0.118,0.156,0.198,0.39,0.196,0.434,0.17,0.096,0.51,0.332,0.394,0.148,0.026,0.128,0.094,0.086,0.172,0.21,0.154,0.106,0.066,0.084,0.072,0.27,0.058,0.242,0.18,0.086,0.118,0.106,0.12,0.172,0.106,0.17,0.134
05:47:00,0.194,0.264,0.088,0.174,0.114,0.118,0.156,0.198,0.39,0.196,0.434,0.17,0.096,0.51,0.332,0.394,0.148,0.026,0.128,0.094,0.086,0.172,0.21,0.154,0.106,0.066,0.084,0.072,0.27,0.058,0.242,0.18,0.086,0.118,0.106,0.12,0.172,0.106,0.17,0.134
05:48:00,0.194,0.264,0.088,0.174,0.114,0.118,0.156,0.198,0.39,0.196,0.434,0.17,0.096,0.51,0.332,0.394,0.148,0.026,0.128,0.094,0.086,0.172,0.21,0.154,0.106,0.066,0.084,0.072,0.27,0.058,0.242,0.18,0.086,0.118,0.106,0.12,0.172,0.106,0.17,0.134
05:49:00,0.194,0.264,0.088,0.174,0.114,0.118,0.156,0.198,0.39,0.196,0.434,0.17,0.096,0.51,0.332,0.394,0.148,0.026,0.128,0.094,0.086,0.172,0.21,0.154,0.106,0.066,0.084,0.072,0.27,0.058,0.242,0.18,0.086,0.118,0.106,0.12,0.172,0.106,0.17,0.134
05:50:00,0.194,0.264,0.088,0.174,0.114,0.118,0.156,0.198,0.39,0.196,0.434,0.17,0.096,0.51,0.332,0.394,0.148,0.026,0.128,0.094,0.086,0.172,0.21,0.154,0.106,0.066,0.084,0.072,0.27,0.058,0.242,0.18,0.086,0.118,0.106,0.12,0.172,0.106,0.17,0.134
05:51:00,0.194,0.264,0.088,0.174,0.114,0.118,0.156,0.198,0.39,0.196,0.434,0.17,0.096,0.51,0.332,0.394,0.148,0.026,0.128,0.094,0.086,0.172,0.21,0.154,0.106,0.066,0.084,0.072,0.27,0.058,0.242,0.18,0.086,0.118,0.106,0.12,0.172,0.106,0.17,0.134
05:52:00,0.194,0.264,0.088,0.174,0.114,0.118,0.156,0.198,0.39,0.196,0.434,0.17,0.096,0.51,0.332,0.394,0.148,0.026,0.128,0.094,0.086,0.172,0.21,0.154,0.106,0.066,0.084,0.072,0.27,0.058,0.242,0.18,0.086,0.118,0.106,0.12,0.172,0.106,0.17,0.134
05:53:00,0.194,0.264,0.088,0.174,0.114,0.118,0.156,0.198,0.39,0.196,0.434,0.17,0.096,0.51,0.332,0.394,0.148,0.026,0.128,0.094,0.086,0.172,0.21,0.154,0.106,0.066,0.084,0.072,0.27,0.058,0.242,0.18,0.086,0.118,0.106,0.12,0.172,0.106,0.17,0.134
05:54:00,0.194,0.264,0.088,0.174,0.114,0.118,0.156,0.198,0.39,0.196,0.434,0.17,0.096,0.51,0.332,0.394,0.148,0.026,0.128,0.094,0.086,0.172,0.21,0.154,0.106,0.066,0.084,0.072,0.27,0.058,0.242,0.18,0.086,0.118,0.106,0.12,0.172,0.106,0.17,0.134
05:55:00,0.194,0.264,0.088,0.174,0.114,0.118,0.156,0.198,0.39,0.196,0.434,0.17,0.096,0.51,0.332,0.394,0.148,0.026,0.128,0.094,0.086,0.172,0.21,0.154,0.106,0.066,0.084,0.072,0.27,0.058,0.242,0.18,0.086,0.118,0.106,0.12,0.172,0.106,0.17,0.134
05:56:00,0.194,0.264,0.088,0.174,0.114,0.118,0.156,0.198,0.39,0.196,0.434,0.17,0.096,0.51,0.332,0.394,0.148,0.026,0.128,0.094,0.086,0.172,0.21,0.154,0.106,0.066,0.084,0.072,0.27,0.058,0.242,0.18,0.086,0.118,0.106,0.12,0.172,0.106,0.17,0.134
05:57:00,0.194,0.264,0.088,0.174,0.114,0.118,0.156,0.198,0.39,0.196,0.434,0.17,0.096,0.51,0.332,0.394,0.148,0.026,0.128,0.094,0.086,0.172,0.21,0.154,0.106,0.066,0.084,0.072,0.27,0.058,0.242,0.18,0.086,0.118,0.106,0.12,0.172,0.106,0.17,0.134
05:58:00,0.194,0.264,0.088,0.174,0.114,0.118,0.156,0.198,0.39,0.196,0.434,0.17,0.096,0.51,0.332,0.394,0.148,0.026,0.128,0.094,0.086,0.172,0.21,0.154,0.106,0.066,0.084,0.072,0.27,0.058,0.242,0.18,0.086,0.118,0.106,0.12,0.172,0.106,0.17,0.134
05:59:00,0.194,0.264,0.088,0.174,0.114,0.118,0.156,0.198,0.39,0.196,0.434,0.17,0.096,0.51,0.332,0.394,0.148,0.026,0.128,0.094,0.086,0.172,0.21,0.154,0.106,0.066,0.084,0.072,0.27,0.058,0.242,0.18,0.086,0.118,0.106,0.12,0.172,0.106,0.17,0.134
06:00:00,0.266,0.14,0.192,0.228,0.108,0.564,0.22,0.354,0.42,0.204,0.174,0.078,0.3,0.05,0.902,0.244,0.152,0.09,0.16,0.032,0.098,0.294,0.278,0.062,0.116,0.122,0.07,0.164,0.136,0.128,0.23,0.0,0.104,0.208,0.11,0.272,0.2,0.192,0.416,0.122
06:01:00,0.266,0.14,0.192,0.228,0.108,0.564,0.22,0.354,0.42,0.204,0.174,0.078,0.3,0.05,0.902,0.244,0.152,0.09,0.16,0.032,0.098,0.294,0.278,0.062,0.116,0.122,0.07,0.164,0.136,0.128,0.23,0.0,0.104,0.208,0.11,0.272,0.2,0.192,0.416,0.122
06:02:00,0.266,0.14,0.192,0.228,0.108,0.564,0.22,0.354,0.42,0.204,0.174,0.078,0.3,0.05,0.902,0.244,0.152,0.09,0.16,0.032,0.098,0.294,0.278,0.062,0.116,0.122,0.07,0.164,0.136,0.128,0.23,0.0,0.104,0.208,0.11,0.272,0.2,0.192,0.416,0.122
06:03:00,0.266,0.14,0.192,0.228,0.108,0.564,0.22,0.354,0.42,0.204,0.174,0.078,0.3,0.05,0.902,0.244,0.152,0.09,0.16,0.032,0.098,0.294,0.278,0.062,0.116,0.122,0.07,0.164,0.136,0.128,0.23,0.0,0.104,0.208,0.11,0.272,0.2,0.192,0.416,0.122
06:04:00,0.266,0.14,0.192,0.228,0.108,0.564,0.22,0.354,0.42,0.204,0.174,0.078,0.3,0.05,0.902,0.244,0.152,0.09,0.16,0.032,0.098,0.294,0.278,0.062,0.116,0.122,0.07,0.164,0.136,0.128,0.23,0.0,0.104,0.208,0.11,0.272,0.2,0.192,0.416,0.122
06:05:00,0.266,0.14,0.192,0.228,0.108,0.564,0.22,0.354,0.42,0.204,0.174,0.078,0.3,0.05,0.902,0.244,0.152,0.09,0.16,0.032,0.098,0.294,0.278,0.062,0.116,0.122,0.07,0.164,0.136,0.128,0.23,0.0,0.104,0.208,0.11,0.272,0.2,0.192,0.416,0.122
06:06:00,0.266,0.14,0.192,0.228,0.108,0.564,0.22,0.354,0.42,0.204,0.174,0.078,0.3,0.05,0.902,0.244,0.152,0.09,0.16,0.032,0.098,0.294,0.278,0.062,0.116,0.122,0.07,0.164,0.136,0.128,0.23,0.0,0.104,0.208,0.11,0.272,0.2,0.192,0.416,0.122
06:07:00,0.266,0.14,0.192,0.228,0.108,0.564,0.22,0.354,0.42,0.204,0.174,0.078,0.3,0.05,0.902,0.244,0.152,0.09,0.16,0.032,0.098,0.294,0.278,0.062,0.116,0.122,0.07,0.164,0.136,0.128,0.23,0.0,0.104,0.208,0.11,0.272,0.2,0.192,0.416,0.122
06:08:00,0.266,0.14,0.192,0.228,0.108,0.564,0.22,0.354,0.42,0.204,0.174,0.078,0.3,0.05,0.902,0.244,0.152,0.09,0.16,0.032,0.098,0.294,0.278,0.062,0.116,0.122,0.07,0.164,0.136,0.128,0.23,0.0,0.104,0.208,0.11,0.272,0.2,0.192,0.416,0.122
06:09:00,0.266,0.14,0.192,0.228,0.108,0.564,0.22,0.354,0.42,0.204,0.174,0.078,0.3,0.05,0.902,0.244,0.152,0.09,0.16,0.032,0.098,0.294,0.278,0.062,0.116,0.122,0.07,0.164,0.136,0.128,0.23,0.0,0.104,0.208,0.11,0.272,0.2,0.192,0.416,0.122
06:10:00,0.266,0.14,0.192,0.228,0.108,0.564,0.22,0.354,0.42,0.204,0.174,0.078,0.3,0.05,0.902,0.244,0.152,0.09,0.16,0.032,0.098,0.294,0.278,0.062,0.116,0.122,0.07,0.164,0.136,0.128,0.23,0.0,0.104,0.208,0.11,0.272,0.2,0.192,0.416,0.122
06:11:00,0.266,0.14,0.192,0.228,0.108,0.564,0.22,0.354,0.42,0.204,0.174,0.078,0.3,0.05,0.902,0.244,0.152,0.09,0.16,0.032,0.098,0.294,0.278,0.062,0.116,0.122,0.07,0.164,0.136,0.128,0.23,0.0,0.104,0.208,0.11,0.272,0.2,0.192,0.416,0.122
06:12:00,0.266,0.14,0.192,0.228,0.108,0.564,0.22,0.354,0.42,0.204,0.174,0.078,0.3,0.05,0.902,0.244,0.152,0.09,0.16,0.032,0.098,0.294,0.278,0.062,0.116,0.122,0.07,0.164,0.136,0.128,0.23,0.0,0.104,0.208,0.11,0.272,0.2,0.192,0.416,0.122
06:13:00,0.266,0.14,0.192,0.228,0.108,0.564,0.22,0.354,0.42,0.204,0.174,0.078,0.3,0.05,0.902,0.244,0.152,0.09,0.16,0.032,0.098,0.294,0.278,0.062,0.116,0.122,0.07,0.164,0.136,0.128,0.23,0.0,0.104,0.208,0.11,0.272,0.2,0.192,0.416,0.122
06:14:00,0.266,0.14,0.192,0.228,0.108,0.564,0.22,0.354,0.42,0.204,0.174,0.078,0.3,0.05,0.902,0.244,0.152,0.09,0.16,0.032,0.098,0.294,0.278,0.062,0.116,0.122,0.07,0.164,0.136,0.128,0.23,0.0,0.104,0.208,0.11,0.272,0.2,0.192,0.416,0.122
06:15:00,0.266,0.14,0.192,0.228,0.108,0.564,0.22,0.354,0.42,0.204,0.174,0.078,0.3,0.05,0.902,0.244,0.152,0.09,0.16,0.032,0.098,0.294,0.278,0.062,0.116,0.122,0.07,0.164,0.136,0.128,0.23,0.0,0.104,0.208,0.11,0.272,0.2,0.192,0.416,0.122
06:16:00,0.266,0.14,0.192,0.228,0.108,0.564,0.22,0.354,0.42,0.204,0.174,0.078,0.3,0.05,0.902,0.244,0.152,0.09,0.16,0.032,0.098,0.294,0.278,0.062,0.116,0.122,0.07,0.164,0.136,0.128,0.23,0.0,0.104,0.208,0.11,0.272,0.2,0.192,0.416,0.122
06:17:00,0.266,0.14,0.192,0.228,0.108,0.564,0.22,0.354,0.42,0.204,0.174,0.078,0.3,0.05,0.902,0.244,0.152,0.09,0.16,0.032,0.098,0.294,0.278,0.062,0.116,0.122,0.07,0.164,0.136,0.128,0.23,0.0,0.104,0.208,0.11,0.272,0.2,0.192,0.416,0.122
06:18:00,0.266,0.14,0.192,0.228,0.108,0.564,0.22,0.354,0.42,0.204,0.174,0.078,0.3,0.05,0.902,0.244,0.152,0.09,0.16,0.032,0.098,0.294,0.278,0.062,0.116,0.122,0.07,0.164,0.136,0.128,0.23,0.0,0.104,0.208,0.11,0.272,0.2,0.192,0.416,0.122
06:19:00,0.266,0.14,0.192,0.228,0.108,0.564,0.22,0.354,0.42,0.204,0.174,0.078,0.3,0.05,0.902,0.244,0.152,0.09,0.16,0.032,0.098,0.294,0.278,0.062,0.116,0.122,0.07,0.164,0.136,0.128,0.23,0.0,0.104,0.208,0.11,0.272,0.2,0.192,0.416,0.122
06:20:00,0.266,0.14,0.192,0.228,0.108,0.564,0.22,0.354,0.42,0.204,0.174,0.078,0.3,0.05,0.902,0.244,0.152,0.09,0.16,0.032,0.098,0.294,0.278,0.062,0.116,0.122,0.07,0.164,0.136,0.128,0.23,0.0,0.104,0.208,0.11,0.272,0.2,0.192,0.416,0.122
06:21:00,0.266,0.14,0.192,0.228,0.108,0.564,0.22,0.354,0.42,0.204,0.174,0.078,0.3,0.05,0.902,0.244,0.152,0.09,0.16,0.032,0.098,0.294,0.278,0.062,0.116,0.122,0.07,0.164,0.136,0.128,0.23,0.0,0.104,0.208,0.11,0.272,0.2,0.192,0.416,0.122
06:22:00,0.266,0.14,0.192,0.228,0.108,0.564,0.22,0.354,0.42,0.204,0.174,0.078,0.3,0.05,0.902,0.244,0.152,0.09,0.16,0.032,0.098,0.294,0.278,0.062,0.116,0.122,0.07,0.164,0.136,0.128,0.23,0.0,0.104,0.208,0.11,0.272,0.2,0.192,0.416,0.122
06:23:00,0.266,0.14,0.192,0.228,0.108,0.564,0.22,0.354,0.42,0.204,0.174,0.078,0.3,0.05,0.902,0.244,0.152,0.09,0.16,0.032,0.098,0.294,0.278,0.062,0.116,0.122,0.07,0.164,0.136,0.128,0.23,0.0,0.104,0.208,0.11,0.272,0.2,0.192,0.416,0.122
06:24:00,0.266,0.14,0.192,0.228,0.108,0.564,0.22,0.354,0.42,0.204,0.174,0.078,0.3,0.05,0.902,0.244,0.152,0.09,0.16,0.032,0.098,0.294,0.278,0.062,0.116,0.122,0.07,0.164,0.136,0.128,0.23,0.0,0.104,0.208,0.11,0.272,0.2,0.192,0.416,0.122
06:25:00,0.266,0.14,0.192,0.228,0.108,0.564,0.22,0.354,0.42,0.204,0.174,0.078,0.3,0.05,0.902,0.244,0.152,0.09,0.16,0.032,0.098,0.294,0.278,0.062,0.116,0.122,0.07,0.164,0.136,0.128,0.23,0.0,0.104,0.208,0.11,0.272,0.2,0.192,0.416,0.122
06:26:00,0.266,0.14,0.192,0.228,0.108,0.564,0.22,0.354,0.42,0.204,0.174,0.078,0.3,0.05,0.902,0.244,0.152,0.09,0.16,0.032,0.098,0.294,0.278,0.062,0.116,0.122,0.07,0.164,0.136,0.128,0.23,0.0,0.104,0.208,0.11,0.272,0.2,0.192,0.416,0.122
06:27:00,0.266,0.14,0.192,0.228,0.108,0.564,0.22,0.354,0.42,0.204,0.174,0.078,0.3,0.05,0.902,0.244,0.152,0.09,0.16,0.032,0.098,0.294,0.278,0.062,0.116,0.122,0.07,0.164,0.136,0.128,0.23,0.0,0.104,0.208,0.11,0.272,0.2,0.192,0.416,0.122
06:28:00,0.266,0.14,0.192,0.228,0.108,0.564,0.22,0.354,0.42,0.204,0.174,0.078,0.3,0.05,0.902,0.244,0.152,0.09,0.16,0.032,0.098,0.294,0.278,0.062,0.116,0.122,0.07,0.164,0.136,0.128,0.23,0.0,0.104,0.208,0.11,0.272,0.2,0.192,0.416,0.122
06:29:00,0.266,0.14,0.192,0.228,0.108,0.564,0.22,0.354,0.42,0.204,0.174,0.078,0.3,0.05,0.902,0.244,0.152,0.09,0.16,0.032,0.098,0.294,0.278,0.062,0.116,0.122,0.07,0.164,0.136,0.128,0.23,0.0,0.104,0.208,0.11,0.272,0.2,0.192,0.416,0.122
06:30:00,0.316,0.062,0.126,0.318,0.096,0.948,0.262,0.212,0.094,0.284,0.05,0.166,0.226,0.056,0.29,0.198,0.168,0.094,0.102,0.078,0.364,0.474,0.204,0.08,0.074,0.076,0.068,0.14,0.184,0.144,0.222,0.0,0.192,0.116,0.102,0.036,0.188,0.324,0.404,0.114
06:31:00,0.316,0.062,0.126,0.318,0.096,0.948,0.262,0.212,0.094,0.284,0.05,0.166,0.226,0.056,0.29,0.198,0.168,0.094,0.102,0.078,0.364,0.474,0.204,0.08,0.074,0.076,0.068,0.14,0.184,0.144,0.222,0.0,0.192,0.116,0.102,0.036,0.188,0.324,0.404,0.114
06:32:00,0.316,0.062,0.126,0.318,0.096,0.948,0.262,0.212,0.094,0.284,0.05,0.166,0.226,0.056,0.29,0.198,0.168,0.094,0.102,0.078,0.364,0.474,0.204,0.08,0.074,0.076,0.068,0.14,0.184,0.144,0.222,0.0,0.192,0.116,0.102,0.036,0.188,0.324,0.404,0.114
06:33:00,0.316,0.062,0.126,0.318,0.096,0.948,0.262,0.212,0.094,0.284,0.05,0.166,0.226,0.056,0.29,0.198,0.168,0.094,0.102,0.078,0.364,0.474,0.204,0.08,0.074,0.076,0.068,0.14,0.184,0.144,0.222,0.0,0.192,0.116,0.102,0.036,0.188,0.324,0.404,0.114
06:34:00,0.316,0.062,0.126,0.318,0.096,0.948,0.262,0.212,0.094,0.284,0.05,0.166,0.226,0.056,0.29,0.198,0.168,0.094,0.102,0.078,0.364,0.474,0.204,0.08,0.074,0.076,0.068,0.14,0.184,0.144,0.222,0.0,0.192,0.116,0.102,0.036,0.188,0.324,0.404,0.114
06:35:00,0.316,0.062,0.126,0.318,0.096,0.948,0.262,0.212,0.094,0.284,0.05,0.166,0.226,0.056,0.29,0.198,0.168,0.094,0.102,0.078,0.364,0.474,0.204,0.08,0.074,0.076,0.068,0.14,0.184,0.144,0.222,0.0,0.192,0.116,0.102,0.036,0.188,0.324,0.404,0.114
06:36:00,0.316,0.062,0.126,0.318,0.096,0.948,0.262,0.212,0.094,0.284,0.05,0.166,0.226,0.056,0.29,0.198,0.168,0.094,0.102,0.078,0.364,0.474,0.204,0.08,0.074,0.076,0.068,0.14,0.184,0.144,0.222,0.0,0.192,0.116,0.102,0.036,0.188,0.324,0.404,0.114
06:37:00,0.316,0.062,0.126,0.318,0.096,0.948,0.262,0.212,0.094,0.284,0.05,0.166,0.226,0.056,0.29,0.198,0.168,0.094,0.102,0.078,0.364,0.474,0.204,0.08,0.074,0.076,0.068,0.14,0.184,0.144,0.222,0.0,0.192,0.116,0.102,0.036,0.188,0.324,0.404,0.114
06:38:00,0.316,0.062,0.126,0.318,0.096,0.948,0.262,0.212,0.094,0.284,0.05,0.166,0.226,0.056,0.29,0.198,0.168,0.094,0.102,0.078,0.364,0.474,0.204,0.08,0.074,0.076,0.068,0.14,0.184,0.144,0.222,0.0,0.192,0.116,0.102,0.036,0.188,0.324,0.404,0.114
06:39:00,0.316,0.062,0.126,0.318,0.096,0.948,0.262,0.212,0.094,0.284,0.05,0.166,0.226,0.056,0.29,0.198,0.168,0.094,0.102,0.078,0.364,0.474,0.204,0.08,0.074,0.076,0.068,0.14,0.184,0.144,0.222,0.0,0.192,0.116,0.102,0.036,0.188,0.324,0.404,0.114
06:40:00,0.316,0.062,0.126,0.318,0.096,0.948,0.262,0.212,0.094,0.284,0.05,0.166,0.226,0.056,0.29,0.198,0.168,0.094,0.102,0.078,0.364,0.474,0.204,0.08,0.074,0.076,0.068,0.14,0.184,0.144,0.222,0.0,0.192,0.116,0.102,0.036,0.188,0.324,0.404,0.114
06:41:00,0.316,0.062,0.126,0.318,0.096,0.948,0.262,0.212,0.094,0.284,0.05,0.166,0.226,0.056,0.29,0.198,0.168,0.094,0.102,0.078,0.364,0.474,0.204,0.08,0.074,0.076,0.068,0.14,0.184,0.144,0.222,0.0,0.192,0.116,0.102,0.036,0.188,0.324,0.404,0.114
06:42:00,0.316,0.062,0.126,0.318,0.096,0.948,0.262,0.212,0.094,0.284,0.05,0.166,0.226,0.056,0.29,0.198,0.168,0.094,0.102,0.078,0.364,0.474,0.204,0.08,0.074,0.076,0.068,0.14,0.184,0.144,0.222,0.0,0.192,0.116,0.102,0.036,0.188,0.324,0.404,0.114
06:43:00,0.316,0.062,0.126,0.318,0.096,0.948,0.262,0.212,0.094,0.284,0.05,0.166,0.226,0.056,0.29,0.198,0.168,0.094,0.102,0.078,0.364,0.474,0.204,0.08,0.074,0.076,0.068,0.14,0.184,0.144,0.222,0.0,0.192,0.116,0.102,0.036,0.188,0.324,0.404,0.114
06:44:00,0.316,0.062,0.126,0.318,0.096,0.948,0.262,0.212,0.094,0.284,0.05,0.166,0.226,0.056,0.29,0.198,0.168,0.094,0.102,0.078,0.364,0.474,0.204,0.08,0.074,0.076,0.068,0.14,0.184,0.144,0.222,0.0,0.192,0.116,0.102,0.036,0.188,0.324,0.404,0.114
06:45:00,0.316,0.062,0.126,0.318,0.096,0.948,0.262,0.212,0.094,0.284,0.05,0.166,0.226,0.056,0.29,0.198,0.168,0.094,0.102,0.078,0.364,0.474,0.204,0.08,0.074,0.076,0.068,0.14,0.184,0.144,0.222,0.0,0.192,0.116,0.102,0.036,0.188,0.324,0.404,0.114
06:46:00,0.316,0.062,0.126,0.318,0.096,0.948,0.262,0.212,0.094,0.284,0.05,0.166,0.226,0.056,0.29,0.198,0.168,0.094,0.102,0.078,0.364,0.474,0.204,0.08,0.074,0.076,0.068,0.14,0.184,0.144,0.222,0.0,0.192,0.116,0.102,0.036,0.188,0.324,0.404,0.114
06:47:00,0.316,0.062,0.126,0.318,0.096,0.948,0.262,0.212,0.094,0.284,0.05,0.166,0.226,0.056,0.29,0.198,0.168,0.094,0.102,0.078,0.364,0.474,0.204,0.08,0.074,0.076,0.068,0.14,0.184,0.144,0.222,0.0,0.192,0.116,0.102,0.036,0.188,0.324,0.404,0.114
06:48:00,0.316,0.062,0.126,0.318,0.096,0.948,0.262,0.212,0.094,0.284,0.05,0.166,0.226,0.056,0.29,0.198,0.168,0.094,0.102,0.078,0.364,0.474,0.204,0.08,0.074,0.076,0.068,0.14,0.184,0.144,0.222,0.0,0.192,0.116,0.102,0.036,0.188,0.324,0.404,0.114
06:49:00,0.316,0.062,0.126,0.318,0.096,0.948,0.262,0.212,0.094,0.284,0.05,0.166,0.226,0.056,0.29,0.198,0.168,0.094,0.102,0.078,0.364,0.474,0.204,0.08,0.074,0.076,0.068,0.14,0.184,0.144,0.222,0.0,0.192,0.116,0.102,0.036,0.188,0.324,0.404,0.114
06:50:00,0.316,0.062,0.126,0.318,0.096,0.948,0.262,0.212,0.094,0.284,0.05,0.166,0.226,0.056,0.29,0.198,0.168,0.094,0.102,0.078,0.364,0.474,0.204,0.08,0.074,0.076,0.068,0.14,0.184,0.144,0.222,0.0,0.192,0.116,0.102,0.036,0.188,0.324,0.404,0.114
06:51:00,0.316,0.062,0.126,0.318,0.096,0.948,0.262,0.212,0.094,0.284,0.05,0.166,0.226,0.056,0.29,0.198,0.168,0.094,0.102,0.078,0.364,0.474,0.204,0.08,0.074,0.076,0.068,0.14,0.184,0.144,0.222,0.0,0.192,0.116,0.102,0.036,0.188,0.324,0.404,0.114
06:52:00,0.316,0.062,0.126,0.318,0.096,0.948,0.262,0.212,0.094,0.284,0.05,0.166,0.226,0.056,0.29,0.198,0.168,0.094,0.102,0.078,0.364,0.474,0.204,0.08,0.074,0.076,0.068,0.14,0.184,0.144,0.222,0.0,0.192,0.116,0.102,0.036,0.188,0.324,0.404,0.114
06:53:00,0.316,0.062,0.126,0.318,0.096,0.948,0.262,0.212,0.094,0.284,0.05,0.166,0.226,0.056,0.29,0.198,0.168,0.094,0.102,0.078,0.364,0.474,0.204,0.08,0.074,0.076,0.068,0.14,0.184,0.144,0.222,0.0,0.192,0.116,0.102,0.036,0.188,0.324,0.404,0.114
06:54:00,0.316,0.062,0.126,0.318,0.096,0.948,0.262,0.212,0.094,0.284,0.05,0.166,0.226,0.056,0.29,0.198,0.168,0.094,0.102,0.078,0.364,0.474,0.204,0.08,0.074,0.076,0.068,0.14,0.184,0.144,0.222,0.0,0.192,0.116,0.102,0.036,0.188,0.324,0.404,0.114
06:55:00,0.316,0.062,0.126,0.318,0.096,0.948,0.262,0.212,0.094,0.284,0.05,0.166,0.226,0.056,0.29,0.198,0.168,0.094,0.102,0.078,0.364,0.474,0.204,0.08,0.074,0.076,0.068,0.14,0.184,0.144,0.222,0.0,0.192,0.116,0.102,0.036,0.188,0.324,0.404,0.114
06:56:00,0.316,0.062,0.126,0.318,0.096,0.948,0.262,0.212,0.094,0.284,0.05,0.166,0.226,0.056,0.29,0.198,0.168,0.094,0.102,0.078,0.364,0.474,0.204,0.08,0.074,0.076,0.068,0.14,0.184,0.144,0.222,0.0,0.192,0.116,0.102,0.036,0.188,0.324,0.404,0.114
06:57:00,0.316,0.062,0.126,0.318,0.096,0.948,0.262,0.212,0.094,0.284,0.05,0.166,0.226,0.056,0.29,0.198,0.168,0.094,0.102,0.078,0.364,0.474,0.204,0.08,0.074,0.076,0.068,0.14,0.184,0.144,0.222,0.0,0.192,0.116,0.102,0.036,0.188,0.324,0.404,0.114
06:58:00,0.316,0.062,0.126,0.318,0.096,0.948,0.262,0.212,0.094,0.284,0.05,0.166,0.226,0.056,0.29,0.198,0.168,0.094,0.102,0.078,0.364,0.474,0.204,0.08,0.074,0.076,0.068,0.14,0.184,0.144,0.222,0.0,0.192,0.116,0.102,0.036,0.188,0.324,0.404,0.114
06:59:00,0.316,0.062,0.126,0.318,0.096,0.948,0.262,0.212,0.094,0.284,0.05,0.166,0.226,0.056,0.29,0.198,0.168,0.094,0.102,0.078,0.364,0.474,0.204,0.08,0.074,0.076,0.068,0.14,0.184,0.144,0.222,0.0,0.192,0.116,0.102,0.036,0.188,0.324,0.404,0.114
07:00:00,0.316,0.176,0.098,0.346,0.116,0.396,0.264,0.228,0.42,0.474,0.08,0.16,0.064,0.084,0.204,0.212,0.22,0.076,0.604,0.114,0.244,0.446,0.136,0.258,0.118,0.12,0.104,0.136,1.148,0.09,0.226,0.0,0.19,0.112,0.228,0.182,0.228,0.35,0.848,0.134
07:01:00,0.316,0.176,0.098,0.346,0.116,0.396,0.264,0.228,0.42,0.474,0.08,0.16,0.064,0.084,0.204,0.212,0.22,0.076,0.604,0.114,0.244,0.446,0.136,0.258,0.118,0.12,0.104,0.136,1.148,0.09,0.226,0.0,0.19,0.112,0.228,0.182,0.228,0.35,0.848,0.134
07:02:00,0.316,0.176,0.098,0.346,0.116,0.396,0.264,0.228,0.42,0.474,0.08,0.16,0.064,0.084,0.204,0.212,0.22,0.076,0.604,0.114,0.244,0.446,0.136,0.258,0.118,0.12,0.104,0.136,1.148,0.09,0.226,0.0,0.19,0.112,0.228,0.182,0.228,0.35,0.848,0.134
07:03:00,0.316,0.176,0.098,0.346,0.116,0.396,0.264,0.228,0.42,0.474,0.08,0.16,0.064,0.084,0.204,0.212,0.22,0.076,0.604,0.114,0.244,0.446,0.136,0.258,0.118,0.12,0.104,0.136,1.148,0.09,0.226,0.0,0.19,0.112,0.228,0.182,0.228,0.35,0.848,0.134
07:04:00,0.316,0.176,0.098,0.346,0.116,0.396,0.264,0.228,0.42,0.474,0.08,0.16,0.064,0.084,0.204,0.212,0.22,0.076,0.604,0.114,0.244,0.446,0.136,0.258,0.118,0.12,0.104,0.136,1.148,0.09,0.226,0.0,0.19,0.112,0.228,0.182,0.228,0.35,0.848,0.134
07:05:00,0.316,0.176,0.098,0.346,0.116,0.396,0.264,0.228,0.42,0.474,0.08,0.16,0.064,0.084,0.204,0.212,0.22,0.076,0.604,0.114,0.244,0.446,0.136,0.258,0.118,0.12,0.104,0.136,1.148,0.09,0.226,0.0,0.19,0.112,0.228,0.182,0.228,0.35,0.848,0.134
07:06:00,0.316,0.176,0.098,0.346,0.116,0.396,0.264,0.228,0.42,0.474,0.08,0.16,0.064,0.084,0.204,0.212,0.22,0.076,0.604,0.114,0.244,0.446,0.136,0.258,0.118,0.12,0.104,0.136,1.148,0.09,0.226,0.0,0.19,0.112,0.228,0.182,0.228,0.35,0.848,0.134
07:07:00,0.316,0.176,0.098,0.346,0.116,0.396,0.264,0.228,0.42,0.474,0.08,0.16,0.064,0.084,0.204,0.212,0.22,0.076,0.604,0.114,0.244,0.446,0.136,0.258,0.118,0.12,0.104,0.136,1.148,0.09,0.226,0.0,0.19,0.112,0.228,0.182,0.228,0.35,0.848,0.134
07:08:00,0.316,0.176,0.098,0.346,0.116,0.396,0.264,0.228,0.42,0.474,0.08,0.16,0.064,0.084,0.204,0.212,0.22,0.076,0.604,0.114,0.244,0.446,0.136,0.258,0.118,0.12,0.104,0.136,1.148,0.09,0.226,0.0,0.19,0.112,0.228,0.182,0.228,0.35,0.848,0.134
07:09:00,0.316,0.176,0.098,0.346,0.116,0.396,0.264,0.228,0.42,0.474,0.08,0.16,0.064,0.084,0.204,0.212,0.22,0.076,0.604,0.114,0.244,0.446,0.136,0.258,0.118,0.12,0.104,0.136,1.148,0.09,0.226,0.0,0.19,0.112,0.228,0.182,0.228,0.35,0.848,0.134
07:10:00,0.316,0.176,0.098,0.346,0.116,0.396,0.264,0.228,0.42,0.474,0.08,0.16,0.064,0.084,0.204,0.212,0.22,0.076,0.604,0.114,0.244,0.446,0.136,0.258,0.118,0.12,0.104,0.136,1.148,0.09,0.226,0.0,0.19,0.112,0.228,0.182,0.228,0.35,0.848,0.134
07:11:00,0.316,0.176,0.098,0.346,0.116,0.396,0.264,0.228,0.42,0.474,0.08,0.16,0.064,0.084,0.204,0.212,0.22,0.076,0.604,0.114,0.244,0.446,0.136,0.258,0.118,0.12,0.104,0.136,1.148,0.09,0.226,0.0,0.19,0.112,0.228,0.182,0.228,0.35,0.848,0.134
07:12:00,0.316,0.176,0.098,0.346,0.116,0.396,0.264,0.228,0.42,0.474,0.08,0.16,0.064,0.084,0.204,0.212,0.22,0.076,0.604,0.114,0.244,0.446,0.136,0.258,0.118,0.12,0.104,0.136,1.148,0.09,0.226,0.0,0.19,0.112,0.228,0.182,0.228,0.35,0.848,0.134
07:13:00,0.316,0.176,0.098,0.346,0.116,0.396,0.264,0.228,0.42,0.474,0.08,0.16,0.064,0.084,0.204,0.212,0.22,0.076,0.604,0.114,0.244,0.446,0.136,0.258,0.118,0.12,0.104,0.136,1.148,0.09,0.226,0.0,0.19,0.112,0.228,0.182,0.228,0.35,0.848,0.134
07:14:00,0.316,0.176,0.098,0.346,0.116,0.396,0.264,0.228,0.42,0.474,0.08,0.16,0.064,0.084,0.204,0.212,0.22,0.076,0.604,0.114,0.244,0.446,0.136,0.258,0.118,0.12,0.104,0.136,1.148,0.09,0.226,0.0,0.19,0.112,0.228,0.182,0.228,0.35,0.848,0.134
07:15:00,0.316,0.176,0.098,0.346,0.116,0.396,0.264,0.228,0.42,0.474,0.08,0.16,0.064,0.084,0.204,0.212,0.22,0.076,0.604,0.114,0.244,0.446,0.136,0.258,0.118,0.12,0.104,0.136,1.148,0.09,0.226,0.0,0.19,0.112,0.228,0.182,0.228,0.35,0.848,0.134
07:16:00,0.316,0.176,0.098,0.346,0.116,0.396,0.264,0.228,0.42,0.474,0.08,0.16,0.064,0.084,0.204,0.212,0.22,0.076,0.604,0.114,0.244,0.446,0.136,0.258,0.118,0.12,0.104,0.136,1.148,0.09,0.226,0.0,0.19,0.112,0.228,0.182,0.228,0.35,0.848,0.134
07:17:00,0.316,0.176,0.098,0.346,0.116,0.396,0.264,0.228,0.42,0.474,0.08,0.16,0.064,0.084,0.204,0.212,0.22,0.076,0.604,0.114,0.244,0.446,0.136,0.258,0.118,0.12,0.104,0.136,1.148,0.09,0.226,0.0,0.19,0.112,0.228,0.182,0.228,0.35,0.848,0.134
07:18:00,0.316,0.176,0.098,0.346,0.116,0.396,0.264,0.228,0.42,0.474,0.08,0.16,0.064,0.084,0.204,0.212,0.22,0.076,0.604,0.114,0.244,0.446,0.136,0.258,0.118,0.12,0.104,0.136,1.148,0.09,0.226,0.0,0.19,0.112,0.228,0.182,0.228,0.35,0.848,0.134
07:19:00,0.316,0.176,0.098,0.346,0.116,0.396,0.264,0.228,0.42,0.474,0.08,0.16,0.064,0.084,0.204,0.212,0.22,0.076,0.604,0.114,0.244,0.446,0.136,0.258,0.118,0.12,0.104,0.136,1.148,0.09,0.226,0.0,0.19,0.112,0.228,0.182,0.228,0.35,0.848,0.134
07:20:00,0.316,0.176,0.098,0.346,0.116,0.396,0.264,0.228,0.42,0.474,0.08,0.16,0.064,0.084,0.204,0.212,0.22,0.076,0.604,0.114,0.244,0.446,0.136,0.258,0.118,0.12,0.104,0.136,1.148,0.09,0.226,0.0,0.19,0.112,0.228,0.182,0.228,0.35,0.848,0.134
07:21:00,0.316,0.176,0.098,0.346,0.116,0.396,0.264,0.228,0.42,0.474,0.08,0.16,0.064,0.084,0.204,0.212,0.22,0.076,0.604,0.114,0.244,0.446,0.136,0.258,0.118,0.12,0.104,0.136,1.148,0.09,0.226,0.0,0.19,0.112,0.228,0.182,0.228,0.35,0.848,0.134
07:22:00,0.316,0.176,0.098,0.346,0.116,0.396,0.264,0.228,0.42,0.474,0.08,0.16,0.064,0.084,0.204,0.212,0.22,0.076,0.604,0.114,0.244,0.446,0.136,0.258,0.118,0.12,0.104,0.136,1.148,0.09,0.226,0.0,0.19,0.112,0.228,0.182,0.228,0.35,0.848,0.134
07:23:00,0.316,0.176,0.098,0.346,0.116,0.396,0.264,0.228,0.42,0.474,0.08,0.16,0.064,0.084,0.204,0.212,0.22,0.076,0.604,0.114,0.244,0.446,0.136,0.258,0.118,0.12,0.104,0.136,1.148,0.09,0.226,0.0,0.19,0.112,0.228,0.182,0.228,0.35,0.848,0.134
07:24:00,0.316,0.176,0.098,0.346,0.116,0.396,0.264,0.228,0.42,0.474,0.08,0.16,0.064,0.084,0.204,0.212,0.22,0.076,0.604,0.114,0.244,0.446,0.136,0.258,0.118,0.12,0.104,0.136,1.148,0.09,0.226,0.0,0.19,0.112,0.228,0.182,0.228,0.35,0.848,0.134
07:25:00,0.316,0.176,0.098,0.346,0.116,0.396,0.264,0.228,0.42,0.474,0.08,0.16,0.064,0.084,0.204,0.212,0.22,0.076,0.604,0.114,0.244,0.446,0.136,0.258,0.118,0.12,0.104,0.136,1.148,0.09,0.226,0.0,0.19,0.112,0.228,0.182,0.228,0.35,0.848,0.134
07:26:00,0.316,0.176,0.098,0.346,0.116,0.396,0.264,0.228,0.42,0.474,0.08,0.16,0.064,0.084,0.204,0.212,0.22,0.076,0.604,0.114,0.244,0.446,0.136,0.258,0.118,0.12,0.104,0.136,1.148,0.09,0.226,0.0,0.19,0.112,0.228,0.182,0.228,0.35,0.848,0.134
07:27:00,0.316,0.176,0.098,0.346,0.116,0.396,0.264,0.228,0.42,0.474,0.08,0.16,0.064,0.084,0.204,0.212,0.22,0.076,0.604,0.114,0.244,0.446,0.136,0.258,0.118,0.12,0.104,0.136,1.148,0.09,0.226,0.0,0.19,0.112,0.228,0.182,0.228,0.35,0.848,0.134
07:28:00,0.316,0.176,0.098,0.346,0.116,0.396,0.264,0.228,0.42,0.474,0.08,0.16,0.064,0.084,0.204,0.212,0.22,0.076,0.604,0.114,0.244,0.446,0.136,0.258,0.118,0.12,0.104,0.136,1.148,0.09,0.226,0.0,0.19,0.112,0.228,0.182,0.228,0.35,0.848,0.134
07:29:00,0.316,0.176,0.098,0.346,0.116,0.396,0.264,0.228,0.42,0.474,0.08,0.16,0.064,0.084,0.204,0.212,0.22,0.076,0.604,0.114,0.244,0.446,0.136,0.258,0.118,0.12,0.104,0.136,1.148,0.09,0.226,0.0,0.19,0.112,0.228,0.182,0.228,0.35,0.848,0.134
07:30:00,0.614,0.24,0.11,0.252,0.166,0.426,0.262,0.288,0.132,0.55,0.144,0.162,0.104,0.052,0.194,0.226,0.21,0.116,0.206,0.166,0.11,0.42,0.184,0.306,0.074,0.096,0.05,0.14,0.182,1.212,0.266,0.182,0.288,0.22,0.204,0.1,0.606,0.27,0.564,0.14
07:31:00,0.614,0.24,0.11,0.252,0.166,0.426,0.262,0.288,0.132,0.55,0.144,0.162,0.104,0.052,0.194,0.226,0.21,0.116,0.206,0.166,0.11,0.42,0.184,0.306,0.074,0.096,0.05,0.14,0.182,1.212,0.266,0.182,0.288,0.22,0.204,0.1,0.606,0.27,0.564,0.14
07:32:00,0.614,0.24,0.11,0.252,0.166,0.426,0.262,0.288,0.132,0.55,0.144,0.162,0.104,0.052,0.194,0.226,0.21,0.116,0.206,0.166,0.11,0.42,0.184,0.306,0.074,0.096,0.05,0.14,0.182,1.212,0.266,0.182,0.288,0.22,0.204,0.1,0.606,0.27,0.564,0.14
07:33:00,0.614,0.24,0.11,0.252,0.166,0.426,0.262,0.288,0.132,0.55,0.144,0.162,0.104,0.052,0.194,0.226,0.21,0.116,0.206,0.166,0.11,0.42,0.184,0.306,0.074,0.096,0.05,0.14,0.182,1.212,0.266,0.182,0.288,0.22,0.204,0.1,0.606,0.27,0.564,0.14
07:34:00,0.614,0.24,0.11,0.252,0.166,0.426,0.262,0.288,0.132,0.55,0.144,0.162,0.104,0.052,0.194,0.226,0.21,0.116,0.206,0.166,0.11,0.42,0.184,0.306,0.074,0.096,0.05,0.14,0.182,1.212,0.266,0.182,0.288,0.22,0.204,0.1,0.606,0.27,0.564,0.14
07:35:00,0.614,0.24,0.11,0.252,0.166,0.426,0.262,0.288,0.132,0.55,0.144,0.162,0.104,0.052,0.194,0.226,0.21,0.116,0.206,0.166,0.11,0.42,0.184,0.306,0.074,0.096,0.05,0.14,0.182,1.212,0.266,0.182,0.288,0.22,0.204,0.1,0.606,0.27,0.564,0.14
07:36:00,0.614,0.24,0.11,0.252,0.166,0.426,0.262,0.288,0.132,0.55,0.144,0.162,0.104,0.052,0.194,0.226,0.21,0.116,0.206,0.166,0.11,0.42,0.184,0.306,0.074,0.096,0.05,0.14,0.182,1.212,0.266,0.182,0.288,0.22,0.204,0.1,0.606,0.27,0.564,0.14
07:37:00,0.614,0.24,0.11,0.252,0.166,0.426,0.262,0.288,0.132,0.55,0.144,0.162,0.104,0.052,0.194,0.226,0.21,0.116,0.206,0.166,0.11,0.42,0.184,0.306,0.074,0.096,0.05,0.14,0.182,1.212,0.266,0.182,0.288,0.22,0.204,0.1,0.606,0.27,0.564,0.14
07:38:00,0.614,0.24,0.11,0.252,0.166,0.426,0.262,0.288,0.132,0.55,0.144,0.162,0.104,0.052,0.194,0.226,0.21,0.116,0.206,0.166,0.11,0.42,0.184,0.306,0.074,0.096,0.05,0.14,0.182,1.212,0.266,0.182,0.288,0.22,0.204,0.1,0.606,0.27,0.564,0.14
07:39:00,0.614,0.24,0.11,0.252,0.166,0.426,0.262,0.288,0.132,0.55,0.144,0.162,0.104,0.052,0.194,0.226,0.21,0.116,0.206,0.166,0.11,0.42,0.184,0.306,0.074,0.096,0.05,0.14,0.182,1.212,0.266,0.182,0.288,0.22,0.204,0.1,0.606,0.27,0.564,0.14
07:40:00,0.614,0.24,0.11,0.252,0.166,0.426,0.262,0.288,0.132,0.55,0.144,0.162,0.104,0.052,0.194,0.226,0.21,0.116,0.206,0.166,0.11,0.42,0.184,0.306,0.074,0.096,0.05,0.14,0.182,1.212,0.266,0.182,0.288,0.22,0.204,0.1,0.606,0.27,0.564,0.14
07:41:00,0.614,0.24,0.11,0.252,0.166,0.426,0.262,0.288,0.132,0.55,0.144,0.162,0.104,0.052,0.194,0.226,0.21,0.116,0.206,0.166,0.11,0.42,0.184,0.306,0.074,0.096,0.05,0.14,0.182,1.212,0.266,0.182,0.288,0.22,0.204,0.1,0.606,0.27,0.564,0.14
07:42:00,0.614,0.24,0.11,0.252,0.166,0.426,0.262,0.288,0.132,0.55,0.144,0.162,0.104,0.052,0.194,0.226,0.21,0.116,0.206,0.166,0.11,0.42,0.184,0.306,0.074,0.096,0.05,0.14,0.182,1.212,0.266,0.182,0.288,0.22,0.204,0.1,0.606,0.27,0.564,0.14
07:43:00,0.614,0.24,0.11,0.252,0.166,0.426,0.262,0.288,0.132,0.55,0.144,0.162,0.104,0.052,0.194,0.226,0.21,0.116,0.206,0.166,0.11,0.42,0.184,0.306,0.074,0.096,0.05,0.14,0.182,1.212,0.266,0.182,0.288,0.22,0.204,0.1,0.606,0.27,0.564,0.14
07:44:00,0.614,0.24,0.11,0.252,0.166,0.426,0.262,0.288,0.132,0.55,0.144,0.162,0.104,0.052,0.194,0.226,0.21,0.116,0.206,0.166,0.11,0.42,0.184,0.306,0.074,0.096,0.05,0.14,0.182,1.212,0.266,0.182,0.288,0.22,0.204,0.1,0.606,0.27,0.564,0.14
07:45:00,0.614,0.24,0.11,0.252,0.166,0.426,0.262,0.288,0.132,0.55,0.144,0.162,0.104,0.052,0.194,0.226,0.21,0.116,0.206,0.166,0.11,0.42,0.184,0.306,0.074,0.096,0.05,0.14,0.182,1.212,0.266,0.182,0.288,0.22,0.204,0.1,0.606,0.27,0.564,0.14
07:46:00,0.614,0.24,0.11,0.252,0.166,0.426,0.262,0.288,0.132,0.55,0.144,0.162,0.104,0.052,0.194,0.226,0.21,0.116,0.206,0.166,0.11,0.42,0.184,0.306,0.074,0.096,0.05,0.14,0.182,1.212,0.266,0.182,0.288,0.22,0.204,0.1,0.606,0.27,0.564,0.14
07:47:00,0.614,0.24,0.11,0.252,0.166,0.426,0.262,0.288,0.132,0.55,0.144,0.162,0.104,0.052,0.194,0.226,0.21,0.116,0.206,0.166,0.11,0.42,0.184,0.306,0.074,0.096,0.05,0.14,0.182,1.212,0.266,0.182,0.288,0.22,0.204,0.1,0.606,0.27,0.564,0.14
07:48:00,0.614,0.24,0.11,0.252,0.166,0.426,0.262,0.288,0.132,0.55,0.144,0.162,0.104,0.052,0.194,0.226,0.21,0.116,0.206,0.166,0.11,0.42,0.184,0.306,0.074,0.096,0.05,0.14,0.182,1.212,0.266,0.182,0.288,0.22,0.204,0.1,0.606,0.27,0.564,0.14
07:49:00,0.614,0.24,0.11,0.252,0.166,0.426,0.262,0.288,0.132,0.55,0.144,0.162,0.104,0.052,0.194,0.226,0.21,0.116,0.206,0.166,0.11,0.42,0.184,0.306,0.074,0.096,0.05,0.14,0.182,1.212,0.266,0.182,0.288,0.22,0.204,0.1,0.606,0.27,0.564,0.14
07:50:00,0.614,0.24,0.11,0.252,0.166,0.426,0.262,0.288,0.132,0.55,0.144,0.162,0.104,0.052,0.194,0.226,0.21,0.116,0.206,0.166,0.11,0.42,0.184,0.306,0.074,0.096,0.05,0.14,0.182,1.212,0.266,0.182,0.288,0.22,0.204,0.1,0.606,0.27,0.564,0.14
07:51:00,0.614,0.24,0.11,0.252,0.166,0.426,0.262,0.288,0.132,0.55,0.144,0.162,0.104,0.052,0.194,0.226,0.21,0.116,0.206,0.166,0.11,0.42,0.184,0.306,0.074,0.096,0.05,0.14,0.182,1.212,0.266,0.182,0.288,0.22,0.204,0.1,0.606,0.27,0.564,0.14
07:52:00,0.614,0.24,0.11,0.252,0.166,0.426,0.262,0.288,0.132,0.55,0.144,0.162,0.104,0.052,0.194,0.226,0.21,0.116,0.206,0.166,0.11,0.42,0.184,0.306,0.074,0.096,0.05,0.14,0.182,1.212,0.266,0.182,0.288,0.22,0.204,0.1,0.606,0.27,0.564,0.14
07:53:00,0.614,0.24,0.11,0.252,0.166,0.426,0.262,0.288,0.132,0.55,0.144,0.162,0.104,0.052,0.194,0.226,0.21,0.116,0.206,0.166,0.11,0.42,0.184,0.306,0.074,0.096,0.05,0.14,0.182,1.212,0.266,0.182,0.288,0.22,0.204,0.1,0.606,0.27,0.564,0.14
07:54:00,0.614,0.24,0.11,0.252,0.166,0.426,0.262,0.288,0.132,0.55,0.144,0.162,0.104,0.052,0.194,0.226,0.21,0.116,0.206,0.166,0.11,0.42,0.184,0.306,0.074,0.096,0.05,0.14,0.182,1.212,0.266,0.182,0.288,0.22,0.204,0.1,0.606,0.27,0.564,0.14
07:55:00,0.614,0.24,0.11,0.252,0.166,0.426,0.262,0.288,0.132,0.55,0.144,0.162,0.104,0.052,0.194,0.226,0.21,0.116,0.206,0.166,0.11,0.42,0.184,0.306,0.074,0.096,0.05,0.14,0.182,1.212,0.266,0.182,0.288,0.22,0.204,0.1,0.606,0.27,0.564,0.14
07:56:00,0.614,0.24,0.11,0.252,0.166,0.426,0.262,0.288,0.132,0.55,0.144,0.162,0.104,0.052,0.194,0.226,0.21,0.116,0.206,0.166,0.11,0.42,0.184,0.306,0.074,0.096,0.05,0.14,0.182,1.212,0.266,0.182,0.288,0.22,0.204,0.1,0.606,0.27,0.564,0.14
07:57:00,0.614,0.24,0.11,0.252,0.166,0.426,0.262,0.288,0.132,0.55,0.144,0.162,0.104,0.052,0.194,0.226,0.21,0.116,0.206,0.166,0.11,0.42,0.184,0.306,0.074,0.096,0.05,0.14,0.182,1.212,0.266,0.182,0.288,0.22,0.204,0.1,0.606,0.27,0.564,0.14
07:58:00,0.614,0.24,0.11,0.252,0.166,0.426,0.262,0.288,0.132,0.55,0.144,0.162,0.104,0.052,0.194,0.226,0.21,0.116,0.206,0.166,0.11,0.42,0.184,0.306,0.074,0.096,0.05,0.14,0.182,1.212,0.266,0.182,0.288,0.22,0.204,0.1,0.606,0.27,0.564,0.14
07:59:00,0.614,0.24,0.11,0.252,0.166,0.426,0.262,0.288,0.132,0.55,0.144,0.162,0.104,0.052,0.194,0.226,0.21,0.116,0.206,0.166,0.11,0.42,0.184,0.306,0.074,0.096,0.05,0.14,0.182,1.212,0.266,0.182,0.288,0.22,0.204,0.1,0.606,0.27,0.564,0.14
08:00:00,1.152,0.404,0.588,0.324,0.162,0.352,0.27,0.262,1.046,0.368,0.246,0.41,0.128,0.028,0.192,0.222,0.206,0.532,0.304,0.182,0.058,0.758,0.132,0.33,0.112,0.23,0.102,0.168,0.296,0.518,0.37,0.0,0.506,0.664,0.352,0.26,0.176,0.436,1.08,0.128
08:01:00,1.152,0.404,0.588,0.324,0.162,0.352,0.27,0.262,1.046,0.368,0.246,0.41,0.128,0.028,0.192,0.222,0.206,0.532,0.304,0.182,0.058,0.758,0.132,0.33,0.112,0.23,0.102,0.168,0.296,0.518,0.37,0.0,0.506,0.664,0.352,0.26,0.176,0.436,1.08,0.128
08:02:00,1.152,0.404,0.588,0.324,0.162,0.352,0.27,0.262,1.046,0.368,0.246,0.41,0.128,0.028,0.192,0.222,0.206,0.532,0.304,0.182,0.058,0.758,0.132,0.33,0.112,0.23,0.102,0.168,0.296,0.518,0.37,0.0,0.506,0.664,0.352,0.26,0.176,0.436,1.08,0.128
08:03:00,1.152,0.404,0.588,0.324,0.162,0.352,0.27,0.262,1.046,0.368,0.246,0.41,0.128,0.028,0.192,0.222,0.206,0.532,0.304,0.182,0.058,0.758,0.132,0.33,0.112,0.23,0.102,0.168,0.296,0.518,0.37,0.0,0.506,0.664,0.352,0.26,0.176,0.436,1.08,0.128
08:04:00,1.152,0.404,0.588,0.324,0.162,0.352,0.27,0.262,1.046,0.368,0.246,0.41,0.128,0.028,0.192,0.222,0.206,0.532,0.304,0.182,0.058,0.758,0.132,0.33,0.112,0.23,0.102,0.168,0.296,0.518,0.37,0.0,0.506,0.664,0.352,0.26,0.176,0.436,1.08,0.128
08:05:00,1.152,0.404,0.588,0.324,0.162,0.352,0.27,0.262,1.046,0.368,0.246,0.41,0.128,0.028,0.192,0.222,0.206,0.532,0.304,0.182,0.058,0.758,0.132,0.33,0.112,0.23,0.102,0.168,0.296,0.518,0.37,0.0,0.506,0.664,0.352,0.26,0.176,0.436,1.08,0.128
08:06:00,1.152,0.404,0.588,0.324,0.162,0.352,0.27,0.262,1.046,0.368,0.246,0.41,0.128,0.028,0.192,0.222,0.206,0.532,0.304,0.182,0.058,0.758,0.132,0.33,0.112,0.23,0.102,0.168,0.296,0.518,0.37,0.0,0.506,0.664,0.352,0.26,0.176,0.436,1.08,0.128
08:07:00,1.152,0.404,0.588,0.324,0.162,0.352,0.27,0.262,1.046,0.368,0.246,0.41,0.128,0.028,0.192,0.222,0.206,0.532,0.304,0.182,0.058,0.758,0.132,0.33,0.112,0.23,0.102,0.168,0.296,0.518,0.37,0.0,0.506,0.664,0.352,0.26,0.176,0.436,1.08,0.128
08:08:00,1.152,0.404,0.588,0.324,0.162,0.352,0.27,0.262,1.046,0.368,0.246,0.41,0.128,0.028,0.192,0.222,0.206,0.532,0.304,0.182,0.058,0.758,0.132,0.33,0.112,0.23,0.102,0.168,0.296,0.518,0.37,0.0,0.506,0.664,0.352,0.26,0.176,0.436,1.08,0.128
08:09:00,1.152,0.404,0.588,0.324,0.162,0.352,0.27,0.262,1.046,0.368,0.246,0.41,0.128,0.028,0.192,0.222,0.206,0.532,0.304,0.182,0.058,0.758,0.132,0.33,0.112,0.23,0.102,0.168,0.296,0.518,0.37,0.0,0.506,0.664,0.352,0.26,0.176,0.436,1.08,0.128
08:10:00,1.152,0.404,0.588,0.324,0.162,0.352,0.27,0.262,1.046,0.368,0.246,0.41,0.128,0.028,0.192,0.222,0.206,0.532,0.304,0.182,0.058,0.758,0.132,0.33,0.112,0.23,0.102,0.168,0.296,0.518,0.37,0.0,0.506,0.664,0.352,0.26,0.176,0.436,1.08,0.128
08:11:00,1.152,0.404,0.588,0.324,0.162,0.352,0.27,0.262,1.046,0.368,0.246,0.41,0.128,0.028,0.192,0.222,0.206,0.532,0.304,0.182,0.058,0.758,0.132,0.33,0.112,0.23,0.102,0.168,0.296,0.518,0.37,0.0,0.506,0.664,0.352,0.26,0.176,0.436,1.08,0.128
08:12:00,1.152,0.404,0.588,0.324,0.162,0.352,0.27,0.262,1.046,0.368,0.246,0.41,0.128,0.028,0.192,0.222,0.206,0.532,0.304,0.182,0.058,0.758,0.132,0.33,0.112,0.23,0.102,0.168,0.296,0.518,0.37,0.0,0.506,0.664,0.352,0.26,0.176,0.436,1.08,0.128
08:13:00,1.152,0.404,0.588,0.324,0.162,0.352,0.27,0.262,1.046,0.368,0.246,0.41,0.128,0.028,0.192,0.222,0.206,0.532,0.304,0.182,0.058,0.758,0.132,0.33,0.112,0.23,0.102,0.168,0.296,0.518,0.37,0.0,0.506,0.664,0.352,0.26,0.176,0.436,1.08,0.128
08:14:00,1.152,0.404,0.588,0.324,0.162,0.352,0.27,0.262,1.046,0.368,0.246,0.41,0.128,0.028,0.192,0.222,0.206,0.532,0.304,0.182,0.058,0.758,0.132,0.33,0.112,0.23,0.102,0.168,0.296,0.518,0.37,0.0,0.506,0.664,0.352,0.26,0.176,0.436,1.08,0.128
08:15:00,1.1481804640891773,0.40018046408917735,0.5841804640891772,0.32018046408917733,0.1581804640891773,0.3481804640891773,0.26618046408917734,0.25818046408917733,1.0421804640891774,0.3641804640891773,0.2421804640891773,0.4061804640891773,0.12418046408917731,0.0241804640891773,0.1881804640891773,0.2181804640891773,0.20218046408917728,0.5281804640891773,0.3001804640891773,0.1781804640891773,0.0541804640891773,0.7541804640891773,0.1281804640891773,0.32618046408917734,0.10818046408917731,0.2261804640891773,0.0981804640891773,0.1641804640891773,0.2921804640891773,0.5141804640891773,0.3661804640891773,0.0,0.5021804640891773,0.6601804640891773,0.3481804640891773,0.25618046408917733,0.17218046408917728,0.4321804640891773,1.0761804640891774,0.12418046408917731
08:16:00,1.1422442912717403,0.3942442912717403,0.5782442912717403,0.3142442912717403,0.1522442912717403,0.3422442912717403,0.2602442912717403,0.2522442912717403,1.0362442912717404,0.3582442912717403,0.2362442912717403,0.40024429127174027,0.1182442912717403,0.0182442912717403,0.1822442912717403,0.2122442912717403,0.19624429127174028,0.5222442912717403,0.2942442912717403,0.1722442912717403,0.048244291271740306,0.7482442912717403,0.1222442912717403,0.3202442912717403,0.1022442912717403,0.2202442912717403,0.09224429127174029,0.1582442912717403,0.2862442912717403,0.5082442912717403,0.3602442912717403,0.0,0.4962442912717403,0.6542442912717403,0.3422442912717403,0.2502442912717403,0.16624429127174029,0.4262442912717403,1.0702442912717405,0.1182442912717403
08:17:00,1.1356656199177122,0.3876656199177123,0.5716656199177123,0.3076656199177123,0.14566561991771232,0.33566561991771227,0.2536656199177123,0.2456656199177123,1.0296656199177123,0.3516656199177123,0.22966561991771228,0.39366561991771226,0.1116656199177123,0.0116656199177123,0.1756656199177123,0.20566561991771232,0.1896656199177123,0.5156656199177123,0.2876656199177123,0.16566561991771228,0.0416656199177123,0.7416656199177123,0.1156656199177123,0.3136656199177123,0.0956656199177123,0.21366561991771232,0.0856656199177123,0.15166561991771232,0.27966561991771227,0.5016656199177123,0.3536656199177123,0.0,0.4896656199177123,0.6476656199177123,0.33566561991771227,0.2436656199177123,0.15966561991771228,0.4196656199177123,1.0636656199177124,0.1116656199177123
08:18:00,1.1284289183110072,0.38042891831100734,0.5644289183110073,0.3004289183110073,0.13842891831100732,0.3284289183110073,0.24642891831100733,0.23842891831100732,1.0224289183110074,0.3444289183110073,0.2224289183110073,0.3864289183110073,0.1044289183110073,0.0044289183110073,0.16842891831100731,0.1984289183110073,0.1824289183110073,0.5084289183110073,0.2804289183110073,0.1584289183110073,0.034428918311007306,0.7344289183110073,0.1084289183110073,0.3064289183110073,0.0884289183110073,0.20642891831100732,0.07842891831100729,0.14442891831100732,0.2724289183110073,0.4944289183110073,0.3464289183110073,0.0,0.4824289183110073,0.6404289183110073,0.3284289183110073,0.23642891831100732,0.1524289183110073,0.4124289183110073,1.0564289183110074,0.1044289183110073
08:19:00,1.1205232291357572,0.3725232291357572,0.5565232291357571,0.29252322913575723,0.1305232291357572,0.32052322913575715,0.23852322913575721,0.2305232291357572,1.0145232291357573,0.33652322913575716,0.2145232291357572,0.3785232291357572,0.0965232291357572,0.0,0.1605232291357572,0.1905232291357572,0.17452322913575719,0.5005232291357572,0.2725232291357572,0.1505232291357572,0.0265232291357572,0.7265232291357572,0.1005232291357572,0.29852322913575724,0.0805232291357572,0.1985232291357572,0.07052322913575719,0.1365232291357572,0.2645232291357572,0.4865232291357572,0.33852322913575716,0.0,0.4745232291357572,0.6325232291357572,0.32052322913575715,0.2285232291357572,0.1445232291357572,0.4045232291357572,1.0485232291357574,0.0965232291357572
08:20:00,1.111942071004698,0.3639420710046981,0.547942071004698,0.2839420710046981,0.1219420710046981,0.31194207100469806,0.2299420710046981,0.2219420710046981,1.0059420710046982,0.3279420710046981,0.20594207100469808,0.36994207100469806,0.0879420710046981,0.0,0.1519420710046981,0.1819420710046981,0.1659420710046981,0.4919420710046981,0.2639420710046981,0.14194207100469808,0.0179420710046981,0.7179420710046981,0.0919420710046981,0.2899420710046981,0.0719420710046981,0.18994207100469812,0.06194207100469809,0.12794207100469812,0.25594207100469807,0.4779420710046981,0.3299420710046981,0.0,0.4659420710046981,0.6239420710046981,0.31194207100469806,0.2199420710046981,0.13594207100469807,0.3959420710046981,1.0399420710046983,0.0879420710046981
08:21:00,1.1026832532398518,0.354683253239852,0.538683253239852,0.274683253239852,0.11268325323985201,0.30268325323985196,0.22068325323985202,0.21268325323985202,0.9966832532398521,0.31868325323985197,0.196683253239852,0.36068325323985195,0.07868325323985201,0.0,0.142683253239852,0.172683253239852,0.156683253239852,0.482683253239852,0.25468325323985197,0.132683253239852,0.008683253239852001,0.708683253239852,0.08268325323985201,0.280683253239852,0.062683253239852,0.18068325323985202,0.05268325323985199,0.11868325323985202,0.246683253239852,0.468683253239852,0.320683253239852,0.0,0.456683253239852,0.6146832532398521,0.30268325323985196,0.21068325323985201,0.126683253239852,0.386683253239852,1.030683253239852,0.07868325323985201
08:22:00,1.0927486579455399,0.34474865794553994,0.5287486579455398,0.2647486579455399,0.1027486579455399,0.2927486579455399,0.21074865794553993,0.20274865794553992,0.9867486579455399,0.3087486579455399,0.1867486579455399,0.3507486579455399,0.0687486579455399,0.0,0.13274865794553992,0.1627486579455399,0.14674865794553987,0.47274865794553994,0.2447486579455399,0.1227486579455399,0.0,0.6987486579455399,0.0727486579455399,0.27074865794553993,0.0527486579455399,0.1707486579455399,0.04274865794553989,0.10874865794553991,0.2367486579455399,0.45874865794553993,0.3107486579455399,0.0,0.4467486579455399,0.6047486579455399,0.2927486579455399,0.20074865794553992,0.11674865794553989,0.3767486579455399,1.02074865794554,0.0687486579455399
08:23:00,1.0821439108868933,0.33414391088689344,0.5181439108868934,0.2541439108868934,0.0921439108868934,0.2821439108868934,0.20014391088689343,0.19214391088689342,0.9761439108868935,0.2981439108868934,0.1761439108868934,0.3401439108868934,0.0581439108868934,0.0,0.1221439108868934,0.15214391088689339,0.13614391088689337,0.46214391088689344,0.2341439108868934,0.11214391088689339,0.0,0.6881439108868934,0.0621439108868934,0.2601439108868934,0.0421439108868934,0.1601439108868934,0.03214391088689339,0.0981439108868934,0.2261439108868934,0.4481439108868934,0.3001439108868934,0.0,0.4361439108868934,0.5941439108868934,0.2821439108868934,0.19014391088689342,0.10614391088689339,0.3661439108868934,1.0101439108868935,0.0581439108868934
08:24:00,1.0708780794926946,0.32287807949269476,0.5068780794926947,0.24287807949269472,0.08087807949269471,0.2708780794926947,0.18887807949269472,0.18087807949269472,0.9648780794926948,0.2868780794926947,0.1648780794926947,0.32887807949269465,0.04687807949269471,0.0,0.11087807949269471,0.1408780794926947,0.1248780794926947,0.45087807949269476,0.2228780794926947,0.1008780794926947,0.0,0.6768780794926947,0.05087807949269471,0.24887807949269472,0.030878079492694707,0.14887807949269471,0.0208780794926947,0.08687807949269472,0.2148780794926947,0.43687807949269475,0.28887807949269473,0.0,0.42487807949269474,0.5828780794926948,0.2708780794926947,0.1788780794926947,0.0948780794926947,0.3548780794926947,0.9988780794926948,0.04687807949269471
08:25:00,1.0589633192577728,0.31096331925777293,0.49496331925777287,0.23096331925777291,0.06896331925777291,0.2589633192577729,0.17696331925777292,0.16896331925777291,0.9529633192577729,0.2749633192577729,0.1529633192577729,0.3169633192577729,0.03496331925777291,0.0,0.09896331925777291,0.1289633192577729,0.11296331925777289,0.43896331925777293,0.2109633192577729,0.0889633192577729,0.0,0.6649633192577729,0.03896331925777291,0.23696331925777292,0.018963319257772907,0.13696331925777291,0.008963319257772898,0.07496331925777291,0.2029633192577729,0.4249633192577729,0.2769633192577729,0.0,0.4129633192577729,0.570963319257773,0.2589633192577729,0.1669633192577729,0.0829633192577729,0.3429633192577729,0.9869633192577729,0.03496331925777291
08:26:00,1.0464145161529783,0.29841451615297854,0.4824145161529785,0.21841451615297852,0.0564145161529785,0.2464145161529785,0.16441451615297853,0.15641451615297852,0.9404145161529786,0.2624145161529785,0.1404145161529785,0.3044145161529785,0.0224145161529785,0.0,0.0864145161529785,0.1164145161529785,0.10041451615297849,0.42641451615297854,0.1984145161529785,0.07641451615297849,0.0,0.6524145161529785,0.026414516152978504,0.22441451615297853,0.0064145161529785,0.12441451615297851,0.0,0.06241451615297851,0.1904145161529785,0.4124145161529785,0.2644145161529785,0.0,0.4004145161529785,0.5584145161529785,0.2464145161529785,0.15441451615297852,0.07041451615297849,0.3304145161529785,0.9744145161529786,0.0224145161529785
08:27:00,1.0332489284936983,0.28524892849369843,0.46924892849369837,0.2052489284936984,0.04324892849369841,0.23324892849369838,0.15124892849369842,0.1432489284936984,0.9272489284936984,0.2492489284936984,0.1272489284936984,0.2912489284936984,0.009248928493698405,0.0,0.0732489284936984,0.1032489284936984,0.08724892849369839,0.41324892849369843,0.1852489284936984,0.0632489284936984,0.0,0.6392489284936984,0.013248928493698409,0.21124892849369842,0.0,0.11124892849369841,0.0,0.04924892849369841,0.1772489284936984,0.3992489284936984,0.2512489284936984,0.0,0.3872489284936984,0.5452489284936984,0.23324892849369838,0.1412489284936984,0.05724892849369839,0.3172489284936984,0.9612489284936985,0.009248928493698405
08:28:00,1.0194858364354684,0.27148583643546853,0.45548583643546847,0.19148583643546851,0.02948583643546851,0.21948583643546848,0.13748583643546852,0.12948583643546852,0.9134858364354685,0.2354858364354685,0.1134858364354685,0.2774858364354685,0.0,0.0,0.05948583643546851,0.08948583643546851,0.0734858364354685,0.39948583643546853,0.1714858364354685,0.0494858364354685,0.0,0.6254858364354685,0.0,0.19748583643546852,0.0,0.09748583643546851,0.0,0.035485836435468515,0.1634858364354685,0.3854858364354685,0.2374858364354685,0.0,0.3734858364354685,0.5314858364354685,0.21948583643546848,0.1274858364354685,0.043485836435468495,0.3034858364354685,0.9474858364354686,0.0
08:29:00,1.0051462047700532,0.25714620477005334,0.4411462047700533,0.1771462047700533,0.015146204770053295,0.20514620477005327,0.12314620477005331,0.1151462047700533,0.8991462047700534,0.22114620477005328,0.09914620477005329,0.26314620477005324,0.0,0.0,0.045146204770053294,0.0751462047700533,0.05914620477005328,0.38514620477005335,0.15714620477005328,0.035146204770053285,0.0,0.6111462047700533,0.0,0.1831462047700533,0.0,0.0831462047700533,0.0,0.0211462047700533,0.14914620477005328,0.37114620477005333,0.22314620477005329,0.0,0.3591462047700533,0.5171462047700534,0.20514620477005327,0.1131462047700533,0.02914620477005328,0.28914620477005326,0.9331462047700534,0.0
08:30:00,0.38825236400106156,0.11825236400106154,0.2142523640010615,0.0,0.0,0.018252364001061505,0.2062523640010615,0.0462523640010615,0.030252364001061516,0.1342523640010615,0.0002523640010615169,0.03825236400106152,0.0,0.0,0.0442523640010615,0.03825236400106152,0.37225236400106154,0.1302523640010615,0.060252364001061515,0.0,0.0,0.5762523640010615,0.004421201086031133,0.016252364001061503,0.0,0.03625236400106152,0.0,0.3102523640010615,0.9462523640010616,0.2862523640010615,0.37425236400106154,0.0,0.10825236400106153,0.5522523640010615,0.08825236400106151,0.5502523640010615,0.0462523640010615,0.0,0.2742523640010615,0.0
08:31:00,0.37282771287975486,0.10282771287975484,0.19882771287975481,0.0,0.0,0.002827712879754807,0.1908277128797548,0.030827712879754804,0.014827712879754817,0.1188277128797548,0.0,0.022827712879754825,0.0,0.0,0.028827712879754802,0.022827712879754825,0.35682771287975484,0.1148277128797548,0.044827712879754816,0.0,0.0,0.5608277128797547,0.002827712879754807,0.000827712879754805,0.0,0.020827712879754823,0.0,0.2948277128797548,0.9308277128797549,0.2708277128797548,0.35882771287975485,0.0,0.09282771287975483,0.5368277128797547,0.07282771287975481,0.5348277128797547,0.030827712879754804,0.0,0.2588277128797548,0.0
08:32:00,0.3568964334928131,0.08689643349281304,0.182896433492813,0.0,0.0,0.0,0.174896433492813,0.014896433492813,0.0,0.102896433492813,0.0,0.00689643349281302,0.0,0.0,0.012896433492812998,0.00689643349281302,0.34089643349281307,0.09889643349281299,0.028896433492813012,0.0,0.0,0.544896433492813,0.0,0.0,0.0,0.004896433492813018,0.0,0.278896433492813,0.9148964334928131,0.254896433492813,0.34289643349281307,0.0,0.07689643349281303,0.520896433492813,0.05689643349281301,0.518896433492813,0.014896433492813,0.0,0.242896433492813,0.0
08:33:00,0.34048328544996764,0.07048328544996763,0.1664832854499676,0.0,0.0,0.0,0.1584832854499676,0.0,0.0,0.08648328544996758,0.0,0.0,0.0,0.0,0.0,0.0,0.32448328544996763,0.08248328544996758,0.012483285449967602,0.0,0.0,0.5284832854499676,0.0,0.0,0.0,0.0,0.0,0.2624832854499676,0.8984832854499677,0.2384832854499676,0.32648328544996763,0.0,0.060483285449967616,0.5044832854499676,0.0404832854499676,0.5024832854499676,0.0,0.0,0.2264832854499676,0.0
08:34:00,0.32361331737220234,0.05361331737220232,0.1496133173722023,0.0,0.0,0.0,0.14161331737220229,0.0,0.0,0.06961331737220228,0.0,0.0,0.0,0.0,0.0,0.0,0.3076133173722023,0.06561331737220227,0.0,0.0,0.0,0.5116133173722023,0.0,0.0,0.0,0.0,0.0,0.24561331737220227,0.8816133173722024,0.2216133173722023,0.3096133173722023,0.0,0.04361331737220231,0.48761331737220226,0.02361331737220229,0.48561331737220226,0.0,0.0,0.2096133173722023,0.0
08:35:00,0.30631171018362635,0.03631171018362633,0.1323117101836263,0.0,0.0,0.0,0.1243117101836263,0.0,0.0,0.05231171018362629,0.0,0.0,0.0,0.0,0.0,0.0,0.29031171018362634,0.04831171018362629,0.0,0.0,0.0,0.4943117101836263,0.0,0.0,0.0,0.0,0.0,0.22831171018362628,0.8643117101836264,0.20431171018362632,0.29231171018362634,0.0,0.026311710183626325,0.4703117101836263,0.006311710183626307,0.4683117101836263,0.0,0.0,0.1923117101836263,0.0
08:36:00,0.2886035913780222,0.0186035913780222,0.11460359137802217,0.0,0.0,0.0,0.10660359137802217,0.0,0.0,0.03460359137802216,0.0,0.0,0.0,0.0,0.0,0.0,0.2726035913780222,0.030603591378022155,0.0,0.0,0.0,0.47660359137802216,0.0,0.0,0.0,0.0,0.0,0.21060359137802215,0.8466035913780223,0.18660359137802218,0.2746035913780222,0.0,0.00860359137802219,0.45260359137802214,0.0,0.45060359137802214,0.0,0.0,0.17460359137802217,0.0
08:37:00,0.27051388260815495,0.0005138826081549364,0.09651388260815491,0.0,0.0,0.0,0.0885138826081549,0.0,0.0,0.016513882608154895,0.0,0.0,0.0,0.0,0.0,0.0,0.25451388260815494,0.012513882608154892,0.0,0.0,0.0,0.4585138826081549,0.0,0.0,0.0,0.0,0.0,0.19251388260815488,0.8285138826081551,0.16851388260815492,0.25651388260815494,0.0,0.0,0.4345138826081549,0.0,0.4325138826081549,0.0,0.0,0.1565138826081549,0.0
08:38:00,0.25206716915107646,0.0,0.07806716915107642,0.0,0.0,0.0,0.07006716915107641,0.0,0.0,0.0,0.0,0.0,0.0,0.0,0.0,0.0,0.23606716915107645,0.0,0.0,0.0,0.0,0.4400671691510764,0.0,0.0,0.0,0.0,0.0,0.1740671691510764,0.8100671691510766,0.15006716915107643,0.23806716915107645,0.0,0.0,0.4160671691510764,0.0,0.4140671691510764,0.0,0.0,0.13806716915107642,0.0
08:39:00,0.23328758906787084,0.0,0.059287589067870794,0.0,0.0,0.0,0.05128758906787079,0.0,0.0,0.0,0.0,0.0,0.0,0.0,0.0,0.0,0.21728758906787082,0.0,0.0,0.0,0.0,0.4212875890678708,0.0,0.0,0.0,0.0,0.0,0.15528758906787077,0.7912875890678709,0.1312875890678708,0.21928758906787083,0.0,0.0,0.39728758906787076,0.0,0.39528758906787076,0.0,0.0,0.11928758906787079,0.0
08:40:00,0.21419874090503044,0.0,0.040198740905030395,0.0,0.0,0.0,0.03219874090503039,0.0,0.0,0.0,0.0,0.0,0.0,0.0,0.0,0.0,0.19819874090503042,0.0,0.0,0.0,0.0,0.4021987409050304,0.0,0.0,0.0,0.0,0.0,0.13619874090503037,0.7721987409050305,0.1121987409050304,0.20019874090503043,0.0,0.0,0.37819874090503036,0.0,0.37619874090503036,0.0,0.0,0.10019874090503039,0.0
08:41:00,0.19482360812155747,0.0,0.020823608121557424,0.0,0.0,0.0,0.012823608121557417,0.0,0.0,0.0,0.0,0.0,0.0,0.0,0.0,0.0,0.17882360812155745,0.0,0.0,0.0,0.0,0.3828236081215574,0.0,0.0,0.0,0.0,0.0,0.1168236081215574,0.7528236081215576,0.09282360812155743,0.18082360812155746,0.0,0.0,0.3588236081215574,0.0,0.3568236081215574,0.0,0.0,0.08082360812155742,0.0
08:42:00,0.17518449840173517,0.0,0.0011844984017351234,0.0,0.0,0.0,0.0,0.0,0.0,0.0,0.0,0.0,0.0,0.0,0.0,0.0,0.15918449840173515,0.0,0.0,0.0,0.0,0.3631844984017351,0.0,0.0,0.0,0.0,0.0,0.0971844984017351,0.7331844984017353,0.07318449840173513,0.16118449840173515,0.0,0.0,0.3391844984017351,0.0,0.3371844984017351,0.0,0.0,0.06118449840173512,0.0
08:43:00,0.15530299679184983,0.0,0.0,0.0,0.0,0.0,0.0,0.0,0.0,0.0,0.0,0.0,0.0,0.0,0.0,0.0,0.13930299679184982,0.0,0.0,0.0,0.0,0.3433029967918498,0.0,0.0,0.0,0.0,0.0,0.07730299679184977,0.7133029967918498,0.0533029967918498,0.14130299679184982,0.0,0.0,0.31930299679184976,0.0,0.31730299679184976,0.0,0.0,0.04130299679184979,0.0
08:44:00,0.13519991686003596,0.0,0.0,0.0,0.0,0.0,0.0,0.0,0.0,0.0,0.0,0.0,0.0,0.0,0.0,0.0,0.11919991686003595,0.0,0.0,0.0,0.0,0.3231999168600359,0.0,0.0,0.0,0.0,0.0,0.05719991686003589,0.693199916860036,0.03319991686003593,0.12119991686003595,0.0,0.0,0.2991999168600359,0.0,0.2971999168600359,0.0,0.0,0.021199916860035917,0.0
08:45:00,0.11489533014920517,0.0,0.0,0.0,0.0,0.0,0.0,0.0,0.0,0.0,0.0,0.0,0.0,0.0,0.0,0.0,0.09889533014920515,0.0,0.0,0.0,0.0,0.3028953301492051,0.0,0.0,0.0,0.0,0.0,0.0368953301492051,0.6728953301492052,0.012895330149205131,0.10089533014920515,0.0,0.0,0.2788953301492051,0.0,0.2768953301492051,0.0,0.0,0.0008953301492051202,0.0
08:46:00,0.09440846978992146,0.0,0.0,0.0,0.0,0.0,0.0,0.0,0.0,0.0,0.0,0.0,0.0,0.0,0.0,0.0,0.07840846978992144,0.0,0.0,0.0,0.0,0.2824084697899214,0.0,0.0,0.0,0.0,0.0,0.016408469789921387,0.6524084697899215,0.0,0.08040846978992144,0.0,0.0,0.2584084697899214,0.0,0.2564084697899214,0.0,0.0,0.0,0.0
08:47:00,0.07375777653303645,0.0,0.0,0.0,0.0,0.0,0.0,0.0,0.0,0.0,0.0,0.0,0.0,0.0,0.0,0.0,0.05775777653303643,0.0,0.0,0.0,0.0,0.2617577765330364,0.0,0.0,0.0,0.0,0.0,0.0,0.6317577765330364,0.0,0.05975777653303643,0.0,0.0,0.23775777653303637,0.0,0.23575777653303637,0.0,0.0,0.0,0.0
08:48:00,0.05296088473551913,0.0,0.0,0.0,0.0,0.0,0.0,0.0,0.0,0.0,0.0,0.0,0.0,0.0,0.0,0.0,0.03696088473551912,0.0,0.0,0.0,0.0,0.24096088473551908,0.0,0.0,0.0,0.0,0.0,0.0,0.6109608847355192,0.0,0.03896088473551912,0.0,0.0,0.21696088473551906,0.0,0.21496088473551905,0.0,0.0,0.0,0.0
08:49:00,0.03203462712097882,0.0,0.0,0.0,0.0,0.0,0.0,0.0,0.0,0.0,0.0,0.0,0.0,0.0,0.0,0.0,0.016034627120978806,0.0,0.0,0.0,0.0,0.22003462712097877,0.0,0.0,0.0,0.0,0.0,0.0,0.5900346271209789,0.0,0.018034627120978808,0.0,0.0,0.19603462712097874,0.0,0.19403462712097874,0.0,0.0,0.0,0.0
08:50:00,0.010995044564628964,0.0,0.0,0.0,0.0,0.0,0.0,0.0,0.0,0.0,0.0,0.0,0.0,0.0,0.0,0.0,0.0,0.0,0.0,0.0,0.0,0.1989950445646289,0.0,0.0,0.0,0.0,0.0,0.0,0.568995044564629,0.0,0.0,0.0,0.0,0.1749950445646289,0.0,0.17299504456462889,0.0,0.0,0.0,0.0
08:51:00,0.0,0.0,0.0,0.0,0.0,0.0,0.0,0.0,0.0,0.0,0.0,0.0,0.0,0.0,0.0,0.0,0.0,0.0,0.0,0.0,0.0,0.17785739988038962,0.0,0.0,0.0,0.0,0.0,0.0,0.5478573998803897,0.0,0.0,0.0,0.0,0.1538573998803896,0.0,0.1518573998803896,0.0,0.0,0.0,0.0
08:52:00,0.0,0.0,0.0,0.0,0.0,0.0,0.0,0.0,0.0,0.0,0.0,0.0,0.0,0.0,0.0,0.0,0.0,0.0,0.0,0.0,0.0,0.15663619469179213,0.0,0.0,0.0,0.0,0.0,0.0,0.5266361946917922,0.0,0.0,0.0,0.0,0.1326361946917921,0.0,0.1306361946917921,0.0,0.0,0.0,0.0
08:53:00,0.0,0.0,0.0,0.0,0.0,0.0,0.0,0.0,0.0,0.0,0.0,0.0,0.0,0.0,0.0,0.0,0.0,0.0,0.0,0.0,0.0,0.1353451893221178,0.0,0.0,0.0,0.0,0.0,0.0,0.5053451893221179,0.0,0.0,0.0,0.0,0.11134518932211779,0.0,0.10934518932211779,0.0,0.0,0.0,0.0
08:54:00,0.0,0.0,0.0,0.0,0.0,0.0,0.0,0.0,0.0,0.0,0.0,0.0,0.0,0.0,0.0,0.0,0.0,0.0,0.0,0.0,0.0,0.1139974243613433,0.0,0.0,0.0,0.0,0.0,0.0,0.4839974243613434,0.0,0.0,0.0,0.0,0.08999742436134328,0.0,0.08799742436134328,0.0,0.0,0.0,0.0
08:55:00,0.0,0.0,0.0,0.0,0.0,0.0,0.0,0.0,0.0,0.0,0.0,0.0,0.0,0.0,0.0,0.0,0.0,0.0,0.0,0.0,0.0,0.09260522964624451,0.0,0.0,0.0,0.0,0.0,0.0,0.4626052296462446,0.0,0.0,0.0,0.0,0.06860522964624449,0.0,0.06660522964624449,0.0,0.0,0.0,0.0
08:56:00,0.0,0.0,0.0,0.0,0.0,0.0,0.0,0.0,0.0,0.0,0.0,0.0,0.0,0.0,0.0,0.0,0.0,0.0,0.0,0.0,0.0,0.07118030615459603,0.0,0.0,0.0,0.0,0.0,0.0,0.44118030615459614,0.0,0.0,0.0,0.0,0.04718030615459601,0.0,0.045180306154596006,0.0,0.0,0.0,0.0
08:57:00,0.0,0.0,0.0,0.0,0.0,0.0,0.0,0.0,0.0,0.0,0.0,0.0,0.0,0.0,0.0,0.0,0.0,0.0,0.0,0.0,0.0,0.04973366499428056,0.0,0.0,0.0,0.0,0.0,0.0,0.41973366499428066,0.0,0.0,0.0,0.0,0.025733664994280536,0.0,0.023733664994280534,0.0,0.0,0.0,0.0
08:58:00,0.0,0.0,0.0,0.0,0.0,0.0,0.0,0.0,0.0,0.0,0.0,0.0,0.0,0.0,0.0,0.0,0.0,0.0,0.0,0.0,0.0,0.02827571069637358,0.0,0.0,0.0,0.0,0.0,0.0,0.3982757106963737,0.0,0.0,0.0,0.0,0.004275710696373558,0.0,0.0022757106963735563,0.0,0.0,0.0,0.0
08:59:00,0.0,0.0,0.0,0.0,0.0,0.0,0.0,0.0,0.0,0.0,0.0,0.0,0.0,0.0,0.0,0.0,0.0,0.0,0.0,0.0,0.0,0.006816252618769614,0.0,0.0,0.0,0.0,0.0,0.0,0.3768162526187697,0.0,0.0,0.0,0.0,0.0,0.0,0.0,0.0,0.0,0.0,0.0
09:00:00,0.0,0.0,0.0,0.0,0.0,0.0,0.0,0.0,0.0,0.0,0.0,0.0,0.0,0.0,0.0,0.0,0.0,0.0,0.0,0.0,0.0,0.0,0.0,0.0,0.0,0.0,0.0,0.0,0.0,0.0,0.0,0.0,0.0,0.0,0.0,0.0,0.0,0.0,0.0,0.0
09:01:00,0.0,0.0,0.0,0.0,0.0,0.0,0.0,0.0,0.0,0.0,0.0,0.0,0.0,0.0,0.0,0.0,0.0,0.0,0.0,0.0,0.0,0.0,0.0,0.0,0.0,0.0,0.0,0.0,0.0,0.0,0.0,0.0,0.0,0.0,0.0,0.0,0.0,0.0,0.0,0.0
09:02:00,0.0,0.0,0.0,0.0,0.0,0.0,0.0,0.0,0.0,0.0,0.0,0.0,0.0,0.0,0.0,0.0,0.0,0.0,0.0,0.0,0.0,0.0,0.0,0.0,0.0,0.0,0.0,0.0,0.0,0.0,0.0,0.0,0.0,0.0,0.0,0.0,0.0,0.0,0.0,0.0
09:03:00,0.0,0.0,0.0,0.0,0.0,0.0,0.0,0.0,0.0,0.0,0.0,0.0,0.0,0.0,0.0,0.0,0.0,0.0,0.0,0.0,0.0,0.0,0.0,0.0,0.0,0.0,0.0,0.0,0.0,0.0,0.0,0.0,0.0,0.0,0.0,0.0,0.0,0.0,0.0,0.0
09:04:00,0.0,0.0,0.0,0.0,0.0,0.0,0.0,0.0,0.0,0.0,0.0,0.0,0.0,0.0,0.0,0.0,0.0,0.0,0.0,0.0,0.0,0.0,0.0,0.0,0.0,0.0,0.0,0.0,0.0,0.0,0.0,0.0,0.0,0.0,0.0,0.0,0.0,0.0,0.0,0.0
09:05:00,0.0,0.0,0.0,0.0,0.0,0.0,0.0,0.0,0.0,0.0,0.0,0.0,0.0,0.0,0.0,0.0,0.0,0.0,0.0,0.0,0.0,0.0,0.0,0.0,0.0,0.0,0.0,0.0,0.0,0.0,0.0,0.0,0.0,0.0,0.0,0.0,0.0,0.0,0.0,0.0
09:06:00,0.0,0.0,0.0,0.0,0.0,0.0,0.0,0.0,0.0,0.0,0.0,0.0,0.0,0.0,0.0,0.0,0.0,0.0,0.0,0.0,0.0,0.0,0.0,0.0,0.0,0.0,0.0,0.0,0.0,0.0,0.0,0.0,0.0,0.0,0.0,0.0,0.0,0.0,0.0,0.0
09:07:00,0.0,0.0,0.0,0.0,0.0,0.0,0.0,0.0,0.0,0.0,0.0,0.0,0.0,0.0,0.0,0.0,0.0,0.0,0.0,0.0,0.0,0.0,0.0,0.0,0.0,0.0,0.0,0.0,0.0,0.0,0.0,0.0,0.0,0.0,0.0,0.0,0.0,0.0,0.0,0.0
09:08:00,0.0,0.0,0.0,0.0,0.0,0.0,0.0,0.0,0.0,0.0,0.0,0.0,0.0,0.0,0.0,0.0,0.0,0.0,0.0,0.0,0.0,0.0,0.0,0.0,0.0,0.0,0.0,0.0,0.0,0.0,0.0,0.0,0.0,0.0,0.0,0.0,0.0,0.0,0.0,0.0
09:09:00,0.0,0.0,0.0,0.0,0.0,0.0,0.0,0.0,0.0,0.0,0.0,0.0,0.0,0.0,0.0,0.0,0.0,0.0,0.0,0.0,0.0,0.0,0.0,0.0,0.0,0.0,0.0,0.0,0.0,0.0,0.0,0.0,0.0,0.0,0.0,0.0,0.0,0.0,0.0,0.0
09:10:00,0.0,0.0,0.0,0.0,0.0,0.0,0.0,0.0,0.0,0.0,0.0,0.0,0.0,0.0,0.0,0.0,0.0,0.0,0.0,0.0,0.0,0.0,0.0,0.0,0.0,0.0,0.0,0.0,0.0,0.0,0.0,0.0,0.0,0.0,0.0,0.0,0.0,0.0,0.0,0.0
09:11:00,0.0,0.0,0.0,0.0,0.0,0.0,0.0,0.0,0.0,0.0,0.0,0.0,0.0,0.0,0.0,0.0,0.0,0.0,0.0,0.0,0.0,0.0,0.0,0.0,0.0,0.0,0.0,0.0,0.0,0.0,0.0,0.0,0.0,0.0,0.0,0.0,0.0,0.0,0.0,0.0
09:12:00,0.0,0.0,0.0,0.0,0.0,0.0,0.0,0.0,0.0,0.0,0.0,0.0,0.0,0.0,0.0,0.0,0.0,0.0,0.0,0.0,0.0,0.0,0.0,0.0,0.0,0.0,0.0,0.0,0.0,0.0,0.0,0.0,0.0,0.0,0.0,0.0,0.0,0.0,0.0,0.0
09:13:00,0.0,0.0,0.0,0.0,0.0,0.0,0.0,0.0,0.0,0.0,0.0,0.0,0.0,0.0,0.0,0.0,0.0,0.0,0.0,0.0,0.0,0.0,0.0,0.0,0.0,0.0,0.0,0.0,0.0,0.0,0.0,0.0,0.0,0.0,0.0,0.0,0.0,0.0,0.0,0.0
09:14:00,0.0,0.0,0.0,0.0,0.0,0.0,0.0,0.0,0.0,0.0,0.0,0.0,0.0,0.0,0.0,0.0,0.0,0.0,0.0,0.0,0.0,0.0,0.0,0.0,0.0,0.0,0.0,0.0,0.0,0.0,0.0,0.0,0.0,0.0,0.0,0.0,0.0,0.0,0.0,0.0
09:15:00,0.0,0.0,0.0,0.0,0.0,0.0,0.0,0.0,0.0,0.0,0.0,0.0,0.0,0.0,0.0,0.0,0.0,0.0,0.0,0.0,0.0,0.0,0.0,0.0,0.0,0.0,0.0,0.0,0.0,0.0,0.0,0.0,0.0,0.0,0.0,0.0,0.0,0.0,0.0,0.0
09:16:00,0.0,0.0,0.0,0.0,0.0,0.0,0.0,0.0,0.0,0.0,0.0,0.0,0.0,0.0,0.0,0.0,0.0,0.0,0.0,0.0,0.0,0.0,0.0,0.0,0.0,0.0,0.0,0.0,0.0,0.0,0.0,0.0,0.0,0.0,0.0,0.0,0.0,0.0,0.0,0.0
09:17:00,0.0,0.0,0.0,0.0,0.0,0.0,0.0,0.0,0.0,0.0,0.0,0.0,0.0,0.0,0.0,0.0,0.0,0.0,0.0,0.0,0.0,0.0,0.0,0.0,0.0,0.0,0.0,0.0,0.0,0.0,0.0,0.0,0.0,0.0,0.0,0.0,0.0,0.0,0.0,0.0
09:18:00,0.0,0.0,0.0,0.0,0.0,0.0,0.0,0.0,0.0,0.0,0.0,0.0,0.0,0.0,0.0,0.0,0.0,0.0,0.0,0.0,0.0,0.0,0.0,0.0,0.0,0.0,0.0,0.0,0.0,0.0,0.0,0.0,0.0,0.0,0.0,0.0,0.0,0.0,0.0,0.0
09:19:00,0.0,0.0,0.0,0.0,0.0,0.0,0.0,0.0,0.0,0.0,0.0,0.0,0.0,0.0,0.0,0.0,0.0,0.0,0.0,0.0,0.0,0.0,0.0,0.0,0.0,0.0,0.0,0.0,0.0,0.0,0.0,0.0,0.0,0.0,0.0,0.0,0.0,0.0,0.0,0.0
09:20:00,0.0,0.0,0.0,0.0,0.0,0.0,0.0,0.0,0.0,0.0,0.0,0.0,0.0,0.0,0.0,0.0,0.0,0.0,0.0,0.0,0.0,0.0,0.0,0.0,0.0,0.0,0.0,0.0,0.0,0.0,0.0,0.0,0.0,0.0,0.0,0.0,0.0,0.0,0.0,0.0
09:21:00,0.0,0.0,0.0,0.0,0.0,0.0,0.0,0.0,0.0,0.0,0.0,0.0,0.0,0.0,0.0,0.0,0.0,0.0,0.0,0.0,0.0,0.0,0.0,0.0,0.0,0.0,0.0,0.0,0.0,0.0,0.0,0.0,0.0,0.0,0.0,0.0,0.0,0.0,0.0,0.0
09:22:00,0.0,0.0,0.0,0.0,0.0,0.0,0.0,0.0,0.0,0.0,0.0,0.0,0.0,0.0,0.0,0.0,0.0,0.0,0.0,0.0,0.0,0.0,0.0,0.0,0.0,0.0,0.0,0.0,0.0,0.0,0.0,0.0,0.0,0.0,0.0,0.0,0.0,0.0,0.0,0.0
09:23:00,0.0,0.0,0.0,0.0,0.0,0.0,0.0,0.0,0.0,0.0,0.0,0.0,0.0,0.0,0.0,0.0,0.0,0.0,0.0,0.0,0.0,0.0,0.0,0.0,0.0,0.0,0.0,0.0,0.0,0.0,0.0,0.0,0.0,0.0,0.0,0.0,0.0,0.0,0.0,0.0
09:24:00,0.0,0.0,0.0,0.0,0.0,0.0,0.0,0.0,0.0,0.0,0.0,0.0,0.0,0.0,0.0,0.0,0.0,0.0,0.0,0.0,0.0,0.0,0.0,0.0,0.0,0.0,0.0,0.0,0.0,0.0,0.0,0.0,0.0,0.0,0.0,0.0,0.0,0.0,0.0,0.0
09:25:00,0.0,0.0,0.0,0.0,0.0,0.0,0.0,0.0,0.0,0.0,0.0,0.0,0.0,0.0,0.0,0.0,0.0,0.0,0.0,0.0,0.0,0.0,0.0,0.0,0.0,0.0,0.0,0.0,0.0,0.0,0.0,0.0,0.0,0.0,0.0,0.0,0.0,0.0,0.0,0.0
09:26:00,0.0,0.0,0.0,0.0,0.0,0.0,0.0,0.0,0.0,0.0,0.0,0.0,0.0,0.0,0.0,0.0,0.0,0.0,0.0,0.0,0.0,0.0,0.0,0.0,0.0,0.0,0.0,0.0,0.0,0.0,0.0,0.0,0.0,0.0,0.0,0.0,0.0,0.0,0.0,0.0
09:27:00,0.0,0.0,0.0,0.0,0.0,0.0,0.0,0.0,0.0,0.0,0.0,0.0,0.0,0.0,0.0,0.0,0.0,0.0,0.0,0.0,0.0,0.0,0.0,0.0,0.0,0.0,0.0,0.0,0.0,0.0,0.0,0.0,0.0,0.0,0.0,0.0,0.0,0.0,0.0,0.0
09:28:00,0.0,0.0,0.0,0.0,0.0,0.0,0.0,0.0,0.0,0.0,0.0,0.0,0.0,0.0,0.0,0.0,0.0,0.0,0.0,0.0,0.0,0.0,0.0,0.0,0.0,0.0,0.0,0.0,0.0,0.0,0.0,0.0,0.0,0.0,0.0,0.0,0.0,0.0,0.0,0.0
09:29:00,0.0,0.0,0.0,0.0,0.0,0.0,0.0,0.0,0.0,0.0,0.0,0.0,0.0,0.0,0.0,0.0,0.0,0.0,0.0,0.0,0.0,0.0,0.0,0.0,0.0,0.0,0.0,0.0,0.0,0.0,0.0,0.0,0.0,0.0,0.0,0.0,0.0,0.0,0.0,0.0
09:30:00,0.0,0.0,0.0,0.0,0.0,0.0,0.0,0.0,0.0,0.0,0.0,0.0,0.0,0.0,0.0,0.0,0.0,0.0,0.0,0.0,0.0,0.0,0.0,0.0,0.0,0.0,0.0,0.0,0.0,0.0,0.0,0.0,0.0,0.0,0.0,0.0,0.0,0.0,0.0,0.0
09:31:00,0.0,0.0,0.0,0.0,0.0,0.0,0.0,0.0,0.0,0.0,0.0,0.0,0.0,0.0,0.0,0.0,0.0,0.0,0.0,0.0,0.0,0.0,0.0,0.0,0.0,0.0,0.0,0.0,0.0,0.0,0.0,0.0,0.0,0.0,0.0,0.0,0.0,0.0,0.0,0.0
09:32:00,0.0,0.0,0.0,0.0,0.0,0.0,0.0,0.0,0.0,0.0,0.0,0.0,0.0,0.0,0.0,0.0,0.0,0.0,0.0,0.0,0.0,0.0,0.0,0.0,0.0,0.0,0.0,0.0,0.0,0.0,0.0,0.0,0.0,0.0,0.0,0.0,0.0,0.0,0.0,0.0
09:33:00,0.0,0.0,0.0,0.0,0.0,0.0,0.0,0.0,0.0,0.0,0.0,0.0,0.0,0.0,0.0,0.0,0.0,0.0,0.0,0.0,0.0,0.0,0.0,0.0,0.0,0.0,0.0,0.0,0.0,0.0,0.0,0.0,0.0,0.0,0.0,0.0,0.0,0.0,0.0,0.0
09:34:00,0.0,0.0,0.0,0.0,0.0,0.0,0.0,0.0,0.0,0.0,0.0,0.0,0.0,0.0,0.0,0.0,0.0,0.0,0.0,0.0,0.0,0.0,0.0,0.0,0.0,0.0,0.0,0.0,0.0,0.0,0.0,0.0,0.0,0.0,0.0,0.0,0.0,0.0,0.0,0.0
09:35:00,0.0,0.0,0.0,0.0,0.0,0.0,0.0,0.0,0.0,0.0,0.0,0.0,0.0,0.0,0.0,0.0,0.0,0.0,0.0,0.0,0.0,0.0,0.0,0.0,0.0,0.0,0.0,0.0,0.0,0.0,0.0,0.0,0.0,0.0,0.0,0.0,0.0,0.0,0.0,0.0
09:36:00,0.0,0.0,0.0,0.0,0.0,0.0,0.0,0.0,0.0,0.0,0.0,0.0,0.0,0.0,0.0,0.0,0.0,0.0,0.0,0.0,0.0,0.0,0.0,0.0,0.0,0.0,0.0,0.0,0.0,0.0,0.0,0.0,0.0,0.0,0.0,0.0,0.0,0.0,0.0,0.0
09:37:00,0.0,0.0,0.0,0.0,0.0,0.0,0.0,0.0,0.0,0.0,0.0,0.0,0.0,0.0,0.0,0.0,0.0,0.0,0.0,0.0,0.0,0.0,0.0,0.0,0.0,0.0,0.0,0.0,0.0,0.0,0.0,0.0,0.0,0.0,0.0,0.0,0.0,0.0,0.0,0.0
09:38:00,0.0,0.0,0.0,0.0,0.0,0.0,0.0,0.0,0.0,0.0,0.0,0.0,0.0,0.0,0.0,0.0,0.0,0.0,0.0,0.0,0.0,0.0,0.0,0.0,0.0,0.0,0.0,0.0,0.0,0.0,0.0,0.0,0.0,0.0,0.0,0.0,0.0,0.0,0.0,0.0
09:39:00,0.0,0.0,0.0,0.0,0.0,0.0,0.0,0.0,0.0,0.0,0.0,0.0,0.0,0.0,0.0,0.0,0.0,0.0,0.0,0.0,0.0,0.0,0.0,0.0,0.0,0.0,0.0,0.0,0.0,0.0,0.0,0.0,0.0,0.0,0.0,0.0,0.0,0.0,0.0,0.0
09:40:00,0.0,0.0,0.0,0.0,0.0,0.0,0.0,0.0,0.0,0.0,0.0,0.0,0.0,0.0,0.0,0.0,0.0,0.0,0.0,0.0,0.0,0.0,0.0,0.0,0.0,0.0,0.0,0.0,0.0,0.0,0.0,0.0,0.0,0.0,0.0,0.0,0.0,0.0,0.0,0.0
09:41:00,0.0,0.0,0.0,0.0,0.0,0.0,0.0,0.0,0.0,0.0,0.0,0.0,0.0,0.0,0.0,0.0,0.0,0.0,0.0,0.0,0.0,0.0,0.0,0.0,0.0,0.0,0.0,0.0,0.0,0.0,0.0,0.0,0.0,0.0,0.0,0.0,0.0,0.0,0.0,0.0
09:42:00,0.0,0.0,0.0,0.0,0.0,0.0,0.0,0.0,0.0,0.0,0.0,0.0,0.0,0.0,0.0,0.0,0.0,0.0,0.0,0.0,0.0,0.0,0.0,0.0,0.0,0.0,0.0,0.0,0.0,0.0,0.0,0.0,0.0,0.0,0.0,0.0,0.0,0.0,0.0,0.0
09:43:00,0.0,0.0,0.0,0.0,0.0,0.0,0.0,0.0,0.0,0.0,0.0,0.0,0.0,0.0,0.0,0.0,0.0,0.0,0.0,0.0,0.0,0.0,0.0,0.0,0.0,0.0,0.0,0.0,0.0,0.0,0.0,0.0,0.0,0.0,0.0,0.0,0.0,0.0,0.0,0.0
09:44:00,0.0,0.0,0.0,0.0,0.0,0.0,0.0,0.0,0.0,0.0,0.0,0.0,0.0,0.0,0.0,0.0,0.0,0.0,0.0,0.0,0.0,0.0,0.0,0.0,0.0,0.0,0.0,0.0,0.0,0.0,0.0,0.0,0.0,0.0,0.0,0.0,0.0,0.0,0.0,0.0
09:45:00,0.0,0.0,0.0,0.0,0.0,0.0,0.0,0.0,0.0,0.0,0.0,0.0,0.0,0.0,0.0,0.0,0.0,0.0,0.0,0.0,0.0,0.0,0.0,0.0,0.0,0.0,0.0,0.0,0.0,0.0,0.0,0.0,0.0,0.0,0.0,0.0,0.0,0.0,0.0,0.0
09:46:00,0.0,0.0,0.0,0.0,0.0,0.0,0.0,0.0,0.0,0.0,0.0,0.0,0.0,0.0,0.0,0.0,0.0,0.0,0.0,0.0,0.0,0.0,0.0,0.0,0.0,0.0,0.0,0.0,0.0,0.0,0.0,0.0,0.0,0.0,0.0,0.0,0.0,0.0,0.0,0.0
09:47:00,0.0,0.0,0.0,0.0,0.0,0.0,0.0,0.0,0.0,0.0,0.0,0.0,0.0,0.0,0.0,0.0,0.0,0.0,0.0,0.0,0.0,0.0,0.0,0.0,0.0,0.0,0.0,0.0,0.0,0.0,0.0,0.0,0.0,0.0,0.0,0.0,0.0,0.0,0.0,0.0
09:48:00,0.0,0.0,0.0,0.0,0.0,0.0,0.0,0.0,0.0,0.0,0.0,0.0,0.0,0.0,0.0,0.0,0.0,0.0,0.0,0.0,0.0,0.0,0.0,0.0,0.0,0.0,0.0,0.0,0.0,0.0,0.0,0.0,0.0,0.0,0.0,0.0,0.0,0.0,0.0,0.0
09:49:00,0.0,0.0,0.0,0.0,0.0,0.0,0.0,0.0,0.0,0.0,0.0,0.0,0.0,0.0,0.0,0.0,0.0,0.0,0.0,0.0,0.0,0.0,0.0,0.0,0.0,0.0,0.0,0.0,0.0,0.0,0.0,0.0,0.0,0.0,0.0,0.0,0.0,0.0,0.0,0.0
09:50:00,0.0,0.0,0.0,0.0,0.0,0.0,0.0,0.0,0.0,0.0,0.0,0.0,0.0,0.0,0.0,0.0,0.0,0.0,0.0,0.0,0.0,0.0,0.0,0.0,0.0,0.0,0.0,0.0,0.0,0.0,0.0,0.0,0.0,0.0,0.0,0.0,0.0,0.0,0.0,0.0
09:51:00,0.0,0.0,0.0,0.0,0.0,0.0,0.0,0.0,0.0,0.0,0.0,0.0,0.0,0.0,0.0,0.0,0.0,0.0,0.0,0.0,0.0,0.0,0.0,0.0,0.0,0.0,0.0,0.0,0.0,0.0,0.0,0.0,0.0,0.0,0.0,0.0,0.0,0.0,0.0,0.0
09:52:00,0.0,0.0,0.0,0.0,0.0,0.0,0.0,0.0,0.0,0.0,0.0,0.0,0.0,0.0,0.0,0.0,0.0,0.0,0.0,0.0,0.0,0.0,0.0,0.0,0.0,0.0,0.0,0.0,0.0,0.0,0.0,0.0,0.0,0.0,0.0,0.0,0.0,0.0,0.0,0.0
09:53:00,0.0,0.0,0.0,0.0,0.0,0.0,0.0,0.0,0.0,0.0,0.0,0.0,0.0,0.0,0.0,0.0,0.0,0.0,0.0,0.0,0.0,0.0,0.0,0.0,0.0,0.0,0.0,0.0,0.0,0.0,0.0,0.0,0.0,0.0,0.0,0.0,0.0,0.0,0.0,0.0
09:54:00,0.0,0.0,0.0,0.0,0.0,0.0,0.0,0.0,0.0,0.0,0.0,0.0,0.0,0.0,0.0,0.0,0.0,0.0,0.0,0.0,0.0,0.0,0.0,0.0,0.0,0.0,0.0,0.0,0.0,0.0,0.0,0.0,0.0,0.0,0.0,0.0,0.0,0.0,0.0,0.0
09:55:00,0.0,0.0,0.0,0.0,0.0,0.0,0.0,0.0,0.0,0.0,0.0,0.0,0.0,0.0,0.0,0.0,0.0,0.0,0.0,0.0,0.0,0.0,0.0,0.0,0.0,0.0,0.0,0.0,0.0,0.0,0.0,0.0,0.0,0.0,0.0,0.0,0.0,0.0,0.0,0.0
09:56:00,0.0,0.0,0.0,0.0,0.0,0.0,0.0,0.0,0.0,0.0,0.0,0.0,0.0,0.0,0.0,0.0,0.0,0.0,0.0,0.0,0.0,0.0,0.0,0.0,0.0,0.0,0.0,0.0,0.0,0.0,0.0,0.0,0.0,0.0,0.0,0.0,0.0,0.0,0.0,0.0
09:57:00,0.0,0.0,0.0,0.0,0.0,0.0,0.0,0.0,0.0,0.0,0.0,0.0,0.0,0.0,0.0,0.0,0.0,0.0,0.0,0.0,0.0,0.0,0.0,0.0,0.0,0.0,0.0,0.0,0.0,0.0,0.0,0.0,0.0,0.0,0.0,0.0,0.0,0.0,0.0,0.0
09:58:00,0.0,0.0,0.0,0.0,0.0,0.0,0.0,0.0,0.0,0.0,0.0,0.0,0.0,0.0,0.0,0.0,0.0,0.0,0.0,0.0,0.0,0.0,0.0,0.0,0.0,0.0,0.0,0.0,0.0,0.0,0.0,0.0,0.0,0.0,0.0,0.0,0.0,0.0,0.0,0.0
09:59:00,0.0,0.0,0.0,0.0,0.0,0.0,0.0,0.0,0.0,0.0,0.0,0.0,0.0,0.0,0.0,0.0,0.0,0.0,0.0,0.0,0.0,0.0,0.0,0.0,0.0,0.0,0.0,0.0,0.0,0.0,0.0,0.0,0.0,0.0,0.0,0.0,0.0,0.0,0.0,0.0
10:00:00,0.0,0.0,0.0,0.0,0.0,0.0,0.0,0.0,0.0,0.0,0.0,0.0,0.0,0.0,0.0,0.0,0.0,0.0,0.0,0.0,0.0,0.0,0.0,0.0,0.0,0.0,0.0,0.0,0.0,0.0,0.0,0.0,0.0,0.0,0.0,0.0,0.0,0.0,0.0,0.0
10:01:00,0.0,0.0,0.0,0.0,0.0,0.0,0.0,0.0,0.0,0.0,0.0,0.0,0.0,0.0,0.0,0.0,0.0,0.0,0.0,0.0,0.0,0.0,0.0,0.0,0.0,0.0,0.0,0.0,0.0,0.0,0.0,0.0,0.0,0.0,0.0,0.0,0.0,0.0,0.0,0.0
10:02:00,0.0,0.0,0.0,0.0,0.0,0.0,0.0,0.0,0.0,0.0,0.0,0.0,0.0,0.0,0.0,0.0,0.0,0.0,0.0,0.0,0.0,0.0,0.0,0.0,0.0,0.0,0.0,0.0,0.0,0.0,0.0,0.0,0.0,0.0,0.0,0.0,0.0,0.0,0.0,0.0
10:03:00,0.0,0.0,0.0,0.0,0.0,0.0,0.0,0.0,0.0,0.0,0.0,0.0,0.0,0.0,0.0,0.0,0.0,0.0,0.0,0.0,0.0,0.0,0.0,0.0,0.0,0.0,0.0,0.0,0.0,0.0,0.0,0.0,0.0,0.0,0.0,0.0,0.0,0.0,0.0,0.0
10:04:00,0.0,0.0,0.0,0.0,0.0,0.0,0.0,0.0,0.0,0.0,0.0,0.0,0.0,0.0,0.0,0.0,0.0,0.0,0.0,0.0,0.0,0.0,0.0,0.0,0.0,0.0,0.0,0.0,0.0,0.0,0.0,0.0,0.0,0.0,0.0,0.0,0.0,0.0,0.0,0.0
10:05:00,0.0,0.0,0.0,0.0,0.0,0.0,0.0,0.0,0.0,0.0,0.0,0.0,0.0,0.0,0.0,0.0,0.0,0.0,0.0,0.0,0.0,0.0,0.0,0.0,0.0,0.0,0.0,0.0,0.0,0.0,0.0,0.0,0.0,0.0,0.0,0.0,0.0,0.0,0.0,0.0
10:06:00,0.0,0.0,0.0,0.0,0.0,0.0,0.0,0.0,0.0,0.0,0.0,0.0,0.0,0.0,0.0,0.0,0.0,0.0,0.0,0.0,0.0,0.0,0.0,0.0,0.0,0.0,0.0,0.0,0.0,0.0,0.0,0.0,0.0,0.0,0.0,0.0,0.0,0.0,0.0,0.0
10:07:00,0.0,0.0,0.0,0.0,0.0,0.0,0.0,0.0,0.0,0.0,0.0,0.0,0.0,0.0,0.0,0.0,0.0,0.0,0.0,0.0,0.0,0.0,0.0,0.0,0.0,0.0,0.0,0.0,0.0,0.0,0.0,0.0,0.0,0.0,0.0,0.0,0.0,0.0,0.0,0.0
10:08:00,0.0,0.0,0.0,0.0,0.0,0.0,0.0,0.0,0.0,0.0,0.0,0.0,0.0,0.0,0.0,0.0,0.0,0.0,0.0,0.0,0.0,0.0,0.0,0.0,0.0,0.0,0.0,0.0,0.0,0.0,0.0,0.0,0.0,0.0,0.0,0.0,0.0,0.0,0.0,0.0
10:09:00,0.0,0.0,0.0,0.0,0.0,0.0,0.0,0.0,0.0,0.0,0.0,0.0,0.0,0.0,0.0,0.0,0.0,0.0,0.0,0.0,0.0,0.0,0.0,0.0,0.0,0.0,0.0,0.0,0.0,0.0,0.0,0.0,0.0,0.0,0.0,0.0,0.0,0.0,0.0,0.0
10:10:00,0.0,0.0,0.0,0.0,0.0,0.0,0.0,0.0,0.0,0.0,0.0,0.0,0.0,0.0,0.0,0.0,0.0,0.0,0.0,0.0,0.0,0.0,0.0,0.0,0.0,0.0,0.0,0.0,0.0,0.0,0.0,0.0,0.0,0.0,0.0,0.0,0.0,0.0,0.0,0.0
10:11:00,0.0,0.0,0.0,0.0,0.0,0.0,0.0,0.0,0.0,0.0,0.0,0.0,0.0,0.0,0.0,0.0,0.0,0.0,0.0,0.0,0.0,0.0,0.0,0.0,0.0,0.0,0.0,0.0,0.0,0.0,0.0,0.0,0.0,0.0,0.0,0.0,0.0,0.0,0.0,0.0
10:12:00,0.0,0.0,0.0,0.0,0.0,0.0,0.0,0.0,0.0,0.0,0.0,0.0,0.0,0.0,0.0,0.0,0.0,0.0,0.0,0.0,0.0,0.0,0.0,0.0,0.0,0.0,0.0,0.0,0.0,0.0,0.0,0.0,0.0,0.0,0.0,0.0,0.0,0.0,0.0,0.0
10:13:00,0.0,0.0,0.0,0.0,0.0,0.0,0.0,0.0,0.0,0.0,0.0,0.0,0.0,0.0,0.0,0.0,0.0,0.0,0.0,0.0,0.0,0.0,0.0,0.0,0.0,0.0,0.0,0.0,0.0,0.0,0.0,0.0,0.0,0.0,0.0,0.0,0.0,0.0,0.0,0.0
10:14:00,0.0,0.0,0.0,0.0,0.0,0.0,0.0,0.0,0.0,0.0,0.0,0.0,0.0,0.0,0.0,0.0,0.0,0.0,0.0,0.0,0.0,0.0,0.0,0.0,0.0,0.0,0.0,0.0,0.0,0.0,0.0,0.0,0.0,0.0,0.0,0.0,0.0,0.0,0.0,0.0
10:15:00,0.0,0.0,0.0,0.0,0.0,0.0,0.0,0.0,0.0,0.0,0.0,0.0,0.0,0.0,0.0,0.0,0.0,0.0,0.0,0.0,0.0,0.0,0.0,0.0,0.0,0.0,0.0,0.0,0.0,0.0,0.0,0.0,0.0,0.0,0.0,0.0,0.0,0.0,0.0,0.0
10:16:00,0.0,0.0,0.0,0.0,0.0,0.0,0.0,0.0,0.0,0.0,0.0,0.0,0.0,0.0,0.0,0.0,0.0,0.0,0.0,0.0,0.0,0.0,0.0,0.0,0.0,0.0,0.0,0.0,0.0,0.0,0.0,0.0,0.0,0.0,0.0,0.0,0.0,0.0,0.0,0.0
10:17:00,0.0,0.0,0.0,0.0,0.0,0.0,0.0,0.0,0.0,0.0,0.0,0.0,0.0,0.0,0.0,0.0,0.0,0.0,0.0,0.0,0.0,0.0,0.0,0.0,0.0,0.0,0.0,0.0,0.0,0.0,0.0,0.0,0.0,0.0,0.0,0.0,0.0,0.0,0.0,0.0
10:18:00,0.0,0.0,0.0,0.0,0.0,0.0,0.0,0.0,0.0,0.0,0.0,0.0,0.0,0.0,0.0,0.0,0.0,0.0,0.0,0.0,0.0,0.0,0.0,0.0,0.0,0.0,0.0,0.0,0.0,0.0,0.0,0.0,0.0,0.0,0.0,0.0,0.0,0.0,0.0,0.0
10:19:00,0.0,0.0,0.0,0.0,0.0,0.0,0.0,0.0,0.0,0.0,0.0,0.0,0.0,0.0,0.0,0.0,0.0,0.0,0.0,0.0,0.0,0.0,0.0,0.0,0.0,0.0,0.0,0.0,0.0,0.0,0.0,0.0,0.0,0.0,0.0,0.0,0.0,0.0,0.0,0.0
10:20:00,0.0,0.0,0.0,0.0,0.0,0.0,0.0,0.0,0.0,0.0,0.0,0.0,0.0,0.0,0.0,0.0,0.0,0.0,0.0,0.0,0.0,0.0,0.0,0.0,0.0,0.0,0.0,0.0,0.0,0.0,0.0,0.0,0.0,0.0,0.0,0.0,0.0,0.0,0.0,0.0
10:21:00,0.0,0.0,0.0,0.0,0.0,0.0,0.0,0.0,0.0,0.0,0.0,0.0,0.0,0.0,0.0,0.0,0.0,0.0,0.0,0.0,0.0,0.0,0.0,0.0,0.0,0.0,0.0,0.0,0.0,0.0,0.0,0.0,0.0,0.0,0.0,0.0,0.0,0.0,0.0,0.0
10:22:00,0.0,0.0,0.0,0.0,0.0,0.0,0.0,0.0,0.0,0.0,0.0,0.0,0.0,0.0,0.0,0.0,0.0,0.0,0.0,0.0,0.0,0.0,0.0,0.0,0.0,0.0,0.0,0.0,0.0,0.0,0.0,0.0,0.0,0.0,0.0,0.0,0.0,0.0,0.0,0.0
10:23:00,0.0,0.0,0.0,0.0,0.0,0.0,0.0,0.0,0.0,0.0,0.0,0.0,0.0,0.0,0.0,0.0,0.0,0.0,0.0,0.0,0.0,0.0,0.0,0.0,0.0,0.0,0.0,0.0,0.0,0.0,0.0,0.0,0.0,0.0,0.0,0.0,0.0,0.0,0.0,0.0
10:24:00,0.0,0.0,0.0,0.0,0.0,0.0,0.0,0.0,0.0,0.0,0.0,0.0,0.0,0.0,0.0,0.0,0.0,0.0,0.0,0.0,0.0,0.0,0.0,0.0,0.0,0.0,0.0,0.0,0.0,0.0,0.0,0.0,0.0,0.0,0.0,0.0,0.0,0.0,0.0,0.0
10:25:00,0.0,0.0,0.0,0.0,0.0,0.0,0.0,0.0,0.0,0.0,0.0,0.0,0.0,0.0,0.0,0.0,0.0,0.0,0.0,0.0,0.0,0.0,0.0,0.0,0.0,0.0,0.0,0.0,0.0,0.0,0.0,0.0,0.0,0.0,0.0,0.0,0.0,0.0,0.0,0.0
10:26:00,0.0,0.0,0.0,0.0,0.0,0.0,0.0,0.0,0.0,0.0,0.0,0.0,0.0,0.0,0.0,0.0,0.0,0.0,0.0,0.0,0.0,0.0,0.0,0.0,0.0,0.0,0.0,0.0,0.0,0.0,0.0,0.0,0.0,0.0,0.0,0.0,0.0,0.0,0.0,0.0
10:27:00,0.0,0.0,0.0,0.0,0.0,0.0,0.0,0.0,0.0,0.0,0.0,0.0,0.0,0.0,0.0,0.0,0.0,0.0,0.0,0.0,0.0,0.0,0.0,0.0,0.0,0.0,0.0,0.0,0.0,0.0,0.0,0.0,0.0,0.0,0.0,0.0,0.0,0.0,0.0,0.0
10:28:00,0.0,0.0,0.0,0.0,0.0,0.0,0.0,0.0,0.0,0.0,0.0,0.0,0.0,0.0,0.0,0.0,0.0,0.0,0.0,0.0,0.0,0.0,0.0,0.0,0.0,0.0,0.0,0.0,0.0,0.0,0.0,0.0,0.0,0.0,0.0,0.0,0.0,0.0,0.0,0.0
10:29:00,0.0,0.0,0.0,0.0,0.0,0.0,0.0,0.0,0.0,0.0,0.0,0.0,0.0,0.0,0.0,0.0,0.0,0.0,0.0,0.0,0.0,0.0,0.0,0.0,0.0,0.0,0.0,0.0,0.0,0.0,0.0,0.0,0.0,0.0,0.0,0.0,0.0,0.0,0.0,0.0
10:30:00,0.0,0.0,0.0,0.0,0.0,0.0,0.0,0.0,0.0,0.0,0.0,0.0,0.0,0.0,0.0,0.0,0.0,0.0,0.0,0.0,0.0,0.0,0.0,0.0,0.0,0.0,0.0,0.0,0.0,0.0,0.0,0.0,0.0,0.0,0.0,0.0,0.0,0.0,0.0,0.0
10:31:00,0.0,0.0,0.0,0.0,0.0,0.0,0.0,0.0,0.0,0.0,0.0,0.0,0.0,0.0,0.0,0.0,0.0,0.0,0.0,0.0,0.0,0.0,0.0,0.0,0.0,0.0,0.0,0.0,0.0,0.0,0.0,0.0,0.0,0.0,0.0,0.0,0.0,0.0,0.0,0.0
10:32:00,0.0,0.0,0.0,0.0,0.0,0.0,0.0,0.0,0.0,0.0,0.0,0.0,0.0,0.0,0.0,0.0,0.0,0.0,0.0,0.0,0.0,0.0,0.0,0.0,0.0,0.0,0.0,0.0,0.0,0.0,0.0,0.0,0.0,0.0,0.0,0.0,0.0,0.0,0.0,0.0
10:33:00,0.0,0.0,0.0,0.0,0.0,0.0,0.0,0.0,0.0,0.0,0.0,0.0,0.0,0.0,0.0,0.0,0.0,0.0,0.0,0.0,0.0,0.0,0.0,0.0,0.0,0.0,0.0,0.0,0.0,0.0,0.0,0.0,0.0,0.0,0.0,0.0,0.0,0.0,0.0,0.0
10:34:00,0.0,0.0,0.0,0.0,0.0,0.0,0.0,0.0,0.0,0.0,0.0,0.0,0.0,0.0,0.0,0.0,0.0,0.0,0.0,0.0,0.0,0.0,0.0,0.0,0.0,0.0,0.0,0.0,0.0,0.0,0.0,0.0,0.0,0.0,0.0,0.0,0.0,0.0,0.0,0.0
10:35:00,0.0,0.0,0.0,0.0,0.0,0.0,0.0,0.0,0.0,0.0,0.0,0.0,0.0,0.0,0.0,0.0,0.0,0.0,0.0,0.0,0.0,0.0,0.0,0.0,0.0,0.0,0.0,0.0,0.0,0.0,0.0,0.0,0.0,0.0,0.0,0.0,0.0,0.0,0.0,0.0
10:36:00,0.0,0.0,0.0,0.0,0.0,0.0,0.0,0.0,0.0,0.0,0.0,0.0,0.0,0.0,0.0,0.0,0.0,0.0,0.0,0.0,0.0,0.0,0.0,0.0,0.0,0.0,0.0,0.0,0.0,0.0,0.0,0.0,0.0,0.0,0.0,0.0,0.0,0.0,0.0,0.0
10:37:00,0.0,0.0,0.0,0.0,0.0,0.0,0.0,0.0,0.0,0.0,0.0,0.0,0.0,0.0,0.0,0.0,0.0,0.0,0.0,0.0,0.0,0.0,0.0,0.0,0.0,0.0,0.0,0.0,0.0,0.0,0.0,0.0,0.0,0.0,0.0,0.0,0.0,0.0,0.0,0.0
10:38:00,0.0,0.0,0.0,0.0,0.0,0.0,0.0,0.0,0.0,0.0,0.0,0.0,0.0,0.0,0.0,0.0,0.0,0.0,0.0,0.0,0.0,0.0,0.0,0.0,0.0,0.0,0.0,0.0,0.0,0.0,0.0,0.0,0.0,0.0,0.0,0.0,0.0,0.0,0.0,0.0
10:39:00,0.0,0.0,0.0,0.0,0.0,0.0,0.0,0.0,0.0,0.0,0.0,0.0,0.0,0.0,0.0,0.0,0.0,0.0,0.0,0.0,0.0,0.0,0.0,0.0,0.0,0.0,0.0,0.0,0.0,0.0,0.0,0.0,0.0,0.0,0.0,0.0,0.0,0.0,0.0,0.0
10:40:00,0.0,0.0,0.0,0.0,0.0,0.0,0.0,0.0,0.0,0.0,0.0,0.0,0.0,0.0,0.0,0.0,0.0,0.0,0.0,0.0,0.0,0.0,0.0,0.0,0.0,0.0,0.0,0.0,0.0,0.0,0.0,0.0,0.0,0.0,0.0,0.0,0.0,0.0,0.0,0.0
10:41:00,0.0,0.0,0.0,0.0,0.0,0.0,0.0,0.0,0.0,0.0,0.0,0.0,0.0,0.0,0.0,0.0,0.0,0.0,0.0,0.0,0.0,0.0,0.0,0.0,0.0,0.0,0.0,0.0,0.0,0.0,0.0,0.0,0.0,0.0,0.0,0.0,0.0,0.0,0.0,0.0
10:42:00,0.0,0.0,0.0,0.0,0.0,0.0,0.0,0.0,0.0,0.0,0.0,0.0,0.0,0.0,0.0,0.0,0.0,0.0,0.0,0.0,0.0,0.0,0.0,0.0,0.0,0.0,0.0,0.0,0.0,0.0,0.0,0.0,0.0,0.0,0.0,0.0,0.0,0.0,0.0,0.0
10:43:00,0.0,0.0,0.0,0.0,0.0,0.0,0.0,0.0,0.0,0.0,0.0,0.0,0.0,0.0,0.0,0.0,0.0,0.0,0.0,0.0,0.0,0.0,0.0,0.0,0.0,0.0,0.0,0.0,0.0,0.0,0.0,0.0,0.0,0.0,0.0,0.0,0.0,0.0,0.0,0.0
10:44:00,0.0,0.0,0.0,0.0,0.0,0.0,0.0,0.0,0.0,0.0,0.0,0.0,0.0,0.0,0.0,0.0,0.0,0.0,0.0,0.0,0.0,0.0,0.0,0.0,0.0,0.0,0.0,0.0,0.0,0.0,0.0,0.0,0.0,0.0,1.7302617498621335,0.0,0.0,0.0,0.0,0.0
10:45:00,0.0,0.0,0.0,0.0,0.0,0.0,0.0,0.0,0.0,0.0,0.0,0.0,0.0,0.0,0.0,0.0,0.0,0.0,0.0,0.0,0.0,0.0,0.0,0.0,0.0,0.0,0.0,0.0,0.0,0.0,0.0,0.0,0.0,0.0,1.9637090336980212,0.0,0.0,0.0,0.0,0.0
10:46:00,0.0,0.0,0.0,0.0,0.0,0.0,0.0,0.0,0.0,0.0,0.0,0.0,0.0,0.0,0.0,0.0,0.0,0.0,0.0,0.0,0.0,0.0,0.0,0.0,0.0,0.0,0.0,0.0,0.0,0.0,0.0,0.0,0.0,0.0,1.9617575313124813,0.0,0.0,0.0,0.0,0.0
10:47:00,0.0,0.0,0.0,0.0,0.0,0.0,0.0,0.0,0.0,0.0,0.0,0.0,0.0,0.0,0.0,0.0,0.0,0.0,0.0,0.0,0.0,0.0,0.0,0.0,0.0,0.0,0.0,0.0,0.0,0.0,0.0,0.0,0.0,0.0,1.9598297383236243,0.0,0.0,0.0,0.0,0.0
10:48:00,0.0,0.0,0.0,0.0,0.0,0.0,0.0,0.0,0.0,0.0,0.0,0.0,0.0,0.0,0.0,0.0,0.0,0.0,0.0,0.0,0.0,0.0,0.0,0.0,0.0,0.0,0.0,0.0,0.0,0.0,0.0,0.0,0.0,0.0,1.9579256571599029,0.0,0.0,0.0,0.0,0.0
10:49:00,0.0,0.0,0.0,0.0,0.0,0.0,0.0,0.0,0.0,0.0,0.0,0.0,0.0,0.0,0.0,0.0,0.0,0.0,0.0,0.0,0.0,0.0,0.0,0.0,0.0,0.0,0.0,0.0,0.0,0.0,0.0,0.0,0.0,0.0,1.9560452863278632,0.0,0.0,0.0,0.0,0.0
10:50:00,0.0,0.0,0.0,0.0,0.0,0.0,0.0,0.0,0.0,0.0,0.0,0.0,0.0,0.0,0.0,0.0,0.0,0.0,0.0,0.0,0.0,0.0,0.0,0.0,0.0,0.0,0.0,0.0,0.0,0.0,0.0,0.0,0.0,0.0,1.9541886255919547,0.0,0.0,0.0,0.0,0.0
10:51:00,0.0,0.0,0.0,0.0,0.0,0.0,0.0,0.0,0.0,0.0,0.0,0.0,0.0,0.0,0.0,0.0,0.0,0.0,0.0,0.0,0.0,0.0,0.0,0.0,0.0,0.0,0.0,0.0,0.0,0.0,0.0,0.0,0.0,0.0,1.9523556746839676,0.0,0.0,0.0,0.0,0.0
10:52:00,0.0,0.0,0.0,0.0,0.0,0.0,0.0,0.0,0.0,0.0,0.0,0.0,0.0,0.0,0.0,0.0,0.0,0.0,0.0,0.0,0.0,0.0,0.0,0.0,0.0,0.0,0.0,0.0,0.0,0.0,0.0,0.0,0.0,0.0,1.9505464333125557,0.0,0.0,0.0,0.0,0.0
10:53:00,0.0,0.0,0.0,0.0,0.0,0.0,0.0,0.0,0.0,0.0,0.0,0.0,0.0,0.0,0.0,0.0,0.0,0.0,0.0,0.0,0.0,0.0,0.0,0.0,0.0,0.0,0.0,0.0,0.0,0.0,0.0,0.0,0.0,0.0,1.9487609011553828,0.0,0.0,0.0,0.0,0.0
10:54:00,0.0,0.0,0.0,0.0,0.0,0.0,0.0,0.0,0.0,0.0,0.0,0.0,0.0,0.0,0.0,0.0,0.0,0.0,0.0,0.0,0.0,0.0,0.0,0.0,0.0,0.0,0.0,0.0,0.0,0.0,0.0,0.0,0.0,0.0,1.9469990778844748,0.0,0.0,0.0,0.0,0.0
10:55:00,0.0,0.0,0.0,0.0,0.0,0.0,0.0,0.0,0.0,0.0,0.0,0.0,0.0,0.0,0.0,0.0,0.0,0.0,0.0,0.0,0.0,0.0,0.0,0.0,0.0,0.0,0.0,0.0,0.0,0.0,0.0,0.0,0.0,0.0,1.9452609631574174,0.0,0.0,0.0,0.0,0.0
10:56:00,0.0,0.0,0.0,0.0,0.0,0.0,0.0,0.0,0.0,0.0,0.0,0.0,0.0,0.0,0.0,0.0,0.0,0.0,0.0,0.0,0.0,0.0,0.0,0.0,0.0,0.0,0.0,0.0,0.0,0.0,0.0,0.0,0.0,0.0,1.9435465566248067,0.0,0.0,0.0,0.0,0.0
10:57:00,0.0,0.0,0.0,0.0,0.0,0.0,0.0,0.0,0.0,0.0,0.0,0.0,0.0,0.0,0.0,0.0,0.0,0.0,0.0,0.0,0.0,0.0,0.0,0.0,0.0,0.0,0.0,0.0,0.0,0.0,0.0,0.0,0.0,0.0,1.941855857937583,0.0,0.0,0.0,0.0,0.0
10:58:00,0.0,0.0,0.0,0.0,0.0,0.0,0.0,0.0,0.0,0.0,0.0,0.0,0.0,0.0,0.0,0.0,0.0,0.0,0.0,0.0,0.0,0.0,0.0,0.0,0.0,0.0,0.0,0.0,0.0,0.0,0.0,0.0,0.0,0.0,1.9401888667375955,0.0,0.0,0.0,0.0,0.0
10:59:00,0.0,0.0,0.0,0.0,0.0,0.0,0.0,0.0,0.0,0.0,0.0,0.0,0.0,0.0,0.0,0.0,0.0,0.0,0.0,0.0,0.0,0.0,0.0,0.0,0.0,0.0,0.0,0.0,0.0,0.0,0.0,0.0,0.0,0.0,1.938545581585968,0.0,0.0,0.0,0.0,0.0
11:00:00,0.0,0.0,0.0,0.0,0.0,0.0,0.0,0.0,0.0,0.0,0.0,0.0,0.0,0.0,0.0,0.0,0.0,0.0,0.0,0.0,0.0,0.0,0.0,0.0,0.0,0.0,0.0,0.0,0.0,0.0,0.0,0.0,0.0,0.0,0.468213650940942,0.0,0.0,0.0,0.0,0.0
11:01:00,0.0,0.0,0.0,0.0,0.0,0.0,0.0,0.0,0.0,0.0,0.0,0.0,0.0,0.0,0.0,0.0,0.0,0.0,0.0,0.0,0.0,0.0,0.0,0.0,0.0,0.0,0.0,0.0,0.0,0.0,0.0,0.0,0.0,0.0,0.46281214102920565,0.0,0.0,0.0,0.0,0.0
11:02:00,0.0,0.0,0.0,0.0,0.0,0.0,0.0,0.0,0.0,0.0,0.0,0.0,0.0,0.0,0.0,0.0,0.0,0.0,0.0,0.0,0.0,0.0,0.0,0.0,0.0,0.0,0.0,0.0,0.0,0.0,0.0,0.0,0.0,0.0,0.4574923557261632,0.0,0.0,0.0,0.0,0.0
11:03:00,0.0,0.0,0.0,0.0,0.0,0.0,0.0,0.0,0.0,0.0,0.0,0.0,0.0,0.0,0.0,0.0,0.0,0.0,0.0,0.0,0.0,0.0,0.0,0.0,0.0,0.0,0.0,0.0,0.0,0.0,0.0,0.0,0.0,0.0,0.4522542251568813,0.0,0.0,0.0,0.0,0.0
11:04:00,0.0,0.0,0.0,0.0,0.0,0.0,0.0,0.0,0.0,0.0,0.0,0.0,0.0,0.0,0.0,0.0,0.0,0.0,0.0,0.0,0.0,0.0,0.0,0.0,0.0,0.0,0.0,0.0,0.0,0.0,0.0,0.0,0.0,0.0,0.4470976807343443,0.0,0.0,0.0,0.0,0.0
11:05:00,0.0,0.0,0.0,0.0,0.0,0.0,0.0,0.0,0.0,0.0,0.0,0.0,0.0,0.0,0.0,0.0,0.0,0.0,0.0,0.0,0.0,0.0,0.0,0.0,0.0,0.0,0.0,0.0,0.0,0.0,0.0,0.0,0.0,0.0,0.44202265511606065,0.0,0.0,0.0,0.0,0.0
11:06:00,0.0,0.0,0.0,0.0,0.0,0.0,0.0,0.0,0.0,0.0,0.0,0.0,0.0,0.0,0.0,0.0,0.0,0.0,0.0,0.0,0.0,0.0,0.0,0.0,0.0,0.0,0.0,0.0,0.0,0.0,0.0,0.0,0.0,0.0,0.43702908221023384,0.0,0.0,0.0,0.0,0.0
11:07:00,0.0,0.0,0.0,0.0,0.0,0.0,0.0,0.0,0.0,0.0,0.0,0.0,0.0,0.0,0.0,0.0,0.0,0.0,0.0,0.0,0.0,0.0,0.0,0.0,0.0,0.0,0.0,0.0,0.0,0.0,0.0,0.0,0.0,0.0,0.4321168971799194,0.0,0.0,0.0,0.0,0.0
11:08:00,0.0,0.0,0.0,0.0,0.0,0.0,0.0,0.0,0.0,0.0,0.0,0.0,0.0,0.0,0.0,0.0,0.0,0.0,0.0,0.0,0.0,0.0,0.0,0.0,0.0,0.0,0.0,0.0,0.0,0.0,0.0,0.0,0.0,0.0,0.4272860364016302,0.0,0.0,0.0,0.0,0.0
11:09:00,0.0,0.0,0.0,0.0,0.0,0.0,0.0,0.0,0.0,0.0,0.0,0.0,0.0,0.0,0.0,0.0,0.0,0.0,0.0,0.0,0.0,0.0,0.0,0.0,0.0,0.0,0.0,0.0,0.0,0.0,0.0,0.0,0.0,0.0,0.42253643751468983,0.0,0.0,0.0,0.0,0.0
11:10:00,0.0,0.0,0.0,0.0,0.0,0.0,0.0,0.0,0.0,0.0,0.0,0.0,0.0,0.0,0.0,0.0,0.0,0.0,0.0,0.0,0.0,0.0,0.0,0.0,0.0,0.0,0.0,0.0,0.0,0.0,0.0,0.0,0.0,0.0,0.4178680362752025,0.0,0.0,0.0,0.0,0.0
11:11:00,0.0,0.0,0.0,0.0,0.0,0.0,0.0,0.0,0.0,0.0,0.0,0.0,0.0,0.0,0.0,0.0,0.0,0.0,0.0,0.0,0.0,0.0,0.0,0.0,0.0,0.0,0.0,0.0,0.0,0.0,0.0,0.0,0.0,0.0,0.41328077902667704,0.0,0.0,0.0,0.0,0.0
11:12:00,0.0,0.0,0.0,0.0,0.0,0.0,0.0,0.0,0.0,0.0,0.0,0.0,0.0,0.0,0.0,0.0,0.0,0.0,0.0,0.0,0.0,0.0,0.0,0.0,0.0,0.0,0.0,0.0,0.0,0.0,0.0,0.0,0.0,0.0,0.4087746039186271,0.0,0.0,0.0,0.0,0.0
11:13:00,0.0,0.0,0.0,0.0,0.0,0.0,0.0,0.0,0.0,0.0,0.0,0.0,0.0,0.0,0.0,0.0,0.0,0.0,0.0,0.0,0.0,0.0,0.0,0.0,0.0,0.0,0.0,0.0,0.0,0.0,0.0,0.0,0.0,0.0,0.4043494534428911,0.0,0.0,0.0,0.0,0.0
11:14:00,0.0,0.0,0.0,0.0,0.0,0.0,0.0,0.0,0.0,0.0,0.0,0.0,0.0,0.0,0.0,0.0,0.0,0.0,0.0,0.0,0.0,0.0,0.0,0.0,0.0,0.0,0.0,0.0,0.0,0.0,0.0,0.0,0.0,0.0,0.4000052713189959,0.0,0.0,0.0,0.0,0.0
11:15:00,0.0,0.0,0.0,0.0,0.0,0.0,0.0,0.0,0.0,0.0,0.0,0.0,0.0,0.0,0.0,0.0,0.0,0.0,0.0,0.0,0.0,0.0,0.0,0.0,0.0,0.0,0.0,0.0,0.0,0.0,0.0,0.0,0.0,0.0,0.39574200245328184,0.0,0.0,0.0,0.0,0.0
11:16:00,0.0,0.0,0.0,0.0,0.0,0.0,0.0,0.0,0.0,0.0,0.0,0.0,0.0,0.0,0.0,0.0,0.0,0.0,0.0,0.0,0.0,0.0,0.0,0.0,0.0,0.0,0.0,0.0,0.0,0.0,0.0,0.0,0.0,0.0,0.3915595929397646,0.0,0.0,0.0,0.0,0.0
11:17:00,0.0,0.0,0.0,0.0,0.0,0.0,0.0,0.0,0.0,0.0,0.0,0.0,0.0,0.0,0.0,0.0,0.0,0.0,0.0,0.0,0.0,0.0,0.0,0.0,0.0,0.0,0.0,0.0,0.0,0.0,0.0,0.0,0.0,0.0,0.3874579900599937,0.0,0.0,0.0,0.0,0.0
11:18:00,0.0,0.0,0.0,0.0,0.0,0.0,0.0,0.0,0.0,0.0,0.0,0.0,0.0,0.0,0.0,0.0,0.0,0.0,0.0,0.0,0.0,0.0,0.0,0.0,0.0,0.0,0.0,0.0,0.0,0.0,0.0,0.0,0.0,0.0,0.38343714224506464,0.0,0.0,0.0,0.0,0.0
11:19:00,0.0,0.0,0.0,0.0,0.0,0.0,0.0,0.0,0.0,0.0,0.0,0.0,0.0,0.0,0.0,0.0,0.0,0.0,0.0,0.0,0.0,0.0,0.0,0.0,0.0,0.0,0.0,0.0,0.0,0.0,0.0,0.0,0.0,0.0,0.37949699911329615,0.0,0.0,0.0,0.0,0.0
11:20:00,0.0,0.0,0.0,0.0,0.0,0.0,0.0,0.0,0.0,0.0,0.0,0.0,0.0,0.0,0.0,0.0,0.0,0.0,0.0,0.0,0.0,0.0,0.0,0.0,0.0,0.0,0.0,0.0,0.0,0.0,0.0,0.0,0.0,0.0,0.37563751143173385,0.0,0.0,0.0,0.0,0.0
11:21:00,0.0,0.0,0.0,0.0,0.0,0.0,0.0,0.0,0.0,0.0,0.0,0.0,0.0,0.0,0.0,0.0,0.0,0.0,0.0,0.0,0.0,0.0,0.0,0.0,0.0,0.0,0.0,0.0,0.0,0.0,0.0,0.0,0.0,0.0,0.3718586286086778,0.0,0.0,0.0,0.0,0.0
11:22:00,0.0,0.0,0.0,0.0,0.0,0.0,0.0,0.0,0.0,0.0,0.0,0.0,0.0,0.0,0.0,0.0,0.0,0.0,0.0,0.0,0.0,0.0,0.0,0.0,0.0,0.0,0.0,0.0,0.0,0.0,0.0,0.0,0.0,0.0,0.3681603087746066,0.0,0.0,0.0,0.0,0.0
11:23:00,0.0,0.0,0.0,0.0,0.0,0.0,0.0,0.0,0.0,0.0,0.0,0.0,0.0,0.0,0.0,0.0,0.0,0.0,0.0,0.0,0.0,0.0,0.0,0.0,0.0,0.0,0.0,0.0,0.0,0.0,0.0,0.0,0.0,0.0,0.36454250354243745,0.0,0.0,0.0,0.0,0.0
11:24:00,0.0,0.0,0.0,0.0,0.0,0.0,0.0,0.0,0.0,0.0,0.0,0.0,0.0,0.0,0.0,0.0,0.0,0.0,0.0,0.0,0.0,0.0,0.0,0.0,0.0,0.0,0.0,0.0,0.0,0.0,0.0,0.0,0.0,0.0,0.36100516823088813,0.0,0.0,0.0,0.0,0.0
11:25:00,0.0,0.0,0.0,0.0,0.0,0.0,0.0,0.0,0.0,0.0,0.0,0.0,0.0,0.0,0.0,0.0,0.0,0.0,0.0,0.0,0.0,0.0,0.0,0.0,0.0,0.0,0.0,0.0,0.0,0.0,0.0,0.0,0.0,0.0,0.35754825926763134,0.0,0.0,0.0,0.0,0.0
11:26:00,0.0,0.0,0.0,0.0,0.0,0.0,0.0,0.0,0.0,0.0,0.0,0.0,0.0,0.0,0.0,0.0,0.0,0.0,0.0,0.0,0.0,0.0,0.0,0.0,0.0,0.0,0.0,0.0,0.0,0.0,0.0,0.0,0.0,0.0,0.3541717341881703,0.0,0.0,0.0,0.0,0.0
11:27:00,0.0,0.0,0.0,0.0,0.0,0.0,0.0,0.0,0.0,0.0,0.0,0.0,0.0,0.0,0.0,0.0,0.0,0.0,0.0,0.0,0.0,0.0,0.0,0.0,0.0,0.0,0.0,0.0,0.0,0.0,0.0,0.0,0.0,0.0,0.35087555163386774,0.0,0.0,0.0,0.0,0.0
11:28:00,0.0,0.0,0.0,0.0,0.0,0.0,0.0,0.0,0.0,0.0,0.0,0.0,0.0,0.0,0.0,0.0,0.0,0.0,0.0,0.0,0.0,0.0,0.0,0.0,0.0,0.0,0.0,0.0,0.0,0.0,0.0,0.0,0.0,0.0,0.3476596713196023,0.0,0.0,0.0,0.0,0.0
11:29:00,0.0,0.0,0.0,0.0,0.0,0.0,0.0,0.0,0.0,0.0,0.0,0.0,0.0,0.0,0.0,0.0,0.0,0.0,0.0,0.0,0.0,0.0,0.0,0.0,0.0,0.0,0.0,0.0,0.0,0.0,0.0,0.0,0.0,0.0,0.3445240540625867,0.0,0.0,0.0,0.0,0.0
11:30:00,0.0,0.0,0.0,0.0,0.0,0.0,0.0,0.0,0.0,0.0,0.0,0.0,0.0,0.0,0.0,0.0,0.0,0.0,0.0,0.0,0.0,0.0,0.0,0.0,0.0,0.0,0.0,0.0,0.0,0.0,0.0,0.0,0.0,0.0,0.0,0.0,0.0,0.0,0.0,0.0
11:31:00,0.0,0.0,0.0,0.0,0.0,0.0,0.0,0.0,0.0,0.0,0.0,0.0,0.0,0.0,0.0,0.0,0.0,0.0,0.0,0.0,0.0,0.0,0.0,0.0,0.0,0.0,0.0,0.0,0.0,0.0,0.0,0.0,0.0,0.0,0.0,0.0,0.0,0.0,0.0,0.0
11:32:00,0.0,0.0,0.0,0.0,0.0,0.0,0.0,0.0,0.0,0.0,0.0,0.0,0.0,0.0,0.0,0.0,0.0,0.0,0.0,0.0,0.0,0.0,0.0,0.0,0.0,0.0,0.0,0.0,0.0,0.0,0.0,0.0,0.0,0.0,0.0,0.0,0.0,0.0,0.0,0.0
11:33:00,0.0,0.0,0.0,0.0,0.0,0.0,0.0,0.0,0.0,0.0,0.0,0.0,0.0,0.0,0.0,0.0,0.0,0.0,0.0,0.0,0.0,0.0,0.0,0.0,0.0,0.0,0.0,0.0,0.0,0.0,0.0,0.0,0.0,0.0,0.0,0.0,0.0,0.0,0.0,0.0
11:34:00,0.0,0.0,0.0,0.0,0.0,0.0,0.0,0.0,0.0,0.0,0.0,0.0,0.0,0.0,0.0,0.0,0.0,0.0,0.0,0.0,0.0,0.0,0.0,0.0,0.0,0.0,0.0,0.0,0.0,0.0,0.0,0.0,0.0,0.0,0.0,0.0,0.0,0.0,0.0,0.0
11:35:00,0.0,0.0,0.0,0.0,0.0,0.0,0.0,0.0,0.0,0.0,0.0,0.0,0.0,0.0,0.0,0.0,0.0,0.0,0.0,0.0,0.0,0.0,0.0,0.0,0.0,0.0,0.0,0.0,0.0,0.0,0.0,0.0,0.0,0.0,0.0,0.0,0.0,0.0,0.0,0.0
11:36:00,0.0,0.0,0.0,0.0,0.0,0.0,0.0,0.0,0.0,0.0,0.0,0.0,0.0,0.0,0.0,0.0,0.0,0.0,0.0,0.0,0.0,0.0,0.0,0.0,0.0,0.0,0.0,0.0,0.0,0.0,0.0,0.0,0.0,0.0,0.0,0.0,0.0,0.0,0.0,0.0
11:37:00,0.0,0.0,0.0,0.0,0.0,0.0,0.0,0.0,0.0,0.0,0.0,0.0,0.0,0.0,0.0,0.0,0.0,0.0,0.0,0.0,0.0,0.0,0.0,0.0,0.0,0.0,0.0,0.0,0.0,0.0,0.0,0.0,0.0,0.0,0.0,0.0,0.0,0.0,0.0,0.0
11:38:00,0.0,0.0,0.0,0.0,0.0,0.0,0.0,0.0,0.0,0.0,0.0,0.0,0.0,0.0,0.0,0.0,0.0,0.0,0.0,0.0,0.0,0.0,0.0,0.0,0.0,0.0,0.0,0.0,0.0,0.0,0.0,0.0,0.0,0.0,0.0,0.0,0.0,0.0,0.0,0.0
11:39:00,0.0,0.0,0.0,0.0,0.0,0.0,0.0,0.0,0.0,0.0,0.0,0.0,0.0,0.0,0.0,0.0,0.0,0.0,0.0,0.0,0.0,0.0,0.0,0.0,0.0,0.0,0.0,0.0,0.0,0.0,0.0,0.0,0.0,0.0,0.0,0.0,0.0,0.0,0.0,0.0
11:40:00,0.0,0.0,0.0,0.0,0.0,0.0,0.0,0.0,0.0,0.0,0.0,0.0,0.0,0.0,0.0,0.0,0.0,0.0,0.0,0.0,0.0,0.0,0.0,0.0,0.0,0.0,0.0,0.0,0.0,0.0,0.0,0.0,0.0,0.0,0.0,0.0,0.0,0.0,0.0,0.0
11:41:00,0.0,0.0,0.0,0.0,0.0,0.0,0.0,0.0,0.0,0.0,0.0,0.0,0.0,0.0,0.0,0.0,0.0,0.0,0.0,0.0,0.0,0.0,0.0,0.0,0.0,0.0,0.0,0.0,0.0,0.0,0.0,0.0,0.0,0.0,0.0,0.0,0.0,0.0,0.0,0.0
11:42:00,0.0,0.0,0.0,0.0,0.0,0.0,0.0,0.0,0.0,0.0,0.0,0.0,0.0,0.0,0.0,0.0,0.0,0.0,0.0,0.0,0.0,0.0,0.0,0.0,0.0,0.0,0.0,0.0,0.0,0.0,0.0,0.0,0.0,0.0,0.0,0.0,0.0,0.0,0.0,0.0
11:43:00,0.0,0.0,0.0,0.0,0.0,0.0,0.0,0.0,0.0,0.0,0.0,0.0,0.0,0.0,0.0,0.0,0.0,0.0,0.0,0.0,0.0,0.0,0.0,0.0,0.0,0.0,0.0,0.0,0.0,0.0,0.0,0.0,0.0,0.0,0.0,0.0,0.0,0.0,0.0,0.0
11:44:00,0.0,0.0,0.0,0.0,0.0,0.0,0.0,0.0,0.0,0.0,0.0,0.0,0.0,0.0,0.0,0.0,0.0,0.0,0.0,0.0,0.0,0.0,0.0,0.0,0.0,0.0,0.0,0.0,0.0,0.0,0.0,0.0,0.0,0.0,0.0,0.0,0.0,0.0,0.0,0.0
11:45:00,0.0,0.0,0.0,0.0,0.0,0.0,0.0,0.0,0.0,0.0,0.0,0.0,0.0,0.0,0.0,0.0,0.0,0.0,0.0,0.0,0.0,0.0,0.0,0.0,0.0,0.0,0.0,0.0,0.0,0.0,0.0,0.0,0.0,0.0,0.0,0.0,0.0,0.0,0.0,0.0
11:46:00,0.0,0.0,0.0,0.0,0.0,0.0,0.0,0.0,0.0,0.0,0.0,0.0,0.0,0.0,0.0,0.0,0.0,0.0,0.0,0.0,0.0,0.0,0.0,0.0,0.0,0.0,0.0,0.0,0.0,0.0,0.0,0.0,0.0,0.0,0.0,0.0,0.0,0.0,0.0,0.0
11:47:00,0.0,0.0,0.0,0.0,0.0,0.0,0.0,0.0,0.0,0.0,0.0,0.0,0.0,0.0,0.0,0.0,0.0,0.0,0.0,0.0,0.0,0.0,0.0,0.0,0.0,0.0,0.0,0.0,0.0,0.0,0.0,0.0,0.0,0.0,0.0,0.0,0.0,0.0,0.0,0.0
11:48:00,0.0,0.0,0.0,0.0,0.0,0.0,0.0,0.0,0.0,0.0,0.0,0.0,0.0,0.0,0.0,0.0,0.0,0.0,0.0,0.0,0.0,0.0,0.0,0.0,0.0,0.0,0.0,0.0,0.0,0.0,0.0,0.0,0.0,0.0,0.0,0.0,0.0,0.0,0.0,0.0
11:49:00,0.0,0.0,0.0,0.0,0.0,0.0,0.0,0.0,0.0,0.0,0.0,0.0,0.0,0.0,0.0,0.0,0.0,0.0,0.0,0.0,0.0,0.0,0.0,0.0,0.0,0.0,0.0,0.0,0.0,0.0,0.0,0.0,0.0,0.0,0.0,0.0,0.0,0.0,0.0,0.0
11:50:00,0.0,0.0,0.0,0.0,0.0,0.0,0.0,0.0,0.0,0.0,0.0,0.0,0.0,0.0,0.0,0.0,0.0,0.0,0.0,0.0,0.0,0.0,0.0,0.0,0.0,0.0,0.0,0.0,0.0,0.0,0.0,0.0,0.0,0.0,0.0,0.0,0.0,0.0,0.0,0.0
11:51:00,0.0,0.0,0.0,0.0,0.0,0.0,0.0,0.0,0.0,0.0,0.0,0.0,0.0,0.0,0.0,0.0,0.0,0.0,0.0,0.0,0.0,0.0,0.0,0.0,0.0,0.0,0.0,0.0,0.0,0.0,0.0,0.0,0.0,0.0,0.0,0.0,0.0,0.0,0.0,0.0
11:52:00,0.0,0.0,0.0,0.0,0.0,0.0,0.0,0.0,0.0,0.0,0.0,0.0,0.0,0.0,0.0,0.0,0.0,0.0,0.0,0.0,0.0,0.0,0.0,0.0,0.0,0.0,0.0,0.0,0.0,0.0,0.0,0.0,0.0,0.0,0.0,0.0,0.0,0.0,0.0,0.0
11:53:00,0.0,0.0,0.0,0.0,0.0,0.0,0.0,0.0,0.0,0.0,0.0,0.0,0.0,0.0,0.0,0.0,0.0,0.0,0.0,0.0,0.0,0.0,0.0,0.0,0.0,0.0,0.0,0.0,0.0,0.0,0.0,0.0,0.0,0.0,0.0,0.0,0.0,0.0,0.0,0.0
11:54:00,0.0,0.0,0.0,0.0,0.0,0.0,0.0,0.0,0.0,0.0,0.0,0.0,0.0,0.0,0.0,0.0,0.0,0.0,0.0,0.0,0.0,0.0,0.0,0.0,0.0,0.0,0.0,0.0,0.0,0.0,0.0,0.0,0.0,0.0,0.0,0.0,0.0,0.0,0.0,0.0
11:55:00,0.0,0.0,0.0,0.0,0.0,0.0,0.0,0.0,0.0,0.0,0.0,0.0,0.0,0.0,0.0,0.0,0.0,0.0,0.0,0.0,0.0,0.0,0.0,0.0,0.0,0.0,0.0,0.0,0.0,0.0,0.0,0.0,0.0,0.0,0.0,0.0,0.0,0.0,0.0,0.0
11:56:00,0.0,0.0,0.0,0.0,0.0,0.0,0.0,0.0,0.0,0.0,0.0,0.0,0.0,0.0,0.0,0.0,0.0,0.0,0.0,0.0,0.0,0.0,0.0,0.0,0.0,0.0,0.0,0.0,0.0,0.0,0.0,0.0,0.0,0.0,0.0,0.0,0.0,0.0,0.0,0.0
11:57:00,0.0,0.0,0.0,0.0,0.0,0.0,0.0,0.0,0.0,0.0,0.0,0.0,0.0,0.0,0.0,0.0,0.0,0.0,0.0,0.0,0.0,0.0,0.0,0.0,0.0,0.0,0.0,0.0,0.0,0.0,0.0,0.0,0.0,0.0,0.0,0.0,0.0,0.0,0.0,0.0
11:58:00,0.0,0.0,0.0,0.0,0.0,0.0,0.0,0.0,0.0,0.0,0.0,0.0,0.0,0.0,0.0,0.0,0.0,0.0,0.0,0.0,0.0,0.0,0.0,0.0,0.0,0.0,0.0,0.0,0.0,0.0,0.0,0.0,0.0,0.0,0.0,0.0,0.0,0.0,0.0,0.0
11:59:00,0.0,0.0,0.0,0.0,0.0,0.0,0.0,0.0,0.0,0.0,0.0,0.0,0.0,0.0,0.0,0.0,0.0,0.0,0.0,0.0,0.0,0.0,0.0,0.0,0.0,0.0,0.0,0.0,0.0,0.0,0.0,0.0,0.0,0.0,0.0,0.0,0.0,0.0,0.0,0.0
12:00:00,0.0,0.0,0.0,0.0,0.0,0.0,0.0,0.0,0.0,0.0,0.0,0.0,0.0,0.0,0.0,0.0,0.0,0.0,0.0,0.0,0.0,0.0,0.0,0.0,0.0,0.0,0.0,0.0,0.0,0.0,0.0,0.0,0.0,0.0,0.0,0.0,0.0,0.0,0.0,0.0
12:01:00,0.0,0.0,0.0,0.0,0.0,0.0,0.0,0.0,0.0,0.0,0.0,0.0,0.0,0.0,0.0,0.0,0.0,0.0,0.0,0.0,0.0,0.0,0.0,0.0,0.0,0.0,0.0,0.0,0.0,0.0,0.0,0.0,0.0,0.0,0.0,0.0,0.0,0.0,0.0,0.0
12:02:00,0.0,0.0,0.0,0.0,0.0,0.0,0.0,0.0,0.0,0.0,0.0,0.0,0.0,0.0,0.0,0.0,0.0,0.0,0.0,0.0,0.0,0.0,0.0,0.0,0.0,0.0,0.0,0.0,0.0,0.0,0.0,0.0,0.0,0.0,0.0,0.0,0.0,0.0,0.0,0.0
12:03:00,0.0,0.0,0.0,0.0,0.0,0.0,0.0,0.0,0.0,0.0,0.0,0.0,0.0,0.0,0.0,0.0,0.0,0.0,0.0,0.0,0.0,0.0,0.0,0.0,0.0,0.0,0.0,0.0,0.0,0.0,0.0,0.0,0.0,0.0,0.0,0.0,0.0,0.0,0.0,0.0
12:04:00,0.0,0.0,0.0,0.0,0.0,0.0,0.0,0.0,0.0,0.0,0.0,0.0,0.0,0.0,0.0,0.0,0.0,0.0,0.0,0.0,0.0,0.0,0.0,0.0,0.0,0.0,0.0,0.0,0.0,0.0,0.0,0.0,0.0,0.0,0.0,0.0,0.0,0.0,0.0,0.0
12:05:00,0.0,0.0,0.0,0.0,0.0,0.0,0.0,0.0,0.0,0.0,0.0,0.0,0.0,0.0,0.0,0.0,0.0,0.0,0.0,0.0,0.0,0.0,0.0,0.0,0.0,0.0,0.0,0.0,0.0,0.0,0.0,0.0,0.0,0.0,0.0,0.0,0.0,0.0,0.0,0.0
12:06:00,0.0,0.0,0.0,0.0,0.0,0.0,0.0,0.0,0.0,0.0,0.0,0.0,0.0,0.0,0.0,0.0,0.0,0.0,0.0,0.0,0.0,0.0,0.0,0.0,0.0,0.0,0.0,0.0,0.0,0.0,0.0,0.0,0.0,0.0,0.0,0.0,0.0,0.0,0.0,0.0
12:07:00,0.0,0.0,0.0,0.0,0.0,0.0,0.0,0.0,0.0,0.0,0.0,0.0,0.0,0.0,0.0,0.0,0.0,0.0,0.0,0.0,0.0,0.0,0.0,0.0,0.0,0.0,0.0,0.0,0.0,0.0,0.0,0.0,0.0,0.0,0.0,0.0,0.0,0.0,0.0,0.0
12:08:00,0.0,0.0,0.0,0.0,0.0,0.0,0.0,0.0,0.0,0.0,0.0,0.0,0.0,0.0,0.0,0.0,0.0,0.0,0.0,0.0,0.0,0.0,0.0,0.0,0.0,0.0,0.0,0.0,0.0,0.0,0.0,0.0,0.0,0.0,0.0,0.0,0.0,0.0,0.0,0.0
12:09:00,0.0,0.0,0.0,0.0,0.0,0.0,0.0,0.0,0.0,0.0,0.0,0.0,0.0,0.0,0.0,0.0,0.0,0.0,0.0,0.0,0.0,0.0,0.0,0.0,0.0,0.0,0.0,0.0,0.0,0.0,0.0,0.0,0.0,0.0,0.0,0.0,0.0,0.0,0.0,0.0
12:10:00,0.0,0.0,0.0,0.0,0.0,0.0,0.0,0.0,0.0,0.0,0.0,0.0,0.0,0.0,0.0,0.0,0.0,0.0,0.0,0.0,0.0,0.0,0.0,0.0,0.0,0.0,0.0,0.0,0.0,0.0,0.0,0.0,0.0,0.0,0.0,0.0,0.0,0.0,0.0,0.0
12:11:00,0.0,0.0,0.0,0.0,0.0,0.0,0.0,0.0,0.0,0.0,0.0,0.0,0.0,0.0,0.0,0.0,0.0,0.0,0.0,0.0,0.0,0.0,0.0,0.0,0.0,0.0,0.0,0.0,0.0,0.0,0.0,0.0,0.0,0.0,0.0,0.0,0.0,0.0,0.0,0.0
12:12:00,0.0,0.0,0.0,0.0,0.0,0.0,0.0,0.0,0.0,0.0,0.0,0.0,0.0,0.0,0.0,0.0,0.0,0.0,0.0,0.0,0.0,0.0,0.0,0.0,0.0,0.0,0.0,0.0,0.0,0.0,0.0,0.0,0.0,0.0,0.0,0.0,0.0,0.0,0.0,0.0
12:13:00,0.0,0.0,0.0,0.0,0.0,0.0,0.0,0.0,0.0,0.0,0.0,0.0,0.0,0.0,0.0,0.0,0.0,0.0,0.0,0.0,0.0,0.0,0.0,0.0,0.0,0.0,0.0,0.0,0.0,0.0,0.0,0.0,0.0,0.0,0.0,0.0,0.0,0.0,0.0,0.0
12:14:00,0.0,0.0,0.0,0.0,0.0,0.0,0.0,0.0,0.0,0.0,0.0,0.0,0.0,0.0,0.0,0.0,0.0,0.0,0.0,0.0,0.0,0.0,0.0,0.0,0.0,0.0,0.0,0.0,0.0,0.0,0.0,0.0,0.0,0.0,0.0,0.0,0.0,0.0,0.0,0.0
12:15:00,0.0,0.0,0.0,0.0,0.0,0.0,0.0,0.0,0.0,0.0,0.0,0.0,0.0,0.0,0.0,0.0,0.0,0.0,0.0,0.0,0.0,0.0,0.0,0.0,0.0,0.0,0.0,0.0,0.0,0.0,0.0,0.0,0.0,0.0,0.0,0.0,0.0,0.0,0.0,0.0
12:16:00,0.0,0.0,0.0,0.0,0.0,0.0,0.0,0.0,0.0,0.0,0.0,0.0,0.0,0.0,0.0,0.0,0.0,0.0,0.0,0.0,0.0,0.0,0.0,0.0,0.0,0.0,0.0,0.0,0.0,0.0,0.0,0.0,0.0,0.0,0.0,0.0,0.0,0.0,0.0,0.0
12:17:00,0.0,0.0,0.0,0.0,0.0,0.0,0.0,0.0,0.0,0.0,0.0,0.0,0.0,0.0,0.0,0.0,0.0,0.0,0.0,0.0,0.0,0.0,0.0,0.0,0.0,0.0,0.0,0.0,0.0,0.0,0.0,0.0,0.0,0.0,0.0,0.0,0.0,0.0,0.0,0.0
12:18:00,0.0,0.0,0.0,0.0,0.0,0.0,0.0,0.0,0.0,0.0,0.0,0.0,0.0,0.0,0.0,0.0,0.0,0.0,0.0,0.0,0.0,0.0,0.0,0.0,0.0,0.0,0.0,0.0,0.0,0.0,0.0,0.0,0.0,0.0,0.0,0.0,0.0,0.0,0.0,0.0
12:19:00,0.0,0.0,0.0,0.0,0.0,0.0,0.0,0.0,0.0,0.0,0.0,0.0,0.0,0.0,0.0,0.0,0.0,0.0,0.0,0.0,0.0,0.0,0.0,0.0,0.0,0.0,0.0,0.0,0.0,0.0,0.0,0.0,0.0,0.0,0.0,0.0,0.0,0.0,0.0,0.0
12:20:00,0.0,0.0,0.0,0.0,0.0,0.0,0.0,0.0,0.0,0.0,0.0,0.0,0.0,0.0,0.0,0.0,0.0,0.0,0.0,0.0,0.0,0.0,0.0,0.0,0.0,0.0,0.0,0.0,0.0,0.0,0.0,0.0,0.0,0.0,0.0,0.0,0.0,0.0,0.0,0.0
12:21:00,0.0,0.0,0.0,0.0,0.0,0.0,0.0,0.0,0.0,0.0,0.0,0.0,0.0,0.0,0.0,0.0,0.0,0.0,0.0,0.0,0.0,0.0,0.0,0.0,0.0,0.0,0.0,0.0,0.0,0.0,0.0,0.0,0.0,0.0,0.0,0.0,0.0,0.0,0.0,0.0
12:22:00,0.0,0.0,0.0,0.0,0.0,0.0,0.0,0.0,0.0,0.0,0.0,0.0,0.0,0.0,0.0,0.0,0.0,0.0,0.0,0.0,0.0,0.0,0.0,0.0,0.0,0.0,0.0,0.0,0.0,0.0,0.0,0.0,0.0,0.0,0.0,0.0,0.0,0.0,0.0,0.0
12:23:00,0.0,0.0,0.0,0.0,0.0,0.0,0.0,0.0,0.0,0.0,0.0,0.0,0.0,0.0,0.0,0.0,0.0,0.0,0.0,0.0,0.0,0.0,0.0,0.0,0.0,0.0,0.0,0.0,0.0,0.0,0.0,0.0,0.0,0.0,0.0,0.0,0.0,0.0,0.0,0.0
12:24:00,0.0,0.0,0.0,0.0,0.0,0.0,0.0,0.0,0.0,0.0,0.0,0.0,0.0,0.0,0.0,0.0,0.0,0.0,0.0,0.0,0.0,0.0,0.0,0.0,0.0,0.0,0.0,0.0,0.0,0.0,0.0,0.0,0.0,0.0,0.0,0.0,0.0,0.0,0.0,0.0
12:25:00,0.0,0.0,0.0,0.0,0.0,0.0,0.0,0.0,0.0,0.0,0.0,0.0,0.0,0.0,0.0,0.0,0.0,0.0,0.0,0.0,0.0,0.0,0.0,0.0,0.0,0.0,0.0,0.0,0.0,0.0,0.0,0.0,0.0,0.0,0.0,0.0,0.0,0.0,0.0,0.0
12:26:00,0.0,0.0,0.0,0.0,0.0,0.0,0.0,0.0,0.0,0.0,0.0,0.0,0.0,0.0,0.0,0.0,0.0,0.0,0.0,0.0,0.0,0.0,0.0,0.0,0.0,0.0,0.0,0.0,0.0,0.0,0.0,0.0,0.0,0.0,0.0,0.0,0.0,0.0,0.0,0.0
12:27:00,0.0,0.0,0.0,0.0,0.0,0.0,0.0,0.0,0.0,0.0,0.0,0.0,0.0,0.0,0.0,0.0,0.0,0.0,0.0,0.0,0.0,0.0,0.0,0.0,0.0,0.0,0.0,0.0,0.0,0.0,0.0,0.0,0.0,0.0,0.0,0.0,0.0,0.0,0.0,0.0
12:28:00,0.0,0.0,0.0,0.0,0.0,0.0,0.0,0.0,0.0,0.0,0.0,0.0,0.0,0.0,0.0,0.0,0.0,0.0,0.0,0.0,0.0,0.0,0.0,0.0,0.0,0.0,0.0,0.0,0.0,0.0,0.0,0.0,0.0,0.0,0.0,0.0,0.0,0.0,0.0,0.0
12:29:00,0.0,0.0,0.0,0.0,0.0,0.0,0.0,0.0,0.0,0.0,0.0,0.0,0.0,0.0,0.0,0.0,0.0,0.0,0.0,0.0,0.0,0.0,0.0,0.0,0.0,0.0,0.0,0.0,0.0,0.0,0.0,0.0,0.0,0.0,0.0,0.0,0.0,0.0,0.0,0.0
12:30:00,0.0,0.0,0.0,0.0,0.0,0.0,0.0,0.0,0.0,0.0,0.0,0.0,0.0,0.0,0.0,0.0,0.0,0.0,0.0,0.0,0.0,0.0,0.0,0.0,0.0,0.0,0.0,0.0,0.0,0.0,0.0,0.0,0.0,0.0,0.0,0.0,0.0,0.0,0.0,0.0
12:31:00,0.0,0.0,0.0,0.0,0.0,0.0,0.0,0.0,0.0,0.0,0.0,0.0,0.0,0.0,0.0,0.0,0.0,0.0,0.0,0.0,0.0,0.0,0.0,0.0,0.0,0.0,0.0,0.0,0.0,0.0,0.0,0.0,0.0,0.0,0.0,0.0,0.0,0.0,0.0,0.0
12:32:00,0.0,0.0,0.0,0.0,0.0,0.0,0.0,0.0,0.0,0.0,0.0,0.0,0.0,0.0,0.0,0.0,0.0,0.0,0.0,0.0,0.0,0.0,0.0,0.0,0.0,0.0,0.0,0.0,0.0,0.0,0.0,0.0,0.0,0.0,0.0,0.0,0.0,0.0,0.0,0.0
12:33:00,0.0,0.0,0.0,0.0,0.0,0.0,0.0,0.0,0.0,0.0,0.0,0.0,0.0,0.0,0.0,0.0,0.0,0.0,0.0,0.0,0.0,0.0,0.0,0.0,0.0,0.0,0.0,0.0,0.0,0.0,0.0,0.0,0.0,0.0,0.0,0.0,0.0,0.0,0.0,0.0
12:34:00,0.0,0.0,0.0,0.0,0.0,0.0,0.0,0.0,0.0,0.0,0.0,0.0,0.0,0.0,0.0,0.0,0.0,0.0,0.0,0.0,0.0,0.0,0.0,0.0,0.0,0.0,0.0,0.0,0.0,0.0,0.0,0.0,0.0,0.0,0.0,0.0,0.0,0.0,0.0,0.0
12:35:00,0.0,0.0,0.0,0.0,0.0,0.0,0.0,0.0,0.0,0.0,0.0,0.0,0.0,0.0,0.0,0.0,0.0,0.0,0.0,0.0,0.0,0.0,0.0,0.0,0.0,0.0,0.0,0.0,0.0,0.0,0.0,0.0,0.0,0.0,0.0,0.0,0.0,0.0,0.0,0.0
12:36:00,0.0,0.0,0.0,0.0,0.0,0.0,0.0,0.0,0.0,0.0,0.0,0.0,0.0,0.0,0.0,0.0,0.0,0.0,0.0,0.0,0.0,0.0,0.0,0.0,0.0,0.0,0.0,0.0,0.0,0.0,0.0,0.0,0.0,0.0,0.0,0.0,0.0,0.0,0.0,0.0
12:37:00,0.0,0.0,0.0,0.0,0.0,0.0,0.0,0.0,0.0,0.0,0.0,0.0,0.0,0.0,0.0,0.0,0.0,0.0,0.0,0.0,0.0,0.0,0.0,0.0,0.0,0.0,0.0,0.0,0.0,0.0,0.0,0.0,0.0,0.0,0.0,0.0,0.0,0.0,0.0,0.0
12:38:00,0.0,0.0,0.0,0.0,0.0,0.0,0.0,0.0,0.0,0.0,0.0,0.0,0.0,0.0,0.0,0.0,0.0,0.0,0.0,0.0,0.0,0.0,0.0,0.0,0.0,0.0,0.0,0.0,0.0,0.0,0.0,0.0,0.0,0.0,0.0,0.0,0.0,0.0,0.0,0.0
12:39:00,0.0,0.0,0.0,0.0,0.0,0.0,0.0,0.0,0.0,0.0,0.0,0.0,0.0,0.0,0.0,0.0,0.0,0.0,0.0,0.0,0.0,0.0,0.0,0.0,0.0,0.0,0.0,0.0,0.0,0.0,0.0,0.0,0.0,0.0,0.0,0.0,0.0,0.0,0.0,0.0
12:40:00,0.0,0.0,0.0,0.0,0.0,0.0,0.0,0.0,0.0,0.0,0.0,0.0,0.0,0.0,0.0,0.0,0.0,0.0,0.0,0.0,0.0,0.0,0.0,0.0,0.0,0.0,0.0,0.0,0.0,0.0,0.0,0.0,0.0,0.0,0.0,0.0,0.0,0.0,0.0,0.0
12:41:00,0.0,0.0,0.0,0.0,0.0,0.0,0.0,0.0,0.0,0.0,0.0,0.0,0.0,0.0,0.0,0.0,0.0,0.0,0.0,0.0,0.0,0.0,0.0,0.0,0.0,0.0,0.0,0.0,0.0,0.0,0.0,0.0,0.0,0.0,0.0,0.0,0.0,0.0,0.0,0.0
12:42:00,0.0,0.0,0.0,0.0,0.0,0.0,0.0,0.0,0.0,0.0,0.0,0.0,0.0,0.0,0.0,0.0,0.0,0.0,0.0,0.0,0.0,0.0,0.0,0.0,0.0,0.0,0.0,0.0,0.0,0.0,0.0,0.0,0.0,0.0,0.0,0.0,0.0,0.0,0.0,0.0
12:43:00,0.0,0.0,0.0,0.0,0.0,0.0,0.0,0.0,0.0,0.0,0.0,0.0,0.0,0.0,0.0,0.0,0.0,0.0,0.0,0.0,0.0,0.0,0.0,0.0,0.0,0.0,0.0,0.0,0.0,0.0,0.0,0.0,0.0,0.0,0.0,0.0,0.0,0.0,0.0,0.0
12:44:00,0.0,0.0,0.0,0.0,0.0,0.0,0.0,0.0,0.0,0.0,0.0,0.0,0.0,0.0,0.0,0.0,0.0,0.0,0.0,0.0,0.0,0.0,0.0,0.0,0.0,0.0,0.0,0.0,0.0,0.0,0.0,0.0,0.0,0.0,0.0,0.0,0.0,0.0,0.0,0.0
12:45:00,0.0,0.0,0.0,0.0,0.0,0.0,0.0,0.0,0.0,0.0,0.0,0.0,0.0,0.0,0.0,0.0,0.0,0.0,0.0,0.0,0.0,0.0,0.0,0.0,0.0,0.0,0.0,0.0,0.0,0.0,0.0,0.0,0.0,0.0,0.0,0.0,0.0,0.0,0.0,0.0
12:46:00,0.0,0.0,0.0,0.0,0.0,0.0,0.0,0.0,0.0,0.0,0.0,0.0,0.0,0.0,0.0,0.0,0.0,0.0,0.0,0.0,0.0,0.0,0.0,0.0,0.0,0.0,0.0,0.0,0.0,0.0,0.0,0.0,0.0,0.0,0.0,0.0,0.0,0.0,0.0,0.0
12:47:00,0.0,0.0,0.0,0.0,0.0,0.0,0.0,0.0,0.0,0.0,0.0,0.0,0.0,0.0,0.0,0.0,0.0,0.0,0.0,0.0,0.0,0.0,0.0,0.0,0.0,0.0,0.0,0.0,0.0,0.0,0.0,0.0,0.0,0.0,0.0,0.0,0.0,0.0,0.0,0.0
12:48:00,0.0,0.0,0.0,0.0,0.0,0.0,0.0,0.0,0.0,0.0,0.0,0.0,0.0,0.0,0.0,0.0,0.0,0.0,0.0,0.0,0.0,0.0,0.0,0.0,0.0,0.0,0.0,0.0,0.0,0.0,0.0,0.0,0.0,0.0,0.0,0.0,0.0,0.0,0.0,0.0
12:49:00,0.0,0.0,0.0,0.0,0.0,0.0,0.0,0.0,0.0,0.0,0.0,0.0,0.0,0.0,0.0,0.0,0.0,0.0,0.0,0.0,0.0,0.0,0.0,0.0,0.0,0.0,0.0,0.0,0.0,0.0,0.0,0.0,0.0,0.0,0.0,0.0,0.0,0.0,0.0,0.0
12:50:00,0.0,0.0,0.0,0.0,0.0,0.0,0.0,0.0,0.0,0.0,0.0,0.0,0.0,0.0,0.0,0.0,0.0,0.0,0.0,0.0,0.0,0.0,0.0,0.0,0.0,0.0,0.0,0.0,0.0,0.0,0.0,0.0,0.0,0.0,0.0,0.0,0.0,0.0,0.0,0.0
12:51:00,0.0,0.0,0.0,0.0,0.0,0.0,0.0,0.0,0.0,0.0,0.0,0.0,0.0,0.0,0.0,0.0,0.0,0.0,0.0,0.0,0.0,0.0,0.0,0.0,0.0,0.0,0.0,0.0,0.0,0.0,0.0,0.0,0.0,0.0,0.0,0.0,0.0,0.0,0.0,0.0
12:52:00,0.0,0.0,0.0,0.0,0.0,0.0,0.0,0.0,0.0,0.0,0.0,0.0,0.0,0.0,0.0,0.0,0.0,0.0,0.0,0.0,0.0,0.0,0.0,0.0,0.0,0.0,0.0,0.0,0.0,0.0,0.0,0.0,0.0,0.0,0.0,0.0,0.0,0.0,0.0,0.0
12:53:00,0.0,0.0,0.0,0.0,0.0,0.0,0.0,0.0,0.0,0.0,0.0,0.0,0.0,0.0,0.0,0.0,0.0,0.0,0.0,0.0,0.0,0.0,0.0,0.0,0.0,0.0,0.0,0.0,0.0,0.0,0.0,0.0,0.0,0.0,0.0,0.0,0.0,0.0,0.0,0.0
12:54:00,0.0,0.0,0.0,0.0,0.0,0.0,0.0,0.0,0.0,0.0,0.0,0.0,0.0,0.0,0.0,0.0,0.0,0.0,0.0,0.0,0.0,0.0,0.0,0.0,0.0,0.0,0.0,0.0,0.0,0.0,0.0,0.0,0.0,0.0,0.0,0.0,0.0,0.0,0.0,0.0
12:55:00,0.0,0.0,0.0,0.0,0.0,0.0,0.0,0.0,0.0,0.0,0.0,0.0,0.0,0.0,0.0,0.0,0.0,0.0,0.0,0.0,0.0,0.0,0.0,0.0,0.0,0.0,-1.019743013157313,0.0,0.0,0.0,0.0,0.0,0.0,0.0,0.0,0.0,0.0,0.0,0.0,0.0
12:56:00,0.0,0.0,0.0,0.0,0.0,0.0,0.0,0.0,0.0,0.0,0.0,0.0,0.0,0.0,0.0,0.0,0.0,0.0,0.0,0.0,0.0,0.0,0.0,0.0,0.0,0.0,-1.7909640975660064,0.0,0.0,0.0,0.0,0.0,0.0,0.0,0.0,0.0,0.0,0.0,0.0,0.0
12:57:00,0.0,0.0,0.0,0.0,0.0,0.0,0.0,0.0,0.0,0.0,0.0,0.0,0.0,0.0,0.0,0.0,0.0,0.0,0.0,0.0,0.0,0.0,0.0,0.0,-0.260197353587313,0.0,-1.787075726710432,0.0,0.0,0.0,0.0,0.0,0.0,0.0,0.0,0.0,0.0,-0.13807832328626213,0.0,0.0
12:58:00,0.0,0.0,0.0,0.0,0.0,0.0,0.0,0.0,0.0,0.0,0.0,0.0,0.0,0.0,0.0,0.0,0.0,0.0,0.0,0.0,0.0,0.0,0.0,0.0,-1.7751067167127788,0.0,-1.7831067167127788,0.0,0.0,0.0,0.0,0.0,0.0,0.0,0.0,0.0,0.0,-1.7451067167127787,0.0,0.0
12:59:00,0.0,0.0,0.0,0.0,0.0,0.0,0.0,0.0,0.0,0.0,0.0,0.0,0.0,0.0,0.0,0.0,0.0,0.0,0.0,0.0,0.0,0.0,0.0,0.0,-1.7710570187508858,0.0,-1.7790570187508858,0.0,0.0,0.0,0.0,0.0,0.0,0.0,0.0,0.0,0.0,-1.7410570187508858,0.0,0.0
13:00:00,0.0,0.0,0.0,0.0,0.0,0.0,0.0,0.0,0.0,0.0,0.0,0.0,0.0,0.0,0.0,0.0,0.0,0.0,0.0,0.0,0.0,0.0,0.0,0.0,-2.5267961388850795,0.0,-2.222796138885079,0.0,0.0,0.0,0.0,0.0,0.0,0.0,0.0,0.0,0.0,-2.5467961388850795,0.0,0.0
13:01:00,0.0,0.0,0.0,0.0,0.0,0.0,0.0,0.0,0.0,0.0,0.0,0.0,0.0,0.0,0.0,0.0,0.0,0.0,0.0,0.0,0.0,0.0,0.0,0.0,-2.5209362925610206,-1.4459510005696996,-2.2169362925610203,0.0,0.0,0.0,0.0,0.0,0.0,0.0,0.0,0.0,0.0,-2.5409362925610206,0.0,0.0
13:02:00,0.0,0.0,0.0,0.0,0.0,0.0,0.0,0.0,0.0,0.0,0.0,0.0,0.0,0.0,0.0,0.0,0.0,0.0,0.0,0.0,0.0,0.0,0.0,0.0,-2.5149631177472815,-2.5609631177472814,-2.2109631177472813,0.0,0.0,0.0,0.0,0.0,0.0,0.0,0.0,0.0,0.0,-2.5349631177472816,0.0,0.0
13:03:00,0.0,0.0,0.0,0.0,-1.499814107640524,0.0,0.0,0.0,0.0,0.0,0.0,0.0,0.0,0.0,0.0,0.0,0.0,0.0,0.0,0.0,0.0,0.0,0.0,0.0,-2.5088764996972333,-2.554876499697233,-2.204876499697233,0.0,0.0,0.0,0.0,0.0,0.0,-1.1840641769457099,0.0,0.0,0.0,-2.5288764996972333,0.0,0.0
13:04:00,0.0,0.0,0.0,0.0,-2.5286763089955824,0.0,0.0,0.0,0.0,0.0,0.0,0.0,0.0,0.0,0.0,0.0,0.0,0.0,0.0,0.0,0.0,0.0,0.0,0.0,-2.5026763089955826,-2.5486763089955824,-2.1986763089955823,0.0,0.0,0.0,0.0,0.0,0.0,-2.5686763089955824,0.0,0.0,0.0,-2.5226763089955826,0.0,0.0
13:05:00,0.0,0.0,0.0,0.0,-2.522362417555926,0.0,0.0,0.0,0.0,0.0,0.0,0.0,0.0,0.0,0.0,0.0,0.0,0.0,0.0,0.0,0.0,0.0,0.0,0.0,-2.4963624175559262,-2.542362417555926,-2.192362417555926,0.0,0.0,0.0,0.0,0.0,0.0,-2.562362417555926,0.0,0.0,0.0,-2.5163624175559263,0.0,0.0
13:06:00,0.0,0.0,0.0,0.0,-2.515934694593531,0.0,0.0,0.0,-1.7538676056660323,0.0,0.0,0.0,0.0,0.0,0.0,0.0,0.0,0.0,0.0,0.0,0.0,0.0,0.0,0.0,-2.489934694593531,-2.535934694593531,-2.1859346945935307,0.0,0.0,0.0,0.0,0.0,0.0,-2.555934694593531,0.0,0.0,0.0,-2.509934694593531,0.0,0.0
13:07:00,0.0,0.0,0.0,0.0,-2.509393006617622,0.0,0.0,0.0,-1.9553930066176224,0.0,0.0,0.0,0.0,0.0,0.0,0.0,0.0,0.0,0.0,0.0,0.0,0.0,0.0,0.0,-2.4833930066176224,-2.5293930066176222,-2.179393006617622,0.0,0.0,0.0,0.0,0.0,0.0,-2.5493930066176222,0.0,0.0,0.0,-2.5033930066176224,0.0,0.0
13:08:00,0.0,0.0,0.0,0.0,-2.502737217429615,0.0,0.0,0.0,-1.9487372174296151,-0.9964200501983755,0.0,0.0,0.0,0.0,-1.3788942632064796,0.0,0.0,0.0,0.0,0.0,0.0,0.0,-0.6359978297136684,0.0,-2.476737217429615,-2.522737217429615,-2.172737217429615,0.0,0.0,0.0,0.0,0.0,0.0,-2.542737217429615,0.0,0.0,0.0,-2.496737217429615,0.0,0.0
13:09:00,0.0,0.0,0.0,0.0,-2.4959671880534917,-2.115965017767135,0.0,0.0,-1.9419671880534919,-2.453967188053492,0.0,0.0,0.0,0.0,-2.381967188053492,0.0,0.0,0.0,0.0,-1.3348849408865184,0.0,0.0,-2.4399671880534917,0.0,-2.469967188053492,-2.5159671880534917,-2.1659671880534916,0.0,0.0,0.0,0.0,0.0,0.0,-2.5359671880534917,0.0,0.0,0.0,-2.489967188053492,0.0,0.0
13:10:00,0.0,0.0,0.0,0.0,-2.489082776800251,-2.409082776800251,0.0,0.0,-1.9350827768002512,-2.447082776800251,0.0,0.0,0.0,0.0,-2.375082776800251,0.0,0.0,-0.2649359243690057,0.0,-2.2730827768002513,0.0,0.0,-2.433082776800251,0.0,-2.4630827768002512,-2.509082776800251,-2.159082776800251,0.0,0.0,0.0,0.0,0.0,0.0,-2.529082776800251,0.0,0.0,-1.497944228060063,-2.4830827768002512,0.0,0.0
13:11:00,0.0,0.0,0.0,0.0,-2.482083839196341,-2.402083839196341,0.0,0.0,-1.9280838391963413,-2.4400838391963413,0.0,0.0,0.0,0.0,-2.3680838391963412,-0.8660280672562994,0.0,-2.438083839196341,0.0,-2.2660838391963414,0.0,0.0,-2.426083839196341,0.0,-2.4560838391963413,-2.502083839196341,-2.152083839196341,0.0,0.0,0.0,0.0,0.0,0.0,-2.522083839196341,0.0,0.0,-2.4040838391963413,-2.4760838391963413,-0.6965137036971105,0.0
13:12:00,0.0,0.0,0.0,0.0,-2.474970227986366,-2.394970227986366,-2.228901189480467,0.0,-1.9209702279863663,-2.4329702279863663,0.0,0.0,0.0,0.0,-2.3609702279863662,-2.3409702279863662,0.0,-2.430970227986366,-0.8294815806928677,-2.2589702279863664,0.0,0.0,-2.418970227986366,0.0,-2.4489702279863663,-2.494970227986366,-2.144970227986366,0.0,0.0,0.0,0.0,0.0,0.0,-2.514970227986366,0.0,0.0,-2.3969702279863663,-2.4689702279863663,-2.4609702279863663,0.0
13:13:00,0.0,0.0,0.0,-0.3367635779979312,-2.4677417931287278,-2.3877417931287277,-2.357741793128728,0.0,-1.913741793128728,-2.425741793128728,0.0,0.0,0.0,0.0,-2.353741793128728,-2.333741793128728,0.0,-2.4237417931287277,-2.421741793128728,-2.251741793128728,0.0,0.0,-2.4117417931287277,0.0,-2.441741793128728,-2.487741793128728,-2.1377417931287277,0.0,0.0,0.0,0.0,0.0,-2.2017519927556677,-2.507741793128728,0.0,0.0,-2.389741793128728,-2.461741793128728,-2.453741793128728,0.0
13:14:00,0.0,0.0,0.0,-2.212398376765483,-2.460398376765483,-2.380398376765483,-2.350398376765483,0.0,-1.906398376765483,-2.418398376765483,0.0,0.0,0.0,0.0,-2.346398376765483,-2.326398376765483,0.0,-2.416398376765483,-2.414398376765483,-2.244398376765483,0.0,0.0,-2.404398376765483,0.0,-2.434398376765483,-2.480398376765483,-2.130398376765483,0.0,0.0,0.0,0.0,0.0,-2.294398376765483,-2.500398376765483,0.0,0.0,-2.382398376765483,-2.454398376765483,-2.446398376765483,0.0
13:15:00,0.0,0.0,0.0,-2.2049398330637784,-2.452939833063778,-2.372939833063778,-2.3429398330637783,0.0,-1.8989398330637783,-2.4109398330637783,0.0,0.0,0.0,0.0,-2.3389398330637783,-2.3189398330637783,0.0,-2.408939833063778,-2.4069398330637783,-2.2369398330637784,0.0,0.0,-2.396939833063778,0.0,-2.4269398330637784,-2.472939833063778,-2.122939833063778,0.0,0.0,0.0,0.0,-0.0731357384792326,-2.2869398330637782,-2.492939833063778,0.0,0.0,-2.3749398330637783,-2.4469398330637784,-2.4389398330637784,0.0
13:16:00,0.0,0.0,0.0,-2.197365998603551,-2.4453659986035508,-2.3653659986035507,-2.335365998603551,0.0,-1.891365998603551,-2.403365998603551,0.0,0.0,0.0,0.0,-2.331365998603551,-2.311365998603551,0.0,-2.4013659986035507,-2.399365998603551,-2.229365998603551,0.0,0.0,-2.3893659986035507,0.0,-2.419365998603551,-2.4653659986035508,-2.1153659986035507,0.0,0.0,0.0,0.0,-2.3453659986035507,-2.279365998603551,-2.485365998603551,0.0,0.0,-2.367365998603551,-2.439365998603551,-2.431365998603551,0.0
13:17:00,0.0,-0.8729840920079623,0.0,-2.1896767119991654,-2.437676711999165,-2.357676711999165,-2.3276767119991653,0.0,-1.8836767119991653,-2.3956767119991653,0.0,0.0,0.0,0.0,-2.3236767119991653,-2.3036767119991652,0.0,-2.393676711999165,-2.3916767119991653,-2.2216767119991654,0.0,0.0,-2.381676711999165,0.0,-2.4116767119991653,-2.457676711999165,-2.107676711999165,0.0,0.0,0.0,0.0,-2.337676711999165,-2.271676711999165,-2.477676711999165,0.0,0.0,-2.3596767119991653,-2.4316767119991654,-2.4236767119991653,0.0
13:18:00,0.0,-2.223871809015131,0.0,-2.181871809015131,-2.429871809015131,-2.3498718090151307,-2.319871809015131,0.0,-1.875871809015131,-2.387871809015131,0.0,0.0,0.0,0.0,-2.315871809015131,-2.295871809015131,0.0,-2.3858718090151307,-2.383871809015131,-2.213871809015131,0.0,-0.14208262936907046,-2.3738718090151307,0.0,-2.403871809015131,-2.449871809015131,-2.0998718090151307,0.0,-0.39408262936895455,0.0,0.0,-2.3298718090151307,-2.263871809015131,-2.469871809015131,0.0,0.0,-2.351871809015131,-2.423871809015131,-2.415871809015131,0.0
13:19:00,0.0,-2.2159511224983794,0.0,-2.1739511224983796,-2.4219511224983794,-2.3419511224983793,-2.3119511224983795,0.0,-1.8679511224983796,-2.3799511224983796,0.0,0.0,0.0,0.0,-2.3079511224983795,-2.2879511224983795,0.0,-2.3779511224983794,-2.3759511224983796,-2.2059511224983797,0.0,-1.7819511224983795,-2.3659511224983794,0.0,-2.3959511224983796,-2.4419511224983794,-2.0919511224983793,0.0,-2.0699511224983795,0.0,0.0,-2.3219511224983793,-2.2559511224983795,-2.4619511224983794,0.0,0.0,-2.3439511224983796,-2.4159511224983796,-2.4079511224983796,0.0
13:20:00,0.0,-2.2079144824576344,0.0,-2.1659144824576346,-2.4139144824576344,-2.3339144824576343,-2.3039144824576345,0.0,-1.8599144824576346,-2.3719144824576346,0.0,0.0,0.0,0.0,-2.2999144824576345,-2.2799144824576345,-0.6745058173946217,-2.3699144824576344,-2.3679144824576346,-2.1979144824576347,0.0,-1.7739144824576345,-2.3579144824576344,0.0,-2.3879144824576346,-2.4339144824576344,-2.0839144824576343,-2.3237525290050103,-2.0619144824576345,0.0,0.0,-2.3139144824576343,-2.2479144824576345,-2.4539144824576344,0.0,0.0,-2.3359144824576346,-2.4079144824576346,-2.3999144824576346,0.0
13:21:00,0.0,-2.199761715994093,0.0,-2.157761715994093,-2.405761715994093,-2.325761715994093,-2.295761715994093,0.0,-1.8517617159940931,-2.363761715994093,0.0,0.0,0.0,0.0,-2.291761715994093,-2.271761715994093,-1.873761715994093,-2.361761715994093,-2.359761715994093,-2.189761715994093,0.0,-1.765761715994093,-2.349761715994093,-0.19137302137011591,-2.379761715994093,-2.425761715994093,-2.075761715994093,-2.327761715994093,-2.053761715994093,0.0,0.0,-2.305761715994093,-2.239761715994093,-2.445761715994093,0.0,0.0,-2.327761715994093,-2.399761715994093,-2.391761715994093,0.0
13:22:00,0.0,-2.1914926473081535,0.0,-2.1494926473081537,-2.3974926473081535,-2.3174926473081534,-2.2874926473081536,0.0,-1.8434926473081537,-2.3554926473081537,0.0,0.0,0.0,0.0,-2.2834926473081536,-2.2634926473081536,-1.8654926473081535,-2.3534926473081534,-2.3514926473081537,-2.1814926473081537,0.0,-1.7574926473081536,-2.3414926473081534,-2.1414926473081537,-2.3714926473081537,-2.4174926473081535,-2.0674926473081534,-2.3194926473081536,-2.0454926473081536,-1.0065984225173545,0.0,-2.2974926473081534,-2.2314926473081536,-2.4374926473081535,0.0,-1.4097227599714506,-2.3194926473081536,-2.3914926473081537,-2.3834926473081537,0.0
13:23:00,0.0,-2.183107097712949,0.0,-2.141107097712949,-2.389107097712949,-2.309107097712949,-2.279107097712949,0.0,-1.835107097712949,-2.347107097712949,0.0,0.0,0.0,0.0,-2.275107097712949,-2.255107097712949,-1.857107097712949,-2.345107097712949,-2.343107097712949,-2.173107097712949,0.0,-1.749107097712949,-2.333107097712949,-2.133107097712949,-2.363107097712949,-2.409107097712949,-2.059107097712949,-2.311107097712949,-2.037107097712949,-2.343107097712949,0.0,-2.289107097712949,-2.223107097712949,-2.429107097712949,0.0,-2.381107097712949,-2.311107097712949,-2.383107097712949,-2.375107097712949,0.0
13:24:00,0.0,-2.174604885563202,0.0,-2.132604885563202,-2.380604885563202,-2.3006048855632018,-2.270604885563202,0.0,-1.826604885563202,-2.338604885563202,0.0,0.0,-0.3572162177740519,0.0,-2.266604885563202,-2.246604885563202,-1.8486048855632018,-2.336604885563202,-2.334604885563202,-2.164604885563202,0.0,-1.740604885563202,-2.3246048855632018,-2.124604885563202,-2.354604885563202,-2.400604885563202,-2.0506048855632018,-2.302604885563202,-2.028604885563202,-2.334604885563202,0.0,-2.2806048855632017,-2.214604885563202,-2.420604885563202,0.0,-2.372604885563202,-2.302604885563202,-2.374604885563202,-2.366604885563202,0.0
13:25:00,0.0,-2.1659858205297544,0.0,-2.1239858205297546,-2.3719858205297544,-2.2919858205297543,-2.2619858205297545,0.0,-1.8179858205297545,-2.3299858205297546,0.0,0.0,-2.2499858205297545,0.0,-2.2579858205297545,-2.2379858205297545,-1.8399858205297543,-2.3279858205297543,-2.3259858205297546,-2.1559858205297546,0.0,-1.7319858205297545,-2.3159858205297543,-2.1159858205297546,-2.3459858205297546,-2.3919858205297544,-2.0419858205297543,-2.2939858205297545,-2.0199858205297545,-2.3259858205297546,0.0,-2.2719858205297543,-2.2059858205297544,-2.4119858205297544,0.0,-2.3639858205297544,-2.2939858205297545,-2.3659858205297546,-2.3579858205297546,0.0
13:26:00,0.0,-2.1572497267290536,0.0,-2.1152497267290538,-2.3632497267290535,-2.2832497267290535,-2.2532497267290537,0.0,-1.8092497267290537,-2.3212497267290537,0.0,0.0,-2.2412497267290536,0.0,-2.2492497267290537,-2.2292497267290536,-1.8312497267290535,-2.3192497267290535,-2.3172497267290537,-2.147249726729054,0.0,-1.7232497267290536,-2.3072497267290535,-2.1072497267290538,-2.3372497267290537,-2.3832497267290536,-2.0332497267290535,-2.2852497267290537,-2.0112497267290537,-2.3172497267290537,0.0,-2.2632497267290534,-2.1972497267290536,-2.4032497267290536,0.0,-2.3552497267290535,-2.2852497267290537,-2.3572497267290538,-2.3492497267290537,0.0
13:27:00,0.0,-2.14839640806685,0.0,-2.1063964080668502,-2.35439640806685,-2.27439640806685,-2.24439640806685,0.0,-1.8003964080668502,-2.31239640806685,-1.2507409944173613,0.0,-2.23239640806685,0.0,-2.24039640806685,-2.22039640806685,-1.82239640806685,-2.31039640806685,-2.30839640806685,-2.1383964080668503,0.0,-1.7143964080668501,-2.29839640806685,-2.0983964080668502,-2.32839640806685,-2.37439640806685,-2.02439640806685,-2.27639640806685,-2.00239640806685,-2.30839640806685,0.0,-2.25439640806685,-2.18839640806685,-2.39439640806685,0.0,-2.34639640806685,-2.27639640806685,-2.3483964080668502,-2.3403964080668502,0.0
13:28:00,0.0,-2.1394256712924404,0.0,-2.0974256712924406,-2.3454256712924404,-2.2654256712924403,-2.2354256712924405,0.0,-1.7914256712924406,-2.3034256712924406,-2.1494256712924407,0.0,-2.2234256712924405,0.0,-2.2314256712924405,-2.2114256712924405,-1.8134256712924404,-2.3014256712924404,-2.2994256712924406,-2.1294256712924406,0.0,-1.7054256712924405,-2.2894256712924403,-2.0894256712924406,-2.3194256712924406,-2.3654256712924404,-2.0154256712924403,-2.2674256712924405,-1.9934256712924405,-2.2994256712924406,0.0,-2.2454256712924403,-2.1794256712924405,-2.3854256712924404,0.0,-2.3374256712924404,-2.2674256712924405,-2.3394256712924406,-2.3314256712924406,0.0
13:29:00,0.0,-2.130337320198066,0.0,-2.0883373201980664,-2.336337320198066,-2.256337320198066,-2.2263373201980663,0.0,-1.7823373201980663,-2.2943373201980664,-2.1403373201980664,0.0,-2.2143373201980663,0.0,-2.2223373201980663,-2.2023373201980663,-1.8043373201980661,-2.292337320198066,-2.2903373201980664,-2.1203373201980664,0.0,-1.6963373201980663,-2.280337320198066,-2.0803373201980664,-2.3103373201980664,-2.356337320198066,-2.006337320198066,-2.2583373201980663,-1.9843373201980663,-2.2903373201980664,0.0,-2.236337320198066,-2.1703373201980662,-2.376337320198066,0.0,-2.328337320198066,-2.2583373201980663,-2.3303373201980664,-2.3223373201980664,0.0
13:30:00,0.0,-2.105131155725482,0.0,-1.8331311557254821,-2.327131155725482,-2.219131155725482,-2.203131155725482,0.0,-2.161131155725482,-2.283131155725482,-2.117131155725482,0.0,-2.131131155725482,0.0,-2.229131155725482,-2.203131155725482,-2.023131155725482,-2.005131155725482,-1.917131155725482,-2.231131155725482,0.0,-1.985131155725482,-2.223131155725482,-2.013131155725482,-0.3031311557254819,-2.285131155725482,-2.301131155725482,-2.275131155725482,-2.171131155725482,-2.165131155725482,0.0,-1.993131155725482,-2.217131155725482,-2.325131155725482,0.0,-2.193131155725482,-2.209131155725482,-2.323131155725482,-2.325131155725482,0.0
13:31:00,0.0,-2.095806975908684,0.0,-1.8238069759086843,-2.317806975908684,-2.209806975908684,-2.193806975908684,0.0,-2.151806975908684,-2.273806975908684,-2.107806975908684,0.0,-2.1218069759086844,0.0,-2.2198069759086843,-2.193806975908684,-2.0138069759086843,-1.9958069759086843,-1.9078069759086842,-2.221806975908684,0.0,-1.9758069759086843,-2.213806975908684,-2.003806975908684,-0.2938069759086841,-2.2758069759086843,-2.2918069759086843,-2.265806975908684,-2.161806975908684,-2.155806975908684,0.0,-1.9838069759086843,-2.2078069759086842,-2.3158069759086843,0.0,-2.1838069759086842,-2.1998069759086842,-2.313806975908684,-2.3158069759086843,0.0
13:32:00,0.0,-2.0863645759028233,0.0,-1.8143645759028235,-2.3083645759028233,-2.200364575902823,-2.184364575902823,0.0,-2.1423645759028234,-2.2643645759028233,-2.0983645759028233,0.0,-2.1123645759028236,0.0,-2.2103645759028234,-2.184364575902823,-2.0043645759028235,-1.9863645759028234,-1.8983645759028234,-2.212364575902823,0.0,-1.9663645759028234,-2.204364575902823,-1.9943645759028232,-0.28436457590282327,-2.2663645759028235,-2.2823645759028235,-2.2563645759028232,-2.1523645759028236,-2.1463645759028234,0.0,-1.9743645759028234,-2.1983645759028234,-2.3063645759028235,0.0,-2.1743645759028234,-2.1903645759028234,-2.3043645759028233,-2.3063645759028235,0.0
13:33:00,0.0,-2.0768037480154358,0.0,-1.804803748015436,-2.2988037480154357,-2.1908037480154356,-2.1748037480154356,0.0,-2.132803748015436,-2.2548037480154357,-2.088803748015436,0.0,-2.102803748015436,0.0,-2.200803748015436,-2.1748037480154356,-1.994803748015436,-1.976803748015436,-1.8888037480154358,-2.2028037480154357,0.0,-1.9568037480154359,-2.1948037480154357,-1.9848037480154357,-0.2748037480154357,-2.256803748015436,-2.272803748015436,-2.2468037480154357,-2.142803748015436,-2.136803748015436,0.0,-1.964803748015436,-2.188803748015436,-2.296803748015436,0.0,-2.164803748015436,-2.180803748015436,-2.2948037480154357,-2.296803748015436,0.0
13:34:00,0.0,-2.067124281655061,0.0,-1.795124281655061,-2.2891242816550608,-2.1811242816550607,-2.1651242816550607,0.0,-2.123124281655061,-2.2451242816550607,-2.079124281655061,0.0,-2.093124281655061,0.0,-2.191124281655061,-2.1651242816550607,-1.985124281655061,-1.967124281655061,-1.8791242816550608,-2.1931242816550607,-1.1666399370565796,-1.947124281655061,-2.1851242816550607,-1.9751242816550607,-0.26512428165506075,-2.247124281655061,-2.263124281655061,-2.2371242816550607,-2.1331242816550606,-2.127124281655061,0.0,-1.955124281655061,-2.179124281655061,-2.287124281655061,0.0,-2.155124281655061,-2.171124281655061,-2.2851242816550608,-2.287124281655061,0.0
13:35:00,0.0,-2.0573259634574605,-0.3445950605304786,-1.7853259634574608,-2.2793259634574605,-2.1713259634574604,-2.1553259634574604,0.0,-2.1133259634574606,-2.2353259634574605,-2.0693259634574606,0.0,-2.083325963457461,0.0,-2.1813259634574607,-2.1553259634574604,-1.9753259634574607,-1.9573259634574607,-1.8693259634574606,-2.1833259634574604,-2.2673259634574605,-1.9373259634574607,-2.1753259634574604,-1.9653259634574605,-0.2553259634574605,-2.2373259634574607,-2.2533259634574607,-2.2273259634574605,-2.123325963457461,-2.1173259634574606,0.0,-1.9453259634574607,-2.1693259634574606,-2.2773259634574607,0.0,-2.1453259634574606,-2.1613259634574606,-2.2753259634574605,-2.2773259634574607,0.0
13:36:00,0.0,-2.0474085705502914,-2.1534085705502912,-1.7754085705502916,-2.2694085705502913,-2.1614085705502912,-2.145408570550291,0.0,-2.1034085705502914,-2.2254085705502913,-2.0594085705502914,0.0,-2.0734085705502916,0.0,-2.1714085705502915,-2.145408570550291,-1.9654085705502915,-1.9474085705502915,-1.8594085705502914,-2.1734085705502912,-2.2574085705502913,-1.9274085705502915,-2.1654085705502912,-1.9554085705502913,-0.2454085705502913,-2.2274085705502915,-2.2434085705502915,-2.2174085705502913,-2.113408570550291,-2.1074085705502914,0.0,-1.9354085705502915,-2.1594085705502915,-2.2674085705502915,0.0,-2.1354085705502914,-2.1514085705502914,-2.2654085705502913,-2.2674085705502915,0.0
13:37:00,0.0,-2.037371897280232,-2.143371897280232,-1.7653718972802324,-2.259371897280232,-2.151371897280232,-2.135371897280232,0.0,-2.093371897280232,-2.215371897280232,-2.049371897280232,0.0,-2.0633718972802324,0.0,-2.1613718972802323,-2.135371897280232,-1.9553718972802323,-1.9373718972802323,-1.8493718972802322,-2.163371897280232,-2.247371897280232,-1.9173718972802323,-2.155371897280232,-1.945371897280232,-0.2353718972802321,-2.2173718972802323,-2.2333718972802323,-2.207371897280232,-2.1033718972802324,-2.097371897280232,-1.314973612311538,-1.9253718972802323,-2.1493718972802323,-2.2573718972802324,0.0,-2.1253718972802322,-2.1413718972802323,-2.255371897280232,-2.2573718972802324,0.0
13:38:00,-1.7367523354241587,-2.0272157153626513,-2.133215715362651,-1.7552157153626515,-2.2492157153626513,-2.141215715362651,-2.125215715362651,0.0,-2.0832157153626514,-2.2052157153626513,-2.0392157153626513,-0.7634432295730729,-2.0532157153626516,0.0,-2.1512157153626514,-2.125215715362651,-1.9452157153626515,-1.9272157153626515,-1.8392157153626514,-2.153215715362651,-2.2372157153626513,-1.9072157153626514,-2.145215715362651,-1.9352157153626512,-0.22521571536265128,-2.2072157153626515,-2.2232157153626515,-2.1972157153626513,-2.0932157153626516,-2.0872157153626514,-1.9152157153626514,-1.9152157153626514,-2.1392157153626514,-2.2472157153626515,0.0,-2.1152157153626514,-2.1312157153626514,-2.2452157153626513,-2.2472157153626515,0.0
13:39:00,-1.9709398003661045,-2.0169398003661043,-2.122939800366104,-1.7449398003661045,-2.2389398003661043,-2.130939800366104,-2.114939800366104,0.0,-2.0729398003661044,-2.1949398003661043,-2.0289398003661043,-2.0589398003661046,-2.0429398003661046,0.0,-2.1409398003661044,-2.114939800366104,-1.9349398003661045,-1.9169398003661045,-1.8289398003661044,-2.142939800366104,-2.2269398003661043,-1.8969398003661044,-2.134939800366104,-1.9249398003661042,-0.21493980036610427,-2.1969398003661045,-2.2129398003661045,-2.1869398003661042,-2.0829398003661046,-2.0769398003661044,-1.9049398003661044,-1.9049398003661044,-2.1289398003661044,-2.2369398003661045,0.0,-2.1049398003661044,-2.1209398003661044,-2.2349398003661043,-2.2369398003661045,0.0
13:40:00,-1.9605439252536536,-2.0065439252536534,-2.1125439252536533,-1.7345439252536536,-2.2285439252536534,-2.1205439252536533,-2.1045439252536533,0.0,-2.0625439252536535,-2.1845439252536534,-2.0185439252536534,-2.0485439252536537,-2.0325439252536537,0.0,-2.1305439252536535,-2.1045439252536533,-1.9245439252536536,-1.9065439252536536,-1.8185439252536535,-2.1325439252536533,-2.2165439252536534,-1.8865439252536536,-2.1245439252536533,-1.9145439252536534,-0.2045439252536534,-2.1865439252536536,-2.2025439252536536,-2.1765439252536534,-2.0725439252536537,-2.0665439252536535,-1.8945439252536536,-1.8945439252536536,-2.1185439252536535,-2.2265439252536536,0.0,-2.0945439252536535,-2.1105439252536535,-2.2245439252536534,-2.2265439252536536,0.0
13:41:00,-1.9500278603585124,-1.9960278603585122,-2.102027860358512,-1.7240278603585124,-2.218027860358512,-2.110027860358512,-2.094027860358512,0.0,-2.0520278603585123,-2.174027860358512,-2.008027860358512,-2.038027860358512,-2.0220278603585125,0.0,-2.1200278603585123,-2.094027860358512,-1.9140278603585124,-1.8960278603585123,-1.8080278603585123,-2.122027860358512,-2.206027860358512,-1.8760278603585123,-2.114027860358512,-1.9040278603585121,-0.19402786035851216,-2.1760278603585124,-2.1920278603585124,-2.166027860358512,-2.062027860358512,-2.0560278603585123,-1.8840278603585123,-1.8840278603585123,-2.1080278603585123,-2.2160278603585124,0.0,-2.0840278603585123,-2.1000278603585123,-2.214027860358512,-2.2160278603585124,0.0
13:42:00,-1.939391373453308,-1.9853913734533077,-2.0913913734533076,-1.713391373453308,-2.2073913734533077,-2.0993913734533076,-2.0833913734533076,0.0,-2.041391373453308,-2.1633913734533077,-1.9973913734533078,-2.027391373453308,-2.011391373453308,0.0,-2.109391373453308,-2.0833913734533076,-1.9033913734533079,-1.8853913734533079,-1.7973913734533078,-2.1113913734533076,-2.1953913734533077,-1.8653913734533079,-2.1033913734533076,-1.8933913734533077,-0.1833913734533077,-2.165391373453308,-2.181391373453308,-2.1553913734533077,-2.051391373453308,-2.045391373453308,-1.8733913734533079,-1.8733913734533079,-2.097391373453308,-2.205391373453308,0.0,-2.073391373453308,-2.089391373453308,-2.2033913734533077,-2.205391373453308,0.0
13:43:00,-1.9286342298284223,-1.974634229828422,-2.080634229828422,-1.7026342298284223,-2.196634229828422,-2.088634229828422,-2.072634229828422,0.0,-2.030634229828422,-2.152634229828422,-1.986634229828422,-2.016634229828422,-2.0006342298284223,0.0,-2.098634229828422,-2.072634229828422,-1.8926342298284222,-1.8746342298284222,-1.7866342298284221,-2.100634229828422,-2.184634229828422,-1.8546342298284222,-2.092634229828422,-1.882634229828422,-0.17263422982842203,-2.1546342298284222,-2.1706342298284222,-2.144634229828422,-2.040634229828422,-2.034634229828422,-1.8626342298284222,-1.8626342298284222,-2.086634229828422,-2.1946342298284223,0.0,-2.062634229828422,-2.078634229828422,-2.192634229828422,-2.1946342298284223,0.0
13:44:00,-1.9177561922768884,-1.9637561922768882,-2.069756192276888,-1.6917561922768884,-2.185756192276888,-2.077756192276888,-2.061756192276888,0.0,-2.0197561922768883,-2.141756192276888,-1.9757561922768883,-2.0057561922768885,-1.9897561922768883,0.0,-2.0877561922768884,-2.061756192276888,-1.8817561922768884,-1.8637561922768884,-1.7757561922768883,-2.089756192276888,-2.173756192276888,-1.8437561922768884,-2.081756192276888,-1.8717561922768882,-0.1617561922768882,-2.1437561922768884,-2.1597561922768884,-2.133756192276888,-2.0297561922768885,-2.0237561922768883,-1.8517561922768884,-1.8517561922768884,-2.0757561922768883,-2.1837561922768884,0.0,-2.0517561922768883,-2.0677561922768883,-2.181756192276888,-2.1837561922768884,-0.3924574299853459
13:45:00,-1.9067570212862628,-1.9527570212862626,-2.0587570212862625,-1.6807570212862628,-2.1747570212862626,-2.0667570212862625,-2.0507570212862625,0.0,-2.0087570212862627,-2.1307570212862625,-1.9647570212862626,-1.9947570212862626,-1.9787570212862626,0.0,-2.0767570212862627,-2.0507570212862625,-1.8707570212862628,-1.8527570212862627,-1.7647570212862627,-2.0787570212862625,-2.1627570212862626,-1.8327570212862627,-2.0707570212862625,-1.8607570212862625,-0.15075702128626256,-2.1327570212862628,-2.148757021286263,-2.1227570212862625,-2.0187570212862624,-2.0127570212862627,-1.8407570212862627,-1.8407570212862627,-2.0647570212862627,-2.172757021286263,0.0,-2.0407570212862627,-2.0567570212862627,-2.1707570212862626,-2.172757021286263,-0.7627570212862627
13:46:00,-1.895636475035273,-1.9416364750352728,-2.0476364750352727,-1.669636475035273,-2.163636475035273,-2.0556364750352727,-2.0396364750352727,0.0,-1.9976364750352729,-2.1196364750352727,-1.9536364750352728,-1.9836364750352729,-1.9676364750352728,0.0,-2.065636475035273,-2.0396364750352727,-1.859636475035273,-1.841636475035273,-1.7536364750352729,-2.0676364750352727,-2.1516364750352728,-1.821636475035273,-2.0596364750352727,-1.8496364750352727,-0.13963647503527277,-2.121636475035273,-2.137636475035273,-2.1116364750352727,-2.007636475035273,-2.001636475035273,-1.829636475035273,-1.829636475035273,-2.053636475035273,-2.161636475035273,0.0,-2.029636475035273,-2.045636475035273,-2.159636475035273,-2.161636475035273,-0.7516364750352729
13:47:00,-1.884394301921402,-1.9303943019214018,-2.0363943019214017,-1.658394301921402,-2.152394301921402,-2.0443943019214017,-2.0283943019214017,0.0,-1.9863943019214019,-2.1083943019214018,-1.9423943019214018,-1.9723943019214019,-1.9563943019214018,0.0,-2.054394301921402,-2.0283943019214017,-1.848394301921402,-1.830394301921402,-1.7423943019214019,-2.0563943019214017,-2.140394301921402,-1.810394301921402,-2.0483943019214017,-1.8383943019214017,-0.12839430192140178,-2.110394301921402,-2.126394301921402,-2.1003943019214018,-1.9963943019214019,-1.9903943019214019,-1.818394301921402,-1.818394301921402,-2.042394301921402,-2.150394301921402,0.0,-2.018394301921402,-2.034394301921402,-2.148394301921402,-2.150394301921402,-0.7403943019214019
13:48:00,-1.8730302709132922,-1.919030270913292,-2.025030270913292,-1.6470302709132922,-2.141030270913292,-2.033030270913292,-2.017030270913292,0.0,-1.975030270913292,-2.097030270913292,-1.931030270913292,-1.961030270913292,-1.945030270913292,0.0,-2.043030270913292,-2.017030270913292,-1.8370302709132922,-1.8190302709132922,-1.731030270913292,-2.045030270913292,-2.129030270913292,-1.7990302709132922,-2.037030270913292,-1.827030270913292,-0.11703027091329199,-2.099030270913292,-2.115030270913292,-2.089030270913292,-1.985030270913292,-1.979030270913292,-1.8070302709132922,-1.8070302709132922,-2.031030270913292,-2.1390302709132922,0.0,-2.007030270913292,-2.023030270913292,-2.137030270913292,-2.1390302709132922,-0.7290302709132921
13:49:00,-1.8615441263334507,-1.9075441263334505,-2.0135441263334504,-1.6355441263334507,-2.1295441263334505,-2.0215441263334504,-2.0055441263334504,0.0,-1.9635441263334505,-2.0855441263334504,-1.9195441263334505,-1.9495441263334505,-1.9335441263334505,0.0,-2.0315441263334506,-2.0055441263334504,-1.8255441263334506,-1.8075441263334506,-1.7195441263334506,-2.0335441263334504,-2.1175441263334505,-1.7875441263334506,-2.0255441263334504,-1.8155441263334504,-0.10554412633345045,-2.0875441263334507,-2.1035441263334507,-2.0775441263334504,-1.9735441263334506,-1.9675441263334505,-1.7955441263334506,-1.7955441263334506,-2.0195441263334506,-2.1275441263334507,0.0,-1.9955441263334506,-2.0115441263334506,-2.1255441263334505,-2.1275441263334507,-0.7175441263334505
13:50:00,-1.8499356181743312,-1.895935618174331,-2.001935618174331,-1.6239356181743312,-2.117935618174331,-2.009935618174331,-1.993935618174331,0.0,-1.951935618174331,-2.073935618174331,-1.907935618174331,-1.937935618174331,-1.921935618174331,0.0,-2.019935618174331,-1.993935618174331,-1.8139356181743311,-1.7959356181743311,-1.707935618174331,-2.021935618174331,-2.105935618174331,-1.775935618174331,-2.013935618174331,-1.803935618174331,-0.09393561817433094,-2.075935618174331,-2.091935618174331,-2.065935618174331,-1.961935618174331,-1.955935618174331,-1.783935618174331,-1.783935618174331,-2.007935618174331,-2.115935618174331,0.0,-1.983935618174331,-1.999935618174331,-2.113935618174331,-2.115935618174331,-0.705935618174331
13:51:00,-1.8382044946357565,-1.8842044946357563,-1.9902044946357564,-1.6122044946357565,-2.1062044946357563,-1.9982044946357564,-1.9822044946357564,0.0,-1.9402044946357564,-2.0622044946357563,-1.8962044946357564,-1.9262044946357564,-1.9102044946357564,0.0,-2.0082044946357565,-1.9822044946357564,-1.8022044946357565,-1.7842044946357565,-1.6962044946357564,-2.0102044946357562,-2.0942044946357563,-1.7642044946357565,-2.0022044946357562,-1.7922044946357563,-0.0822044946357563,-2.0642044946357565,-2.0802044946357565,-2.0542044946357563,-1.9502044946357564,-1.9442044946357564,-1.7722044946357565,-1.7722044946357565,-1.9962044946357564,-2.1042044946357565,0.0,-1.9722044946357564,-1.9882044946357564,-2.1022044946357563,-2.1042044946357565,-0.6942044946357564
13:52:00,-1.8263505022783302,-1.87235050227833,-1.97835050227833,-1.6003505022783302,-2.09435050227833,-1.98635050227833,-1.97035050227833,0.0,-1.92835050227833,-2.05035050227833,-1.88435050227833,-1.91435050227833,-1.89835050227833,0.0,-1.99635050227833,-1.97035050227833,-1.7903505022783301,-1.7723505022783301,-1.68435050227833,-1.99835050227833,-2.08235050227833,-1.7523505022783301,-1.99035050227833,-1.78035050227833,-0.07035050227832995,-2.05235050227833,-2.06835050227833,-2.04235050227833,-1.93835050227833,-1.93235050227833,-1.7603505022783301,-1.7603505022783301,-1.98435050227833,-2.09235050227833,0.0,-1.96035050227833,-1.97635050227833,-2.09035050227833,-2.09235050227833,-0.68235050227833
13:53:00,-1.8143733861901583,-1.8603733861901581,-1.9663733861901582,-1.5883733861901583,-2.082373386190158,-1.9743733861901582,-1.9583733861901582,0.0,-1.9163733861901582,-2.038373386190158,-1.8723733861901581,-1.9023733861901582,-1.8863733861901582,0.0,-1.9843733861901582,-1.9583733861901582,-1.7783733861901583,-1.7603733861901583,-1.6723733861901582,-1.9863733861901582,-2.070373386190158,-1.7403733861901582,-1.9783733861901582,-1.768373386190158,-0.05837338619015808,-2.0403733861901583,-2.0563733861901583,-2.030373386190158,-1.9263733861901582,-1.9203733861901582,-1.7483733861901583,-1.7483733861901583,-1.9723733861901582,-2.0803733861901583,0.0,-1.9483733861901582,-1.9643733861901582,-2.078373386190158,-2.0803733861901583,-0.6703733861901582
13:54:00,-1.8022728900507405,-1.8482728900507404,-1.9542728900507405,-1.5762728900507406,-2.0702728900507403,-1.9622728900507405,-1.9462728900507404,0.0,-1.9042728900507404,-2.0262728900507403,-1.8602728900507404,-1.8902728900507404,-1.8742728900507404,0.0,-1.9722728900507405,-1.9462728900507404,-1.7662728900507405,-1.7482728900507405,-1.6602728900507404,-1.9742728900507405,-2.0582728900507403,-1.7282728900507405,-1.9662728900507405,-1.7562728900507403,-0.04627289005074031,-2.0282728900507405,-2.0442728900507405,-2.0182728900507403,-1.9142728900507404,-1.9082728900507404,-1.7362728900507405,-1.7362728900507405,-1.9602728900507405,-2.0682728900507406,0.0,-1.9362728900507404,-1.9522728900507405,-2.0662728900507403,-2.0682728900507406,-0.6582728900507404
13:55:00,-1.7900487564392842,-1.836048756439284,-1.942048756439284,-1.5640487564392842,-2.058048756439284,-1.950048756439284,-1.934048756439284,-0.7760117425462456,-1.892048756439284,-2.014048756439284,-1.848048756439284,-1.878048756439284,-1.862048756439284,-0.739519929144866,-1.9600487564392841,-1.934048756439284,-1.7540487564392842,-1.7360487564392841,-1.648048756439284,-1.9620487564392841,-2.046048756439284,-1.7160487564392841,-1.954048756439284,-1.744048756439284,-0.034048756439283956,-2.016048756439284,-2.032048756439284,-2.006048756439284,-1.902048756439284,-1.896048756439284,-1.7240487564392841,-1.7240487564392841,-1.948048756439284,-2.056048756439284,0.0,-1.924048756439284,-1.940048756439284,-2.054048756439284,-2.056048756439284,-0.646048756439284
13:56:00,-1.7777007269190999,-1.8237007269190997,-1.9297007269190998,-1.5517007269190999,-2.0457007269190997,-1.9377007269190998,-1.9217007269190998,-1.2437007269190996,-1.8797007269190997,-2.0017007269190996,-1.8357007269190997,-1.8657007269190997,-1.8497007269190997,-1.9977007269190996,-1.9477007269190998,-1.9217007269190998,-1.7417007269190998,-1.7237007269190998,-1.6357007269190997,-1.9497007269190998,-2.0337007269190996,-1.7037007269190998,-1.9417007269190998,-1.7317007269190996,-0.021700726919099633,-2.0037007269191,-2.0197007269191,-1.9937007269190998,-1.8897007269190997,-1.8837007269190997,-1.7117007269190998,-1.7117007269190998,-1.9357007269190998,-2.0437007269191,0.0,-1.9117007269190998,-1.9277007269190998,-2.0417007269190997,-2.0437007269191,-0.6337007269190997
13:57:00,-1.7652285422650498,-1.8112285422650496,-1.9172285422650497,-1.5392285422650498,-2.0332285422650496,-1.9252285422650497,-1.9092285422650497,-1.2312285422650495,-1.8672285422650496,-1.9892285422650495,-1.8232285422650496,-1.8532285422650496,-1.8372285422650496,-1.9852285422650495,-1.9352285422650497,-1.9092285422650497,-1.7292285422650497,-1.7112285422650497,-1.6232285422650496,-1.9372285422650497,-2.0212285422650496,-1.6912285422650497,-1.9292285422650497,-1.7192285422650495,-0.009228542265049544,-1.9912285422650498,-2.0072285422650498,-1.9812285422650497,-1.8772285422650496,-1.8712285422650496,-1.6992285422650497,-1.6992285422650497,-1.9232285422650497,-2.03122854226505,0.0,-1.8992285422650497,-1.9152285422650497,-2.0292285422650496,-2.03122854226505,-0.6212285422650496
13:58:00,-1.7526319426932213,-1.7986319426932211,-1.9046319426932212,-1.5266319426932213,-2.020631942693221,-1.9126319426932212,-1.8966319426932212,-1.218631942693221,-1.8546319426932212,-1.976631942693221,-1.8106319426932211,-1.8406319426932212,-1.8246319426932212,-1.972631942693221,-1.9226319426932212,-1.8966319426932212,-1.7166319426932213,-1.6986319426932213,-1.6106319426932212,-1.9246319426932212,-2.008631942693221,-1.6786319426932212,-1.9166319426932212,-1.706631942693221,0.0,-1.9786319426932213,-1.9946319426932213,-1.9686319426932213,-1.8646319426932212,-1.8586319426932212,-1.6866319426932213,-1.6866319426932213,-1.9106319426932212,-2.0186319426932213,0.0,-1.8866319426932212,-1.9026319426932212,-2.016631942693221,-2.0186319426932213,-0.6086319426932212
13:59:00,-1.73991065942454,-1.7859106594245397,-1.8919106594245398,-1.51391065942454,-2.0079106594245397,-1.8999106594245398,-1.8839106594245398,-1.2059106594245397,-1.8419106594245398,-1.9639106594245397,-1.7979106594245398,-1.8279106594245398,-1.8119106594245398,-1.9599106594245397,-1.9099106594245399,-1.8839106594245398,-1.70391065942454,-1.6859106594245399,-1.5979106594245398,-1.9119106594245399,-1.9959106594245397,-1.6659106594245399,-1.9039106594245399,-1.6939106594245397,0.0,-1.96591065942454,-1.98191065942454,-1.95591065942454,-1.8519106594245398,-1.8459106594245398,-1.6739106594245399,-1.6739106594245399,-1.8979106594245398,-2.00591065942454,0.0,-1.8739106594245398,-1.8899106594245398,-2.0039106594245397,-2.00591065942454,-0.5959106594245398
14:00:00,-1.0087485525345086,-1.1767485525345085,-0.9827485525345085,-1.0827485525345084,-1.1827485525345085,-1.1647485525345085,-1.3207485525345084,-0.7027485525345085,-1.3187485525345086,-1.2987485525345086,-1.2927485525345086,-1.0107485525345086,-1.2027485525345085,-1.2327485525345085,-1.2567485525345086,-1.2307485525345085,-1.2287485525345085,-1.2927485525345086,-1.2027485525345085,-0.9747485525345085,-1.3907485525345085,-0.9367485525345085,-1.1667485525345085,-0.9467485525345085,0.0,-1.3667485525345084,-1.1307485525345085,-1.0587485525345084,-1.1447485525345085,-1.1107485525345084,-1.0427485525345084,-0.8407485525345085,-1.2407485525345086,-1.3127485525345084,0.0,-1.2687485525345086,-1.2127485525345085,-1.3587485525345084,-1.3507485525345084,-0.08674855253450842
14:01:00,-0.999552065893659,-1.167552065893659,-0.973552065893659,-1.0735520658936588,-1.173552065893659,-1.1555520658936589,-1.3115520658936588,-0.6935520658936589,-1.309552065893659,-1.289552065893659,-1.283552065893659,-1.001552065893659,-1.193552065893659,-1.223552065893659,-1.247552065893659,-1.221552065893659,-1.219552065893659,-1.283552065893659,-1.193552065893659,-0.9655520658936589,-1.3815520658936589,-0.9275520658936589,-1.1575520658936589,-0.9375520658936589,0.0,-1.3575520658936588,-1.1215520658936589,-1.0495520658936588,-1.1355520658936589,-1.1015520658936588,-1.0335520658936588,-0.8315520658936589,-1.231552065893659,-1.3035520658936588,0.0,-1.259552065893659,-1.203552065893659,-1.3495520658936588,-1.3415520658936588,-0.07755206589365882
14:02:00,-0.9902696178320236,-1.1582696178320235,-0.9642696178320236,-1.0642696178320237,-1.1642696178320235,-1.1462696178320235,-1.3022696178320234,-0.6842696178320236,-1.3002696178320234,-1.2802696178320234,-1.2742696178320236,-0.9922696178320236,-1.1842696178320236,-1.2142696178320236,-1.2382696178320236,-1.2122696178320236,-1.2102696178320236,-1.2742696178320236,-1.1842696178320236,-0.9562696178320236,-1.3722696178320235,-0.9182696178320235,-1.1482696178320235,-0.9282696178320236,0.0,-1.3482696178320235,-1.1122696178320235,-1.0402696178320237,-1.1262696178320235,-1.0922696178320235,-1.0242696178320236,-0.8222696178320236,-1.2222696178320236,-1.2942696178320237,0.0,-1.2502696178320236,-1.1942696178320236,-1.3402696178320235,-1.3322696178320235,-0.06826961783202345
14:03:00,-0.980901112759285,-1.148901112759285,-0.954901112759285,-1.054901112759285,-1.154901112759285,-1.136901112759285,-1.2929011127592849,-0.674901112759285,-1.2909011127592849,-1.2709011127592849,-1.264901112759285,-0.982901112759285,-1.174901112759285,-1.204901112759285,-1.228901112759285,-1.202901112759285,-1.200901112759285,-1.264901112759285,-1.174901112759285,-0.946901112759285,-1.362901112759285,-0.908901112759285,-1.138901112759285,-0.918901112759285,0.0,-1.338901112759285,-1.102901112759285,-1.030901112759285,-1.116901112759285,-1.082901112759285,-1.014901112759285,-0.812901112759285,-1.212901112759285,-1.284901112759285,0.0,-1.240901112759285,-1.184901112759285,-1.330901112759285,-1.322901112759285,-0.05890111275928489
14:04:00,-0.9714464569264947,-1.1394464569264946,-0.9454464569264946,-1.0454464569264945,-1.1454464569264946,-1.1274464569264946,-1.2834464569264945,-0.6654464569264946,-1.2814464569264947,-1.2614464569264947,-1.2554464569264947,-0.9734464569264947,-1.1654464569264946,-1.1954464569264946,-1.2194464569264947,-1.1934464569264946,-1.1914464569264946,-1.2554464569264947,-1.1654464569264946,-0.9374464569264946,-1.3534464569264946,-0.8994464569264946,-1.1294464569264946,-0.9094464569264946,0.0,-1.3294464569264945,-1.0934464569264946,-1.0214464569264945,-1.1074464569264946,-1.0734464569264945,-1.0054464569264945,-0.8034464569264946,-1.2034464569264947,-1.2754464569264945,0.0,-1.2314464569264947,-1.1754464569264946,-1.3214464569264945,-1.3134464569264945,-0.04944645692649452
14:05:00,-0.9619055587785941,-1.129905558778594,-0.935905558778594,-1.0359055587785941,-1.135905558778594,-1.117905558778594,-1.273905558778594,-0.655905558778594,-1.271905558778594,-1.2519055587785939,-1.245905558778594,-0.9639055587785941,-1.155905558778594,-1.185905558778594,-1.209905558778594,-1.183905558778594,-1.181905558778594,-1.245905558778594,-1.155905558778594,-0.927905558778594,-1.343905558778594,-0.889905558778594,-1.119905558778594,-0.899905558778594,0.0,-1.319905558778594,-1.083905558778594,-1.0119055587785941,-1.097905558778594,-1.063905558778594,-0.995905558778594,-0.793905558778594,-1.193905558778594,-1.2659055587785941,0.0,-1.221905558778594,-1.165905558778594,-1.311905558778594,-1.303905558778594,-0.03990555877859392
14:06:00,-0.9522783291576165,-1.1202783291576164,-0.9262783291576164,-1.0262783291576163,-1.1262783291576164,-1.1082783291576164,-1.2642783291576163,-0.6462783291576164,-1.2622783291576165,-1.2422783291576165,-1.2362783291576165,-0.9542783291576165,-1.1462783291576164,-1.1762783291576164,-1.2002783291576165,-1.1742783291576164,-1.1722783291576164,-1.2362783291576165,-1.1462783291576164,-0.9182783291576164,-1.3342783291576163,-0.8802783291576164,-1.1102783291576164,-0.8902783291576164,0.0,-1.3102783291576163,-1.0742783291576163,-1.0022783291576163,-1.0882783291576164,-1.0542783291576163,-0.9862783291576164,-0.7842783291576164,-1.1842783291576164,-1.2562783291576163,0.0,-1.2122783291576165,-1.1562783291576164,-1.3022783291576163,-1.2942783291576163,-0.0302783291576163
14:07:00,-0.9425646816033169,-1.1105646816033168,-0.9165646816033168,-1.0165646816033167,-1.1165646816033168,-1.0985646816033168,-1.2545646816033167,-0.6365646816033168,-1.252564681603317,-1.232564681603317,-1.2265646816033169,-0.9445646816033169,-1.1365646816033168,-1.1665646816033168,-1.1905646816033169,-1.1645646816033168,-1.1625646816033168,-1.2265646816033169,-1.1365646816033168,-0.9085646816033168,-1.3245646816033168,-0.8705646816033168,-1.1005646816033168,-0.8805646816033168,0.0,-1.3005646816033167,-1.0645646816033167,-0.9925646816033168,-1.0785646816033168,-1.0445646816033167,-0.9765646816033168,-0.7745646816033168,-1.1745646816033168,-1.2465646816033167,0.0,-1.2025646816033169,-1.1465646816033168,-1.2925646816033167,-1.2845646816033167,-0.020564681603316703
14:08:00,-0.9327645326820204,-1.1007645326820203,-0.9067645326820204,-1.0067645326820203,-1.1067645326820204,-1.0887645326820203,-1.2447645326820203,-0.6267645326820204,-1.2427645326820205,-1.2227645326820205,-1.2167645326820204,-0.9347645326820204,-1.1267645326820204,-1.1567645326820204,-1.1807645326820204,-1.1547645326820204,-1.1527645326820204,-1.2167645326820204,-1.1267645326820204,-0.8987645326820204,-1.3147645326820203,-0.8607645326820204,-1.0907645326820203,-0.8707645326820204,0.0,-1.2907645326820203,-1.0547645326820203,-0.9827645326820204,-1.0687645326820203,-1.0347645326820203,-0.9667645326820203,-0.7647645326820204,-1.1647645326820204,-1.2367645326820202,0.0,-1.1927645326820204,-1.1367645326820204,-1.2827645326820203,-1.2747645326820203,-0.010764532682020267
14:09:00,-0.922877802237807,-1.090877802237807,-0.896877802237807,-0.996877802237807,-1.096877802237807,-1.078877802237807,-1.2348778022378069,-0.616877802237807,-1.232877802237807,-1.212877802237807,-1.206877802237807,-0.924877802237807,-1.116877802237807,-1.146877802237807,-1.170877802237807,-1.144877802237807,-1.142877802237807,-1.206877802237807,-1.116877802237807,-0.888877802237807,-1.304877802237807,-0.850877802237807,-1.080877802237807,-0.860877802237807,0.0,-1.280877802237807,-1.044877802237807,-0.972877802237807,-1.058877802237807,-1.024877802237807,-0.9568778022378069,-0.754877802237807,-1.154877802237807,-1.2268778022378068,0.0,-1.182877802237807,-1.126877802237807,-1.2728778022378069,-1.2648778022378069,-0.0008778022378068684
14:10:00,-0.9129044071332972,-1.0809044071332972,-0.8869044071332972,-0.9869044071332972,-1.0869044071332972,-1.0689044071332972,-1.224904407133297,-0.6069044071332972,-1.222904407133297,-1.202904407133297,-1.1969044071332973,-0.9149044071332972,-1.1069044071332972,-1.1369044071332972,-1.1609044071332972,-1.1349044071332972,-1.1329044071332972,-1.1969044071332973,-1.1069044071332972,-0.8789044071332972,-1.2949044071332971,-0.8409044071332972,-1.0709044071332972,-0.8509044071332972,0.0,-1.270904407133297,-1.0349044071332971,-0.9629044071332972,-1.0489044071332971,-1.014904407133297,-0.9469044071332972,-0.7449044071332972,-1.1449044071332972,-1.2169044071332973,0.0,-1.1729044071332972,-1.1169044071332972,-1.262904407133297,-1.254904407133297,0.0
14:11:00,-0.902844288362584,-1.070844288362584,-0.876844288362584,-0.976844288362584,-1.076844288362584,-1.058844288362584,-1.2148442883625838,-0.596844288362584,-1.212844288362584,-1.192844288362584,-1.186844288362584,-0.904844288362584,-1.096844288362584,-1.126844288362584,-1.150844288362584,-1.124844288362584,-1.122844288362584,-1.186844288362584,-1.096844288362584,-0.868844288362584,-1.284844288362584,-0.830844288362584,-1.060844288362584,-0.840844288362584,0.0,-1.2608442883625839,-1.024844288362584,-0.952844288362584,-1.038844288362584,-1.0048442883625839,-0.9368442883625839,-0.734844288362584,-1.134844288362584,-1.2068442883625838,0.0,-1.162844288362584,-1.106844288362584,-1.2528442883625839,-1.2448442883625839,0.0
14:12:00,-0.8926973713362492,-1.060697371336249,-0.8666973713362491,-0.9666973713362491,-1.066697371336249,-1.048697371336249,-1.204697371336249,-0.5866973713362491,-1.202697371336249,-1.182697371336249,-1.1766973713362492,-0.8946973713362492,-1.086697371336249,-1.1166973713362491,-1.1406973713362492,-1.1146973713362491,-1.1126973713362491,-1.1766973713362492,-1.086697371336249,-0.8586973713362491,-1.274697371336249,-0.8206973713362491,-1.050697371336249,-0.8306973713362491,0.0,-1.250697371336249,-1.014697371336249,-0.9426973713362491,-1.028697371336249,-0.994697371336249,-0.9266973713362491,-0.7246973713362491,-1.1246973713362491,-1.1966973713362492,0.0,-1.1526973713362492,-1.0966973713362491,-1.242697371336249,-1.234697371336249,0.0
14:13:00,-0.8824635930171807,-1.0504635930171806,-0.8564635930171807,-0.9564635930171806,-1.0564635930171806,-1.0384635930171806,-1.1944635930171805,-0.5764635930171806,-1.1924635930171807,-1.1724635930171807,-1.1664635930171807,-0.8844635930171807,-1.0764635930171806,-1.1064635930171807,-1.1304635930171807,-1.1044635930171807,-1.1024635930171807,-1.1664635930171807,-1.0764635930171806,-0.8484635930171807,-1.2644635930171806,-0.8104635930171806,-1.0404635930171806,-0.8204635930171806,0.0,-1.2404635930171806,-1.0044635930171806,-0.9324635930171806,-1.0184635930171806,-0.9844635930171806,-0.9164635930171806,-0.7144635930171807,-1.1144635930171807,-1.1864635930171805,0.0,-1.1424635930171807,-1.0864635930171807,-1.2324635930171806,-1.2244635930171806,0.0
14:14:00,-0.8721428956388,-1.0401428956388,-0.8461428956388,-0.9461428956387999,-1.0461428956388,-1.0281428956388,-1.1841428956387998,-0.5661428956387999,-1.1821428956387998,-1.1621428956387998,-1.1561428956388,-0.8741428956388,-1.0661428956388,-1.0961428956388,-1.1201428956388,-1.0941428956388,-1.0921428956388,-1.1561428956388,-1.0661428956388,-0.8381428956388,-1.2541428956387999,-0.8001428956387999,-1.0301428956388,-0.8101428956387999,0.0,-1.2301428956387999,-0.9941428956387999,-0.9221428956387999,-1.0081428956387999,-0.9741428956387999,-0.9061428956387999,-0.7041428956388,-1.1041428956388,-1.1761428956388,0.0,-1.1321428956388,-1.0761428956388,-1.2221428956387999,-1.2141428956387998,0.0
14:15:00,-0.8617352272986452,-1.029735227298645,-0.8357352272986451,-0.9357352272986451,-1.035735227298645,-1.017735227298645,-1.173735227298645,-0.5557352272986451,-1.1717352272986452,-1.1517352272986452,-1.1457352272986452,-0.8637352272986452,-1.055735227298645,-1.0857352272986451,-1.1097352272986452,-1.0837352272986451,-1.0817352272986451,-1.1457352272986452,-1.055735227298645,-0.8277352272986451,-1.243735227298645,-0.7897352272986451,-1.019735227298645,-0.7997352272986451,0.0,-1.219735227298645,-0.983735227298645,-0.9117352272986451,-0.997735227298645,-0.963735227298645,-0.8957352272986451,-0.6937352272986451,-1.0937352272986451,-1.165735227298645,0.0,-1.1217352272986452,-1.0657352272986451,-1.211735227298645,-1.203735227298645,0.0
14:16:00,-0.8512405423965184,-1.0192405423965183,-0.8252405423965183,-0.9252405423965183,-1.0252405423965183,-1.0072405423965183,-1.1632405423965182,-0.5452405423965183,-1.1612405423965182,-1.1412405423965182,-1.1352405423965184,-0.8532405423965184,-1.0452405423965183,-1.0752405423965183,-1.0992405423965184,-1.0732405423965183,-1.0712405423965183,-1.1352405423965184,-1.0452405423965183,-0.8172405423965183,-1.2332405423965183,-0.7792405423965183,-1.0092405423965183,-0.7892405423965183,0.0,-1.2092405423965182,-0.9732405423965182,-0.9012405423965183,-0.9872405423965183,-0.9532405423965182,-0.8852405423965183,-0.6832405423965183,-1.0832405423965183,-1.1552405423965184,0.0,-1.1112405423965184,-1.0552405423965183,-1.2012405423965182,-1.1932405423965182,0.0
14:17:00,-0.8406588021991148,-1.0086588021991147,-0.8146588021991148,-0.9146588021991148,-1.0146588021991148,-0.9966588021991147,-1.1526588021991147,-0.5346588021991148,-1.1506588021991146,-1.1306588021991146,-1.1246588021991148,-0.8426588021991148,-1.0346588021991148,-1.0646588021991148,-1.0886588021991148,-1.0626588021991148,-1.0606588021991148,-1.1246588021991148,-1.0346588021991148,-0.8066588021991148,-1.2226588021991147,-0.7686588021991148,-0.9986588021991147,-0.7786588021991148,0.0,-1.1986588021991147,-0.9626588021991147,-0.8906588021991148,-0.9766588021991147,-0.9426588021991147,-0.8746588021991147,-0.6726588021991148,-1.0726588021991148,-1.1446588021991149,0.0,-1.1006588021991148,-1.0446588021991148,-1.1906588021991147,-1.1826588021991147,0.0
14:18:00,-0.8299899754409235,-0.9979899754409234,-0.8039899754409234,-0.9039899754409234,-1.0039899754409234,-0.9859899754409234,-1.1419899754409233,-0.5239899754409234,-1.1399899754409235,-1.1199899754409235,-1.1139899754409235,-0.8319899754409235,-1.0239899754409234,-1.0539899754409234,-1.0779899754409235,-1.0519899754409234,-1.0499899754409234,-1.1139899754409235,-1.0239899754409234,-0.7959899754409234,-1.2119899754409234,-0.7579899754409234,-0.9879899754409234,-0.7679899754409234,0.0,-1.1879899754409233,-0.9519899754409233,-0.8799899754409234,-0.9659899754409234,-0.9319899754409233,-0.8639899754409234,-0.6619899754409234,-1.0619899754409234,-1.1339899754409233,0.0,-1.0899899754409235,-1.0339899754409234,-1.1799899754409233,-1.1719899754409233,0.0
14:19:00,-0.8192340388655732,-0.9872340388655731,-0.7932340388655732,-0.8932340388655732,-0.9932340388655732,-0.9752340388655731,-1.131234038865573,-0.5132340388655732,-1.1292340388655733,-1.1092340388655733,-1.1032340388655733,-0.8212340388655732,-1.0132340388655732,-1.0432340388655732,-1.0672340388655732,-1.0412340388655732,-1.0392340388655732,-1.1032340388655733,-1.0132340388655732,-0.7852340388655732,-1.2012340388655731,-0.7472340388655732,-0.9772340388655731,-0.7572340388655732,0.0,-1.177234038865573,-0.9412340388655731,-0.8692340388655732,-0.9552340388655731,-0.9212340388655731,-0.8532340388655731,-0.6512340388655732,-1.0512340388655732,-1.123234038865573,0.0,-1.0792340388655732,-1.0232340388655732,-1.169234038865573,-1.161234038865573,0.0
14:20:00,-0.8083909780043133,-0.9763909780043132,-0.7823909780043132,-0.8823909780043132,-0.9823909780043132,-0.9643909780043132,-1.120390978004313,-0.5023909780043132,-1.1183909780043133,-1.0983909780043133,-1.0923909780043133,-0.8103909780043133,-1.0023909780043132,-1.0323909780043132,-1.0563909780043133,-1.0303909780043132,-1.0283909780043132,-1.0923909780043133,-1.0023909780043132,-0.7743909780043132,-1.1903909780043131,-0.7363909780043132,-0.9663909780043132,-0.7463909780043132,0.0,-1.1663909780043131,-0.9303909780043131,-0.8583909780043132,-0.9443909780043132,-0.9103909780043131,-0.8423909780043132,-0.6403909780043132,-1.0403909780043132,-1.112390978004313,0.0,-1.0683909780043133,-1.0123909780043132,-1.1583909780043131,-1.1503909780043131,0.0
14:21:00,-0.7974607804430336,-0.9654607804430335,-0.7714607804430336,-0.8714607804430335,-0.9714607804430335,-0.9534607804430335,-1.1094607804430334,-0.49146078044303354,-1.1074607804430334,-1.0874607804430334,-1.0814607804430336,-0.7994607804430336,-0.9914607804430335,-1.0214607804430336,-1.0454607804430336,-1.0194607804430336,-1.0174607804430336,-1.0814607804430336,-0.9914607804430335,-0.7634607804430336,-1.1794607804430335,-0.7254607804430335,-0.9554607804430335,-0.7354607804430335,0.0,-1.1554607804430335,-0.9194607804430335,-0.8474607804430335,-0.9334607804430335,-0.8994607804430335,-0.8314607804430335,-0.6294607804430336,-1.0294607804430336,-1.1014607804430336,0.0,-1.0574607804430336,-1.0014607804430335,-1.1474607804430335,-1.1394607804430334,0.0
14:22:00,-0.78644346596289,-0.95444346596289,-0.76044346596289,-0.86044346596289,-0.96044346596289,-0.94244346596289,-1.0984434659628899,-0.48044346596289,-1.0964434659628899,-1.0764434659628899,-1.07044346596289,-0.78844346596289,-0.98044346596289,-1.01044346596289,-1.03444346596289,-1.00844346596289,-1.00644346596289,-1.07044346596289,-0.98044346596289,-0.75244346596289,-1.16844346596289,-0.71444346596289,-0.94444346596289,-0.72444346596289,0.0,-1.14444346596289,-0.9084434659628899,-0.83644346596289,-0.92244346596289,-0.8884434659628899,-0.82044346596289,-0.61844346596289,-1.01844346596289,-1.09044346596289,0.0,-1.04644346596289,-0.99044346596289,-1.13644346596289,-1.12844346596289,0.0
14:23:00,-0.7753390433840897,-0.9433390433840896,-0.7493390433840896,-0.8493390433840896,-0.9493390433840896,-0.9313390433840896,-1.0873390433840895,-0.4693390433840896,-1.0853390433840895,-1.0653390433840895,-1.0593390433840897,-0.7773390433840897,-0.9693390433840896,-0.9993390433840896,-1.0233390433840897,-0.9973390433840896,-0.9953390433840896,-1.0593390433840897,-0.9693390433840896,-0.7413390433840896,-1.1573390433840895,-0.7033390433840896,-0.9333390433840896,-0.7133390433840896,0.0,-1.1333390433840895,-0.8973390433840895,-0.8253390433840896,-0.9113390433840896,-0.8773390433840895,-0.8093390433840896,-0.6073390433840896,-1.0073390433840896,-1.0793390433840897,0.0,-1.0353390433840897,-0.9793390433840896,-1.1253390433840895,-1.1173390433840895,0.0
14:24:00,-0.7641475405891798,-0.9321475405891797,-0.7381475405891798,-0.8381475405891797,-0.9381475405891797,-0.9201475405891797,-1.0761475405891796,-0.4581475405891797,-1.0741475405891796,-1.0541475405891796,-1.0481475405891798,-0.7661475405891798,-0.9581475405891797,-0.9881475405891798,-1.0121475405891798,-0.9861475405891797,-0.9841475405891797,-1.0481475405891798,-0.9581475405891797,-0.7301475405891797,-1.1461475405891797,-0.6921475405891797,-0.9221475405891797,-0.7021475405891797,0.0,-1.1221475405891796,-0.8861475405891797,-0.8141475405891797,-0.9001475405891797,-0.8661475405891796,-0.7981475405891797,-0.5961475405891797,-0.9961475405891798,-1.0681475405891798,0.0,-1.0241475405891798,-0.9681475405891797,-1.1141475405891796,-1.1061475405891796,0.0
14:25:00,-0.7528689982483436,-0.9208689982483436,-0.7268689982483436,-0.8268689982483436,-0.9268689982483436,-0.9088689982483436,-1.0648689982483435,-0.4468689982483436,-1.0628689982483435,-1.0428689982483434,-1.0368689982483437,-0.7548689982483436,-0.9468689982483436,-0.9768689982483436,-1.0008689982483436,-0.9748689982483436,-0.9728689982483436,-1.0368689982483437,-0.9468689982483436,-0.7188689982483436,-1.1348689982483435,-0.6808689982483436,-0.9108689982483436,-0.6908689982483436,0.0,-1.1108689982483435,-0.8748689982483435,-0.8028689982483436,-0.8888689982483435,-0.8548689982483435,-0.7868689982483436,-0.5848689982483436,-0.9848689982483436,-1.0568689982483437,0.0,-1.0128689982483436,-0.9568689982483436,-1.1028689982483435,-1.0948689982483435,0.0
14:26:00,-0.7415034706989505,-0.9095034706989504,-0.7155034706989505,-0.8155034706989505,-0.9155034706989504,-0.8975034706989504,-1.0535034706989503,-0.43550347069895046,-1.0515034706989503,-1.0315034706989503,-1.0255034706989505,-0.7435034706989505,-0.9355034706989505,-0.9655034706989505,-0.9895034706989505,-0.9635034706989505,-0.9615034706989505,-1.0255034706989505,-0.9355034706989505,-0.7075034706989505,-1.1235034706989504,-0.6695034706989504,-0.8995034706989504,-0.6795034706989505,0.0,-1.0995034706989504,-0.8635034706989504,-0.7915034706989504,-0.8775034706989504,-0.8435034706989504,-0.7755034706989504,-0.5735034706989505,-0.9735034706989505,-1.0455034706989506,0.0,-1.0015034706989505,-0.9455034706989505,-1.0915034706989504,-1.0835034706989504,0.0
14:27:00,-0.730051026987371,-0.8980510269873709,-0.704051026987371,-0.804051026987371,-0.9040510269873709,-0.8860510269873709,-1.0420510269873708,-0.42405102698737096,-1.040051026987371,-1.020051026987371,-1.014051026987371,-0.732051026987371,-0.924051026987371,-0.954051026987371,-0.978051026987371,-0.952051026987371,-0.950051026987371,-1.014051026987371,-0.924051026987371,-0.696051026987371,-1.112051026987371,-0.658051026987371,-0.8880510269873709,-0.668051026987371,0.0,-1.0880510269873709,-0.8520510269873709,-0.7800510269873709,-0.8660510269873709,-0.8320510269873709,-0.7640510269873709,-0.562051026987371,-0.962051026987371,-1.0340510269873708,0.0,-0.9900510269873709,-0.934051026987371,-1.0800510269873709,-1.0720510269873709,0.0
14:28:00,-0.7185117519782129,-0.8865117519782129,-0.6925117519782129,-0.7925117519782129,-0.8925117519782129,-0.8745117519782128,-1.0305117519782128,-0.4125117519782129,-1.028511751978213,-1.008511751978213,-1.002511751978213,-0.7205117519782129,-0.9125117519782129,-0.9425117519782129,-0.9665117519782129,-0.9405117519782129,-0.9385117519782129,-1.002511751978213,-0.9125117519782129,-0.6845117519782129,-1.1005117519782128,-0.6465117519782129,-0.8765117519782128,-0.6565117519782129,0.0,-1.0765117519782128,-0.8405117519782128,-0.7685117519782129,-0.8545117519782128,-0.8205117519782128,-0.7525117519782129,-0.5505117519782129,-0.9505117519782129,-1.0225117519782128,0.0,-0.9785117519782128,-0.9225117519782129,-1.0685117519782128,-1.0605117519782128,0.0
14:29:00,-0.7068857474225652,-0.8748857474225651,-0.6808857474225651,-0.7808857474225651,-0.8808857474225651,-0.8628857474225651,-1.018885747422565,-0.4008857474225651,-1.016885747422565,-0.9968857474225651,-0.9908857474225651,-0.7088857474225652,-0.9008857474225651,-0.9308857474225651,-0.9548857474225652,-0.9288857474225651,-0.9268857474225651,-0.9908857474225651,-0.9008857474225651,-0.6728857474225651,-1.088885747422565,-0.6348857474225651,-0.8648857474225651,-0.6448857474225651,0.0,-1.064885747422565,-0.828885747422565,-0.7568857474225651,-0.8428857474225651,-0.808885747422565,-0.7408857474225651,-0.5388857474225651,-0.9388857474225651,-1.0108857474225652,0.0,-0.9668857474225651,-0.9108857474225651,-1.056885747422565,-1.048885747422565,0.0
14:30:00,-0.8511731333210051,-0.6531731333210051,-0.8831731333210051,-0.8611731333210051,-0.9631731333210051,-0.8551731333210051,-0.795173133321005,-0.07117313332100506,-0.9551731333210051,-0.9611731333210051,-1.009173133321005,-0.8831731333210051,-0.9531731333210051,-0.4851731333210051,-0.9171731333210051,-0.6971731333210052,-0.9291731333210052,-1.021173133321005,-0.8711731333210051,-0.813173133321005,-0.9811731333210051,-0.795173133321005,-0.8731731333210051,-0.31717313332100505,0.0,-0.9871731333210051,-1.009173133321005,-0.9671731333210051,-1.023173133321005,-0.9871731333210051,-0.8351731333210051,-1.033173133321005,-0.9211731333210051,-0.9971731333210051,0.0,-0.9631731333210051,-0.9371731333210052,-1.033173133321005,-1.035173133321005,0.0
14:31:00,-0.8393740491435369,-0.6413740491435369,-0.8713740491435369,-0.8493740491435369,-0.9513740491435368,-0.8433740491435369,-0.7833740491435368,-0.05937404914353683,-0.9433740491435368,-0.9493740491435368,-0.9973740491435369,-0.8713740491435369,-0.9413740491435368,-0.47337404914353687,-0.9053740491435369,-0.685374049143537,-0.9173740491435369,-1.0093740491435368,-0.8593740491435369,-0.8013740491435368,-0.9693740491435369,-0.7833740491435368,-0.8613740491435369,-0.30537404914353683,0.0,-0.9753740491435369,-0.9973740491435369,-0.9553740491435369,-1.0113740491435368,-0.9753740491435369,-0.8233740491435368,-1.0213740491435368,-0.9093740491435369,-0.9853740491435369,0.0,-0.9513740491435368,-0.9253740491435369,-1.0213740491435368,-1.0233740491435368,0.0
14:32:00,-0.827488647246571,-0.629488647246571,-0.859488647246571,-0.837488647246571,-0.939488647246571,-0.831488647246571,-0.771488647246571,-0.04748864724657098,-0.931488647246571,-0.937488647246571,-0.985488647246571,-0.859488647246571,-0.929488647246571,-0.461488647246571,-0.8934886472465711,-0.6734886472465711,-0.9054886472465711,-0.997488647246571,-0.847488647246571,-0.789488647246571,-0.957488647246571,-0.771488647246571,-0.849488647246571,-0.293488647246571,0.0,-0.963488647246571,-0.985488647246571,-0.943488647246571,-0.999488647246571,-0.963488647246571,-0.811488647246571,-1.009488647246571,-0.8974886472465711,-0.973488647246571,0.0,-0.939488647246571,-0.9134886472465711,-1.009488647246571,-1.011488647246571,-0.2979402134975462
14:33:00,-0.8155171263129102,-0.6175171263129102,-0.8475171263129102,-0.8255171263129102,-0.9275171263129102,-0.8195171263129102,-0.7595171263129101,-0.03551712631291015,-0.9195171263129102,-0.9255171263129102,-0.9735171263129102,-0.8475171263129102,-0.9175171263129102,-0.4495171263129102,-0.8815171263129102,-0.6615171263129103,-0.8935171263129102,-0.9855171263129102,-0.8355171263129102,-0.7775171263129101,-0.9455171263129102,-0.7595171263129101,-0.8375171263129102,-0.28151712631291015,0.0,-0.9515171263129102,-0.9735171263129102,-0.9315171263129102,-0.9875171263129102,-0.9515171263129102,-0.7995171263129102,-0.9975171263129102,-0.8855171263129102,-0.9615171263129102,0.0,-0.9275171263129102,-0.9015171263129103,-0.9975171263129102,-0.9995171263129102,-0.8875171263129102
14:34:00,-0.8034596850151643,-0.6054596850151643,-0.8354596850151643,-0.8134596850151643,-0.9154596850151643,-0.8074596850151643,-0.7474596850151642,-0.023459685015164267,-0.9074596850151643,-0.9134596850151643,-0.9614596850151643,-0.8354596850151643,-0.9054596850151643,-0.4374596850151643,-0.8694596850151644,-0.6494596850151644,-0.8814596850151644,-0.9734596850151643,-0.8234596850151643,-0.7654596850151643,-0.9334596850151643,-0.7474596850151642,-0.8254596850151643,-0.26945968501516426,0.0,-0.9394596850151643,-0.9614596850151643,-0.9194596850151643,-0.9754596850151643,-0.9394596850151643,-0.7874596850151643,-0.9854596850151643,-0.8734596850151644,-0.9494596850151643,0.0,-0.9154596850151643,-0.8894596850151644,-0.9854596850151643,-0.9874596850151643,-0.8754596850151644
14:35:00,-0.791316555646935,-0.5933165556469351,-0.8233165556469351,-0.801316555646935,-0.903316555646935,-0.795316555646935,-0.735316555646935,-0.011316555646935011,-0.895316555646935,-0.901316555646935,-0.9493165556469351,-0.8233165556469351,-0.893316555646935,-0.42531655564693505,-0.8573165556469351,-0.6373165556469351,-0.8693165556469351,-0.9613165556469351,-0.8113165556469351,-0.753316555646935,-0.921316555646935,-0.735316555646935,-0.8133165556469351,-0.257316555646935,0.0,-0.927316555646935,-0.9493165556469351,-0.907316555646935,-0.9633165556469351,-0.927316555646935,-0.775316555646935,-0.9733165556469351,-0.8613165556469351,-0.9373165556469351,0.0,-0.903316555646935,-0.8773165556469351,-0.9733165556469351,-0.9753165556469351,-0.8633165556469351
14:36:00,-0.7790879978718583,-0.5810879978718584,-0.8110879978718584,-0.7890879978718583,-0.8910879978718583,-0.7830879978718583,-0.7230879978718583,0.0,-0.8830879978718583,-0.8890879978718583,-0.9370879978718584,-0.8110879978718584,-0.8810879978718583,-0.41308799787185835,-0.8450879978718584,-0.6250879978718584,-0.8570879978718584,-0.9490879978718584,-0.7990879978718584,-0.7410879978718583,-0.9090879978718583,-0.7230879978718583,-0.8010879978718584,-0.2450879978718583,0.0,-0.9150879978718583,-0.9370879978718584,-0.8950879978718583,-0.9510879978718584,-0.9150879978718583,-0.7630879978718583,-0.9610879978718584,-0.8490879978718584,-0.9250879978718584,0.0,-0.8910879978718583,-0.8650879978718584,-0.9610879978718584,-0.9630879978718584,-0.8510879978718584
14:37:00,-0.7667743006388927,-0.5687743006388928,-0.7987743006388928,-0.7767743006388927,-0.8787743006388927,-0.7707743006388927,-0.7107743006388927,0.0,-0.8707743006388927,-0.8767743006388927,-0.9247743006388928,-0.7987743006388928,-0.8687743006388927,-0.40077430063889274,-0.8327743006388928,-0.6127743006388928,-0.8447743006388928,-0.9367743006388928,-0.7867743006388928,-0.7287743006388927,-0.8967743006388927,-0.7107743006388927,-0.7887743006388928,-0.2327743006388927,0.0,-0.9027743006388927,-0.9247743006388928,-0.8827743006388927,-0.9387743006388928,-0.9027743006388927,-0.7507743006388927,-0.9487743006388928,-0.8367743006388928,-0.9127743006388928,0.0,-0.8787743006388927,-0.8527743006388928,-0.9487743006388928,-0.9507743006388928,-0.8387743006388928
14:38:00,-0.75437578419231,-0.55637578419231,-0.78637578419231,-0.76437578419231,-0.86637578419231,-0.75837578419231,-0.69837578419231,0.0,-0.85837578419231,-0.86437578419231,-0.91237578419231,-0.78637578419231,-0.85637578419231,-0.38837578419231,-0.82037578419231,-0.6003757841923101,-0.8323757841923101,-0.92437578419231,-0.77437578419231,-0.71637578419231,-0.88437578419231,-0.69837578419231,-0.77637578419231,-0.22037578419230996,0.0,-0.89037578419231,-0.91237578419231,-0.87037578419231,-0.92637578419231,-0.89037578419231,-0.73837578419231,-0.93637578419231,-0.8243757841923101,-0.90037578419231,0.0,-0.86637578419231,-0.8403757841923101,-0.93637578419231,-0.93837578419231,-0.8263757841923101
14:39:00,-0.7418928022316433,-0.5438928022316434,-0.7738928022316434,-0.7518928022316433,-0.8538928022316433,-0.7458928022316433,-0.6858928022316433,0.0,-0.8458928022316433,-0.8518928022316433,-0.8998928022316434,-0.7738928022316434,-0.8438928022316433,-0.37589280223164334,-0.8078928022316434,-0.5878928022316434,-0.8198928022316434,-0.9118928022316434,-0.7618928022316434,-0.7038928022316433,-0.8718928022316433,-0.6858928022316433,-0.7638928022316434,-0.2078928022316433,0.0,-0.8778928022316433,-0.8998928022316434,-0.8578928022316433,-0.9138928022316434,-0.8778928022316433,-0.7258928022316433,-0.9238928022316434,-0.8118928022316434,-0.8878928022316434,0.0,-0.8538928022316433,-0.8278928022316434,-0.9238928022316434,-0.9258928022316434,-0.8138928022316434
14:40:00,-0.7293257440931382,-0.5313257440931383,-0.7613257440931382,-0.7393257440931382,-0.8413257440931382,-0.7333257440931382,-0.6733257440931382,0.0,-0.8333257440931382,-0.8393257440931382,-0.8873257440931382,-0.7613257440931382,-0.8313257440931382,-0.3633257440931382,-0.7953257440931383,-0.5753257440931383,-0.8073257440931383,-0.8993257440931383,-0.7493257440931382,-0.6913257440931382,-0.8593257440931382,-0.6733257440931382,-0.7513257440931382,-0.1953257440931382,0.0,-0.8653257440931382,-0.8873257440931382,-0.8453257440931382,-0.9013257440931383,-0.8653257440931382,-0.7133257440931382,-0.9113257440931383,-0.7993257440931383,-0.8753257440931382,0.0,-0.8413257440931382,-0.8153257440931383,-0.9113257440931383,-0.9133257440931383,-0.8013257440931383
14:41:00,-0.716675037299482,-0.5186750372994821,-0.748675037299482,-0.726675037299482,-0.828675037299482,-0.720675037299482,-0.6606750372994821,0.0,-0.820675037299482,-0.826675037299482,-0.874675037299482,-0.748675037299482,-0.818675037299482,-0.350675037299482,-0.7826750372994821,-0.562675037299482,-0.794675037299482,-0.886675037299482,-0.736675037299482,-0.6786750372994821,-0.846675037299482,-0.6606750372994821,-0.738675037299482,-0.18267503729948198,0.0,-0.852675037299482,-0.874675037299482,-0.832675037299482,-0.888675037299482,-0.852675037299482,-0.7006750372994821,-0.8986750372994821,-0.786675037299482,-0.862675037299482,0.0,-0.828675037299482,-0.802675037299482,-0.8986750372994821,-0.9006750372994821,-0.788675037299482
14:42:00,-0.7039411500350515,-0.5059411500350516,-0.7359411500350516,-0.7139411500350515,-0.8159411500350515,-0.7079411500350515,-0.6479411500350516,0.0,-0.8079411500350515,-0.8139411500350515,-0.8619411500350516,-0.7359411500350516,-0.8059411500350515,-0.33794115003505154,-0.7699411500350516,-0.5499411500350515,-0.7819411500350515,-0.8739411500350516,-0.7239411500350516,-0.6659411500350516,-0.8339411500350515,-0.6479411500350516,-0.7259411500350516,-0.1699411500350515,0.0,-0.8399411500350515,-0.8619411500350516,-0.8199411500350515,-0.8759411500350516,-0.8399411500350515,-0.6879411500350516,-0.8859411500350516,-0.7739411500350515,-0.8499411500350516,0.0,-0.8159411500350515,-0.7899411500350515,-0.8859411500350516,-0.8879411500350516,-0.7759411500350515
14:43:00,-0.6911245938909064,-0.49312459389090646,-0.7231245938909064,-0.7011245938909064,-0.8031245938909064,-0.6951245938909064,-0.6351245938909065,0.0,-0.7951245938909064,-0.8011245938909064,-0.8491245938909064,-0.7231245938909064,-0.7931245938909064,-0.3251245938909064,-0.7571245938909065,-0.5371245938909064,-0.7691245938909064,-0.8611245938909065,-0.7111245938909064,-0.6531245938909065,-0.8211245938909064,-0.6351245938909065,-0.7131245938909064,-0.15712459389090638,0.0,-0.8271245938909064,-0.8491245938909064,-0.8071245938909064,-0.8631245938909065,-0.8271245938909064,-0.6751245938909065,-0.8731245938909065,-0.7611245938909064,-0.8371245938909064,0.0,-0.8031245938909064,-0.7771245938909064,-0.8731245938909065,-0.8751245938909065,-0.7631245938909064
14:44:00,-0.678225918108306,-0.48022591810830606,-0.710225918108306,-0.688225918108306,-0.790225918108306,-0.682225918108306,-0.6222259181083061,0.0,-0.782225918108306,-0.788225918108306,-0.836225918108306,-0.710225918108306,-0.780225918108306,-0.312225918108306,-0.7442259181083061,-0.524225918108306,-0.756225918108306,-0.848225918108306,-0.698225918108306,-0.6402259181083061,-0.808225918108306,-0.6222259181083061,-0.700225918108306,-0.14422591810830598,0.0,-0.814225918108306,-0.836225918108306,-0.794225918108306,-0.8502259181083061,-0.814225918108306,-0.6622259181083061,-0.8602259181083061,-0.748225918108306,-0.824225918108306,0.0,-0.790225918108306,-0.764225918108306,-0.8602259181083061,-0.8622259181083061,-0.750225918108306
14:45:00,-0.6652457472090224,-0.46724574720902246,-0.6972457472090224,-0.6752457472090224,-0.7772457472090224,-0.6692457472090224,-0.6092457472090225,0.0,-0.7692457472090224,-0.7752457472090224,-0.8232457472090224,-0.6972457472090224,-0.7672457472090224,-0.2992457472090224,-0.7312457472090225,-0.5112457472090224,-0.7432457472090224,-0.8352457472090224,-0.6852457472090224,-0.6272457472090225,-0.7952457472090224,-0.6092457472090225,-0.6872457472090224,-0.13124574720902238,0.0,-0.8012457472090224,-0.8232457472090224,-0.7812457472090224,-0.8372457472090225,-0.8012457472090224,-0.6492457472090225,-0.8472457472090225,-0.7352457472090224,-0.8112457472090224,0.0,-0.7772457472090224,-0.7512457472090224,-0.8472457472090225,-0.8492457472090225,-0.7372457472090224
14:46:00,-0.6521847325026592,-0.4541847325026592,-0.6841847325026592,-0.6621847325026592,-0.7641847325026592,-0.6561847325026592,-0.5961847325026592,0.0,-0.7561847325026592,-0.7621847325026592,-0.8101847325026592,-0.6841847325026592,-0.7541847325026592,-0.2861847325026592,-0.7181847325026592,-0.4981847325026592,-0.7301847325026591,-0.8221847325026592,-0.6721847325026592,-0.6141847325026593,-0.7821847325026592,-0.5961847325026592,-0.6741847325026592,-0.11818473250265915,0.0,-0.7881847325026592,-0.8101847325026592,-0.7681847325026592,-0.8241847325026592,-0.7881847325026592,-0.6361847325026593,-0.8341847325026592,-0.7221847325026591,-0.7981847325026592,0.0,-0.7641847325026592,-0.7381847325026591,-0.8341847325026592,-0.8361847325026592,-0.7241847325026591
14:47:00,-0.6390435900041254,-0.4410435900041254,-0.6710435900041254,-0.6490435900041254,-0.7510435900041253,-0.6430435900041254,-0.5830435900041253,0.0,-0.7430435900041253,-0.7490435900041253,-0.7970435900041254,-0.6710435900041254,-0.7410435900041253,-0.27304359000412537,-0.7050435900041254,-0.4850435900041254,-0.7170435900041254,-0.8090435900041254,-0.6590435900041254,-0.6010435900041253,-0.7690435900041254,-0.5830435900041253,-0.6610435900041254,-0.10504359000412533,0.0,-0.7750435900041254,-0.7970435900041254,-0.7550435900041254,-0.8110435900041254,-0.7750435900041254,-0.6230435900041253,-0.8210435900041254,-0.7090435900041254,-0.7850435900041254,0.0,-0.7510435900041253,-0.7250435900041254,-0.8210435900041254,-0.8230435900041254,-0.7110435900041254
14:48:00,-0.6258230955068123,-0.4278230955068123,-0.6578230955068123,-0.6358230955068123,-0.7378230955068122,-0.6298230955068123,-0.5698230955068122,0.0,-0.7298230955068122,-0.7358230955068122,-0.7838230955068123,-0.6578230955068123,-0.7278230955068122,-0.25982309550681226,-0.6918230955068123,-0.4718230955068123,-0.7038230955068123,-0.7958230955068123,-0.6458230955068123,-0.5878230955068122,-0.7558230955068123,-0.5698230955068122,-0.6478230955068123,-0.09182309550681222,0.0,-0.7618230955068123,-0.7838230955068123,-0.7418230955068122,-0.7978230955068123,-0.7618230955068123,-0.6098230955068122,-0.8078230955068123,-0.6958230955068123,-0.7718230955068123,0.0,-0.7378230955068122,-0.7118230955068123,-0.8078230955068123,-0.8098230955068123,-0.6978230955068123
14:49:00,-0.6125240885195067,-0.41452408851950673,-0.6445240885195067,-0.6225240885195067,-0.7245240885195067,-0.6165240885195067,-0.5565240885195066,0.0,-0.7165240885195067,-0.7225240885195067,-0.7705240885195067,-0.6445240885195067,-0.7145240885195067,-0.2465240885195067,-0.6785240885195067,-0.4585240885195067,-0.6905240885195068,-0.7825240885195067,-0.6325240885195067,-0.5745240885195066,-0.7425240885195067,-0.5565240885195066,-0.6345240885195067,-0.07852408851950665,0.0,-0.7485240885195067,-0.7705240885195067,-0.7285240885195067,-0.7845240885195067,-0.7485240885195067,-0.5965240885195067,-0.7945240885195067,-0.6825240885195067,-0.7585240885195067,0.0,-0.7245240885195067,-0.6985240885195068,-0.7945240885195067,-0.7965240885195067,-0.6845240885195067
14:50:00,-0.5991474762736294,-0.40114747627362946,-0.6311474762736294,-0.6091474762736294,-0.7111474762736294,-0.6031474762736294,-0.5431474762736295,0.0,-0.7031474762736294,-0.7091474762736294,-0.7571474762736294,-0.6311474762736294,-0.7011474762736294,-0.23314747627362942,-0.6651474762736295,-0.44514747627362944,-0.6771474762736294,-0.7691474762736294,-0.6191474762736294,-0.5611474762736295,-0.7291474762736294,-0.5431474762736295,-0.6211474762736294,-0.06514747627362938,0.0,-0.7351474762736294,-0.7571474762736294,-0.7151474762736294,-0.7711474762736295,-0.7351474762736294,-0.5831474762736295,-0.7811474762736295,-0.6691474762736294,-0.7451474762736294,0.0,-0.7111474762736294,-0.6851474762736294,-0.7811474762736295,-0.7831474762736295,-0.6711474762736294
14:51:00,-0.5856942383712911,-0.38769423837129113,-0.6176942383712911,-0.5956942383712911,-0.6976942383712911,-0.5896942383712911,-0.529694238371291,0.0,-0.6896942383712911,-0.6956942383712911,-0.7436942383712911,-0.6176942383712911,-0.6876942383712911,-0.2196942383712911,-0.6516942383712911,-0.4316942383712911,-0.6636942383712912,-0.7556942383712911,-0.6056942383712911,-0.547694238371291,-0.7156942383712911,-0.529694238371291,-0.6076942383712911,-0.05169423837129106,0.0,-0.7216942383712911,-0.7436942383712911,-0.7016942383712911,-0.7576942383712911,-0.7216942383712911,-0.5696942383712911,-0.7676942383712911,-0.6556942383712911,-0.7316942383712911,0.0,-0.6976942383712911,-0.6716942383712912,-0.7676942383712911,-0.7696942383712911,-0.6576942383712912
14:52:00,-0.5721654311908124,-0.37416543119081247,-0.6041654311908125,-0.5821654311908124,-0.6841654311908124,-0.5761654311908124,-0.5161654311908124,0.0,-0.6761654311908124,-0.6821654311908124,-0.7301654311908125,-0.6041654311908125,-0.6741654311908124,-0.20616543119081243,-0.6381654311908125,-0.41816543119081245,-0.6501654311908125,-0.7421654311908125,-0.5921654311908124,-0.5341654311908124,-0.7021654311908124,-0.5161654311908124,-0.5941654311908124,-0.03816543119081239,0.0,-0.7081654311908124,-0.7301654311908125,-0.6881654311908124,-0.7441654311908125,-0.7081654311908124,-0.5561654311908124,-0.7541654311908125,-0.6421654311908125,-0.7181654311908124,0.0,-0.6841654311908124,-0.6581654311908125,-0.7541654311908125,-0.7561654311908125,-0.6441654311908125
14:53:00,-0.5585621929518755,-0.3605621929518755,-0.5905621929518755,-0.5685621929518755,-0.6705621929518755,-0.5625621929518755,-0.5025621929518755,0.0,-0.6625621929518755,-0.6685621929518755,-0.7165621929518755,-0.5905621929518755,-0.6605621929518755,-0.1925621929518755,-0.6245621929518755,-0.4045621929518755,-0.6365621929518754,-0.7285621929518755,-0.5785621929518755,-0.5205621929518756,-0.6885621929518755,-0.5025621929518755,-0.5805621929518755,-0.02456219295187545,0.0,-0.6945621929518755,-0.7165621929518755,-0.6745621929518755,-0.7305621929518755,-0.6945621929518755,-0.5425621929518756,-0.7405621929518755,-0.6285621929518754,-0.7045621929518755,0.0,-0.6705621929518755,-0.6445621929518754,-0.7405621929518755,-0.7425621929518755,-0.6305621929518754
14:54:00,-0.5448857489448095,-0.3468857489448095,-0.5768857489448095,-0.5548857489448095,-0.6568857489448094,-0.5488857489448095,-0.48888574894480946,0.0,-0.6488857489448094,-0.6548857489448094,-0.7028857489448095,-0.5768857489448095,-0.6468857489448094,-0.17888574894480946,-0.6108857489448095,-0.3908857489448095,-0.6228857489448094,-0.7148857489448095,-0.5648857489448095,-0.5068857489448095,-0.6748857489448095,-0.48888574894480946,-0.5668857489448095,-0.010885748944809426,0.0,-0.6808857489448095,-0.7028857489448095,-0.6608857489448094,-0.7168857489448095,-0.6808857489448095,-0.5288857489448096,-0.7268857489448095,-0.6148857489448094,-0.6908857489448095,0.0,-0.6568857489448094,-0.6308857489448094,-0.7268857489448095,-0.7288857489448095,-0.6168857489448094
14:55:00,-0.5311374077330066,-0.3331374077330066,-0.5631374077330066,-0.5411374077330066,-0.6431374077330065,-0.5351374077330066,-0.47513740773300656,0.0,-0.6351374077330065,-0.6411374077330065,-0.6891374077330066,-0.5631374077330066,-0.6331374077330065,-0.16513740773300656,-0.5971374077330066,-0.3771374077330066,-0.6091374077330065,-0.7011374077330066,-0.5511374077330066,-0.49313740773300657,-0.6611374077330066,-0.47513740773300656,-0.5531374077330066,0.0,0.0,-0.6671374077330066,-0.6891374077330066,-0.6471374077330065,-0.7031374077330066,-0.6671374077330066,-0.5151374077330066,-0.7131374077330066,-0.6011374077330065,-0.6771374077330066,0.0,-0.6431374077330065,-0.6171374077330065,-0.7131374077330066,-0.7151374077330066,-0.6031374077330065
14:56:00,-0.5173186040989214,-0.31931860409892143,-0.5493186040989214,-0.5273186040989214,-0.6293186040989214,-0.5213186040989214,-0.4613186040989214,0.0,-0.6213186040989214,-0.6273186040989214,-0.6753186040989214,-0.5493186040989214,-0.6193186040989214,-0.1513186040989214,-0.5833186040989214,-0.3633186040989214,-0.5953186040989213,-0.6873186040989214,-0.5373186040989214,-0.4793186040989214,-0.6473186040989214,-0.4613186040989214,-0.5393186040989214,0.0,0.0,-0.6533186040989214,-0.6753186040989214,-0.6333186040989214,-0.6893186040989214,-0.6533186040989214,-0.5013186040989215,-0.6993186040989214,-0.5873186040989213,-0.6633186040989214,0.0,-0.6293186040989214,-0.6033186040989214,-0.6993186040989214,-0.7013186040989214,-0.5893186040989213
14:57:00,-0.5034308498404872,-0.3054308498404873,-0.5354308498404873,-0.5134308498404873,-0.6154308498404872,-0.5074308498404873,-0.44743084984048725,0.0,-0.6074308498404872,-0.6134308498404872,-0.6614308498404873,-0.5354308498404873,-0.6054308498404872,-0.13743084984048726,-0.5694308498404873,-0.3494308498404873,-0.5814308498404872,-0.6734308498404873,-0.5234308498404873,-0.46543084984048727,-0.6334308498404873,-0.44743084984048725,-0.5254308498404873,0.0,0.0,-0.6394308498404873,-0.6614308498404873,-0.6194308498404872,-0.6754308498404873,-0.6394308498404873,-0.4874308498404873,-0.6854308498404873,-0.5734308498404872,-0.6494308498404873,0.0,-0.6154308498404872,-0.5894308498404872,-0.6854308498404873,-0.6874308498404873,-0.5754308498404872
14:58:00,-0.4894757771993993,-0.2914757771993993,-0.5214757771993993,-0.4994757771993993,-0.6014757771993993,-0.4934757771993993,-0.4334757771993993,0.0,-0.5934757771993993,-0.5994757771993993,-0.6474757771993993,-0.5214757771993993,-0.5914757771993993,-0.12347577719939928,-0.5554757771993993,-0.3354757771993993,-0.5674757771993992,-0.6594757771993993,-0.5094757771993993,-0.4514757771993993,-0.6194757771993993,-0.4334757771993993,-0.5114757771993993,0.0,0.0,-0.6254757771993993,-0.6474757771993993,-0.6054757771993993,-0.6614757771993993,-0.6254757771993993,-0.4734757771993993,-0.6714757771993993,-0.5594757771993992,-0.6354757771993993,0.0,-0.6014757771993993,-0.5754757771993992,-0.6714757771993993,-0.6734757771993993,-0.5614757771993992
14:59:00,-0.4754551366433055,-0.27745513664330557,-0.5074551366433055,-0.48545513664330553,-0.5874551366433055,-0.4794551366433055,-0.4194551366433055,0.0,-0.5794551366433055,-0.5854551366433055,-0.6334551366433055,-0.5074551366433055,-0.5774551366433055,-0.10945513664330553,-0.5414551366433056,-0.32145513664330555,-0.5534551366433056,-0.6454551366433056,-0.49545513664330554,-0.43745513664330554,-0.6054551366433055,-0.4194551366433055,-0.49745513664330554,0.0,0.0,-0.6114551366433055,-0.6334551366433055,-0.5914551366433055,-0.6474551366433056,-0.6114551366433055,-0.45945513664330556,-0.6574551366433056,-0.5454551366433056,-0.6214551366433055,0.0,-0.5874551366433055,-0.5614551366433056,-0.6574551366433056,-0.6594551366433056,-0.5474551366433056
15:00:00,-0.5586578779021549,-0.7726578779021549,-0.5246578779021549,-0.356657877902155,-0.980657877902155,-0.854657877902155,-0.970657877902155,0.0,-0.950657877902155,-0.858657877902155,-1.024657877902155,-0.856657877902155,-0.964657877902155,-0.518657877902155,-0.894657877902155,-0.698657877902155,-0.1546578779021549,-0.948657877902155,-0.864657877902155,-0.724657877902155,-0.7846578779021549,-0.7906578779021549,-0.902657877902155,-0.2604554062523041,0.0,-1.0106578779021549,-0.856657877902155,-0.9186578779021549,-0.512657877902155,-0.5566578779021549,-0.7566578779021549,-0.128657877902155,-0.880657877902155,-1.022657877902155,0.0,-0.898657877902155,-0.888657877902155,-0.982657877902155,-0.990657877902155,-0.960657877902155
15:01:00,-0.5381997668229692,-0.7521997668229692,-0.5041997668229692,-0.33619976682296926,-0.9601997668229693,-0.8341997668229693,-0.9501997668229692,0.0,-0.9301997668229692,-0.8381997668229693,-1.0041997668229692,-0.8361997668229693,-0.9441997668229692,-0.4981997668229693,-0.8741997668229693,-0.6781997668229692,-0.1341997668229692,-0.9281997668229692,-0.8441997668229693,-0.7041997668229693,-0.7641997668229692,-0.7701997668229692,-0.8821997668229693,-0.4101997668229692,0.0,-0.9901997668229693,-0.8361997668229693,-0.8981997668229692,-0.4921997668229693,-0.5361997668229692,-0.7361997668229692,-0.10819976682296928,-0.8601997668229693,-1.0021997668229692,0.0,-0.8781997668229693,-0.8681997668229693,-0.9621997668229693,-0.9701997668229693,-0.9401997668229692
15:02:00,-0.5176456173850101,-0.7316456173850101,-0.4836456173850101,-0.3156456173850102,-0.9396456173850102,-0.8136456173850102,-0.9296456173850102,0.0,-0.9096456173850102,-0.8176456173850102,-0.9836456173850101,-0.8156456173850102,-0.9236456173850102,-0.4776456173850102,-0.8536456173850102,-0.6576456173850102,-0.11364561738501011,-0.9076456173850102,-0.8236456173850102,-0.6836456173850102,-0.7436456173850101,-0.7496456173850101,-0.8616456173850102,-0.38964561738501013,0.0,-0.9696456173850102,-0.8156456173850102,-0.8776456173850101,-0.4716456173850102,-0.5156456173850101,-0.7156456173850101,-0.0876456173850102,-0.8396456173850102,-0.9816456173850101,0.0,-0.8576456173850102,-0.8476456173850102,-0.9416456173850102,-0.9496456173850102,-0.9196456173850102
15:03:00,-0.49699869101349337,-0.7109986910134933,-0.46299869101349334,-0.2949986910134934,-0.9189986910134934,-0.7929986910134934,-0.9089986910134934,0.0,-0.8889986910134934,-0.7969986910134934,-0.9629986910134933,-0.7949986910134934,-0.9029986910134934,-0.45699869101349344,-0.8329986910134934,-0.6369986910134934,-0.09299869101349334,-0.8869986910134934,-0.8029986910134934,-0.6629986910134934,-0.7229986910134933,-0.7289986910134933,-0.8409986910134934,-0.36899869101349336,0.0,-0.9489986910134934,-0.7949986910134934,-0.8569986910134934,-0.45099869101349344,-0.49499869101349336,-0.6949986910134933,-0.06699869101349343,-0.8189986910134934,-0.9609986910134933,0.0,-0.8369986910134934,-0.8269986910134934,-0.9209986910134934,-0.9289986910134934,-0.8989986910134934
15:04:00,-0.47626249191553205,-0.690262491915532,-0.442262491915532,-0.2742624919155321,-0.8982624919155321,-0.7722624919155321,-0.8882624919155321,0.0,-0.8682624919155321,-0.7762624919155321,-0.942262491915532,-0.7742624919155321,-0.8822624919155321,-0.4362624919155321,-0.8122624919155321,-0.6162624919155321,-0.07226249191553202,-0.8662624919155321,-0.7822624919155321,-0.6422624919155321,-0.702262491915532,-0.708262491915532,-0.8202624919155321,-0.34826249191553205,0.0,-0.9282624919155321,-0.7742624919155321,-0.836262491915532,-0.4302624919155321,-0.47426249191553205,-0.674262491915532,-0.04626249191553211,-0.7982624919155321,-0.940262491915532,0.0,-0.8162624919155321,-0.8062624919155321,-0.9002624919155321,-0.9082624919155321,-0.8782624919155321
15:05:00,-0.4554407818147064,-0.6694407818147063,-0.42144078181470634,-0.2534407818147064,-0.8774407818147064,-0.7514407818147064,-0.8674407818147064,0.0,-0.8474407818147064,-0.7554407818147064,-0.9214407818147063,-0.7534407818147064,-0.8614407818147064,-0.41544078181470645,-0.7914407818147065,-0.5954407818147064,-0.05144078181470635,-0.8454407818147064,-0.7614407818147064,-0.6214407818147064,-0.6814407818147064,-0.6874407818147064,-0.7994407818147065,-0.32744078181470637,0.0,-0.9074407818147064,-0.7534407818147064,-0.8154407818147064,-0.40944078181470644,-0.4534407818147064,-0.6534407818147063,-0.025440781814706437,-0.7774407818147064,-0.9194407818147063,0.0,-0.7954407818147065,-0.7854407818147064,-0.8794407818147064,-0.8874407818147064,-0.8574407818147064
15:06:00,-0.4345375818038618,-0.6485375818038619,-0.4005375818038618,-0.23253758180386186,-0.8565375818038619,-0.7305375818038619,-0.8465375818038618,0.0,-0.8265375818038618,-0.7345375818038619,-0.9005375818038618,-0.7325375818038619,-0.8405375818038618,-0.3945375818038619,-0.7705375818038618,-0.5745375818038618,-0.03053758180386179,-0.8245375818038618,-0.7405375818038619,-0.6005375818038619,-0.6605375818038619,-0.6665375818038619,-0.7785375818038618,-0.3065375818038618,0.0,-0.8865375818038619,-0.7325375818038619,-0.7945375818038618,-0.3885375818038619,-0.4325375818038618,-0.6325375818038619,-0.004537581803861879,-0.7565375818038618,-0.8985375818038619,0.0,-0.7745375818038618,-0.7645375818038618,-0.8585375818038619,-0.8665375818038619,-0.8365375818038618
15:07:00,-0.4135572447694328,-0.6275572447694329,-0.37955724476943276,-0.21155724476943283,-0.8355572447694328,-0.7095572447694328,-0.8255572447694328,-0.17831943715065962,-0.8055572447694328,-0.7135572447694328,-0.8795572447694328,-0.7115572447694328,-0.8195572447694328,-0.37355724476943286,-0.7495572447694328,-0.5535572447694328,-0.00955724476943276,-0.8035572447694328,-0.7195572447694328,-0.5795572447694328,-0.6395572447694329,-0.6455572447694329,-0.7575572447694328,-0.2855572447694328,0.0,-0.8655572447694329,-0.7115572447694328,-0.7735572447694328,-0.36755724476943286,-0.4115572447694328,-0.6115572447694329,0.0,-0.7355572447694327,-0.8775572447694329,0.0,-0.7535572447694328,-0.7435572447694327,-0.8375572447694328,-0.8455572447694328,-0.8155572447694328
15:08:00,-0.392504388588246,-0.606504388588246,-0.35850438858824596,-0.19050438858824603,-0.814504388588246,-0.688504388588246,-0.804504388588246,-0.426504388588246,-0.784504388588246,-0.692504388588246,-0.858504388588246,-0.690504388588246,-0.798504388588246,-0.35250438858824606,-0.7285043885882461,-0.532504388588246,0.0,-0.782504388588246,-0.698504388588246,-0.558504388588246,-0.618504388588246,-0.624504388588246,-0.7365043885882461,-0.264504388588246,0.0,-0.8445043885882461,-0.690504388588246,-0.752504388588246,-0.34650438858824606,-0.390504388588246,-0.5905043885882459,0.0,-0.714504388588246,-0.856504388588246,0.0,-0.7325043885882461,-0.7225043885882461,-0.816504388588246,-0.824504388588246,-0.794504388588246
15:09:00,-0.3713839702633921,-0.5853839702633921,-0.33738397026339206,-0.16938397026339214,-0.7933839702633921,-0.6673839702633921,-0.7833839702633921,-0.4053839702633921,-0.7633839702633921,-0.6713839702633921,-0.8373839702633921,-0.6693839702633921,-0.7773839702633921,-0.33138397026339217,-0.7073839702633922,-0.5113839702633921,0.0,-0.7613839702633921,-0.6773839702633921,-0.5373839702633921,-0.5973839702633921,-0.6033839702633921,-0.7153839702633922,-0.2433839702633921,0.0,-0.8233839702633922,-0.6693839702633921,-0.7313839702633921,-0.32538397026339216,-0.3693839702633921,-0.569383970263392,0.0,-0.6933839702633922,-0.8353839702633921,0.0,-0.7113839702633922,-0.7013839702633922,-0.7953839702633921,-0.8033839702633921,-0.7733839702633921
15:10:00,-0.350201290702025,-0.5642012907020251,-0.31620129070202496,-0.14820129070202503,-0.772201290702025,-0.646201290702025,-0.762201290702025,-0.384201290702025,-0.742201290702025,-0.650201290702025,-0.816201290702025,-0.648201290702025,-0.756201290702025,-0.31020129070202507,-0.686201290702025,-0.490201290702025,0.0,-0.740201290702025,-0.656201290702025,-0.516201290702025,-0.5762012907020251,-0.5822012907020251,-0.694201290702025,-0.222201290702025,0.0,-0.8022012907020251,-0.648201290702025,-0.710201290702025,-0.30420129070202506,-0.348201290702025,-0.5482012907020251,0.0,-0.672201290702025,-0.8142012907020251,0.0,-0.690201290702025,-0.680201290702025,-0.774201290702025,-0.782201290702025,-0.752201290702025
15:11:00,-0.32896201469566655,-0.5429620146956666,-0.2949620146956665,-0.1269620146956666,-0.7509620146956666,-0.6249620146956666,-0.7409620146956666,-0.3629620146956666,-0.7209620146956666,-0.6289620146956666,-0.7949620146956665,-0.6269620146956666,-0.7349620146956666,-0.2889620146956666,-0.6649620146956665,-0.46896201469566656,0.0,-0.7189620146956666,-0.6349620146956666,-0.4949620146956666,-0.5549620146956666,-0.5609620146956666,-0.6729620146956665,-0.20096201469566655,0.0,-0.7809620146956666,-0.6269620146956666,-0.6889620146956665,-0.2829620146956666,-0.32696201469566655,-0.5269620146956666,0.0,-0.6509620146956665,-0.7929620146956666,0.0,-0.6689620146956665,-0.6589620146956665,-0.7529620146956666,-0.7609620146956666,-0.7309620146956666
15:12:00,-0.3076721913459586,-0.5216721913459585,-0.27367219134595855,-0.10567219134595862,-0.7296721913459586,-0.6036721913459586,-0.7196721913459586,-0.3416721913459586,-0.6996721913459586,-0.6076721913459586,-0.7736721913459585,-0.6056721913459586,-0.7136721913459586,-0.26767219134595865,-0.6436721913459587,-0.4476721913459586,0.0,-0.6976721913459586,-0.6136721913459586,-0.4736721913459586,-0.5336721913459586,-0.5396721913459586,-0.6516721913459587,-0.17967219134595858,0.0,-0.7596721913459586,-0.6056721913459586,-0.6676721913459586,-0.26167219134595865,-0.3056721913459586,-0.5056721913459585,0.0,-0.6296721913459586,-0.7716721913459585,0.0,-0.6476721913459587,-0.6376721913459586,-0.7316721913459586,-0.7396721913459586,-0.7096721913459586
15:13:00,-0.28633827549936797,-0.5003382754993679,-0.25233827549936794,-0.08433827549936801,-0.708338275499368,-0.582338275499368,-0.698338275499368,-0.320338275499368,-0.678338275499368,-0.586338275499368,-0.7523382754993679,-0.584338275499368,-0.692338275499368,-0.24633827549936804,-0.622338275499368,-0.426338275499368,0.0,-0.676338275499368,-0.592338275499368,-0.452338275499368,-0.512338275499368,-0.518338275499368,-0.630338275499368,-0.15833827549936796,0.0,-0.738338275499368,-0.584338275499368,-0.646338275499368,-0.24033827549936804,-0.28433827549936797,-0.484338275499368,0.0,-0.608338275499368,-0.7503382754993679,0.0,-0.626338275499368,-0.616338275499368,-0.710338275499368,-0.718338275499368,-0.688338275499368
15:14:00,-0.26496714997995763,-0.47896714997995765,-0.2309671499799576,-0.06296714997995767,-0.6869671499799577,-0.5609671499799577,-0.6769671499799577,-0.29896714997995766,-0.6569671499799576,-0.5649671499799577,-0.7309671499799576,-0.5629671499799577,-0.6709671499799577,-0.2249671499799577,-0.6009671499799576,-0.40496714997995764,0.0,-0.6549671499799576,-0.5709671499799577,-0.43096714997995766,-0.49096714997995766,-0.49696714997995767,-0.6089671499799576,-0.13696714997995763,0.0,-0.7169671499799577,-0.5629671499799577,-0.6249671499799576,-0.2189671499799577,-0.2629671499799576,-0.46296714997995764,0.0,-0.5869671499799576,-0.7289671499799577,0.0,-0.6049671499799576,-0.5949671499799576,-0.6889671499799577,-0.6969671499799577,-0.6669671499799577
15:15:00,-0.24356614838162727,-0.4575661483816273,-0.20956614838162724,-0.04156614838162731,-0.6655661483816273,-0.5395661483816273,-0.6555661483816273,-0.2775661483816273,-0.6355661483816273,-0.5435661483816273,-0.7095661483816272,-0.5415661483816273,-0.6495661483816273,-0.20356614838162734,-0.5795661483816272,-0.3835661483816273,0.0,-0.6335661483816273,-0.5495661483816273,-0.4095661483816273,-0.4695661483816273,-0.4755661483816273,-0.5875661483816272,-0.11556614838162726,0.0,-0.6955661483816273,-0.5415661483816273,-0.6035661483816273,-0.19756614838162734,-0.24156614838162727,-0.4415661483816273,0.0,-0.5655661483816272,-0.7075661483816273,0.0,-0.5835661483816272,-0.5735661483816272,-0.6675661483816273,-0.6755661483816273,-0.6455661483816273
15:16:00,-0.22214307896545882,-0.43614307896545884,-0.1881430789654588,-0.02014307896545886,-0.6441430789654589,-0.5181430789654589,-0.6341430789654589,-0.25614307896545885,-0.6141430789654588,-0.5221430789654589,-0.6881430789654588,-0.5201430789654589,-0.6281430789654588,-0.1821430789654589,-0.5581430789654589,-0.36214307896545883,0.0,-0.6121430789654588,-0.5281430789654589,-0.38814307896545885,-0.44814307896545885,-0.45414307896545886,-0.5661430789654589,-0.09414307896545882,0.0,-0.6741430789654589,-0.5201430789654589,-0.5821430789654588,-0.1761430789654589,-0.22014307896545882,-0.4201430789654588,0.0,-0.5441430789654589,-0.6861430789654588,0.0,-0.5621430789654589,-0.5521430789654589,-0.6461430789654589,-0.6541430789654589,-0.6241430789654588
15:17:00,-0.2007062344314391,-0.4147062344314391,-0.16670623443143906,0.0,-0.6227062344314391,-0.49670623443143913,-0.6127062344314391,-0.23470623443143912,-0.5927062344314391,-0.5007062344314391,-0.6667062344314391,-0.49870623443143913,-0.6067062344314391,-0.16070623443143917,-0.536706234431439,-0.3407062344314391,0.0,-0.5907062344314391,-0.5067062344314391,-0.3667062344314391,-0.4267062344314391,-0.43270623443143913,-0.5447062344314391,-0.07270623443143909,0.0,-0.6527062344314392,-0.49870623443143913,-0.5607062344314391,-0.15470623443143916,-0.1987062344314391,-0.3987062344314391,0.0,-0.522706234431439,-0.6647062344314392,0.0,-0.5407062344314391,-0.530706234431439,-0.6247062344314391,-0.6327062344314391,-0.6027062344314391
15:18:00,-0.17926447433704695,-0.393264474337047,-0.14526447433704692,0.0,-0.601264474337047,-0.475264474337047,-0.591264474337047,-0.21326447433704698,-0.571264474337047,-0.479264474337047,-0.6452644743370469,-0.477264474337047,-0.585264474337047,-0.13926447433704703,-0.5152644743370469,-0.31926447433704697,0.0,-0.569264474337047,-0.485264474337047,-0.345264474337047,-0.405264474337047,-0.411264474337047,-0.5232644743370469,-0.05126447433704695,0.0,-0.631264474337047,-0.477264474337047,-0.5392644743370469,-0.13326447433704702,-0.17726447433704695,-0.37726447433704696,0.0,-0.5012644743370469,-0.643264474337047,0.0,-0.5192644743370469,-0.5092644743370469,-0.603264474337047,-0.611264474337047,-0.581264474337047
15:19:00,-0.1578271641946709,-0.37182716419467093,-0.12382716419467088,0.0,-0.579827164194671,-0.45382716419467095,-0.5698271641946709,-0.19182716419467094,-0.5498271641946709,-0.45782716419467095,-0.6238271641946709,-0.45582716419467095,-0.5638271641946709,-0.11782716419467099,-0.49382716419467093,-0.2978271641946709,0.0,-0.5478271641946709,-0.46382716419467096,-0.32382716419467095,-0.38382716419467094,-0.38982716419467095,-0.501827164194671,-0.029827164194670908,0.0,-0.609827164194671,-0.45582716419467095,-0.5178271641946709,-0.11182716419467098,-0.1558271641946709,-0.3558271641946709,0.0,-0.4798271641946709,-0.6218271641946709,0.0,-0.49782716419467093,-0.4878271641946709,-0.581827164194671,-0.589827164194671,-0.5598271641946709
15:20:00,-0.13640425845341886,-0.3504042584534189,-0.10240425845341883,0.0,-0.5584042584534189,-0.4324042584534189,-0.5484042584534189,-0.1704042584534189,-0.5284042584534189,-0.4364042584534189,-0.6024042584534188,-0.4344042584534189,-0.5424042584534189,-0.09640425845341893,-0.4724042584534189,-0.27640425845341887,0.0,-0.5264042584534189,-0.4424042584534189,-0.3024042584534189,-0.3624042584534189,-0.3684042584534189,-0.4804042584534189,-0.008404258453418856,0.0,-0.5884042584534189,-0.4344042584534189,-0.49640425845341885,-0.09040425845341893,-0.13440425845341886,-0.33440425845341887,0.0,-0.45840425845341887,-0.6004042584534188,0.0,-0.4764042584534189,-0.4664042584534189,-0.5604042584534189,-0.5684042584534189,-0.5384042584534189
15:21:00,-0.1150063121678353,-0.3290063121678353,-0.08100631216783527,0.0,-0.5370063121678353,-0.41100631216783534,-0.5270063121678353,-0.14900631216783533,-0.5070063121678353,-0.41500631216783535,-0.5810063121678353,-0.41300631216783534,-0.5210063121678353,-0.07500631216783538,-0.4510063121678353,-0.2550063121678353,0.0,-0.5050063121678353,-0.42100631216783535,-0.28100631216783534,-0.34100631216783533,-0.34700631216783534,-0.45900631216783533,0.0,0.0,-0.5670063121678354,-0.41300631216783534,-0.4750063121678353,-0.06900631216783537,-0.1130063121678353,-0.3130063121678353,0.0,-0.4370063121678353,-0.5790063121678353,0.0,-0.4550063121678353,-0.4450063121678353,-0.5390063121678353,-0.5470063121678354,-0.5170063121678353
15:22:00,-0.09364450659778056,-0.3076445065977806,-0.05964450659778053,0.0,-0.5156445065977806,-0.3896445065977806,-0.5056445065977806,-0.1276445065977806,-0.4856445065977806,-0.3936445065977806,-0.5596445065977805,-0.3916445065977806,-0.4996445065977806,-0.05364450659778064,-0.4296445065977806,-0.23364450659778058,0.0,-0.4836445065977806,-0.3996445065977806,-0.2596445065977806,-0.3196445065977806,-0.3256445065977806,-0.4376445065977806,0.0,0.0,-0.5456445065977806,-0.3916445065977806,-0.45364450659778055,-0.047644506597780634,-0.09164450659778056,-0.2916445065977806,0.0,-0.41564450659778057,-0.5576445065977806,0.0,-0.4336445065977806,-0.4236445065977806,-0.5176445065977806,-0.5256445065977806,-0.4956445065977806
15:23:00,-0.07233067474363519,-0.2863306747436352,-0.03833067474363516,0.0,-0.49433067474363523,-0.36833067474363523,-0.4843306747436352,-0.10633067474363522,-0.4643306747436352,-0.37233067474363524,-0.5383306747436352,-0.37033067474363524,-0.4783306747436352,-0.03233067474363527,-0.4083306747436352,-0.2123306747436352,0.0,-0.4623306747436352,-0.37833067474363524,-0.23833067474363523,-0.2983306747436352,-0.30433067474363523,-0.4163306747436352,0.0,0.0,-0.5243306747436353,-0.37033067474363524,-0.4323306747436352,-0.026330674743635263,-0.07033067474363519,-0.2703306747436352,0.0,-0.3943306747436352,-0.5363306747436352,0.0,-0.4123306747436352,-0.4023306747436352,-0.49633067474363524,-0.5043306747436352,-0.4743306747436352
15:24:00,-0.051077326327411354,-0.2650773263274114,-0.017077326327411324,0.0,-0.4730773263274114,-0.3470773263274114,-0.4630773263274114,-0.08507732632741138,-0.44307732632741137,-0.3510773263274114,-0.5170773263274113,-0.3490773263274114,-0.4570773263274114,-0.01107732632741143,-0.3870773263274114,-0.19107732632741137,0.0,-0.44107732632741137,-0.3570773263274114,-0.2170773263274114,-0.2770773263274114,-0.2830773263274114,-0.3950773263274114,0.0,0.0,-0.5030773263274114,-0.3490773263274114,-0.41107732632741134,-0.005077326327411424,-0.04907732632741135,-0.24907732632741136,0.0,-0.37307732632741136,-0.5150773263274113,0.0,-0.3910773263274114,-0.38107732632741137,-0.4750773263274114,-0.4830773263274114,-0.4530773263274114
15:25:00,-0.029897671705333417,-0.24389767170533344,0.0,0.0,-0.45189767170533346,-0.32589767170533346,-0.44189767170533345,-0.06389767170533345,-0.42189767170533343,-0.32989767170533346,-0.49589767170533344,-0.32789767170533346,-0.43589767170533344,0.0,-0.36589767170533344,-0.16989767170533343,0.0,-0.41989767170533343,-0.33589767170533347,-0.19589767170533345,-0.25589767170533345,-0.26189767170533346,-0.37389767170533345,0.0,0.0,-0.48189767170533343,-0.32789767170533346,-0.3898976717053334,0.0,-0.027897671705333416,-0.22789767170533343,0.0,-0.3518976717053334,-0.49389767170533344,-0.08869742933879116,-0.36989767170533344,-0.35989767170533343,-0.45389767170533346,-0.46189767170533347,-0.43189767170533344
15:26:00,-0.00880564491500646,-0.22280564491500648,0.0,0.0,-0.4308056449150065,-0.3048056449150065,-0.4208056449150065,-0.04280564491500649,-0.4008056449150065,-0.3088056449150065,-0.4748056449150065,-0.3068056449150065,-0.4148056449150065,0.0,-0.3448056449150065,-0.14880564491500647,0.0,-0.3988056449150065,-0.3148056449150065,-0.1748056449150065,-0.2348056449150065,-0.2408056449150065,-0.3528056449150065,0.0,0.0,-0.4608056449150065,-0.3068056449150065,-0.36880564491500645,0.0,-0.006805644915006459,-0.20680564491500647,0.0,-0.33080564491500647,-0.4728056449150065,-0.4408056449150065,-0.3488056449150065,-0.3388056449150065,-0.4328056449150065,-0.4408056449150065,-0.4108056449150065
15:27:00,0.0,-0.2018159246390399,0.0,0.0,-0.40981592463903993,-0.28381592463903993,-0.3998159246390399,-0.02181592463903992,-0.3798159246390399,-0.28781592463903993,-0.4538159246390399,-0.28581592463903993,-0.3938159246390399,0.0,-0.3238159246390399,-0.1278159246390399,0.0,-0.3778159246390399,-0.29381592463903994,-0.15381592463903992,-0.21381592463903992,-0.21981592463903993,-0.3318159246390399,0.0,0.0,-0.4398159246390399,-0.28581592463903993,-0.3478159246390399,0.0,0.0,-0.1858159246390399,0.0,-0.3098159246390399,-0.4518159246390399,-0.41981592463903994,-0.3278159246390399,-0.3178159246390399,-0.41181592463903993,-0.41981592463903994,-0.3898159246390399
15:28:00,0.0,-0.1809439531463013,0.0,0.0,-0.3889439531463013,-0.26294395314630126,-0.3789439531463013,-0.0009439531463013018,-0.3589439531463013,-0.26694395314630126,-0.4329439531463013,-0.26494395314630126,-0.3729439531463013,0.0,-0.3029439531463013,-0.10694395314630128,0.0,-0.3569439531463013,-0.27294395314630127,-0.1329439531463013,-0.1929439531463013,-0.1989439531463013,-0.3109439531463013,0.0,0.0,-0.4189439531463013,-0.26494395314630126,-0.3269439531463013,0.0,0.0,-0.16494395314630128,0.0,-0.2889439531463013,-0.4309439531463013,-0.39894395314630127,-0.3069439531463013,-0.2969439531463013,-0.39094395314630126,-0.39894395314630127,-0.3689439531463013
15:29:00,0.0,-0.16020593860345228,0.0,0.0,-0.3682059386034523,-0.24220593860345227,-0.3582059386034523,0.0,-0.33820593860345227,-0.24620593860345227,-0.4122059386034523,-0.24420593860345227,-0.3522059386034523,0.0,-0.2822059386034523,-0.08620593860345227,0.0,-0.33620593860345227,-0.2522059386034523,-0.1122059386034523,-0.1722059386034523,-0.1782059386034523,-0.2902059386034523,0.0,0.0,-0.39820593860345227,-0.24420593860345227,-0.30620593860345224,0.0,0.0,-0.14420593860345227,0.0,-0.26820593860345227,-0.4102059386034523,-0.3782059386034523,-0.2862059386034523,-0.2762059386034523,-0.3702059386034523,-0.3782059386034523,-0.3482059386034523
15:30:00,0.0,-0.1336189231132261,0.0,0.0,-0.34961892311322607,-0.2756189231132261,-0.3376189231132261,0.0,-0.30561892311322614,-0.29561892311322613,0.0,-0.2036189231132261,0.0,0.0,-0.2616189231132261,-0.11961892311322608,0.0,-0.2576189231132261,-0.2836189231132261,-0.15761892311322612,-0.2596189231132261,0.0,-0.29761892311322613,0.0,0.0,-0.3176189231132261,-0.021618923113226107,-0.2876189231132261,0.0,-0.022914274656302608,-0.17961892311322608,0.0,-0.2596189231132261,-0.4016189231132261,-0.3696189231132261,-0.4076189231132261,-0.2776189231132261,-0.3476189231132261,0.0,-0.3316189231132261
15:31:00,0.0,-0.11320070796185777,-0.15089644552967985,0.0,-0.32920070796185774,-0.2552007079618578,-0.3172007079618578,0.0,-0.2852007079618578,-0.2752007079618578,0.0,-0.18320070796185778,0.0,-0.06556311219637906,-0.24120070796185777,-0.09920070796185776,0.0,-0.23720070796185777,-0.2632007079618578,-0.1372007079618578,-0.23920070796185777,0.0,-0.2772007079618578,0.0,0.0,-0.29720070796185777,-0.0012007079618577832,-0.2672007079618578,-0.15222977886299638,-0.11920070796185778,-0.15920070796185776,0.0,-0.23920070796185777,-0.3812007079618578,-0.34920070796185776,-0.3872007079618578,-0.2572007079618578,-0.3272007079618578,0.0,-0.3112007079618578
15:32:00,0.0,-0.0929699125952933,-0.17296991259529332,0.0,-0.3089699125952933,-0.23496991259529332,-0.2969699125952933,0.0,-0.26496991259529334,-0.25496991259529334,0.0,-0.1629699125952933,0.0,-0.1469699125952933,-0.2209699125952933,-0.07896991259529329,0.0,-0.2169699125952933,-0.2429699125952933,-0.11696991259529332,-0.2189699125952933,0.0,-0.25696991259529334,0.0,0.0,-0.2769699125952933,0.0,-0.2469699125952933,-0.2069699125952933,-0.09896991259529331,-0.1389699125952933,0.0,-0.2189699125952933,-0.3609699125952933,-0.3289699125952933,-0.3669699125952933,-0.23696991259529332,-0.3069699125952933,0.0,-0.2909699125952933
15:33:00,0.0,-0.07294595811881821,-0.15294595811881823,0.0,-0.2889459581188182,-0.21494595811881823,-0.2769459581188182,0.0,-0.24494595811881822,-0.23494595811881822,0.0,-0.14294595811881822,0.0,-0.1269459581188182,-0.2009459581188182,-0.0589459581188182,0.0,-0.1969459581188182,-0.2229459581188182,-0.09694595811881823,-0.1989459581188182,0.0,-0.23694595811881822,0.0,0.0,-0.2569459581188182,0.0,-0.2269459581188182,-0.1869459581188182,-0.07894595811881822,-0.1189459581188182,0.0,-0.1989459581188182,-0.3409459581188182,-0.3089459581188182,-0.34694595811881823,-0.21694595811881823,-0.28694595811881823,0.0,-0.2709459581188182
15:34:00,0.0,-0.05314905770280809,-0.1331490577028081,0.0,-0.26914905770280806,-0.1951490577028081,-0.2571490577028081,0.0,-0.2251490577028081,-0.2151490577028081,0.0,-0.1231490577028081,0.0,-0.10714905770280808,-0.1811490577028081,-0.03914905770280808,0.0,-0.1771490577028081,-0.20314905770280808,-0.07714905770280811,-0.1791490577028081,0.0,-0.2171490577028081,0.0,0.0,-0.23714905770280809,0.0,-0.2071490577028081,-0.16714905770280808,-0.059149057702808094,-0.09914905770280807,0.0,-0.1791490577028081,-0.3211490577028081,-0.2891490577028081,-0.3271490577028081,-0.1971490577028081,-0.2671490577028081,0.0,-0.2511490577028081
15:35:00,0.0,-0.03360019859811181,-0.11360019859811182,0.0,-0.2496001985981118,-0.17560019859811182,-0.23760019859811182,0.0,-0.20560019859811182,-0.1956001985981118,0.0,-0.10360019859811181,0.0,-0.0876001985981118,-0.1616001985981118,-0.019600198598111795,0.0,-0.1576001985981118,-0.1836001985981118,-0.05760019859811183,-0.1596001985981118,0.0,-0.19760019859811181,0.0,0.0,-0.2176001985981118,0.0,-0.1876001985981118,-0.1476001985981118,-0.03960019859811181,-0.0796001985981118,0.0,-0.1596001985981118,-0.3016001985981118,-0.2696001985981118,-0.30760019859811183,-0.17760019859811182,-0.24760019859811183,0.0,-0.23160019859811182
15:36:00,0.0,-0.014321115066337875,-0.09432111506633789,0.0,-0.23032111506633787,-0.1563211150663379,-0.2183211150663379,0.0,-0.1863211150663379,-0.17632111506633788,0.0,-0.08432111506633788,0.0,-0.06832111506633787,-0.14232111506633788,-0.0003211150663378626,0.0,-0.13832111506633787,-0.16432111506633787,-0.038321115066337896,-0.14032111506633788,0.0,-0.17832111506633788,0.0,0.0,-0.19832111506633787,0.0,-0.16832111506633787,-0.12832111506633787,-0.02032111506633788,-0.06032111506633786,0.0,-0.14032111506633788,-0.2823211150663379,-0.25032111506633786,-0.2883211150663379,-0.1583211150663379,-0.2283211150663379,0.0,-0.21232111506633788
15:37:00,0.0,0.0,-0.0753342501005792,0.0,-0.21133425010057919,-0.1373342501005792,-0.1993342501005792,0.0,-0.1673342501005792,-0.1573342501005792,0.0,-0.0653342501005792,0.0,-0.04933425010057918,-0.12333425010057919,0.0,0.0,-0.11933425010057919,-0.14533425010057918,-0.01933425010057921,-0.12133425010057919,0.0,-0.1593342501005792,0.0,0.0,-0.17933425010057918,0.0,-0.14933425010057919,-0.10933425010057918,-0.001334250100579193,-0.04133425010057917,0.0,-0.12133425010057919,-0.2633342501005792,-0.23133425010057918,-0.2693342501005792,-0.1393342501005792,-0.2093342501005792,0.0,-0.1933342501005792
15:38:00,0.0,0.0,-0.056662705054419116,0.0,-0.1926627050544191,-0.11866270505441912,-0.18066270505441911,0.0,-0.14866270505441911,-0.1386627050544191,0.0,-0.04666270505441911,0.0,-0.030662705054419093,-0.1046627050544191,0.0,0.0,-0.1006627050544191,-0.1266627050544191,-0.0006627050544191215,-0.1026627050544191,0.0,-0.1406627050544191,0.0,0.0,-0.1606627050544191,0.0,-0.1306627050544191,-0.09066270505441909,0.0,-0.022662705054419086,0.0,-0.1026627050544191,-0.24466270505441912,-0.2126627050544191,-0.2506627050544191,-0.12066270505441912,-0.19066270505441912,0.0,-0.1746627050544191
15:39:00,0.0,0.0,-0.038330175412201406,0.0,-0.1743301754122014,-0.1003301754122014,-0.1623301754122014,0.0,-0.1303301754122014,-0.1203301754122014,0.0,-0.028330175412201397,0.0,-0.012330175412201383,-0.0863301754122014,0.0,0.0,-0.08233017541220139,-0.10833017541220138,0.0,-0.08433017541220139,0.0,-0.1223301754122014,0.0,0.0,-0.1423301754122014,0.0,-0.11233017541220139,-0.07233017541220138,0.0,-0.004330175412201376,0.0,-0.08433017541220139,-0.2263301754122014,-0.19433017541220138,-0.23233017541220138,-0.10233017541220141,-0.17233017541220141,0.0,-0.1563301754122014
15:40:00,0.0,0.0,-0.02036085903363921,0.0,-0.1563608590336392,-0.08236085903363921,-0.1443608590336392,0.0,-0.11236085903363921,-0.1023608590336392,0.0,-0.010360859033639203,0.0,0.0,-0.0683608590336392,0.0,0.0,-0.0643608590336392,-0.09036085903363919,0.0,-0.0663608590336392,0.0,-0.1043608590336392,0.0,0.0,-0.12436085903363919,0.0,-0.0943608590336392,-0.054360859033639186,0.0,0.0,0.0,-0.0663608590336392,-0.2083608590336392,-0.17636085903363918,-0.2143608590336392,-0.08436085903363921,-0.15436085903363922,0.0,-0.1383608590336392
15:41:00,0.0,0.0,-0.0027794074984370254,0.0,-0.138779407498437,-0.06477940749843702,-0.12677940749843702,0.0,-0.09477940749843702,-0.08477940749843701,0.0,0.0,0.0,0.0,-0.05077940749843701,0.0,0.0,-0.04677940749843701,-0.072779407498437,0.0,-0.04877940749843701,0.0,-0.08677940749843702,0.0,0.0,-0.106779407498437,0.0,-0.07677940749843701,-0.036779407498437,0.0,0.0,0.0,-0.04877940749843701,-0.19077940749843703,-0.158779407498437,-0.196779407498437,-0.06677940749843703,-0.13677940749843703,0.0,-0.12077940749843702
15:42:00,0.0,0.0,0.0,0.0,-0.1216107380857413,-0.047610738085741316,-0.1096107380857413,0.0,-0.07761073808574132,-0.0676107380857413,0.0,0.0,0.0,0.0,-0.033610738085741304,0.0,0.0,-0.0296107380857413,-0.055610738085741296,0.0,-0.0316107380857413,0.0,-0.06961073808574131,0.0,0.0,-0.0896107380857413,0.0,-0.0596107380857413,-0.01961073808574129,0.0,0.0,0.0,-0.0316107380857413,-0.1736107380857413,-0.14161073808574132,-0.1796107380857413,-0.04961073808574132,-0.11961073808574131,0.0,-0.10361073808574131
15:43:00,0.0,0.0,0.0,0.0,-0.1048799463375476,-0.03087994633754762,-0.0928799463375476,0.0,-0.06087994633754762,-0.05087994633754761,0.0,0.0,0.0,0.0,-0.016879946337547608,0.0,0.0,-0.012879946337547604,-0.0388799463375476,0.0,-0.014879946337547606,0.0,-0.05287994633754761,0.0,0.0,-0.0728799463375476,0.0,-0.0428799463375476,-0.0028799463375475953,0.0,0.0,0.0,-0.014879946337547606,-0.1568799463375476,-0.1248799463375476,-0.1628799463375476,-0.03287994633754762,-0.10287994633754761,0.0,-0.08687994633754761
15:44:00,0.0,0.0,0.0,0.0,-0.0886121361177194,-0.014612136117719415,-0.0766121361177194,0.0,-0.044612136117719414,-0.034612136117719405,0.0,0.0,0.0,0.0,-0.0006121361177194029,0.0,0.0,0.0,-0.022612136117719395,0.0,0.0,0.0,-0.03661213611771941,0.0,0.0,-0.0566121361177194,0.0,-0.026612136117719398,0.0,0.0,0.0,0.0,0.0,-0.1406121361177194,-0.1086121361177194,-0.1466121361177194,-0.016612136117719417,-0.08661213611771941,0.0,-0.07061213611771941
15:45:00,0.0,0.0,0.0,0.0,-0.0728322385252829,0.0,-0.0608322385252829,0.0,-0.02883223852528291,-0.0188322385252829,0.0,0.0,0.0,0.0,0.0,0.0,0.0,0.0,-0.006832238525282891,0.0,0.0,0.0,-0.020832238525282903,0.0,0.0,-0.04083223852528289,0.0,-0.010832238525282895,0.0,0.0,0.0,0.0,0.0,-0.1248322385252829,-0.0928322385252829,-0.1308322385252829,-0.0008322385252829134,-0.0708322385252829,0.0,-0.054832238525282906
15:46:00,0.0,0.0,0.0,0.0,-0.05756480689034241,0.0,-0.04556480689034241,0.0,-0.013564806890342423,-0.0035648068903424146,0.0,0.0,0.0,0.0,0.0,0.0,0.0,0.0,0.0,0.0,0.0,0.0,-0.005564806890342416,0.0,0.0,-0.025564806890342406,0.0,0.0,0.0,0.0,0.0,0.0,0.0,-0.10956480689034241,-0.07756480689034241,-0.1155648068903424,0.0,-0.05556480689034242,0.0,-0.03956480689034242
15:47:00,0.0,0.0,0.0,0.0,-0.0428337866178263,0.0,-0.030833786617826306,0.0,0.0,0.0,0.0,0.0,0.0,0.0,0.0,0.0,0.0,0.0,0.0,0.0,0.0,0.0,0.0,0.0,0.0,-0.010833786617826302,0.0,0.0,0.0,0.0,0.0,0.0,0.0,-0.09483378661782631,-0.0628337866178263,-0.1008337866178263,0.0,-0.040833786617826315,0.0,-0.024833786617826314
15:48:00,0.0,0.0,0.0,0.0,-0.028662260206017087,0.0,-0.01666226020601709,0.0,0.0,0.0,0.0,0.0,0.0,0.0,0.0,0.0,0.0,0.0,0.0,0.0,0.0,0.0,0.0,0.0,0.0,0.0,0.0,0.0,0.0,0.0,0.0,0.0,0.0,-0.08066226020601709,-0.04866226020601709,-0.08666226020601708,0.0,-0.0266622602060171,0.0,-0.010662260206017099
15:49:00,0.0,0.0,0.0,0.0,-0.015072167831620992,0.0,-0.003072167831620995,0.0,0.0,0.0,0.0,0.0,0.0,0.0,0.0,0.0,0.0,0.0,0.0,0.0,0.0,0.0,0.0,0.0,0.0,0.0,0.0,0.0,0.0,0.0,0.0,0.0,0.0,-0.067072167831621,-0.035072167831620996,-0.07307216783162099,0.0,-0.013072167831621004,0.0,0.0
15:50:00,0.0,0.0,0.0,0.0,-0.002084004784268692,0.0,0.0,0.0,0.0,0.0,0.0,0.0,0.0,0.0,0.0,0.0,0.0,0.0,0.0,0.0,0.0,0.0,0.0,0.0,0.0,0.0,0.0,0.0,0.0,0.0,0.0,0.0,0.0,-0.0540840047842687,-0.022084004784268696,-0.060084004784268695,0.0,-8.400478426870417e-05,0.0,0.0
15:51:00,0.0,0.0,0.0,0.0,0.0,0.0,0.0,0.0,0.0,0.0,0.0,0.0,0.0,0.0,0.0,0.0,0.0,0.0,0.0,0.0,0.0,0.0,0.0,0.0,0.0,0.0,0.0,0.0,0.0,0.0,0.0,0.0,0.0,-0.0417164904273339,-0.009716490427333899,-0.0477164904273339,0.0,0.0,0.0,0.0
15:52:00,0.0,0.0,0.0,0.0,0.0,0.0,0.0,0.0,0.0,0.0,0.0,0.0,0.0,0.0,0.0,0.0,0.0,0.0,0.0,0.0,0.0,0.0,0.0,0.0,0.0,0.0,0.0,0.0,0.0,0.0,0.0,0.0,0.0,-0.0299862607375027,0.0,-0.0359862607375027,0.0,0.0,0.0,0.0
15:53:00,0.0,0.0,0.0,0.0,0.0,0.0,0.0,0.0,0.0,0.0,0.0,0.0,0.0,0.0,0.0,0.0,0.0,0.0,0.0,0.0,0.0,0.0,0.0,0.0,0.0,0.0,0.0,0.0,0.0,0.0,0.0,0.0,0.0,-0.018907466398857598,0.0,-0.024907466398857596,0.0,0.0,0.0,0.0
15:54:00,0.0,0.0,0.0,0.0,0.0,0.0,0.0,0.0,0.0,0.0,0.0,0.0,0.0,0.0,0.0,0.0,0.0,0.0,0.0,0.0,0.0,0.0,0.0,0.0,0.0,0.0,0.0,0.0,0.0,0.0,0.0,0.0,0.0,-0.008491448794275096,0.0,-0.014491448794275094,0.0,0.0,0.0,0.0
15:55:00,0.0,0.0,0.0,0.0,0.0,0.0,0.0,0.0,0.0,0.0,0.0,0.0,0.0,0.0,0.0,0.0,0.0,0.0,0.0,0.0,0.0,0.0,0.0,0.0,0.0,0.0,0.0,0.0,0.0,0.0,0.0,0.0,0.0,0.0,0.0,-0.004746376541962194,0.0,0.0,0.0,0.0
15:56:00,0.0,0.0,0.0,0.0,0.0,0.0,0.0,0.0,0.0,0.0,0.0,0.0,0.0,0.0,0.0,0.0,0.0,0.0,0.0,0.0,0.0,0.0,0.0,0.0,0.0,0.0,0.0,0.0,0.0,0.0,0.0,0.0,0.0,0.0,0.0,0.0,0.0,0.0,0.0,0.0
15:57:00,0.0,0.0,0.0,0.0,0.0,0.0,0.0,0.0,0.0,0.0,0.0,0.0,0.0,0.0,0.0,0.0,0.0,0.0,0.0,0.0,0.0,0.0,0.0,0.0,0.0,0.0,0.0,0.0,0.0,0.0,0.0,0.0,0.0,0.0,0.0,0.0,0.0,0.0,0.0,0.0
15:58:00,0.0,0.0,0.0,0.0,0.0,0.0,0.0,0.0,0.0,0.0,0.0,0.0,0.0,0.0,0.0,0.0,0.0,0.0,0.0,0.0,0.0,0.0,0.0,0.0,0.0,0.0,0.0,0.0,0.0,0.0,0.0,0.0,0.0,0.0,0.0,0.0,0.0,0.0,0.0,0.0
15:59:00,0.0,0.0,0.0,0.0,0.0,0.0,0.0,0.0,0.0,0.0,0.0,0.0,0.0,0.0,0.0,0.0,0.0,0.0,0.0,0.0,0.0,0.0,0.0,0.0,0.0,0.0,0.0,0.0,0.0,0.0,0.0,0.0,0.0,0.0,0.0,0.0,0.0,0.0,0.0,0.0
16:00:00,0.0,0.0,0.0,0.0,0.0,0.0,0.0,0.0,0.0,0.0,0.0,0.0,0.0,0.0,0.0,0.0,0.0,0.0,0.0,0.0,0.0,0.0,0.0,0.0,0.0,0.0,0.0,0.0,0.0,0.0,0.0,0.0,0.0,0.0,0.0,0.0,0.0,0.0,0.0,0.0
16:01:00,0.0,0.0,0.0,0.0,0.0,0.0,0.0,0.0,0.0,0.0,0.0,0.0,0.0,0.0,0.0,0.0,0.0,0.0,0.0,0.0,0.0,0.0,0.0,0.0,0.0,0.0,0.0,0.0,0.0,0.0,0.0,0.0,0.0,0.0,0.0,0.0,0.0,0.0,0.0,0.0
16:02:00,0.0,0.0,0.0,0.0,0.0,0.0,0.0,0.0,0.0,0.0,0.0,0.0,0.0,0.0,0.0,0.0,0.0,0.0,0.0,0.0,0.0,0.0,0.0,0.0,0.0,0.0,0.0,0.0,0.0,0.0,0.0,0.0,0.0,0.0,0.0,0.0,0.0,0.0,0.0,0.0
16:03:00,0.0,0.0,0.0,0.0,0.0,0.0,0.0,0.0,0.0,0.0,0.0,0.0,0.0,0.0,0.0,0.0,0.0,0.0,0.0,0.0,0.0,0.0,0.0,0.0,0.0,0.0,0.0,0.0,0.0,0.0,0.0,0.0,0.0,0.0,0.0,0.0,0.0,0.0,0.0,0.0
16:04:00,0.0,0.0,0.0,0.0,0.0,0.0,0.0,0.0,0.0,0.0,0.0,0.0,0.0,0.0,0.0,0.0,0.0,0.0,0.0,0.0,0.0,0.0,0.0,0.0,0.0,0.0,0.0,0.0,0.0,0.0,0.0,0.0,0.0,0.0,0.0,0.0,0.0,0.0,0.0,0.0
16:05:00,0.0,0.0,0.0,0.0,0.0,0.0,0.0,0.0,0.0,0.0,0.0,0.0,0.0,0.0,0.0,0.0,0.0,0.0,0.0,0.0,0.0,0.0,0.0,0.0,0.0,0.0,0.0,0.0,0.0,0.0,0.0,0.0,0.0,0.0,0.0,0.0,0.0,0.0,0.0,0.0
16:06:00,0.0,0.0,0.0,0.0,0.0,0.0,0.0,0.0,0.0,0.0,0.0,0.0,0.0,0.0,0.0,0.0,0.0,0.0,0.0,0.0,0.0,0.0,0.0,0.0,0.0,0.0,0.0,0.0,0.0,0.0,0.0,0.0,0.0,0.0,0.0,0.0,0.0,0.0,0.0,0.0
16:07:00,0.0,0.0,0.0,0.0,0.0,0.0,0.0,0.0,0.0,0.0,0.0,0.0,0.0,0.0,0.0,0.0,0.0,0.0,0.0,0.0,0.0,0.0,0.0,0.0,0.0,0.0,0.0,0.0,0.0,0.0,0.0,0.0,0.0,0.0,0.0,0.0,0.0,0.0,0.0,0.0
16:08:00,0.0,0.0,0.0,0.0,0.0,0.0,0.0,0.0,0.0,0.0,0.0,0.0,0.0,0.0,0.0,0.0,0.0,0.0,0.0,0.0,0.0,0.0,0.0,0.0,0.0,0.0,0.0,0.0,0.0,0.0,0.0,0.0,0.0,0.0,0.0,0.0,0.0,0.0,0.0,0.0
16:09:00,0.0,0.0,0.0,0.0,0.0,0.0,0.0,0.0,0.0,0.0,0.0,0.0,0.0,0.0,0.0,0.0,0.0,0.0,0.0,0.0,0.0,0.0,0.0,0.0,0.0,0.0,0.0,0.0,0.0,0.0,0.0,0.0,0.0,0.0,0.0,0.0,0.0,0.0,0.0,0.0
16:10:00,0.0,0.0,0.0,0.0,0.0,0.0,0.0,0.0,0.0,0.0,0.0,0.0,0.0,0.0,0.0,0.0,0.0,0.0,0.0,0.0,0.0,0.0,0.0,0.0,0.0,0.0,0.0,0.0,0.0,0.0,0.0,0.0,0.0,0.0,0.0,0.0,0.0,0.0,0.0,0.0
16:11:00,0.0,0.0,0.0,0.0,0.0,0.0,0.0,0.0,0.0,0.0,0.0,0.0,0.0,0.0,0.0,0.0,0.0,0.0,0.0,0.0,0.0,0.0,0.0,0.0,0.0,0.0,0.0,0.0,0.0,0.0,0.0,0.0,0.0,0.0,0.0,0.0,0.0,0.0,0.0,0.0
16:12:00,0.0,0.0,0.0,0.0,0.0,0.0,0.0,0.0,0.0,0.0,0.0,0.0,0.0,0.0,0.0,0.0,0.0,0.0,0.0,0.0,0.0,0.0,0.0,0.0,0.0,0.0,0.0,0.0,0.0,0.0,0.0,0.0,0.0,0.0,0.0,0.0,0.0,0.0,0.0,0.0
16:13:00,0.0,0.0,0.0,0.0,0.0,0.0,0.0,0.0,0.0,0.0,0.0,0.0,0.0,0.0,0.0,0.0,0.0,0.0,0.0,0.0,0.0,0.0,0.0,0.0,0.0,0.0,0.0,0.0,0.0,0.0,0.0,0.0,0.0,0.0,0.0,0.0,0.0,0.0,0.0,0.0
16:14:00,0.0,0.0,0.0,0.0,0.0,0.0,0.0,0.0,0.0,0.0,0.0,0.0,0.0,0.0,0.0,0.0,0.0,0.0,0.0,0.0,0.0,0.0,0.0,0.0,0.0,0.0,0.0,0.0,0.0,0.0,0.0,0.0,0.0,0.0,0.0,0.0,0.0,0.0,0.0,0.0
16:15:00,0.0,0.0,0.0,0.0,0.0,0.0,0.0,0.0,0.0,0.0,0.0,0.0,0.0,0.0,0.0,0.0,0.0,0.0,0.0,0.0,0.0,0.0,0.0,0.0,0.0,0.0,0.0,0.0,0.0,0.0,0.0,0.0,0.0,0.0,0.0,0.0,0.0,0.0,0.0,0.0
16:16:00,0.0,0.0,0.0,0.0,0.0,0.0,0.0,0.0,0.0,0.0,0.0,0.0,0.0,0.0,0.0,0.0,0.0,0.0,0.0,0.0,0.0,0.0,0.0,0.0,0.0,0.0,0.0,0.0,0.0,0.0,0.0,0.0,0.0,0.0,0.0,0.0,0.0,0.0,0.0,0.0
16:17:00,0.0,0.0,0.0,0.0,0.0,0.0,0.0,0.0,0.0,0.0,0.0,0.0,0.0,0.0,0.0,0.0,0.0,0.0,0.0,0.0,0.0,0.0,0.0,0.0,0.0,0.0,0.0,0.0,0.0,0.0,0.0,0.0,0.0,0.0,0.0,0.0,0.0,0.0,0.0,0.0
16:18:00,0.0,0.0,0.0,0.0,0.0,0.0,0.0,0.0,0.0,0.0,0.0,0.0,0.0,0.0,0.0,0.0,0.0,0.0,0.0,0.0,0.0,0.0,0.0,0.0,0.0,0.0,0.0,0.0,0.0,0.0,0.0,0.0,0.0,0.0,0.0,0.0,0.0,0.0,0.0,0.0
16:19:00,0.0,0.0,0.0,0.0,0.0,0.0,0.0,0.0,0.0,0.0,0.0,0.0,0.0,0.0,0.0,0.0,0.0,0.0,0.0,0.0,0.0,0.0,0.0,0.0,0.0,0.0,0.0,0.0,0.0,0.0,0.0,0.0,0.0,0.0,0.0,0.0,0.0,0.0,0.0,0.0
16:20:00,0.0,0.0,0.0,0.0,0.0,0.0,0.0,0.0,0.0,0.0,0.0,0.0,0.0,0.0,0.0,0.0,0.0,0.0,0.0,0.0,0.0,0.0,0.0,0.0,0.0,0.0,0.0,0.0,0.0,0.0,0.0,0.0,0.0,0.0,0.0,0.0,0.0,0.0,0.0,0.0
16:21:00,0.0,0.0,0.0,0.0,0.0,0.0,0.0,0.0,0.0,0.0,0.0,0.0,0.0,0.0,0.0,0.0,0.0,0.0,0.0,0.0,0.0,0.0,0.0,0.0,0.0,0.0,0.0,0.0,0.0,0.0,0.0,0.0,0.0,0.0,0.0,0.0,0.0,0.0,0.0,0.0
16:22:00,0.0,0.0,0.0,0.0,0.0,0.0,0.0,0.0,0.0,0.0,0.0,0.0,0.0,0.0,0.0,0.0,0.0,0.0,0.0,0.0,0.0,0.0,0.0,0.0,0.0,0.0,0.0,0.0,0.0,0.0,0.0,0.0,0.0,0.0,0.0,0.0,0.0,0.0,0.0,0.0
16:23:00,0.0,0.0,0.0,0.0,0.0,0.0,0.0,0.0,0.0,0.0,0.0,0.0,0.0,0.0,0.0,0.0,0.0,0.0,0.0,0.0,0.0,0.0,0.0,0.0,0.0,0.0,0.0,0.0,0.0,0.0,0.0,0.0,0.0,0.0,0.0,0.0,0.0,0.0,0.0,0.0
16:24:00,0.0,0.0,0.0,0.0,0.0,0.0,0.0,0.0,0.0,0.0,0.0,0.0,0.0,0.0,0.0,0.0,0.0,0.0,0.0,0.0,0.0,0.0,0.0,0.0,0.0,0.0,0.0,0.0,0.0,0.0,0.0,0.0,0.0,0.0,0.0,0.0,0.0,0.0,0.0,0.0
16:25:00,0.0,0.0,0.0,0.0,0.0,0.0,0.0,0.0,0.0,0.0,0.0,0.0,0.0,0.0,0.0,0.0,0.0,0.0,0.0,0.0,0.0,0.0,0.0,0.0,0.0,0.0,0.0,0.0,0.0,0.0,0.0,0.0,0.0,0.0,0.0,0.0,0.0,0.0,0.0,0.0
16:26:00,0.0,0.0,0.0,0.0,0.0,0.0,0.0,0.0,0.0,0.0,0.0,0.0,0.0,0.0,0.0,0.0,0.0,0.0,0.0,0.0,0.0,0.0,0.0,0.0,0.0,0.0,0.0,0.0,0.0,0.0,0.0,0.0,0.0,0.0,0.0,0.0,0.0,0.0,0.0,0.0
16:27:00,0.0,0.0,0.0,0.0,0.0,0.0,0.0,0.0,0.0,0.0,0.0,0.0,0.0,0.0,0.0,0.0,0.0,0.0,0.0,0.0,0.0,0.0,0.0,0.0,0.0,0.0,0.0,0.0,0.0,0.0,0.0,0.0,0.0,0.0,0.0,0.0,0.0,0.0,0.0,0.0
16:28:00,0.0,0.0,0.0,0.0,0.0,0.0,0.0,0.0,0.0,0.0,0.0,0.0,0.0,0.0,0.0,0.0,0.0,0.0,0.0,0.0,0.0,0.0,0.0,0.0,0.0,0.0,0.0,0.0,0.0,0.0,0.0,0.0,0.0,0.0,0.0,0.0,0.0,0.0,0.0,0.0
16:29:00,0.0,0.0,0.0,0.0,0.0,0.0,0.0,0.0,0.0,0.0,0.0,0.0,0.0,0.0,0.0,0.0,0.0,0.0,0.0,0.0,0.0,0.0,0.0,0.0,0.0,0.0,0.0,0.0,0.0,0.0,0.0,0.0,0.0,0.0,0.0,0.0,0.0,0.0,0.0,0.0
16:30:00,0.0,0.0,0.0,0.0,0.0,0.0,0.0,0.0,0.0,0.0,0.0,0.0,0.0,0.0,0.0,0.0,0.0,0.0,0.0,0.0,0.0,0.0,0.0,0.0,0.0,0.0,0.0,0.0,0.0,0.0,0.0,0.0,0.0,0.0,0.0,0.0,0.0,0.0,0.0,0.0
16:31:00,0.0,0.0,0.0,0.0,0.0,0.0,0.0,0.0,0.0,0.0,0.0,0.0,0.0,0.0,0.0,0.0,0.0,0.0,0.0,0.0,0.0,0.0,0.0,0.0,0.0,0.0,0.0,0.0,0.0,0.0,0.0,0.0,0.0,0.0,0.0,0.0,0.0,0.0,0.0,0.0
16:32:00,0.0,0.0,0.0,0.0,0.0,0.0,0.0,0.0,0.0,0.0,0.0,0.0,0.0,0.0,0.0,0.0,0.0,0.0,0.0,0.0,0.0,0.0,0.0,0.0,0.0,0.0,0.0,0.0,0.0,0.0,0.0,0.0,0.0,0.0,0.0,0.0,0.0,0.0,0.0,0.0
16:33:00,0.0,0.0,0.0,0.0,0.0,0.0,0.0,0.0,0.0,0.0,0.0,0.0,0.0,0.0,0.0,0.0,0.0,0.0,0.0,0.0,0.0,0.0,0.0,0.0,0.0,0.0,0.0,0.0,0.0,0.0,0.0,0.0,0.0,0.0,0.0,0.0,0.0,0.0,0.0,0.0
16:34:00,0.0,0.0,0.0,0.0,0.0,0.0,0.0,0.0,0.0,0.0,0.0,0.0,0.0,0.0,0.0,0.0,0.0,0.0,0.0,0.0,0.0,0.0,0.0,0.0,0.0,0.0,0.0,0.0,0.0,0.0,0.0,0.0,0.0,0.0,0.0,0.0,0.0,0.0,0.0,0.0
16:35:00,0.0,0.0,0.0,0.0,0.0,0.0,0.0,0.0,0.0,0.0,0.0,0.0,0.0,0.0,0.0,0.0,0.0,0.0,0.0,0.0,0.0,0.0,0.0,0.0,0.0,0.0,0.0,0.0,0.0,0.0,0.0,0.0,0.0,0.0,0.0,0.0,0.0,0.0,0.0,0.0
16:36:00,0.0,0.0,0.0,0.0,0.0,0.0,0.0,0.0,0.0,0.0,0.0,0.0,0.0,0.0,0.0,0.0,0.0,0.0,0.0,0.0,0.0,0.0,0.0,0.0,0.0,0.0,0.0,0.0,0.0,0.0,0.0,0.0,0.0,0.0,0.0,0.0,0.0,0.0,0.0,0.0
16:37:00,0.0,0.0,0.0,0.0,0.0,0.0,0.0,0.0,0.0,0.0,0.0,0.0,0.0,0.0,0.0,0.0,0.0,0.0,0.0,0.0,0.0,0.0,0.0,0.0,0.0,0.0,0.0,0.0,0.0,0.0,0.0,0.0,0.0,0.0,0.0,0.0,0.0,0.0,0.0,0.0
16:38:00,0.0,0.0,0.0,0.0,0.0,0.0,0.0,0.0,0.0,0.0,0.0,0.0,0.0,0.0,0.0,0.0,0.0,0.0,0.0,0.0,0.0,0.0,0.0,0.0,0.0,0.0,0.0,0.0,0.0,0.0,0.0,0.0,0.0,0.0,0.0,0.0,0.0,0.0,0.0,0.0
16:39:00,0.0,0.0,0.0,0.0,0.0,0.0,0.0,0.0,0.0,0.0,0.0,0.0,0.0,0.0,0.0,0.0,0.0,0.0,0.0,0.0,0.0,0.0,0.0,0.0,0.0,0.0,0.0,0.0,0.0,0.0,0.0,0.0,0.0,0.0,0.0,0.0,0.0,0.0,0.0,0.0
16:40:00,0.0,0.0,0.0,0.0,0.0,0.0,0.0,0.0,0.0,0.0,0.0,0.0,0.0,0.0,0.0,0.0,0.0,0.0,0.0,0.0,0.0,0.0,0.0,0.0,0.0,0.0,0.0,0.0,0.0,0.0,0.0,0.0,0.0,0.0,0.0,0.0,0.0,0.0,0.0,0.0
16:41:00,0.0,0.0,0.0,0.0,0.0,0.0,0.0,0.0,0.0,0.0,0.0,0.0,0.0,0.0,0.0,0.0,0.0,0.0,0.0,0.0,0.0,0.0,0.0,0.0,0.0,0.0,0.0,0.0,0.0,0.0,0.0,0.0,0.0,0.0,0.0,0.0,0.0,0.0,0.0,0.0
16:42:00,0.0,0.0,0.0,0.0,0.0,0.0,0.0,0.0,0.0,0.0,0.0,0.0,0.0,0.0,0.0,0.0,0.0,0.0,0.0,0.0,0.0,0.0,0.0,0.0,0.0,0.0,0.0,0.0,0.0,0.0,0.0,0.0,0.0,0.0,0.0,0.0,0.0,0.0,0.0,0.0
16:43:00,0.0,0.0,0.0,0.0,0.0,0.0,0.0,0.0,0.0,0.0,0.0,0.0,0.0,0.0,0.0,0.0,0.0,0.0,0.0,0.0,0.0,0.0,0.0,0.0,0.0,0.0,0.0,0.0,0.0,0.0,0.0,0.0,0.0,0.0,0.0,0.0,0.0,0.0,0.0,0.0
16:44:00,0.0,0.0,0.0,0.0,0.0,0.0,0.0,0.0,0.0,0.0,0.0,0.0,0.0,0.0,0.0,0.0,0.0,0.0,0.0,0.0,0.0,0.0,0.0,0.0,0.0,0.0,0.0,0.0,0.0,0.0,0.0,0.0,0.0,0.0,0.0,0.0,0.0,0.0,0.0,0.0
16:45:00,0.0,0.0,0.0,0.0,0.0,0.0,0.0,0.0,0.0,0.0,0.0,0.0,0.0,0.0,0.0,0.0,0.0,0.0,0.0,0.0,0.0,0.0,0.0,0.0,0.0,0.0,0.0,0.0,0.0,0.0,0.0,0.0,0.0,0.0,0.0,0.0,0.0,0.0,0.0,0.0
16:46:00,0.0,0.0,0.0,0.0,0.0,0.0,0.0,0.0,0.0,0.0,0.0,0.0,0.0,0.0,0.0,0.0,0.0,0.0,0.0,0.0,0.0,0.0,0.0,0.0,0.0,0.0,0.0,0.0,0.0,0.0,0.0,0.0,0.0,0.0,0.0,0.0,0.0,0.0,0.0,0.0
16:47:00,0.0,0.0,0.0,0.0,0.0,0.0,0.0,0.0,0.0,0.0,0.0,0.0,0.0,0.0,0.0,0.0,0.0,0.0,0.0,0.0,0.0,0.0,0.0,0.0,0.0,0.0,0.0,0.0,0.0,0.0,0.0,0.0,0.0,0.0,0.0,0.0,0.0,0.0,0.0,0.0
16:48:00,0.0,0.0,0.0,0.0,0.0,0.0,0.0,0.0,0.0,0.0,0.0,0.0,0.0,0.0,0.0,0.0,0.0,0.0,0.0,0.0,0.0,0.0,0.0,0.0,0.0,0.0,0.0,0.0,0.0,0.0,0.0,0.0,0.0,0.0,0.0,0.0,0.0,0.0,0.0,0.0
16:49:00,0.0,0.0,0.0,0.0,0.0,0.0,0.0,0.0,0.0,0.0,0.0,0.0,0.0,0.0,0.0,0.0,0.0,0.0,0.0,0.0,0.0,0.0,0.0,0.0,0.0,0.0,0.0,0.0,0.0,0.0,0.0,0.0,0.0,0.0,0.0,0.0,0.0,0.0,0.0,0.0
16:50:00,0.0,0.0,0.0,0.0,0.0,0.0,0.0,0.0,0.0,0.0,0.0,0.0,0.0,0.0,0.0,0.0,0.0,0.0,0.0,0.0,0.0,0.0,0.0,0.0,0.0,0.0,0.0,0.0,0.0,0.0,0.0,0.0,0.0,0.0,0.0,0.0,0.0,0.0,0.0,0.0
16:51:00,0.0,0.0,0.0,0.0,0.0,0.0,0.0,0.0,0.0,0.0,0.0,0.0,0.0,0.0,0.0,0.0,0.0,0.0,0.0,0.0,0.0,0.0,0.0,0.0,0.0,0.0,0.0,0.0,0.0,0.0,0.0,0.0,0.0,0.0,0.0,0.0,0.0,0.0,0.0,0.0
16:52:00,0.0,0.0,0.0,0.0,0.0,0.0,0.0,0.0,0.0,0.0,0.0,0.0,0.0,0.0,0.0,0.0,0.0,0.0,0.0,0.0,0.0,0.0,0.0,0.0,0.0,0.0,0.0,0.0,0.0,0.0,0.0,0.0,0.0,0.0,0.0,0.0,0.0,0.0,0.0,0.0
16:53:00,0.0,0.0,0.0,0.0,0.0,0.0,0.0,0.0,0.0,0.0,0.0,0.0,0.0,0.0,0.0,0.0,0.0,0.0,0.0,0.0,0.0,0.0,0.0,0.0,0.0,0.0,0.0,0.0,0.0,0.0,0.0,0.0,0.0,0.0,0.0,0.0,0.0,0.0,0.0,0.0
16:54:00,0.0,0.0,0.0,0.0,0.0,0.0,0.0,0.0,0.0,0.0,0.0,0.0,0.0,0.0,0.0,0.0,0.0,0.0,0.0,0.0,0.0,0.0,0.0,0.0,0.0,0.0,0.0,0.0,0.0,0.0,0.0,0.0,0.0,0.0,0.0,0.0,0.0,0.0,0.0,0.0
16:55:00,0.0,0.0,0.0,0.0,0.0,0.0,0.0,0.0,0.0,0.0,0.0,0.0,0.0,0.0,0.0,0.0,0.0,0.0,0.0,0.0,0.0,0.0,0.0,0.0,0.0,0.0,0.0,0.0,0.0,0.0,0.0,0.0,0.0,0.0,0.0,0.0,0.0,0.0,0.0,0.0
16:56:00,0.0,0.0,0.0,0.0,0.0,0.0,0.0,0.0,0.0,0.0,0.0,0.0,0.0,0.0,0.0,0.0,0.0,0.0,0.0,0.0,0.0,0.0,0.0,0.0,0.0,0.0,0.0,0.0,0.0,0.0,0.0,0.0,0.0,0.0,0.0,0.0,0.0,0.0,0.0,0.0
16:57:00,0.0,0.0,0.0,0.0,0.0,0.0,0.0,0.0,0.0,0.0,0.0,0.0,0.0,0.0,0.0,0.0,0.0,0.0,0.0,0.0,0.0,0.0,0.0,0.0,0.0,0.0,0.0,0.0,0.0,0.0,0.0,0.0,0.0,0.0,0.0,0.0,0.0,0.0,0.0,0.0
16:58:00,0.0,0.0,0.0,0.0,0.0,0.0,0.0,0.0,0.0,0.0,0.0,0.0,0.0,0.0,0.0,0.0,0.0,0.0,0.0,0.0,0.0,0.0,0.0,0.0,0.0,0.0,0.0,0.0,0.0,0.0,0.0,0.0,0.0,0.0,0.0,0.0,0.0,0.0,0.0,0.0
16:59:00,0.0,0.0,0.0,0.0,0.0,0.0,0.0,0.0,0.0,0.0,0.0,0.0,0.0,0.0,0.0,0.0,0.0,0.0,0.0,0.0,0.0,0.0,0.0,0.0,0.0,0.0,0.0,0.0,0.0,0.0,0.0,0.0,0.0,0.0,0.0,0.0,0.0,0.0,0.0,0.0
17:00:00,0.0,0.0,0.0,0.0,0.0,0.0,0.0,0.0,0.0,0.0,0.0,0.0,0.0,0.0,0.0,0.0,0.0,0.0,0.0,0.0,0.0,0.0,0.0,0.0,0.0,0.0,0.0,0.0,0.0,0.0,0.0,0.0,0.0,0.0,0.0,0.0,0.0,0.0,0.0,0.0
17:01:00,0.0,0.0,0.0,0.0,0.0,0.0,0.0,0.0,0.0,0.0,0.0,0.0,0.0,0.0,0.0,0.0,0.0,0.0,0.0,0.0,0.0,0.0,0.0,0.0,0.0,0.0,0.0,0.0,0.0,0.0,0.0,0.0,0.0,0.0,0.0,0.0,0.0,0.0,0.0,0.0
17:02:00,0.0,0.0,0.0,0.0,0.0,0.0,0.0,0.0,0.0,0.0,0.0,0.0,0.0,0.0,0.0,0.0,0.0,0.0,0.0,0.0,0.0,0.0,0.0,0.0,0.0,0.0,0.0,0.0,0.0,0.0,0.0,0.0,0.0,0.0,0.0,0.0,0.0,0.0,0.0,0.0
17:03:00,0.0,0.0,0.0,0.0,0.0,0.0,0.0,0.0,0.0,0.0,0.0,0.0,0.0,0.0,0.0,0.0,0.0,0.0,0.0,0.0,0.0,0.0,0.0,0.0,0.0,0.0,0.0,0.0,0.0,0.0,0.0,0.0,0.0,0.0,0.0,0.0,0.0,0.0,0.0,0.0
17:04:00,0.0,0.0,0.0,0.0,0.0,0.0,0.0,0.0,0.0,0.0,0.0,0.0,0.0,0.0,0.0,0.0,0.0,0.0,0.0,0.0,0.0,0.0,0.0,0.0,0.0,0.0,0.0,0.0,0.0,0.0,0.0,0.0,0.0,0.0,0.0,0.0,0.0,0.0,0.0,0.0
17:05:00,0.0,0.0,0.0,0.0,0.0,0.0,0.0,0.0,0.0,0.0,0.0,0.0,0.0,0.0,0.0,0.0,0.0,0.0,0.0,0.0,0.0,0.0,0.0,0.0,0.0,0.0,0.0,0.0,0.0,0.0,0.0,0.0,0.0,0.0,0.0,0.0,0.0,0.0,0.0,0.0
17:06:00,0.0,0.0,0.0,0.0,0.0,0.0,0.0,0.0,0.0,0.0,0.0,0.0,0.0,0.0,0.0,0.0,0.0,0.0,0.0,0.0,0.0,0.0,0.0,0.0,0.0,0.0,0.0,0.0,0.0,0.0,0.0,0.0,0.0,0.0,0.0,0.0,0.0,0.0,0.0,0.0
17:07:00,0.0,0.0,0.0,0.0,0.0,0.0,0.0,0.0,0.0,0.0,0.0,0.0,0.0,0.0,0.0,0.0,0.0,0.0,0.0,0.0,0.0,0.0,0.0,0.0,0.0,0.0,0.0,0.0,0.0,0.0,0.0,0.0,0.0,0.0,0.0,0.0,0.0,0.0,0.0,0.0
17:08:00,0.0,0.0,0.0,0.0,0.0,0.0,0.0,0.0,0.0,0.0,0.0,0.0,0.0,0.0,0.0,0.0,0.0,0.0,0.0,0.0,0.0,0.0,0.0,0.0,0.0,0.0,0.0,0.0,0.0,0.0,0.0,0.0,0.0,0.0,0.0,0.0,0.0,0.0,0.0,0.0
17:09:00,0.0,0.0,0.0,0.0,0.0,0.0,0.0,0.0,0.0,0.0,0.0,0.0,0.0,0.0,0.0,0.0,0.0,0.0,0.0,0.0,0.0,0.0,0.0,0.0,0.0,0.0,0.0,0.0,0.0,0.0,0.0,0.0,0.0,0.0,0.0,0.0,0.0,0.0,0.0,0.0
17:10:00,0.0,0.0,0.0,0.0,0.0,0.0,0.0,0.0,0.0,0.0,0.0,0.0,0.0,0.0,0.0,0.0,0.0,0.0,0.0,0.0,0.0,0.0,0.0,0.0,0.0,0.0,0.0,0.0,0.0,0.0,0.0,0.0,0.0,0.0,0.0,0.0,0.0,0.0,0.0,0.0
17:11:00,0.0,0.0,0.0,0.0,0.0,0.0,0.0,0.0,0.0,0.0,0.0,0.0,0.0,0.0,0.0,0.0,0.0,0.0,0.0,0.0,0.0,0.0,0.0,0.0,0.0,0.0,0.0,0.0,0.0,0.0,0.0,0.0,0.0,0.0,0.0,0.0,0.0,0.0,0.0,0.0
17:12:00,0.0,0.0,0.0,0.0,0.0,0.0,0.0,0.0,0.0,0.0,0.0,0.0,0.0,0.0,0.0,0.0,0.0,0.0,0.0,0.0,0.0,0.0,0.0,0.0,0.0,0.0,0.0,0.0,0.0,0.0,0.0,0.0,0.0,0.0,0.0,0.0,0.0,0.0,0.0,0.0
17:13:00,0.0,0.0,0.0,0.0,0.0,0.0,0.0,0.0,0.0,0.0,0.0,0.0,0.0,0.0,0.0,0.0,0.0,0.0,0.0,0.0,0.0,0.0,0.0,0.0,0.0,0.0,0.0,0.0,0.0,0.0,0.0,0.0,0.0,0.0,0.0,0.0,0.0,0.0,0.0,0.0
17:14:00,0.0,0.0,0.0,0.0,0.0,0.0,0.0,0.0,0.0,0.0,0.0,0.0,0.0,0.0,0.0,0.0,0.0,0.0,0.0,0.0,0.0,0.0,0.0,0.0,0.0,0.0,0.0,0.0,0.0,0.0,0.0,0.0,0.0,0.0,0.0,0.0,0.0,0.0,0.0,0.0
17:15:00,0.0,0.0,0.0,0.0,0.0,0.0,0.0,0.0,0.0,0.0,0.0,0.0,0.0,0.0,0.0,0.0,0.0,0.0,0.0,0.0,0.0,0.0,0.0,0.0,0.0,0.0,0.0,0.0,0.0,0.0,0.0,0.0,0.0,0.0,0.0,0.0,0.0,0.0,0.0,0.0
17:16:00,0.0,0.0,0.0,0.0,0.0,0.0,0.0,0.0,0.0,0.0,0.0,0.0,0.0,0.0,0.0,0.0,0.0,0.0,0.0,0.0,0.0,0.0,0.0,0.0,0.0,0.0,0.0,0.0,0.0,0.0,0.0,0.0,0.0,0.0,0.0,0.0,0.0,0.0,0.0,0.0
17:17:00,0.0,0.0,0.0,0.0,0.0,0.0,0.0,0.0,0.0,0.0,0.0,0.0,0.0,0.0,0.0,0.0,0.0,0.0,0.0,0.0,0.0,0.0,0.0,0.0,0.0,0.0,0.0,0.0,0.0,0.0,0.0,0.0,0.0,0.0,0.0,0.0,0.0,0.0,0.0,0.0
17:18:00,0.0,0.0,0.0,0.0,0.0,0.0,0.0,0.0,0.0,0.0,0.0,0.0,0.0,0.0,0.0,0.0,0.0,0.0,0.0,0.0,0.0,0.0,0.0,0.0,0.0,0.0,0.0,0.0,0.0,0.0,0.0,0.0,0.0,0.0,0.0,0.0,0.0,0.0,0.0,0.0
17:19:00,0.0,0.0,0.0,0.0,0.0,0.0,0.0,0.0,0.0,0.0,0.0,0.0,0.0,0.0,0.0,0.0,0.0,0.0,0.0,0.0,0.0,0.0,0.0,0.0,0.0,0.0,0.0,0.0,0.0,0.0,0.0,0.0,0.0,0.0,0.0,0.0,0.0,0.0,0.0,0.0
17:20:00,0.0,0.0,0.0,0.0,0.0,0.0,0.0,0.0,0.0,0.0,0.0,0.0,0.0,0.0,0.0,0.0,0.0,0.0,0.0,0.0,0.0,0.0,0.0,0.0,0.0,0.0,0.0,0.0,0.0,0.0,0.0,0.0,0.0,0.0,0.0,0.0,0.0,0.0,0.0,0.0
17:21:00,0.0,0.0,0.0,0.0,0.0,0.0,0.0,0.0,0.0,0.0,0.0,0.0,0.0,0.0,0.0,0.0,0.0,0.0,0.0,0.0,0.0,0.0,0.0,0.0,0.0,0.0,0.0,0.0,0.0,0.0,0.0,0.0,0.0,0.0,0.0,0.0,0.0,0.0,0.0,0.0
17:22:00,0.0,0.0,0.0,0.0,0.0,0.0,0.0,0.0,0.0,0.0,0.0,0.0,0.0,0.0,0.0,0.0,0.0,0.0,0.0,0.0,0.0,0.0,0.0,0.0,0.0,0.0,0.0,0.0,0.0,0.0,0.0,0.0,0.0,0.0,0.0,0.0,0.0,0.0,0.0,0.0
17:23:00,0.0,0.0,0.0,0.0,0.0,0.0,0.0,0.0,0.0,0.0,0.0,0.0,0.0,0.0,0.0,0.0,0.0,0.0,0.0,0.0,0.0,0.0,0.0,0.0,0.0,0.0,0.0,0.0,0.0,0.0,0.0,0.0,0.0,0.0,0.0,0.0,0.0,0.0,0.0,0.0
17:24:00,0.0,0.0,0.0,0.0,0.0,0.0,0.0,0.0,0.0,0.0,0.0,0.0,0.0,0.0,0.0,0.0,0.0,0.0,0.0,0.0,0.0,0.0,0.0,0.0,0.0,0.0,0.0,0.0,0.0,0.0,0.0,0.0,0.0,0.0,0.0,0.0,0.0,0.0,0.0,0.0
17:25:00,0.0,0.0,0.0,0.0,0.0,0.0,0.0,0.0,0.0,0.0,0.0,0.0,0.0,0.0,0.0,0.0,0.0,0.0,0.0,0.0,0.0,0.0,0.0,0.0,0.0,0.0,0.0,0.0,0.0,0.0,0.0,0.0,0.0,0.0,0.0,0.0,0.0,0.0,0.0,0.0
17:26:00,0.0,0.0,0.0,0.0,0.0,0.0,0.0,0.0,0.0,0.0,0.0,0.0,0.0,0.0,0.0,0.0,0.0,0.0,0.0,0.0,0.0,0.0,0.0,0.0,0.0,0.0,0.0,0.0,0.0,0.0,0.0,0.0,0.0,0.0,0.0,0.0,0.0,0.0,0.0,0.0
17:27:00,0.0,0.0,0.0,0.0,0.0,0.0,0.0,0.0,0.0,0.0,0.0,0.0,0.0,0.0,0.0,0.0,0.0,0.0,0.0,0.0,0.0,0.0,0.0,0.0,0.0,0.0,0.0,0.0,0.0,0.0,0.0,0.0,0.0,0.0,0.0,0.0,0.0,0.0,0.0,0.0
17:28:00,0.0,0.0,0.0,0.0,0.0,0.0,0.0,0.0,0.0,0.0,0.0,0.0,0.0,0.0,0.0,0.0,0.0,0.0,0.0,0.0,0.0,0.0,0.0,0.0,0.0,0.0,0.0,0.0,0.0,0.0,0.0,0.0,0.0,0.0,0.0,0.0,0.0,0.0,0.0,0.0
17:29:00,0.0,0.0,0.0,0.0,0.0,0.0,0.0,0.0,0.0,0.0,0.0,0.0,0.0,0.0,0.0,0.0,0.0,0.0,0.0,0.0,0.0,0.0,0.0,0.0,0.0,0.0,0.0,0.0,0.0,0.0,0.0,0.0,0.0,0.0,0.0,0.0,0.0,0.0,0.0,0.0
17:30:00,0.0,0.0,0.0,0.0,0.0,0.0,0.0,0.0,0.0,0.0,0.0,0.0,0.0,0.0,0.0,0.0,0.0,0.0,0.0,0.0,0.0,0.0,0.0,0.0,0.0,0.0,0.0,0.0,0.0,0.0,0.0,0.0,0.0,0.0,0.0,0.0,0.0,0.0,0.0,0.0
17:31:00,0.0,0.0,0.0,0.0,0.0,0.0,0.0,0.0,0.0,0.0,0.0,0.0,0.0,0.0,0.0,0.0,0.0,0.0,0.0,0.0,0.0,0.0,0.0,0.0,0.0,0.0,0.0,0.0,0.0,0.0,0.0,0.0,0.0,0.0,0.0,0.0,0.0,0.0,0.0,0.0
17:32:00,0.0,0.0,0.0,0.0,0.0,0.0,0.0,0.0,0.0,0.0,0.0,0.0,0.0,0.0,0.0,0.0,0.0,0.0,0.0,0.0,0.0,0.0,0.0,0.0,0.0,0.0,0.0,0.0,0.0,0.0,0.0,0.0,0.0,0.0,0.0,0.0,0.0,0.0,0.0,0.0
17:33:00,0.0,0.0,0.0,0.0,0.0,0.0,0.0,0.0,0.0,0.0,0.0,0.0,0.0,0.0,0.0,0.0,0.0,0.0,0.0,0.0,0.0,0.0,0.0,0.0,0.0,0.0,0.0,0.0,0.0,0.0,0.0,0.0,0.0,0.0,0.0,0.0,0.0,0.0,0.0,0.0
17:34:00,0.0,0.0,0.0,0.0,0.0,0.0,0.0,0.0,0.0,0.0,0.0,0.0,0.0,0.0,0.0,0.0,0.0,0.0,0.0,0.0,0.0,0.0,0.0,0.0,0.0,0.0,0.0,0.0,0.0,0.0,0.0,0.0,0.0,0.0,0.0,0.0,0.0,0.0,0.0,0.0
17:35:00,0.0,0.0,0.0,0.0,0.0,0.0,0.0,0.0,0.0,0.0,0.0,0.0,0.0,0.0,0.0,0.0,0.0,0.0,0.0,0.0,0.0,0.0,0.0,0.0,0.0,0.0,0.0,0.0,0.0,0.0,0.0,0.0,0.0,0.0,0.0,0.0,0.0,0.0,0.0,0.0
17:36:00,0.0,0.0,0.0,0.0,0.0,0.0,0.0,0.0,0.0,0.0,0.0,0.0,0.0,0.0,0.0,0.0,0.0,0.0,0.0,0.0,0.0,0.0,0.0,0.0,0.0,0.0,0.0,0.0,0.0,0.0,0.0,0.0,0.0,0.0,0.0,0.0,0.0,0.0,0.0,0.0
17:37:00,0.0,0.0,0.0,0.0,0.0,0.0,0.0,0.0,0.0,0.0,0.0,0.0,0.0,0.0,0.0,0.0,0.0,0.0,0.0,0.0,0.0,0.0,0.0,0.0,0.0,0.0,0.0,0.0,0.0,0.0,0.0,0.0,0.0,0.0,0.0,0.0,0.0,0.0,0.0,0.0
17:38:00,0.0,0.0,0.0,0.0,0.0,0.0,0.0,0.0,0.0,0.0,0.0,0.0,0.0,0.0,0.0,0.0,0.0,0.0,0.0,0.0,0.0,0.0,0.0,0.0,0.0,0.0,0.0,0.0,0.0,0.0,0.0,0.0,0.0,0.0,0.0,0.0,0.0,0.0,0.0,0.0
17:39:00,0.0,0.0,0.0,0.0,0.0,0.0,0.0,0.0,0.0,0.0,0.0,0.0,0.0,0.0,0.0,0.0,0.0,0.0,0.0,0.0,0.0,0.0,0.0,0.0,0.0,0.0,0.0,0.0,0.0,0.0,0.0,0.0,0.0,0.0,0.0,0.0,0.0,0.0,0.0,0.0
17:40:00,0.0,0.0,0.0,0.0,0.0,0.0,0.0,0.0,0.0,0.0,0.0,0.0,0.0,0.0,0.0,0.0,0.0,0.0,0.0,0.0,0.0,0.0,0.0,0.0,0.0,0.0,0.0,0.0,0.0,0.0,0.0,0.0,0.0,0.0,0.0,0.0,0.0,0.0,0.0,0.0
17:41:00,0.0,0.0,0.0,0.0,0.0,0.0,0.0,0.0,0.0,0.0,0.0,0.0,0.0,0.0,0.0,0.0,0.0,0.0,0.0,0.0,0.0,0.0,0.0,0.0,0.0,0.0,0.0,0.0,0.0,0.0,0.0,0.0,0.0,0.0,0.0,0.0,0.0,0.0,0.0,0.0
17:42:00,0.0,0.0,0.0,0.0,0.0,0.0,0.0,0.0,0.0,0.0,0.0,0.0,0.0,0.0,0.0,0.0,0.0,0.0,0.0,0.0,0.0,0.0,0.0,0.0,0.0,0.0,0.0,0.0,0.0,0.0,0.0,0.0,0.0,0.0,0.0,0.0,0.0,0.0,0.0,0.0
17:43:00,0.0,0.0,0.0,0.0,0.0,0.0,0.0,0.0,0.0,0.0,0.0,0.0,0.0,0.0,0.0,0.0,0.0,0.0,0.0,0.0,0.0,0.0,0.0,0.0,0.0,0.0,0.0,0.0,0.0,0.0,0.0,0.0,0.0,0.0,0.0,0.0,0.0,0.0,0.0,0.0
17:44:00,0.0,0.0,0.0,0.0,0.0,0.0,0.0,0.0,0.0,0.0,0.0,0.0,0.0,0.0,0.0,0.0,0.0,0.0,0.0,0.0,0.0,0.0,0.0,0.0,0.0,0.0,0.0,0.0,0.0,0.0,0.0,0.0,0.0,0.0,0.0,0.0,0.0,0.0,0.0,0.0
17:45:00,0.0,0.0,0.0,0.0,0.0,0.0,0.0,0.0,0.0,0.0,0.0,0.0,0.0,0.0,0.0,0.0,0.0,0.0,0.0,0.0,0.0,0.0,0.0,0.0,0.0,0.0,0.0,0.0,0.0,0.0,0.0,0.0,0.0,0.0,0.0,0.0,0.0,0.0,0.0,0.0
17:46:00,0.0,0.0,0.0,0.0,0.0,0.0,0.0,0.0,0.0,0.0,0.0,0.0,0.0,0.0,0.0,0.0,0.0,0.0,0.0,0.0,0.0,0.0,0.0,0.0,0.0,0.0,0.0,0.0,0.0,0.0,0.0,0.0,0.0,0.0,0.0,0.0,0.0,0.0,0.0,0.0
17:47:00,0.0,0.0,0.0,0.0,0.0,0.0,0.0,0.0,0.0,0.0,0.0,0.0,0.0,0.0,0.0,0.0,0.0,0.0,0.0,0.0,0.0,0.0,0.0,0.0,0.0,0.0,0.0,0.0,0.0,0.0,0.0,0.0,0.0,0.0,0.0,0.0,0.0,0.0,0.0,0.0
17:48:00,0.0,0.0,0.0,0.0,0.0,0.0,0.0,0.0,0.0,0.0,0.0,0.0,0.0,0.0,0.0,0.0,0.0,0.0,0.0,0.0,0.0,0.0,0.0,0.0,0.0,0.0,0.0,0.0,0.0,0.0,0.0,0.0,0.0,0.0,0.0,0.0,0.0,0.0,0.0,0.0
17:49:00,0.0,0.0,0.0,0.0,0.0,0.0,0.0,0.0,0.0,0.0,0.0,0.0,0.0,0.0,0.0,0.0,0.0,0.0,0.0,0.0,0.0,0.0,0.0,0.0,0.0,0.0,0.0,0.0,0.0,0.0,0.0,0.0,0.0,0.0,0.0,0.0,0.0,0.0,0.0,0.0
17:50:00,0.0,0.0,0.0,0.0,0.0,0.0,0.0,0.0,0.0,0.0,0.0,0.0,0.0,0.0,0.0,0.0,0.0,0.0,0.0,0.0,0.0,0.0,0.0,0.0,0.0,0.0,0.0,0.0,0.0,0.0,0.0,0.0,0.0,0.0,0.0,0.0,0.0,0.0,0.0,0.0
17:51:00,0.0,0.0,0.0,0.0,0.0,0.0,0.0,0.0,0.0,0.0,0.0,0.0,0.0,0.0,0.0,0.0,0.0,0.0,0.0,0.0,0.0,0.0,0.0,0.0,0.0,0.0,0.0,0.0,0.0,0.0,0.0,0.0,0.0,0.0,0.0,0.0,0.0,0.0,0.0,0.0
17:52:00,0.0,0.0,0.0,0.0,0.0,0.0,0.0,0.0,0.0,0.0,0.0,0.0,0.0,0.0,0.0,0.0,0.0,0.0,0.0,0.0,0.0,0.0,0.0,0.0,0.0,0.0,0.0,0.0,0.0,0.0,0.0,0.0,0.0,0.0,0.0,0.0,0.0,0.0,0.0,0.0
17:53:00,0.0,0.0,0.0,0.0,0.0,0.0,0.0,0.0,0.0,0.0,0.0,0.0,0.0,0.0,0.0,0.0,0.0,0.0,0.0,0.0,0.0,0.0,0.0,0.0,0.0,0.0,0.0,0.0,0.0,0.0,0.0,0.0,0.0,0.0,0.0,0.0,0.0,0.0,0.0,0.0
17:54:00,0.0,0.0,0.0,0.0,0.0,0.0,0.0,0.0,0.0,0.0,0.0,0.0,0.0,0.0,0.0,0.0,0.0,0.0,0.0,0.0,0.0,0.0,0.0,0.0,0.0,0.0,0.0,0.0,0.0,0.0,0.0,0.0,0.0,0.0,0.0,0.0,0.0,0.0,0.0,0.0
17:55:00,0.0,0.0,0.0,0.0,0.0,0.0,0.0,0.0,0.0,0.0,0.0,0.0,0.0,0.0,0.0,0.0,0.0,0.0,0.0,0.0,0.0,0.0,0.0,0.0,0.0,0.0,0.0,0.0,0.0,0.0,0.0,0.0,0.0,0.0,0.0,0.0,0.0,0.0,0.0,0.0
17:56:00,0.0,0.0,0.0,0.0,0.0,0.0,0.0,0.0,0.0,0.0,0.0,0.0,0.0,0.0,0.0,0.0,0.0,0.0,0.0,0.0,0.0,0.0,0.0,0.0,0.0,0.0,0.0,0.0,0.0,0.0,0.0,0.0,0.0,0.0,0.0,0.0,0.0,0.0,0.0,0.0
17:57:00,0.0,0.0,0.0,0.0,0.0,0.0,0.0,0.0,0.0,0.0,0.0,0.0,0.0,0.0,0.0,0.0,0.0,0.0,0.0,0.0,0.0,0.0,0.0,0.0,0.0,0.0,0.0,0.0,0.0,0.0,0.0,0.0,0.0,0.0,0.0,0.0,0.0,0.0,0.0,0.0
17:58:00,0.0,0.0,0.0,0.0,0.0,0.0,0.0,0.0,0.0,0.0,0.0,0.0,0.0,0.0,0.0,0.0,0.0,0.0,0.0,0.0,0.0,0.0,0.0,0.0,0.0,0.0,0.0,0.0,0.0,0.0,0.0,0.0,0.0,0.0,0.0,0.0,0.0,0.0,0.0,0.0
17:59:00,0.0,0.0,0.0,0.0,0.0,0.0,0.0,0.0,0.0,0.0,0.0,0.0,0.0,0.0,0.0,0.0,0.0,0.0,0.0,0.0,0.0,0.0,0.0,0.0,0.0,0.0,0.0,0.0,0.0,0.0,0.0,0.0,0.0,0.0,0.0,0.0,0.0,0.0,0.0,0.0
18:00:00,0.0,0.0,0.0,0.0,0.0,0.0,0.0,0.0,0.0,0.0,0.0,0.0,0.0,0.0,0.0,0.0,0.0,0.0,0.0,0.0,0.0,0.0,0.0,0.0,0.0,0.0,0.0,0.0,0.0,0.0,0.0,0.0,0.0,0.0,0.0,0.0,0.0,0.0,0.0,0.0
18:01:00,0.0,0.0,0.0,0.0,0.0,0.0,0.0,0.0,0.0,0.0,0.0,0.0,0.0,0.0,0.0,0.0,0.0,0.0,0.0,0.0,0.0,0.0,0.0,0.0,0.0,0.0,0.0,0.0,0.0,0.0,0.0,0.0,0.0,0.0,0.0,0.0,0.0,0.0,0.0,0.0
18:02:00,0.0,0.0,0.0,0.0,0.0,0.0,0.0,0.0,0.0,0.0,0.0,0.0,0.0,0.0,0.0,0.0,0.0,0.0,0.0,0.0,0.0,0.0,0.0,0.0,0.0,0.0,0.0,0.0,0.0,0.0,0.0,0.0,0.0,0.0,0.0,0.0,0.0,0.0,0.0,0.0
18:03:00,0.0,0.0,0.0,0.0,0.0,0.0,0.0,0.0,0.0,0.0,0.0,0.0,0.0,0.0,0.0,0.0,0.0,0.0,0.0,0.0,0.0,0.0,0.0,0.0,0.0,0.0,0.0,0.0,0.0,0.0,0.0,0.0,0.0,0.0,0.0,0.0,0.0,0.0,0.0,0.0
18:04:00,0.0,0.0,0.0,0.0,0.0,0.0,0.0,0.0,0.0,0.0,0.0,0.0,0.0,0.0,0.0,0.0,0.0,0.0,0.0,0.0,0.0,0.0,0.0,0.0,0.0,0.0,0.0,0.0,0.0,0.0,0.0,0.0,0.0,0.0,0.0,0.0,0.0,0.0,0.0,0.0
18:05:00,0.0,0.0,0.0,0.0,0.0,0.0,0.0,0.0,0.0,0.0,0.0,0.0,0.0,0.0,0.0,0.0,0.0,0.0,0.0,0.0,0.0,0.0,0.0,0.0,0.0,0.0,0.0,0.0,0.0,0.0,0.0,0.0,0.0,0.0,0.0,0.0,0.0,0.0,0.0,0.0
18:06:00,0.0,0.0,0.0,0.0,0.0,0.0,0.0,0.0,0.0,0.0,0.0,0.0,0.0,0.0,0.0,0.0,0.0,0.0,0.0,0.0,0.0,0.0,0.0,0.0,0.0,0.0,0.0,0.0,0.0,0.0,0.0,0.0,0.0,0.0,0.0,0.0,0.0,0.0,0.0,0.0
18:07:00,0.0,0.0,0.0,0.0,0.0,0.0,0.0,0.0,0.0,0.0,0.0,0.0,0.0,0.0,0.0,0.0,0.0,0.0,0.0,0.0,0.0,0.0,0.0,0.0,0.0,0.0,0.0,0.0,0.0,0.0,0.0,0.0,0.0,0.0,0.0,0.0,0.0,0.0,0.0,0.0
18:08:00,0.0,0.0,0.0,0.0,0.0,0.0,0.0,0.0,0.0,0.0,0.0,0.0,0.0,0.0,0.0,0.0,0.0,0.0,0.0,0.0,0.0,0.0,0.0,0.0,0.0,0.0,0.0,0.0,0.0,0.0,0.0,0.0,0.0,0.0,0.0,0.0,0.0,0.0,0.0,0.0
18:09:00,0.0,0.0,0.0,0.0,0.0,0.0,0.0,0.0,0.0,0.0,0.0,0.0,0.0,0.0,0.0,0.0,0.0,0.0,0.0,0.0,0.0,0.0,0.0,0.0,0.0,0.0,0.0,0.0,0.0,0.0,0.0,0.0,0.0,0.0,0.0,0.0,0.0,0.0,0.0,0.0
18:10:00,0.0,0.0,0.0,0.0,0.0,0.0,0.0,0.0,0.0,0.0,0.0,0.0,0.0,0.0,0.0,0.0,0.0,0.0,0.0,0.0,0.0,0.0,0.0,0.0,0.0,0.0,0.0,0.0,0.0,0.0,0.0,0.0,0.0,0.0,0.0,0.0,0.0,0.0,0.0,0.0
18:11:00,0.0,0.0,0.0,0.0,0.0,0.0,0.0,0.0,0.0,0.0,0.0,0.0,0.0,0.0,0.0,0.0,0.0,0.0,0.0,0.0,0.0,0.0,0.0,0.0,0.0,0.0,0.0,0.0,0.0,0.0,0.0,0.0,0.0,0.0,0.0,0.0,0.0,0.0,0.0,0.0
18:12:00,0.0,0.0,0.0,0.0,0.0,0.0,0.0,0.0,0.0,0.0,0.0,0.0,0.0,0.0,0.0,0.0,0.0,0.0,0.0,0.0,0.0,0.0,0.0,0.0,0.0,0.0,0.0,0.0,0.0,0.0,0.0,0.0,0.0,0.0,0.0,0.0,0.0,0.0,0.0,0.0
18:13:00,0.0,0.0,0.0,0.0,0.0,0.0,0.0,0.0,0.0,0.0,0.0,0.0,0.0,0.0,0.0,0.0,0.0,0.0,0.0,0.0,0.0,0.0,0.0,0.0,0.0,0.0,0.0,0.0,0.0,0.0,0.0,0.0,0.0,0.0,0.0,0.0,0.0,0.0,0.0,0.0
18:14:00,0.0,0.0,0.0,0.0,0.0,0.0,0.0,0.0,0.0,0.0,0.0,0.0,0.0,0.0,0.0,0.0,0.0,0.0,0.0,0.0,0.0,0.0,0.0,0.0,0.0,0.0,0.0,0.0,0.0,0.0,0.0,0.0,0.0,0.0,0.0,0.0,0.0,0.0,0.0,0.0
18:15:00,0.0,0.0,0.0,0.0,0.0,0.0,0.0,0.0,0.0,0.0,0.0,0.0,0.0,0.0,0.0,0.0,0.0,0.0,0.0,0.0,0.0,0.0,0.0,0.0,0.0,0.0,0.0,0.0,0.0,0.0,0.0,0.0,0.0,0.0,0.0,0.0,0.0,0.0,0.0,0.0
18:16:00,0.0,0.0,0.0,0.0,0.0,0.0,0.0,0.0,0.0,0.0,0.0,0.0,0.0,0.0,0.0,0.0,0.0,0.0,0.0,0.0,0.0,0.0,0.0,0.0,0.0,0.0,0.0,0.0,0.0,0.0,0.0,0.0,0.0,0.0,0.0,0.0,0.0,0.0,0.0,0.0
18:17:00,0.0,0.0,0.0,0.0,0.0,0.0,0.0,0.0,0.0,0.0,0.0,0.0,0.0,0.0,0.0,0.0,0.0,0.0,0.0,0.0,0.0,0.0,0.0,0.0,0.0,0.0,0.0,0.0,0.0,0.0,0.0,0.0,0.0,0.0,0.0,0.0,0.0,0.0,0.0,0.0
18:18:00,0.0,0.0,0.0,0.0,0.0,0.0,0.0,0.0,0.0,0.0,0.0,0.0,0.0,0.0,0.0,0.0,0.0,0.0,0.0,0.0,0.0,0.0,0.0,0.0,0.0,0.0,0.0,0.0,0.0,0.0,0.0,0.0,0.0,0.0,0.0,0.0,0.0,0.0,0.0,0.0
18:19:00,0.0,0.0,0.0,0.0,0.0,0.0,0.0,0.0,0.0,0.0,0.0,0.0,0.0,0.0,0.0,0.0,0.0,0.0,0.0,0.0,0.0,0.0,0.0,0.0,0.0,0.0,0.0,0.0,0.0,0.0,0.0,0.0,0.0,0.0,0.0,0.0,0.0,0.0,0.0,0.0
18:20:00,0.0,0.0,0.0,0.0,0.0,0.0,0.0,0.0,0.0,0.0,0.0,0.0,0.0,0.0,0.0,0.0,0.0,0.0,0.0,0.0,0.0,0.0,0.0,0.0,0.0,0.0,0.0,0.0,0.0,0.0,0.0,0.0,0.0,0.0,0.0,0.0,0.0,0.0,0.0,0.0
18:21:00,0.0,0.0,0.0,0.0,0.0,0.0,0.0,0.0,0.0,0.0,0.0,0.0,0.0,0.0,0.0,0.0,0.0,0.0,0.0,0.0,0.0,0.0,0.0,0.0,0.0,0.0,0.0,0.0,0.0,0.0,0.0,0.0,0.0,0.0,0.0,0.0,0.0,0.0,0.0,0.0
18:22:00,0.0,0.0,0.0,0.0,0.0,0.0,0.0,0.0,0.0,0.0,0.0,0.0,0.0,0.0,0.0,0.0,0.0,0.0,0.0,0.0,0.0,0.0,0.0,0.0,0.0,0.0,0.0,0.0,0.0,0.0,0.0,0.0,0.0,0.0,0.0,0.0,0.0,0.0,0.0,0.0
18:23:00,0.0,0.0,0.0,0.0,0.0,0.0,0.0,0.0,0.0,0.0,0.0,0.0,0.0,0.0,0.0,0.0,0.0,0.0,0.0,0.0,0.0,0.0,0.0,0.0,0.0,0.0,0.0,0.0,0.0,0.0,0.0,0.0,0.0,0.0,0.0,0.0,0.0,0.0,0.0,0.0
18:24:00,0.0,0.0,0.0,0.0,0.0,0.0,0.0,0.0,0.0,0.0,0.0,0.0,0.0,0.0,0.0,0.0,0.0,0.0,0.0,0.0,0.0,0.0,0.0,0.0,0.0,0.0,0.0,0.0,0.0,0.0,0.0,0.0,0.0,0.0,0.0,0.0,0.0,0.0,0.0,0.0
18:25:00,0.0,0.0,0.0,0.0,0.0,0.0,0.0,0.0,0.0,0.0,0.0,0.0,0.0,0.0,0.0,0.0,0.0,0.0,0.0,0.0,0.0,0.0,0.0,0.0,0.0,0.0,0.0,0.0,0.0,0.0,0.0,0.0,0.0,0.0,0.0,0.0,0.0,0.0,0.0,0.0
18:26:00,0.0,0.0,0.0,0.0,0.0,0.0,0.0,0.0,0.0,0.0,0.0,0.0,0.0,0.0,0.0,0.0,0.0,0.0,0.0,0.0,0.0,0.0,0.0,0.0,0.0,0.0,0.0,0.0,0.0,0.0,0.0,0.0,0.0,0.0,0.0,0.0,0.0,0.0,0.0,0.0
18:27:00,0.0,0.0,0.0,0.0,0.0,0.0,0.0,0.0,0.0,0.0,0.0,0.0,0.0,0.0,0.0,0.0,0.0,0.0,0.0,0.0,0.0,0.0,0.0,0.0,0.0,0.0,0.0,0.0,0.0,0.0,0.0,0.0,0.0,0.0,0.0,0.0,0.0,0.0,0.0,0.0
18:28:00,0.0,0.0,0.0,0.0,0.0,0.0,0.0,0.0,0.0,0.0,0.0,0.0,0.0,0.0,0.0,0.0,0.0,0.0,0.0,0.0,0.0,0.0,0.0,0.0,0.0,0.0,0.0,0.0,0.0,0.0,0.0,0.0,0.0,0.0,0.0,0.0,0.0,0.0,0.0,0.0
18:29:00,0.0,0.0,0.0,0.0,0.0,0.0,0.0,0.0,0.0,0.0,0.0,0.0,0.0,0.0,0.0,0.0,0.0,0.0,0.0,0.0,0.0,0.0,0.0,0.0,0.0,0.0,0.0,0.0,0.0,0.0,0.0,0.0,0.0,0.0,0.0,0.0,0.0,0.0,0.0,0.0
18:30:00,0.0,0.0,0.0,0.0,0.0,0.0,0.0,0.0,0.0,0.0,0.0,0.0,0.0,0.0,0.0,0.0,0.0,0.0,0.0,0.0,0.0,0.0,0.0,0.0,0.0,0.0,0.0,0.0,0.0,0.0,0.0,0.0,0.0,0.0,0.0,0.0,0.0,0.0,0.0,0.0
18:31:00,0.0,0.0,0.0,0.0,0.0,0.0,0.0,0.0,0.0,0.0,0.0,0.0,0.0,0.0,0.0,0.0,0.0,0.0,0.0,0.0,0.0,0.0,0.0,0.0,0.0,0.0,0.0,0.0,0.0,0.0,0.0,0.0,0.0,0.0,0.0,0.0,0.0,0.0,0.0,0.0
18:32:00,0.0,0.0,0.0,0.0,0.0,0.0,0.0,0.0,0.0,0.0,0.0,0.0,0.0,0.0,0.0,0.0,0.0,0.0,0.0,0.0,0.0,0.0,0.0,0.0,0.0,0.0,0.0,0.0,0.0,0.0,0.0,0.0,0.0,0.0,0.0,0.0,0.0,0.0,0.0,0.0
18:33:00,0.0,0.0,0.0,0.0,0.0,0.0,0.0,0.0,0.0,0.0,0.0,0.0,0.0,0.0,0.0,0.0,0.0,0.0,0.0,0.0,0.0,0.0,0.0,0.0,0.0,0.0,0.0,0.0,0.0,0.0,0.0,0.0,0.0,0.0,0.0,0.0,0.0,0.0,0.0,0.0
18:34:00,0.0,0.0,0.0,0.0,0.0,0.0,0.0,0.0,0.0,0.0,0.0,0.0,0.0,0.0,0.0,0.0,0.0,0.0,0.0,0.0,0.0,0.0,0.0,0.0,0.0,0.0,0.0,0.0,0.0,0.0,0.0,0.0,0.0,0.0,0.0,0.0,0.0,0.0,0.0,0.0
18:35:00,0.0,0.0,0.0,0.0,0.0,0.0,0.0,0.0,0.0,0.0,0.0,0.0,0.0,0.0,0.0,0.0,0.0,0.0,0.0,0.0,0.0,0.0,0.0,0.0,0.0,0.0,0.0,0.0,0.0,0.0,0.0,0.0,0.0,0.0,0.0,0.0,0.0,0.0,0.0,0.0
18:36:00,0.0,0.0,0.0,0.0,0.0,0.0,0.0,0.0,0.0,0.0,0.0,0.0,0.0,0.0,0.0,0.0,0.0,0.0,0.0,0.0,0.0,0.0,0.0,0.0,0.0,0.0,0.0,0.0,0.0,0.0,0.0,0.0,0.0,0.0,0.0,0.0,0.0,0.0,0.0,0.0
18:37:00,0.0,0.0,0.0,0.0,0.0,0.0,0.0,0.0,0.0,0.0,0.0,0.0,0.0,0.0,0.0,0.0,0.0,0.0,0.0,0.0,0.0,0.0,0.0,0.0,0.0,0.0,0.0,0.0,0.0,0.0,0.0,0.0,0.0,0.0,0.0,0.0,0.0,0.0,0.0,0.0
18:38:00,0.0,0.0,0.0,0.0,0.0,0.0,0.0,0.0,0.0,0.0,0.0,0.0,0.0,0.0,0.0,0.0,0.0,0.0,0.0,0.0,0.0,0.0,0.0,0.0,0.0,0.0,0.0,0.0,0.0,0.0,0.0,0.0,0.0,0.0,0.0,0.0,0.0,0.0,0.0,0.0
18:39:00,0.0,0.0,0.0,0.0,0.0,0.0,0.0,0.0,0.0,0.0,0.0,0.0,0.0,0.0,0.0,0.0,0.0,0.0,0.0,0.0,0.0,0.0,0.0,0.0,0.0,0.0,0.0,0.0,0.0,0.0,0.0,0.0,0.0,0.0,0.0,0.0,0.0,0.0,0.0,0.0
18:40:00,0.0,0.0,0.0,0.0,0.0,0.0,0.0,0.0,0.0,0.0,0.0,0.0,0.0,0.0,0.0,0.0,0.0,0.0,0.0,0.0,0.0,0.0,0.0,0.0,0.0,0.0,0.0,0.0,0.0,0.0,0.0,0.0,0.0,0.0,0.0,0.0,0.0,0.0,0.0,0.0
18:41:00,0.0,0.0,0.0,0.0,0.0,0.0,0.0,0.0,0.0,0.0,0.0,0.0,0.0,0.0,0.0,0.0,0.0,0.0,0.0,0.0,0.0,0.0,0.0,0.0,0.0,0.0,0.0,0.0,0.0,0.0,0.0,0.0,0.0,0.0,0.0,0.0,0.0,0.0,0.0,0.0
18:42:00,0.0,0.0,0.0,0.0,0.0,0.0,0.0,0.0,0.0,0.0,0.0,0.0,0.0,0.0,0.0,0.0,0.0,0.0,0.0,0.0,0.0,0.0,0.0,0.0,0.0,0.0,0.0,0.0,0.0,0.0,0.0,0.0,0.0,0.0,0.0,0.0,0.0,0.0,0.0,0.0
18:43:00,0.0,0.0,0.0,0.0,0.0,0.0,0.0,0.0,0.0,0.0,0.0,0.0,0.0,0.0,0.0,0.0,0.0,0.0,0.0,0.0,0.0,0.0,0.0,0.0,0.0,0.0,0.0,0.0,0.0,0.0,0.0,0.0,0.0,0.0,0.0,0.0,0.0,0.0,0.0,0.0
18:44:00,0.0,0.0,0.0,0.0,0.0,0.0,0.0,0.0,0.0,0.0,0.0,0.0,0.0,0.0,0.0,0.0,0.0,0.0,0.0,0.0,0.0,0.0,0.0,0.0,0.0,0.0,0.0,0.0,0.0,0.0,0.0,0.0,0.0,0.0,0.0,0.0,0.0,0.0,0.0,0.0
18:45:00,0.0,0.0,0.0,0.0,0.0,0.0,0.0,0.0,0.0,0.0,0.0,0.0,0.0,0.0,0.0,0.0,0.0,0.0,0.0,0.0,0.0,0.0,0.0,0.0,0.0,0.0,0.0,0.0,0.0,0.0,0.0,0.0,0.0,0.0,0.0,0.0,0.0,0.0,0.0,0.0
18:46:00,0.0,0.0,0.0,0.0,0.0,0.0,0.0,0.0,0.0,0.0,0.0,0.0,0.0,0.0,0.0,0.0,0.0,0.0,0.0,0.0,0.0,0.0,0.0,0.0,0.0,0.0,0.0,0.0,0.0,0.0,0.0,0.0,0.0,0.0,0.0,0.0,0.0,0.0,0.0,0.0
18:47:00,0.0,0.0,0.0,0.0,0.0,0.0,0.0,0.0,0.0,0.0,0.0,0.0,0.0,0.0,0.0,0.0,0.0,0.0,0.0,0.0,0.0,0.0,0.0,0.0,0.0,0.0,0.0,0.0,0.0,0.0,0.0,0.0,0.0,0.0,0.0,0.0,0.0,0.0,0.0,0.0
18:48:00,0.0,0.0,0.0,0.0,0.0,0.0,0.0,0.0,0.0,0.0,0.0,0.0,0.0,0.0,0.0,0.0,0.0,0.0,0.0,0.0,0.0,0.0,0.0,0.0,0.0,0.0,0.0,0.0,0.0,0.0,0.0,0.0,0.0,0.0,0.0,0.0,0.0,0.0,0.0,0.0
18:49:00,0.0,0.0,0.0,0.0,0.0,0.0,0.0,0.0,0.0,0.0,0.0,0.0,0.0,0.0,0.0,0.0,0.0,0.0,0.0,0.0,0.0,0.0,0.0,0.0,0.0,0.0,0.0,0.0,0.0,0.0,0.0,0.0,0.0,0.0,0.0,0.0,0.0,0.0,0.0,0.0
18:50:00,0.0,0.0,0.0,0.0,0.0,0.0,0.0,0.0,0.0,0.0,0.0,0.0,0.0,0.0,0.0,0.0,0.0,0.0,0.0,0.0,0.0,0.0,0.0,0.0,0.0,0.0,0.0,0.0,0.0,0.0,0.0,0.0,0.0,0.0,0.0,0.0,0.0,0.0,0.0,0.0
18:51:00,0.0,0.0,0.0,0.0,0.0,0.0,0.0,0.0,0.0,0.0,0.0,0.0,0.0,0.0,0.0,0.0,0.0,0.0,0.0,0.0,0.0,0.0,0.0,0.0,0.0,0.0,0.0,0.0,0.0,0.0,0.0,0.0,0.0,0.0,0.0,0.0,0.0,0.0,0.0,0.0
18:52:00,0.0,0.0,0.0,0.0,0.0,0.0,0.0,0.0,0.0,0.0,0.0,0.0,0.0,0.0,0.0,0.0,0.0,0.0,0.0,0.0,0.0,0.0,0.0,0.0,0.0,0.0,0.0,0.0,0.0,0.0,0.0,0.0,0.0,0.0,0.0,0.0,0.0,0.0,0.0,0.0
18:53:00,0.0,0.0,0.0,0.0,0.0,0.0,0.0,0.0,0.0,0.0,0.0,0.0,0.0,0.0,0.0,0.0,0.0,0.0,0.0,0.0,0.0,0.0,0.0,0.0,0.0,0.0,0.0,0.0,0.0,0.0,0.0,0.0,0.0,0.0,0.0,0.0,0.0,0.0,0.0,0.0
18:54:00,0.0,0.0,0.0,0.0,0.0,0.0,0.0,0.0,0.0,0.0,0.0,0.0,0.0,0.0,0.0,0.0,0.0,0.0,0.0,0.0,0.0,0.0,0.0,0.0,0.0,0.0,0.0,0.0,0.0,0.0,0.0,0.0,0.0,0.0,0.0,0.0,0.0,0.0,0.0,0.0
18:55:00,0.0,0.0,0.0,0.0,0.0,0.0,0.0,0.0,0.0,0.0,0.0,0.0,0.0,0.0,0.0,0.0,0.0,0.0,0.0,0.0,0.0,0.0,0.0,0.0,0.0,0.0,0.0,0.0,0.0,0.0,0.0,0.0,0.0,0.0,0.0,0.0,0.0,0.0,0.0,0.0
18:56:00,0.0,0.0,0.0,0.0,0.0,0.0,0.0,0.0,0.0,0.0,0.0,0.0,0.0,0.0,0.0,0.0,0.0,0.0,0.0,0.0,0.0,0.0,0.0,0.0,0.0,0.0,0.0,0.0,0.0,0.0,0.0,0.0,0.0,0.0,0.0,0.0,0.0,0.0,0.0,0.0
18:57:00,0.0,0.0,0.0,0.0,0.0,0.0,0.0,0.0,0.0,0.0,0.0,0.0,0.0,0.0,0.0,0.0,0.0,0.0,0.0,0.0,0.0,0.0,0.0,0.0,0.0,0.0,0.0,0.0,0.0,0.0,0.0,0.0,0.0,0.0,0.0,0.0,0.0,0.0,0.0,0.0
18:58:00,0.0,0.0,0.0,0.0,0.0,0.0,0.0,0.0,0.0,0.0,0.0,0.0,0.0,0.0,0.0,0.0,0.0,0.0,0.0,0.0,0.0,0.0,0.0,0.0,0.0,0.0,0.0,0.0,0.0,0.0,0.0,0.0,0.0,0.0,0.0,0.0,0.0,0.0,0.0,0.0
18:59:00,0.0,0.0,0.0,0.0,0.0,0.0,0.0,0.0,0.0,0.0,0.0,0.0,0.0,0.0,0.0,0.0,0.0,0.0,0.0,0.0,0.0,0.0,0.0,0.0,0.0,0.0,0.0,0.0,0.0,0.0,0.0,0.0,0.0,0.0,0.0,0.0,0.0,0.0,0.0,0.0
19:00:00,0.0,0.0,0.0,0.0,0.0,0.0,0.0,0.0,0.0,0.0,0.0,0.0,0.0,0.0,0.0,0.0,0.0,0.0,0.0,0.0,0.0,0.0,0.0,0.0,0.0,0.0,0.0,0.0,0.0,0.0,0.0,0.0,0.0,0.0,0.0,0.0,0.0,0.0,0.0,0.0
19:01:00,0.0,0.0,0.0,0.0,0.0,0.0,0.0,0.0,0.0,0.0,0.0,0.0,0.0,0.0,0.0,0.0,0.0,0.0,0.0,0.0,0.0,0.0,0.0,0.0,0.0,0.0,0.0,0.0,0.0,0.0,0.0,0.0,0.0,0.0,0.0,0.0,0.0,0.0,0.0,0.0
19:02:00,0.0,0.0,0.0,0.0,0.0,0.0,0.0,0.0,0.0,0.0,0.0,0.0,0.0,0.0,0.0,0.0,0.0,0.0,0.0,0.0,0.0,0.0,0.0,0.0,0.0,0.0,0.0,0.0,0.0,0.0,0.0,0.0,0.0,0.0,0.0,0.0,0.0,0.0,0.0,0.0
19:03:00,0.0,0.0,0.0,0.0,0.0,0.0,0.0,0.0,0.0,0.0,0.0,0.0,0.0,0.0,0.0,0.0,0.0,0.0,0.0,0.0,0.0,0.0,0.0,0.0,0.0,0.0,0.0,0.0,0.0,0.0,0.0,0.0,0.0,0.0,0.0,0.0,0.0,0.0,0.0,0.0
19:04:00,0.0,0.0,0.0,0.0,0.0,0.0,0.0,0.0,0.0,0.0,0.0,0.0,0.0,0.0,0.0,0.0,0.0,0.0,0.0,0.0,0.0,0.0,0.0,0.0,0.0,0.0,0.0,0.0,0.0,0.0,0.0,0.0,0.0,0.0,0.0,0.0,0.0,0.0,0.0,0.0
19:05:00,0.0,0.0,0.0,0.0,0.0,0.0,0.0,0.0,0.0,0.0,0.0,0.0,0.0,0.0,0.0,0.0,0.0,0.0,0.0,0.0,0.0,0.0,0.0,0.0,0.0,0.0,0.0,0.0,0.0,0.0,0.0,0.0,0.0,0.0,0.0,0.0,0.0,0.0,0.0,0.0
19:06:00,0.0,0.0,0.0,0.0,0.0,0.0,0.0,0.0,0.0,0.0,0.0,0.0,0.0,0.0,0.0,0.0,0.0,0.0,0.0,0.0,0.0,0.0,0.0,0.0,0.0,0.0,0.0,0.0,0.0,0.0,0.0,0.0,0.0,0.0,0.0,0.0,0.0,0.0,0.0,0.0
19:07:00,0.0,0.0,0.0,0.0,0.0,0.0,0.0,0.0,0.0,0.0,0.0,0.0,0.0,0.0,0.0,0.0,0.0,0.0,0.0,0.0,0.0,0.0,0.0,0.0,0.0,0.0,0.0,0.0,0.0,0.0,0.0,0.0,0.0,0.0,0.0,0.0,0.0,0.0,0.0,0.0
19:08:00,0.0,0.0,0.0,0.0,0.0,0.0,0.0,0.0,0.0,0.0,0.0,0.0,0.0,0.0,0.0,0.0,0.0,0.0,0.0,0.0,0.0,0.0,0.0,0.0,0.0,0.0,0.0,0.0,0.0,0.0,0.0,0.0,0.0,0.0,0.0,0.0,0.0,0.0,0.0,0.0
19:09:00,0.0,0.0,0.0,0.0,0.0,0.0,0.0,0.0,0.0,0.0,0.0,0.0,0.0,0.0,0.0,0.0,0.0,0.0,0.0,0.0,0.0,0.0,0.0,0.0,0.0,0.0,0.0,0.0,0.0,0.0,0.0,0.0,0.0,0.0,0.0,0.0,0.0,0.0,0.0,0.0
19:10:00,0.0,0.0,0.0,0.0,0.0,0.0,0.0,0.0,0.0,0.0,0.0,0.0,0.0,0.0,0.0,0.0,0.0,0.0,0.0,0.0,0.0,0.0,0.0,0.0,0.0,0.0,0.0,0.0,0.0,0.0,0.0,0.0,0.0,0.0,0.0,0.0,0.0,0.0,0.0,0.0
19:11:00,0.0,0.0,0.0,0.0,0.0,0.0,0.0,0.0,0.0,0.0,0.0,0.0,0.0,0.0,0.0,0.0,0.0,0.0,0.0,0.0,0.0,0.0,0.0,0.0,0.0,0.0,0.0,0.0,0.0,0.0,0.0,0.0,0.0,0.0,0.0,0.0,0.0,0.0,0.0,0.0
19:12:00,0.0,0.0,0.0,0.0,0.0,0.0,0.0,0.0,0.0,0.0,0.0,0.0,0.0,0.0,0.0,0.0,0.0,0.0,0.0,0.0,0.0,0.0,0.0,0.0,0.0,0.0,0.0,0.0,0.0,0.0,0.0,0.0,0.0,0.0,0.0,0.0,0.0,0.0,0.0,0.0
19:13:00,0.0,0.0,0.0,0.0,0.0,0.0,0.0,0.0,0.0,0.0,0.0,0.0,0.0,0.0,0.0,0.0,0.0,0.0,0.0,0.0,0.0,0.0,0.0,0.0,0.0,0.0,0.0,0.0,0.0,0.0,0.0,0.0,0.0,0.0,0.0,0.0,0.0,0.0,0.0,0.0
19:14:00,0.0,0.0,0.0,0.0,0.0,0.0,0.0,0.0,0.0,0.0,0.0,0.0,0.0,0.0,0.0,0.0,0.0,0.0,0.0,0.0,0.0,0.0,0.0,0.0,0.0,0.0,0.0,0.0,0.0,0.0,0.0,0.0,0.0,0.0,0.0,0.0,0.0,0.0,0.0,0.0
19:15:00,0.0,0.0,0.0,0.0,0.0,0.0,0.0,0.0,0.0,0.0,0.0,0.0,0.0,0.0,0.0,0.0,0.0,0.0,0.0,0.0,0.0,0.0,0.0,0.0,0.0,0.0,0.0,0.0,0.0,0.0,0.0,0.0,0.0,0.0,0.0,0.0,0.0,0.0,0.0,0.0
19:16:00,0.0,0.0,0.0,0.0,0.0,0.0,0.0,0.0,0.0,0.0,0.0,0.0,0.0,0.0,0.0,0.0,0.0,0.0,0.0,0.0,0.0,0.0,0.0,0.0,0.0,0.0,0.0,0.0,0.0,0.0,0.0,0.0,0.0,0.0,0.0,0.0,0.0,0.0,0.0,0.0
19:17:00,0.0,0.0,0.0,0.0,0.0,0.0,0.0,0.0,0.0,0.0,0.0,0.0,0.0,0.0,0.0,0.0,0.0,0.0,0.0,0.0,0.0,0.0,0.0,0.0,0.0,0.0,0.0,0.0,0.0,0.0,0.0,0.0,0.0,0.0,0.0,0.0,0.0,0.0,0.0,0.0
19:18:00,0.0,0.0,0.0,0.0,0.0,0.0,0.0,0.0,0.0,0.0,0.0,0.0,0.0,0.0,0.0,0.0,0.0,0.0,0.0,0.0,0.0,0.0,0.0,0.0,0.0,0.0,0.0,0.0,0.0,0.0,0.0,0.0,0.0,0.0,0.0,0.0,0.0,0.0,0.0,0.0
19:19:00,0.0,0.0,0.0,0.0,0.0,0.0,0.0,0.0,0.0,0.0,0.0,0.0,0.0,0.0,0.0,0.0,0.0,0.0,0.0,0.0,0.0,0.0,0.0,0.0,0.0,0.0,0.0,0.0,0.0,0.0,0.0,0.0,0.0,0.0,0.0,0.0,0.0,0.0,0.0,0.0
19:20:00,0.0,0.0,0.0,0.0,0.0,0.0,0.0,0.0,0.0,0.0,0.0,0.0,0.0,0.0,0.0,0.0,0.0,0.0,0.0,0.0,0.0,0.0,0.0,0.0,0.0,0.0,0.0,0.0,0.0,0.0,0.0,0.0,0.0,0.0,0.0,0.0,0.0,0.0,0.0,0.0
19:21:00,0.0,0.0,0.0,0.0,0.0,0.0,0.0,0.0,0.0,0.0,0.0,0.0,0.0,0.0,0.0,0.0,0.0,0.0,0.0,0.0,0.0,0.0,0.0,0.0,0.0,0.0,0.0,0.0,0.0,0.0,0.0,0.0,0.0,0.0,0.0,0.0,0.0,0.0,0.0,0.0
19:22:00,0.0,0.0,0.0,0.0,0.0,0.0,0.0,0.0,0.0,0.0,0.0,0.0,0.0,0.0,0.0,0.0,0.0,0.0,0.0,0.0,0.0,0.0,0.0,0.0,0.0,0.0,0.0,0.0,0.0,0.0,0.0,0.0,0.0,0.0,0.0,0.0,0.0,0.0,0.0,0.0
19:23:00,0.0,0.0,0.0,0.0,0.0,0.0,0.0,0.0,0.0,0.0,0.0,0.0,0.0,0.0,0.0,0.0,0.0,0.0,0.0,0.0,0.0,0.0,0.0,0.0,0.0,0.0,0.0,0.0,0.0,0.0,0.0,0.0,0.0,0.0,0.0,0.0,0.0,0.0,0.0,0.0
19:24:00,0.0,0.0,0.0,0.0,0.0,0.0,0.0,0.0,0.0,0.0,0.0,0.0,0.0,0.0,0.0,0.0,0.0,0.0,0.0,0.0,0.0,0.0,0.0,0.0,0.0,0.0,0.0,0.0,0.0,0.0,0.0,0.0,0.0,0.0,0.0,0.0,0.0,0.0,0.0,0.0
19:25:00,0.0,0.0,0.0,0.0,0.0,0.0,0.0,0.0,0.0,0.0,0.0,0.0,0.0,0.0,0.0,0.0,0.0,0.0,0.0,0.0,0.0,0.0,0.0,0.0,0.0,0.0,0.0,0.0,0.0,0.0,0.0,0.0,0.0,0.0,0.0,0.0,0.0,0.0,0.0,0.0
19:26:00,0.0,0.0,0.0,0.0,0.0,0.0,0.0,0.0,0.0,0.0,0.0,0.0,0.0,0.0,0.0,0.0,0.0,0.0,0.0,0.0,0.0,0.0,0.0,0.0,0.0,0.0,0.0,0.0,0.0,0.0,0.0,0.0,0.0,0.0,0.0,0.0,0.0,0.0,0.0,0.0
19:27:00,0.0,0.0,0.0,0.0,0.0,0.0,0.0,0.0,0.0,0.0,0.0,0.0,0.0,0.0,0.0,0.0,0.0,0.0,0.0,0.0,0.0,0.0,0.0,0.0,0.0,0.0,0.0,0.0,0.0,0.0,0.0,0.0,0.0,0.0,0.0,0.0,0.0,0.0,0.0,0.0
19:28:00,0.0,0.0,0.0,0.0,0.0,0.0,0.0,0.0,0.0,0.0,0.0,0.0,0.0,0.0,0.0,0.0,0.0,0.0,0.0,0.0,0.0,0.0,0.0,0.0,0.0,0.0,0.0,0.0,0.0,0.0,0.0,0.0,0.0,0.0,0.0,0.0,0.0,0.0,0.0,0.0
19:29:00,0.0,0.0,0.0,0.0,0.0,0.0,0.0,0.0,0.0,0.0,0.0,0.0,0.0,0.0,0.0,0.0,0.0,0.0,0.0,0.0,0.0,0.0,0.0,0.0,0.0,0.0,0.0,0.0,0.0,0.0,0.0,0.0,0.0,0.0,0.0,0.0,0.0,0.0,0.0,0.0
19:30:00,0.0,0.0,0.0,0.0,0.0,0.0,0.0,0.0,0.0,0.0,0.0,0.0,0.0,0.0,0.0,0.0,0.0,0.0,0.0,0.0,0.0,0.0,0.0,0.0,0.0,0.0,0.0,0.0,0.0,0.0,0.0,0.0,0.0,0.0,0.0,0.0,0.0,0.0,0.0,0.0
19:31:00,0.0,0.0,0.0,0.0,0.0,0.0,0.0,0.0,0.0,0.0,0.0,0.0,0.0,0.0,0.0,0.0,0.0,0.0,0.0,0.0,0.0,0.0,0.0,0.0,0.0,0.0,0.0,0.0,0.0,0.0,0.0,0.0,0.0,0.0,0.0,0.0,0.0,0.0,0.0,0.0
19:32:00,0.0,0.0,0.0,0.0,0.0,0.0,0.0,0.0,0.0,0.0,0.0,0.0,0.0,0.0,0.0,0.0,0.0,0.0,0.0,0.0,0.0,0.0,0.0,0.0,0.0,0.0,0.0,0.0,0.0,0.0,0.0,0.0,0.0,0.0,0.0,0.0,0.0,0.0,0.0,0.0
19:33:00,0.0,0.0,0.0,0.0,0.0,0.0,0.0,0.0,0.0,0.0,0.0,0.0,0.0,0.0,0.0,0.0,0.0,0.0,0.0,0.0,0.0,0.0,0.0,0.0,0.0,0.0,0.0,0.0,0.0,0.0,0.0,0.0,0.0,0.0,0.0,0.0,0.0,0.0,0.0,0.0
19:34:00,0.0,0.0,0.0,0.0,0.0,0.0,0.0,0.0,0.0,0.0,0.0,0.0,0.0,0.0,0.0,0.0,0.0,0.0,0.0,0.0,0.0,0.0,0.0,0.0,0.0,0.0,0.0,0.0,0.0,0.0,0.0,0.0,0.0,0.0,0.0,0.0,0.0,0.0,0.0,0.0
19:35:00,0.0,0.0,0.0,0.0,0.0,0.0,0.0,0.0,0.0,0.0,0.0,0.0,0.0,0.0,0.0,0.0,0.0,0.0,0.0,0.0,0.0,0.0,0.0,0.0,0.0,0.0,0.0,0.0,0.0,0.0,0.0,0.0,0.0,0.0,0.0,0.0,0.0,0.0,0.0,0.0
19:36:00,0.0,0.0,0.0,0.0,0.0,0.0,0.0,0.0,0.0,0.0,0.0,0.0,0.0,0.0,0.0,0.0,0.0,0.0,0.0,0.0,0.0,0.0,0.0,0.0,0.0,0.0,0.0,0.0,0.0,0.0,0.0,0.0,0.0,0.0,0.0,0.0,0.0,0.0,0.0,0.0
19:37:00,0.0,0.0,0.0,0.0,0.0,0.0,0.0,0.0,0.0,0.0,0.0,0.0,0.0,0.0,0.0,0.0,0.0,0.0,0.0,0.0,0.0,0.0,0.0,0.0,0.0,0.0,0.0,0.0,0.0,0.0,0.0,0.0,0.0,0.0,0.0,0.0,0.0,0.0,0.0,0.0
19:38:00,0.0,0.0,0.0,0.0,0.0,0.0,0.0,0.0,0.0,0.0,0.0,0.0,0.0,0.0,0.0,0.0,0.0,0.0,0.0,0.0,0.0,0.0,0.0,0.0,0.0,0.0,0.0,0.0,0.0,0.0,0.0,0.0,0.0,0.0,0.0,0.0,0.0,0.0,0.0,0.0
19:39:00,0.0,0.0,0.0,0.0,0.0,0.0,0.0,0.0,0.0,0.0,0.0,0.0,0.0,0.0,0.0,0.0,0.0,0.0,0.0,0.0,0.0,0.0,0.0,0.0,0.0,0.0,0.0,0.0,0.0,0.0,0.0,0.0,0.0,0.0,0.0,0.0,0.0,0.0,0.0,0.0
19:40:00,0.0,0.0,0.0,0.0,0.0,0.0,0.0,0.0,0.0,0.0,0.0,0.0,0.0,0.0,0.0,0.0,0.0,0.0,0.0,0.0,0.0,0.0,0.0,0.0,0.0,0.0,0.0,0.0,0.0,0.0,0.0,0.0,0.0,0.0,0.0,0.0,0.0,0.0,0.0,0.0
19:41:00,0.0,0.0,0.0,0.0,0.0,0.0,0.0,0.0,0.0,0.0,0.0,0.0,0.0,0.0,0.0,0.0,0.0,0.0,0.0,0.0,0.0,0.0,0.0,0.0,0.0,0.0,0.0,0.0,0.0,0.0,0.0,0.0,0.0,0.0,0.0,0.0,0.0,0.0,0.0,0.0
19:42:00,0.0,0.0,0.0,0.0,0.0,0.0,0.0,0.0,0.0,0.0,0.0,0.0,0.0,0.0,0.0,0.0,0.0,0.0,0.0,0.0,0.0,0.0,0.0,0.0,0.0,0.0,0.0,0.0,0.0,0.0,0.0,0.0,0.0,0.0,0.0,0.0,0.0,0.0,0.0,0.0
19:43:00,0.0,0.0,0.0,0.0,0.0,0.0,0.0,0.0,0.0,0.0,0.0,0.0,0.0,0.0,0.0,0.0,0.0,0.0,0.0,0.0,0.0,0.0,0.0,0.0,0.0,0.0,0.0,0.0,0.0,0.0,0.0,0.0,0.0,0.0,0.0,0.0,0.0,0.0,0.0,0.0
19:44:00,0.0,0.0,0.0,0.0,0.0,0.0,0.0,0.0,0.0,0.0,0.0,0.0,0.0,0.0,0.0,0.0,0.0,0.0,0.0,0.0,0.0,0.0,0.0,0.0,0.0,0.0,0.0,0.0,0.0,0.0,0.0,0.0,0.0,0.0,0.0,0.0,0.0,0.0,0.0,0.0
19:45:00,0.0,0.0,0.0,0.0,0.0,0.0,0.0,0.0,0.0,0.0,0.0,0.0,0.0,0.0,0.0,0.0,0.0,0.0,0.0,0.0,0.0,0.0,0.0,0.0,0.0,0.0,0.0,0.0,0.0,0.0,0.0,0.0,0.0,0.0,0.0,0.0,0.0,0.0,0.0,0.0
19:46:00,0.0,0.0,0.0,0.0,0.0,0.0,0.0,0.0,0.0,0.0,0.0,0.0,0.0,0.0,0.0,0.0,0.0,0.0,0.0,0.0,0.0,0.0,0.0,0.0,0.0,0.0,0.0,0.0,0.0,0.0,0.0,0.0,0.0,0.0,0.0,0.0,0.0,0.0,0.0,0.0
19:47:00,0.0,0.0,0.0,0.0,0.0,0.0,0.0,0.0,0.0,0.0,0.0,0.0,0.0,0.0,0.0,0.0,0.0,0.0,0.0,0.0,0.0,0.0,0.0,0.0,0.0,0.0,0.0,0.0,0.0,0.0,0.0,0.0,0.0,0.0,0.0,0.0,0.0,0.0,0.0,0.0
19:48:00,0.0,0.0,0.0,0.0,0.0,0.0,0.0,0.0,0.0,0.0,0.0,0.0,0.0,0.0,0.0,0.0,0.0,0.0,0.0,0.0,0.0,0.0,0.0,0.0,0.0,0.0,0.0,0.0,0.0,0.0,0.0,0.0,0.0,0.0,0.0,0.0,0.0,0.0,0.0,0.0
19:49:00,0.0,0.0,0.0,0.0,0.0,0.0,0.0,0.0,0.0,0.0,0.0,0.0,0.0,0.0,0.0,0.0,0.0,0.0,0.0,0.0,0.0,0.0,0.0,0.0,0.0,0.0,0.0,0.0,0.0,0.0,0.0,0.0,0.0,0.0,0.0,0.0,0.0,0.0,0.0,0.0
19:50:00,0.0,0.0,0.0,0.0,0.0,0.0,0.0,0.0,0.0,0.0,0.0,0.0,0.0,0.0,0.0,0.0,0.0,0.0,0.0,0.0,0.0,0.0,0.0,0.0,0.0,0.0,0.0,0.0,0.0,0.0,0.0,0.0,0.0,0.0,0.0,0.0,0.0,0.0,0.0,0.0
19:51:00,0.0,0.0,0.0,0.0,0.0,0.0,0.0,0.0,0.0,0.0,0.0,0.0,0.0,0.0,0.0,0.0,0.0,0.0,0.0,0.0,0.0,0.0,0.0,0.0,0.0,0.0,0.0,0.0,0.0,0.0,0.0,0.0,0.0,0.0,0.0,0.0,0.0,0.0,0.0,0.0
19:52:00,0.0,0.0,0.0,0.0,0.0,0.0,0.0,0.0,0.0,0.0,0.0,0.0,0.0,0.0,0.0,0.0,0.0,0.0,0.0,0.0,0.0,0.0,0.0,0.0,0.0,0.0,0.0,0.0,0.0,0.0,0.0,0.0,0.0,0.0,0.0,0.0,0.0,0.0,0.0,0.0
19:53:00,0.0,0.0,0.0,0.0,0.0,0.0,0.0,0.0,0.0,0.0,0.0,0.0,0.0,0.0,0.0,0.0,0.0,0.0,0.0,0.0,0.0,0.0,0.0,0.0,0.0,0.0,0.0,0.0,0.0,0.0,0.0,0.0,0.0,0.0,0.0,0.0,0.0,0.0,0.0,0.0
19:54:00,0.0,0.0,0.0,0.0,0.0,0.0,0.0,0.0,0.0,0.0,0.0,0.0,0.0,0.0,0.0,0.0,0.0,0.0,0.0,0.0,0.0,0.0,0.0,0.0,0.0,0.0,0.0,0.0,0.0,0.0,0.0,0.0,0.0,0.0,0.0,0.0,0.0,0.0,0.0,0.0
19:55:00,0.0,0.0,0.0,0.0,0.0,0.0,0.0,0.0,0.0,0.0,0.0,0.0,0.0,0.0,0.0,0.0,0.0,0.0,0.0,0.0,0.0,0.0,0.0,0.0,0.0,0.0,0.0,0.0,0.0,0.0,0.0,0.0,0.0,0.0,0.0,0.0,0.0,0.0,0.0,0.0
19:56:00,0.0,0.0,0.0,0.0,0.0,0.0,0.0,0.0,0.0,0.0,0.0,0.0,0.0,0.0,0.0,0.0,0.0,0.0,0.0,0.0,0.0,0.0,0.0,0.0,0.0,0.0,0.0,0.0,0.0,0.0,0.0,0.0,0.0,0.0,0.0,0.0,0.0,0.0,0.0,0.0
19:57:00,0.0,0.0,0.0,0.0,0.0,0.0,0.0,0.0,0.0,0.0,0.0,0.0,0.0,0.0,0.0,0.0,0.0,0.0,0.0,0.0,0.0,0.0,0.0,0.0,0.0,0.0,0.0,0.0,0.0,0.0,0.0,0.0,0.0,0.0,0.0,0.0,0.0,0.0,0.0,0.0
19:58:00,0.0,0.0,0.0,0.0,0.0,0.0,0.0,0.0,0.0,0.0,0.0,0.0,0.0,0.0,0.0,0.0,0.0,0.0,0.0,0.0,0.0,0.0,0.0,0.0,0.0,0.0,0.0,0.0,0.0,0.0,0.0,0.0,0.0,0.0,0.0,0.0,0.0,0.0,0.0,0.0
19:59:00,0.0,0.0,0.0,0.0,0.0,0.0,0.0,0.0,0.0,0.0,0.0,0.0,0.0,0.0,0.0,0.0,0.0,0.0,0.0,0.0,0.0,0.0,0.0,0.0,0.0,0.0,0.0,0.0,0.0,0.0,0.0,0.0,0.0,0.0,0.0,0.0,0.0,0.0,0.0,0.0
20:00:00,0.0,0.0,0.0,0.0,0.0,0.0,0.0,0.0,0.0,0.0,0.0,0.0,0.0,0.0,0.0,0.0,0.0,0.0,0.0,0.0,0.0,0.0,0.0,0.0,0.0,0.0,0.0,0.0,0.0,0.0,0.0,0.0,0.0,0.0,0.0,0.0,0.0,0.0,0.0,0.0
20:01:00,0.0,0.0,0.0,0.0,0.0,0.0,0.0,0.0,0.0,0.0,0.0,0.0,0.0,0.0,0.0,0.0,0.0,0.0,0.0,0.0,0.0,0.0,0.0,0.0,0.0,0.0,0.0,0.0,0.0,0.0,0.0,0.0,0.0,0.0,0.0,0.0,0.0,0.0,0.0,0.0
20:02:00,0.0,0.0,0.0,0.0,0.0,0.0,0.0,0.0,0.0,0.0,0.0,0.0,0.0,0.0,0.0,0.0,0.0,0.0,0.0,0.0,0.0,0.0,0.0,0.0,0.0,0.0,0.0,0.0,0.0,0.0,0.0,0.0,0.0,0.0,0.0,0.0,0.0,0.0,0.0,0.0
20:03:00,0.0,0.0,0.0,0.0,0.0,0.0,0.0,0.0,0.0,0.0,0.0,0.0,0.0,0.0,0.0,0.0,0.0,0.0,0.0,0.0,0.0,0.0,0.0,0.0,0.0,0.0,0.0,0.0,0.0,0.0,0.0,0.0,0.0,0.0,0.0,0.0,0.0,0.0,0.0,0.0
20:04:00,0.0,0.0,0.0,0.0,0.0,0.0,0.0,0.0,0.0,0.0,0.0,0.0,0.0,0.0,0.0,0.0,0.0,0.0,0.0,0.0,0.0,0.0,0.0,0.0,0.0,0.0,0.0,0.0,0.0,0.0,0.0,0.0,0.0,0.0,0.0,0.0,0.0,0.0,0.0,0.0
20:05:00,0.0,0.0,0.0,0.0,0.0,0.0,0.0,0.0,0.0,0.0,0.0,0.0,0.0,0.0,0.0,0.0,0.0,0.0,0.0,0.0,0.0,0.0,0.0,0.0,0.0,0.0,0.0,0.0,0.0,0.0,0.0,0.0,0.0,0.0,0.0,0.0,0.0,0.0,0.0,0.0
20:06:00,0.0,0.0,0.0,0.0,0.0,0.0,0.0,0.0,0.0,0.0,0.0,0.0,0.0,0.0,0.0,0.0,0.0,0.0,0.0,0.0,0.0,0.0,0.0,0.0,0.0,0.0,0.0,0.0,0.0,0.0,0.0,0.0,0.0,0.0,0.0,0.0,0.0,0.0,0.0,0.0
20:07:00,0.0,0.0,0.0,0.0,0.0,0.0,0.0,0.0,0.0,0.0,0.0,0.0,0.0,0.0,0.0,0.0,0.0,0.0,0.0,0.0,0.0,0.0,0.0,0.0,0.0,0.0,0.0,0.0,0.0,0.0,0.0,0.0,0.0,0.0,0.0,0.0,0.0,0.0,0.0,0.0
20:08:00,0.0,0.0,0.0,0.0,0.0,0.0,0.0,0.0,0.0,0.0,0.0,0.0,0.0,0.0,0.0,0.0,0.0,0.0,0.0,0.0,0.0,0.0,0.0,0.0,0.0,0.0,0.0,0.0,0.0,0.0,0.0,0.0,0.0,0.0,0.0,0.0,0.0,0.0,0.0,0.0
20:09:00,0.0,0.0,0.0,0.0,0.0,0.0,0.0,0.0,0.0,0.0,0.0,0.0,0.0,0.0,0.0,0.0,0.0,0.0,0.0,0.0,0.0,0.0,0.0,0.0,0.0,0.0,0.0,0.0,0.0,0.0,0.0,0.0,0.0,0.0,0.0,0.0,0.0,0.0,0.0,0.0
20:10:00,0.0,0.0,0.0,0.0,0.0,0.0,0.0,0.0,0.0,0.0,0.0,0.0,0.0,0.0,0.0,0.0,0.0,0.0,0.0,0.0,0.0,0.0,0.0,0.0,0.0,0.0,0.0,0.0,0.0,0.0,0.0,0.0,0.0,0.0,0.0,0.0,0.0,0.0,0.0,0.0
20:11:00,0.0,0.0,0.0,0.0,0.0,0.0,0.0,0.0,0.0,0.0,0.0,0.0,0.0,0.0,0.0,0.0,0.0,0.0,0.0,0.0,0.0,0.0,0.0,0.0,0.0,0.0,0.0,0.0,0.0,0.0,0.0,0.0,0.0,0.0,0.0,0.0,0.0,0.0,0.0,0.0
20:12:00,0.0,0.0,0.0,0.0,0.0,0.0,0.0,0.0,0.0,0.0,0.0,0.0,0.0,0.0,0.0,0.0,0.0,0.0,0.0,0.0,0.0,0.0,0.0,0.0,0.0,0.0,0.0,0.0,0.0,0.0,0.0,0.0,0.0,0.0,0.0,0.0,0.0,0.0,0.0,0.0
20:13:00,0.0,0.0,0.0,0.0,0.0,0.0,0.0,0.0,0.0,0.0,0.0,0.0,0.0,0.0,0.0,0.0,0.0,0.0,0.0,0.0,0.0,0.0,0.0,0.0,0.0,0.0,0.0,0.0,0.0,0.0,0.0,0.0,0.0,0.0,0.0,0.0,0.0,0.0,0.0,0.0
20:14:00,0.0,0.0,0.0,0.0,0.0,0.0,0.0,0.0,0.0,0.0,0.0,0.0,0.0,0.0,0.0,0.0,0.0,0.0,0.0,0.0,0.0,0.0,0.0,0.0,0.0,0.0,0.0,0.0,0.0,0.0,0.0,0.0,0.0,0.0,0.0,0.0,0.0,0.0,0.0,0.0
20:15:00,0.0,0.0,0.0,0.0,0.0,0.0,0.0,0.0,0.0,0.0,0.0,0.0,0.0,0.0,0.0,0.0,0.0,0.0,0.0,0.0,0.0,0.0,0.0,0.0,0.0,0.0,0.0,0.0,0.0,0.0,0.0,0.0,0.0,0.0,0.0,0.0,0.0,0.0,0.0,0.0
20:16:00,0.0,0.0,0.0,0.0,0.0,0.0,0.0,0.0,0.0,0.0,0.0,0.0,0.0,0.0,0.0,0.0,0.0,0.0,0.0,0.0,0.0,0.0,0.0,0.0,0.0,0.0,0.0,0.0,0.0,0.0,0.0,0.0,0.0,0.0,0.0,0.0,0.0,0.0,0.0,0.0
20:17:00,0.0,0.0,0.0,0.0,0.0,0.0,0.0,0.0,0.0,0.0,0.0,0.0,0.0,0.0,0.0,0.0,0.0,0.0,0.0,0.0,0.0,0.0,0.0,0.0,0.0,0.0,0.0,0.0,0.0,0.0,0.0,0.0,0.0,0.0,0.0,0.0,0.0,0.0,0.0,0.0
20:18:00,0.0,0.0,0.0,0.0,0.0,0.0,0.0,0.0,0.0,0.0,0.0,0.0,0.0,0.0,0.0,0.0,0.0,0.0,0.0,0.0,0.0,0.0,0.0,0.0,0.0,0.0,0.0,0.0,0.0,0.0,0.0,0.0,0.0,0.0,0.0,0.0,0.0,0.0,0.0,0.0
20:19:00,0.0,0.0,0.0,0.0,0.0,0.0,0.0,0.0,0.0,0.0,0.0,0.0,0.0,0.0,0.0,0.0,0.0,0.0,0.0,0.0,0.0,0.0,0.0,0.0,0.0,0.0,0.0,0.0,0.0,0.0,0.0,0.0,0.0,0.0,0.0,0.0,0.0,0.0,0.0,0.0
20:20:00,0.0,0.0,0.0,0.0,0.0,0.0,0.0,0.0,0.0,0.0,0.0,0.0,0.0,0.0,0.0,0.0,0.0,0.0,0.0,0.0,0.0,0.0,0.0,0.0,0.0,0.0,0.0,0.0,0.0,0.0,0.0,0.0,0.0,0.0,0.0,0.0,0.0,0.0,0.0,0.0
20:21:00,0.0,0.0,0.0,0.0,0.0,0.0,0.0,0.0,0.0,0.0,0.0,0.0,0.0,0.0,0.0,0.0,0.0,0.0,0.0,0.0,0.0,0.0,0.0,0.0,0.0,0.0,0.0,0.0,0.0,0.0,0.0,0.0,0.0,0.0,0.0,0.0,0.0,0.0,0.0,0.0
20:22:00,0.0,0.0,0.0,0.0,0.0,0.0,0.0,0.0,0.0,0.0,0.0,0.0,0.0,0.0,0.0,0.0,0.0,0.0,0.0,0.0,0.0,0.0,0.0,0.0,0.0,0.0,0.0,0.0,0.0,0.0,0.0,0.0,0.0,0.0,0.0,0.0,0.0,0.0,0.0,0.0
20:23:00,0.0,0.0,0.0,0.0,0.0,0.0,0.0,0.0,0.0,0.0,0.0,0.0,0.0,0.0,0.0,0.0,0.0,0.0,0.0,0.0,0.0,0.0,0.0,0.0,0.0,0.0,0.0,0.0,0.0,0.0,0.0,0.0,0.0,0.0,0.0,0.0,0.0,0.0,0.0,0.0
20:24:00,0.0,0.0,0.0,0.0,0.0,0.0,0.0,0.0,0.0,0.0,0.0,0.0,0.0,0.0,0.0,0.0,0.0,0.0,0.0,0.0,0.0,0.0,0.0,0.0,0.0,0.0,0.0,0.0,0.0,0.0,0.0,0.0,0.0,0.0,0.0,0.0,0.0,0.0,0.0,0.0
20:25:00,0.0,0.0,0.0,0.0,0.0,0.0,0.0,0.0,0.0,0.0,0.0,0.0,0.0,0.0,0.0,0.0,0.0,0.0,0.0,0.0,0.0,0.0,0.0,0.0,0.0,0.0,0.0,0.0,0.0,0.0,0.0,0.0,0.0,0.0,0.0,0.0,0.0,0.0,0.0,0.0
20:26:00,0.0,0.0,0.0,0.0,0.0,0.0,0.0,0.0,0.0,0.0,0.0,0.0,0.0,0.0,0.0,0.0,0.0,0.0,0.0,0.0,0.0,0.0,0.0,0.0,0.0,0.0,0.0,0.0,0.0,0.0,0.0,0.0,0.0,0.0,0.0,0.0,0.0,0.0,0.0,0.0
20:27:00,0.0,0.0,0.0,0.0,0.0,0.0,0.0,0.0,0.0,0.0,0.0,0.0,0.0,0.0,0.0,0.0,0.0,0.0,0.0,0.0,0.0,0.0,0.0,0.0,0.0,0.0,0.0,0.0,0.0,0.0,0.0,0.0,0.0,0.0,0.0,0.0,0.0,0.0,0.0,0.0
20:28:00,0.0,0.0,0.0,0.0,0.0,0.0,0.0,0.0,0.0,0.0,0.0,0.0,0.0,0.0,0.0,0.0,0.0,0.0,0.0,0.0,0.0,0.0,0.0,0.0,0.0,0.0,0.0,0.0,0.0,0.0,0.0,0.0,0.0,0.0,0.0,0.0,0.0,0.0,0.0,0.0
20:29:00,0.0,0.0,0.0,0.0,0.0,0.0,0.0,0.0,0.0,0.0,0.0,0.0,0.0,0.0,0.0,0.0,0.0,0.0,0.0,0.0,0.0,0.0,0.0,0.0,0.0,0.0,0.0,0.0,0.0,0.0,0.0,0.0,0.0,0.0,0.0,0.0,0.0,0.0,0.0,0.0
20:30:00,0.0,0.0,0.0,0.0,0.0,0.0,0.0,0.0,0.0,0.0,0.0,0.0,0.0,0.0,0.0,0.0,0.0,0.0,0.0,0.0,0.0,0.0,0.0,0.0,0.0,0.0,0.0,0.0,0.0,0.0,0.0,0.0,0.0,0.0,0.0,0.0,0.0,0.0,0.0,0.0
20:31:00,0.0,0.0,0.0,0.0,0.0,0.0,0.0,0.0,0.0,0.0,0.0,0.0,0.0,0.0,0.0,0.0,0.0,0.0,0.0,0.0,0.0,0.0,0.0,0.0,0.0,0.0,0.0,0.0,0.0,0.0,0.0,0.0,0.0,0.0,0.0,0.0,0.0,0.0,0.0,0.0
20:32:00,0.0,0.0,0.0,0.0,0.0,0.0,0.0,0.0,0.0,0.0,0.0,0.0,0.0,0.0,0.0,0.0,0.0,0.0,0.0,0.0,0.0,0.0,0.0,0.0,0.0,0.0,0.0,0.0,0.0,0.0,0.0,0.0,0.0,0.0,0.0,0.0,0.0,0.0,0.0,0.0
20:33:00,0.0,0.0,0.0,0.0,0.0,0.0,0.0,0.0,0.0,0.0,0.0,0.0,0.0,0.0,0.0,0.0,0.0,0.0,0.0,0.0,0.0,0.0,0.0,0.0,0.0,0.0,0.0,0.0,0.0,0.0,0.0,0.0,0.0,0.0,0.0,0.0,0.0,0.0,0.0,0.0
20:34:00,0.0,0.0,0.0,0.0,0.0,0.0,0.0,0.0,0.0,0.0,0.0,0.0,0.0,0.0,0.0,0.0,0.0,0.0,0.0,0.0,0.0,0.0,0.0,0.0,0.0,0.0,0.0,0.0,0.0,0.0,0.0,0.0,0.0,0.0,0.0,0.0,0.0,0.0,0.0,0.0
20:35:00,0.0,0.0,0.0,0.0,0.0,0.0,0.0,0.0,0.0,0.0,0.0,0.0,0.0,0.0,0.0,0.0,0.0,0.0,0.0,0.0,0.0,0.0,0.0,0.0,0.0,0.0,0.0,0.0,0.0,0.0,0.0,0.0,0.0,0.0,0.0,0.0,0.0,0.0,0.0,0.0
20:36:00,0.0,0.0,0.0,0.0,0.0,0.0,0.0,0.0,0.0,0.0,0.0,0.0,0.0,0.0,0.0,0.0,0.0,0.0,0.0,0.0,0.0,0.0,0.0,0.0,0.0,0.0,0.0,0.0,0.0,0.0,0.0,0.0,0.0,0.0,0.0,0.0,0.0,0.0,0.0,0.0
20:37:00,0.0,0.0,0.0,0.0,0.0,0.0,0.0,0.0,0.0,0.0,0.0,0.0,0.0,0.0,0.0,0.0,0.0,0.0,0.0,0.0,0.0,0.0,0.0,0.0,0.0,0.0,0.0,0.0,0.0,0.0,0.0,0.0,0.0,0.0,0.0,0.0,0.0,0.0,0.0,0.0
20:38:00,0.0,0.0,0.0,0.0,0.0,0.0,0.0,0.0,0.0,0.0,0.0,0.0,0.0,0.0,0.0,0.0,0.0,0.0,0.0,0.0,0.0,0.0,0.0,0.0,0.0,0.0,0.0,0.0,0.0,0.0,0.0,0.0,0.0,0.0,0.0,0.0,0.0,0.0,0.0,0.0
20:39:00,0.0,0.0,0.0,0.0,0.0,0.0,0.0,0.0,0.0,0.0,0.0,0.0,0.0,0.0,0.0,0.0,0.0,0.0,0.0,0.0,0.0,0.0,0.0,0.0,0.0,0.0,0.0,0.0,0.0,0.0,0.0,0.0,0.0,0.0,0.0,0.0,0.0,0.0,0.0,0.0
20:40:00,0.0,0.0,0.0,0.0,0.0,0.0,0.0,0.0,0.0,0.0,0.0,0.0,0.0,0.0,0.0,0.0,0.0,0.0,0.0,0.0,0.0,0.0,0.0,0.0,0.0,0.0,0.0,0.0,0.0,0.0,0.0,0.0,0.0,0.0,0.0,0.0,0.0,0.0,0.0,0.0
20:41:00,0.0,0.0,0.0,0.0,0.0,0.0,0.0,0.0,0.0,0.0,0.0,0.0,0.0,0.0,0.0,0.0,0.0,0.0,0.0,0.0,0.0,0.0,0.0,0.0,0.0,0.0,0.0,0.0,0.0,0.0,0.0,0.0,0.0,0.0,0.0,0.0,0.0,0.0,0.0,0.0
20:42:00,0.0,0.0,0.0,0.0,0.0,0.0,0.0,0.0,0.0,0.0,0.0,0.0,0.0,0.0,0.0,0.0,0.0,0.0,0.0,0.0,0.0,0.0,0.0,0.0,0.0,0.0,0.0,0.0,0.0,0.0,0.0,0.0,0.0,0.0,0.0,0.0,0.0,0.0,0.0,0.0
20:43:00,0.0,0.0,0.0,0.0,0.0,0.0,0.0,0.0,0.0,0.0,0.0,0.0,0.0,0.0,0.0,0.0,0.0,0.0,0.0,0.0,0.0,0.0,0.0,0.0,0.0,0.0,0.0,0.0,0.0,0.0,0.0,0.0,0.0,0.0,0.0,0.0,0.0,0.0,0.0,0.0
20:44:00,0.0,0.0,0.0,0.0,0.0,0.0,0.0,0.0,0.0,0.0,0.0,0.0,0.0,0.0,0.0,0.0,0.0,0.0,0.0,0.0,0.0,0.0,0.0,0.0,0.0,0.0,0.0,0.0,0.0,0.0,0.0,0.0,0.0,0.0,0.0,0.0,0.0,0.0,0.0,0.0
20:45:00,0.0,0.0,0.0,0.0,0.0,0.0,0.0,0.0,0.0,0.0,0.0,0.0,0.0,0.0,0.0,0.0,0.0,0.0,0.0,0.0,0.0,0.0,0.0,0.0,0.0,0.0,0.0,0.0,0.0,0.0,0.0,0.0,0.0,0.0,0.0,0.0,0.0,0.0,0.0,0.0
20:46:00,0.0,0.0,0.0,0.0,0.0,0.0,0.0,0.0,0.0,0.0,0.0,0.0,0.0,0.0,0.0,0.0,0.0,0.0,0.0,0.0,0.0,0.0,0.0,0.0,0.0,0.0,0.0,0.0,0.0,0.0,0.0,0.0,0.0,0.0,0.0,0.0,0.0,0.0,0.0,0.0
20:47:00,0.0,0.0,0.0,0.0,0.0,0.0,0.0,0.0,0.0,0.0,0.0,0.0,0.0,0.0,0.0,0.0,0.0,0.0,0.0,0.0,0.0,0.0,0.0,0.0,0.0,0.0,0.0,0.0,0.0,0.0,0.0,0.0,0.0,0.0,0.0,0.0,0.0,0.0,0.0,0.0
20:48:00,0.0,0.0,0.0,0.0,0.0,0.0,0.0,0.0,0.0,0.0,0.0,0.0,0.0,0.0,0.0,0.0,0.0,0.0,0.0,0.0,0.0,0.0,0.0,0.0,0.0,0.0,0.0,0.0,0.0,0.0,0.0,0.0,0.0,0.0,0.0,0.0,0.0,0.0,0.0,0.0
20:49:00,0.0,0.0,0.0,0.0,0.0,0.0,0.0,0.0,0.0,0.0,0.0,0.0,0.0,0.0,0.0,0.0,0.0,0.0,0.0,0.0,0.0,0.0,0.0,0.0,0.0,0.0,0.0,0.0,0.0,0.0,0.0,0.0,0.0,0.0,0.0,0.0,0.0,0.0,0.0,0.0
20:50:00,0.0,0.0,0.0,0.0,0.0,0.0,0.0,0.0,0.0,0.0,0.0,0.0,0.0,0.0,0.0,0.0,0.0,0.0,0.0,0.0,0.0,0.0,0.0,0.0,0.0,0.0,0.0,0.0,0.0,0.0,0.0,0.0,0.0,0.0,0.0,0.0,0.0,0.0,0.0,0.0
20:51:00,0.0,0.0,0.0,0.0,0.0,0.0,0.0,0.0,0.0,0.0,0.0,0.0,0.0,0.0,0.0,0.0,0.0,0.0,0.0,0.0,0.0,0.0,0.0,0.0,0.0,0.0,0.0,0.0,0.0,0.0,0.0,0.0,0.0,0.0,0.0,0.0,0.0,0.0,0.0,0.0
20:52:00,0.0,0.0,0.0,0.0,0.0,0.0,0.0,0.0,0.0,0.0,0.0,0.0,0.0,0.0,0.0,0.0,0.0,0.0,0.0,0.0,0.0,0.0,0.0,0.0,0.0,0.0,0.0,0.0,0.0,0.0,0.0,0.0,0.0,0.0,0.0,0.0,0.0,0.0,0.0,0.0
20:53:00,0.0,0.0,0.0,0.0,0.0,0.0,0.0,0.0,0.0,0.0,0.0,0.0,0.0,0.0,0.0,0.0,0.0,0.0,0.0,0.0,0.0,0.0,0.0,0.0,0.0,0.0,0.0,0.0,0.0,0.0,0.0,0.0,0.0,0.0,0.0,0.0,0.0,0.0,0.0,0.0
20:54:00,0.0,0.0,0.0,0.0,0.0,0.0,0.0,0.0,0.0,0.0,0.0,0.0,0.0,0.0,0.0,0.0,0.0,0.0,0.0,0.0,0.0,0.0,0.0,0.0,0.0,0.0,0.0,0.0,0.0,0.0,0.0,0.0,0.0,0.0,0.0,0.0,0.0,0.0,0.0,0.0
20:55:00,0.0,0.0,0.0,0.0,0.0,0.0,0.0,0.0,0.0,0.0,0.0,0.0,0.0,0.0,0.0,0.0,0.0,0.0,0.0,0.0,0.0,0.0,0.0,0.0,0.0,0.0,0.0,0.0,0.0,0.0,0.0,0.0,0.0,0.0,0.0,0.0,0.0,0.0,0.0,0.0
20:56:00,0.0,0.0,0.0,0.0,0.0,0.0,0.0,0.0,0.0,0.0,0.0,0.0,0.0,0.0,0.0,0.0,0.0,0.0,0.0,0.0,0.0,0.0,0.0,0.0,0.0,0.0,0.0,0.0,0.0,0.0,0.0,0.0,0.0,0.0,0.0,0.0,0.0,0.0,0.0,0.0
20:57:00,0.0,0.0,0.0,0.0,0.0,0.0,0.0,0.0,0.0,0.0,0.0,0.0,0.0,0.0,0.0,0.0,0.0,0.0,0.0,0.0,0.0,0.0,0.0,0.0,0.0,0.0,0.0,0.0,0.0,0.0,0.0,0.0,0.0,0.0,0.0,0.0,0.0,0.0,0.0,0.0
20:58:00,0.0,0.0,0.0,0.0,0.0,0.0,0.0,0.0,0.0,0.0,0.0,0.0,0.0,0.0,0.0,0.0,0.0,0.0,0.0,0.0,0.0,0.0,0.0,0.0,0.0,0.0,0.0,0.0,0.0,0.0,0.0,0.0,0.0,0.0,0.0,0.0,0.0,0.0,0.0,0.0
20:59:00,0.0,0.0,0.0,0.0,0.0,0.0,0.0,0.0,0.0,0.0,0.0,0.0,0.0,0.0,0.0,0.0,0.0,0.0,0.0,0.0,0.0,0.0,0.0,0.0,0.0,0.0,0.0,0.0,0.0,0.0,0.0,0.0,0.0,0.0,0.0,0.0,0.0,0.0,0.0,0.0
21:00:00,0.0,0.0,0.0,0.0,0.0,0.0,0.0,0.0,0.0,0.0,0.0,0.0,0.0,0.0,0.0,0.0,0.0,0.0,0.0,0.0,0.0,0.0,0.0,0.0,0.0,0.0,0.0,0.0,0.0,0.0,0.0,0.0,0.0,0.0,0.0,0.0,0.0,0.0,0.0,0.0
21:01:00,0.0,0.0,0.0,0.0,0.0,0.0,0.0,0.0,0.0,0.0,0.0,0.0,0.0,0.0,0.0,0.0,0.0,0.0,0.0,0.0,0.0,0.0,0.0,0.0,0.0,0.0,0.0,0.0,0.0,0.0,0.0,0.0,0.0,0.0,0.0,0.0,0.0,0.0,0.0,0.0
21:02:00,0.0,0.0,0.0,0.0,0.0,0.0,0.0,0.0,0.0,0.0,0.0,0.0,0.0,0.0,0.0,0.0,0.0,0.0,0.0,0.0,0.0,0.0,0.0,0.0,0.0,0.0,0.0,0.0,0.0,0.0,0.0,0.0,0.0,0.0,0.0,0.0,0.0,0.0,0.0,0.0
21:03:00,0.0,0.0,0.0,0.0,0.0,0.0,0.0,0.0,0.0,0.0,0.0,0.0,0.0,0.0,0.0,0.0,0.0,0.0,0.0,0.0,0.0,0.0,0.0,0.0,0.0,0.0,0.0,0.0,0.0,0.0,0.0,0.0,0.0,0.0,0.0,0.0,0.0,0.0,0.0,0.0
21:04:00,0.0,0.0,0.0,0.0,0.0,0.0,0.0,0.0,0.0,0.0,0.0,0.0,0.0,0.0,0.0,0.0,0.0,0.0,0.0,0.0,0.0,0.0,0.0,0.0,0.0,0.0,0.0,0.0,0.0,0.0,0.0,0.0,0.0,0.0,0.0,0.0,0.0,0.0,0.0,0.0
21:05:00,0.0,0.0,0.0,0.0,0.0,0.0,0.0,0.0,0.0,0.0,0.0,0.0,0.0,0.0,0.0,0.0,0.0,0.0,0.0,0.0,0.0,0.0,0.0,0.0,0.0,0.0,0.0,0.0,0.0,0.0,0.0,0.0,0.0,0.0,0.0,0.0,0.0,0.0,0.0,0.0
21:06:00,0.0,0.0,0.0,0.0,0.0,0.0,0.0,0.0,0.0,0.0,0.0,0.0,0.0,0.0,0.0,0.0,0.0,0.0,0.0,0.0,0.0,0.0,0.0,0.0,0.0,0.0,0.0,0.0,0.0,0.0,0.0,0.0,0.0,0.0,0.0,0.0,0.0,0.0,0.0,0.0
21:07:00,0.0,0.0,0.0,0.0,0.0,0.0,0.0,0.0,0.0,0.0,0.0,0.0,0.0,0.0,0.0,0.0,0.0,0.0,0.0,0.0,0.0,0.0,0.0,0.0,0.0,0.0,0.0,0.0,0.0,0.0,0.0,0.0,0.0,0.0,0.0,0.0,0.0,0.0,0.0,0.0
21:08:00,0.0,0.0,0.0,0.0,0.0,0.0,0.0,0.0,0.0,0.0,0.0,0.0,0.0,0.0,0.0,0.0,0.0,0.0,0.0,0.0,0.0,0.0,0.0,0.0,0.0,0.0,0.0,0.0,0.0,0.0,0.0,0.0,0.0,0.0,0.0,0.0,0.0,0.0,0.0,0.0
21:09:00,0.0,0.0,0.0,0.0,0.0,0.0,0.0,0.0,0.0,0.0,0.0,0.0,0.0,0.0,0.0,0.0,0.0,0.0,0.0,0.0,0.0,0.0,0.0,0.0,0.0,0.0,0.0,0.0,0.0,0.0,0.0,0.0,0.0,0.0,0.0,0.0,0.0,0.0,0.0,0.0
21:10:00,0.0,0.0,0.0,0.0,0.0,0.0,0.0,0.0,0.0,0.0,0.0,0.0,0.0,0.0,0.0,0.0,0.0,0.0,0.0,0.0,0.0,0.0,0.0,0.0,0.0,0.0,0.0,0.0,0.0,0.0,0.0,0.0,0.0,0.0,0.0,0.0,0.0,0.0,0.0,0.0
21:11:00,0.0,0.0,0.0,0.0,0.0,0.0,0.0,0.0,0.0,0.0,0.0,0.0,0.0,0.0,0.0,0.0,0.0,0.0,0.0,0.0,0.0,0.0,0.0,0.0,0.0,0.0,0.0,0.0,0.0,0.0,0.0,0.0,0.0,0.0,0.0,0.0,0.0,0.0,0.0,0.0
21:12:00,0.0,0.0,0.0,0.0,0.0,0.0,0.0,0.0,0.0,0.0,0.0,0.0,0.0,0.0,0.0,0.0,0.0,0.0,0.0,0.0,0.0,0.0,0.0,0.0,0.0,0.0,0.0,0.0,0.0,0.0,0.0,0.0,0.0,0.0,0.0,0.0,0.0,0.0,0.0,0.0
21:13:00,0.0,0.0,0.0,0.0,0.0,0.0,0.0,0.0,0.0,0.0,0.0,0.0,0.0,0.0,0.0,0.0,0.0,0.0,0.0,0.0,0.0,0.0,0.0,0.0,0.0,0.0,0.0,0.0,0.0,0.0,0.0,0.0,0.0,0.0,0.0,0.0,0.0,0.0,0.0,0.0
21:14:00,0.0,0.0,0.0,0.0,0.0,0.0,0.0,0.0,0.0,0.0,0.0,0.0,0.0,0.0,0.0,0.0,0.0,0.0,0.0,0.0,0.0,0.0,0.0,0.0,0.0,0.0,0.0,0.0,0.0,0.0,0.0,0.0,0.0,0.0,0.0,0.0,0.0,0.0,0.0,0.0
21:15:00,0.0,0.0,0.0,0.0,0.0,0.0,0.0,0.0,0.0,0.0,0.0,0.0,0.0,0.0,0.0,0.0,0.0,0.0,0.0,0.0,0.0,0.0,0.0,0.0,0.0,0.0,0.0,0.0,0.0,0.0,0.0,0.0,0.0,0.0,0.0,0.0,0.0,0.0,0.0,0.0
21:16:00,0.0,0.0,0.0,0.0,0.0,0.0,0.0,0.0,0.0,0.0,0.0,0.0,0.0,0.0,0.0,0.0,0.0,0.0,0.0,0.0,0.0,0.0,0.0,0.0,0.0,0.0,0.0,0.0,0.0,0.0,0.0,0.0,0.0,0.0,0.0,0.0,0.0,0.0,0.0,0.0
21:17:00,0.0,0.0,0.0,0.0,0.0,0.0,0.0,0.0,0.0,0.0,0.0,0.0,0.0,0.0,0.0,0.0,0.0,0.0,0.0,0.0,0.0,0.0,0.0,0.0,0.0,0.0,0.0,0.0,0.0,0.0,0.0,0.0,0.0,0.0,0.0,0.0,0.0,0.0,0.0,0.0
21:18:00,0.0,0.0,0.0,0.0,0.0,0.0,0.0,0.0,0.0,0.0,0.0,0.0,0.0,0.0,0.0,0.0,0.0,0.0,0.0,0.0,0.0,0.0,0.0,0.0,0.0,0.0,0.0,0.0,0.0,0.0,0.0,0.0,0.0,0.0,0.0,0.0,0.0,0.0,0.0,0.0
21:19:00,0.0,0.0,0.0,0.0,0.0,0.0,0.0,0.0,0.0,0.0,0.0,0.0,0.0,0.0,0.0,0.0,0.0,0.0,0.0,0.0,0.0,0.0,0.0,0.0,0.0,0.0,0.0,0.0,0.0,0.0,0.0,0.0,0.0,0.0,0.0,0.0,0.0,0.0,0.0,0.0
21:20:00,0.0,0.0,0.0,0.0,0.0,0.0,0.0,0.0,0.0,0.0,0.0,0.0,0.0,0.0,0.0,0.0,0.0,0.0,0.0,0.0,0.0,0.0,0.0,0.0,0.0,0.0,0.0,0.0,0.0,0.0,0.0,0.0,0.0,0.0,0.0,0.0,0.0,0.0,0.0,0.0
21:21:00,0.0,0.0,0.0,0.0,0.0,0.0,0.0,0.0,0.0,0.0,0.0,0.0,0.0,0.0,0.0,0.0,0.0,0.0,0.0,0.0,0.0,0.0,0.0,0.0,0.0,0.0,0.0,0.0,0.0,0.0,0.0,0.0,0.0,0.0,0.0,0.0,0.0,0.0,0.0,0.0
21:22:00,0.0,0.0,0.0,0.0,0.0,0.0,0.0,0.0,0.0,0.0,0.0,0.0,0.0,0.0,0.0,0.0,0.0,0.0,0.0,0.0,0.0,0.0,0.0,0.0,0.0,0.0,0.0,0.0,0.0,0.0,0.0,0.0,0.0,0.0,0.0,0.0,0.0,0.0,0.0,0.0
21:23:00,0.0,0.0,0.0,0.0,0.0,0.0,0.0,0.0,0.0,0.0,0.0,0.0,0.0,0.0,0.0,0.0,0.0,0.0,0.0,0.0,0.0,0.0,0.0,0.0,0.0,0.0,0.0,0.0,0.0,0.0,0.0,0.0,0.0,0.0,0.0,0.0,0.0,0.0,0.0,0.0
21:24:00,0.0,0.0,0.0,0.0,0.0,0.0,0.0,0.0,0.0,0.0,0.0,0.0,0.0,0.0,0.0,0.0,0.0,0.0,0.0,0.0,0.0,0.0,0.0,0.0,0.0,0.0,0.0,0.0,0.0,0.0,0.0,0.0,0.0,0.0,0.0,0.0,0.0,0.0,0.0,0.0
21:25:00,0.0,0.0,0.0,0.0,0.0,0.0,0.0,0.0,0.0,0.0,0.0,0.0,0.0,0.0,0.0,0.0,0.0,0.0,0.0,0.0,0.0,0.0,0.0,0.0,0.0,0.0,0.0,0.0,0.0,0.0,0.0,0.0,0.0,0.0,0.0,0.0,0.0,0.0,0.0,0.0
21:26:00,0.0,0.0,0.0,0.0,0.0,0.0,0.0,0.0,0.0,0.0,0.0,0.0,0.0,0.0,0.0,0.0,0.0,0.0,0.0,0.0,0.0,0.0,0.0,0.0,0.0,0.0,0.0,0.0,0.0,0.0,0.0,0.0,0.0,0.0,0.0,0.0,0.0,0.0,0.0,0.0
21:27:00,0.0,0.0,0.0,0.0,0.0,0.0,0.0,0.0,0.0,0.0,0.0,0.0,0.0,0.0,0.0,0.0,0.0,0.0,0.0,0.0,0.0,0.0,0.0,0.0,0.0,0.0,0.0,0.0,0.0,0.0,0.0,0.0,0.0,0.0,0.0,0.0,0.0,0.0,0.0,0.0
21:28:00,0.0,0.0,0.0,0.0,0.0,0.0,0.0,0.0,0.0,0.0,0.0,0.0,0.0,0.0,0.0,0.0,0.0,0.0,0.0,0.0,0.0,0.0,0.0,0.0,0.0,0.0,0.0,0.0,0.0,0.0,0.0,0.0,0.0,0.0,0.0,0.0,0.0,0.0,0.0,0.0
21:29:00,0.0,0.0,0.0,0.0,0.0,0.0,0.0,0.0,0.0,0.0,0.0,0.0,0.0,0.0,0.0,0.0,0.0,0.0,0.0,0.0,0.0,0.0,0.0,0.0,0.0,0.0,0.0,0.0,0.0,0.0,0.0,0.0,0.0,0.0,0.0,0.0,0.0,0.0,0.0,0.0
21:30:00,0.0,0.0,0.0,0.0,0.0,0.0,0.0,0.0,0.0,0.0,0.0,0.0,0.0,0.0,0.0,0.0,0.0,0.0,0.0,0.0,0.0,0.0,0.0,0.0,0.0,0.0,0.0,0.0,0.0,0.0,0.0,0.0,0.0,0.0,0.0,0.0,0.0,0.0,0.0,0.0
21:31:00,0.0,0.0,0.0,0.0,0.0,0.0,0.0,0.0,0.0,0.0,0.0,0.0,0.0,0.0,0.0,0.0,0.0,0.0,0.0,0.0,0.0,0.0,0.0,0.0,0.0,0.0,0.0,0.0,0.0,0.0,0.0,0.0,0.0,0.0,0.0,0.0,0.0,0.0,0.0,0.0
21:32:00,0.0,0.0,0.0,0.0,0.0,0.0,0.0,0.0,0.0,0.0,0.0,0.0,0.0,0.0,0.0,0.0,0.0,0.0,0.0,0.0,0.0,0.0,0.0,0.0,0.0,0.0,0.0,0.0,0.0,0.0,0.0,0.0,0.0,0.0,0.0,0.0,0.0,0.0,0.0,0.0
21:33:00,0.0,0.0,0.0,0.0,0.0,0.0,0.0,0.0,0.0,0.0,0.0,0.0,0.0,0.0,0.0,0.0,0.0,0.0,0.0,0.0,0.0,0.0,0.0,0.0,0.0,0.0,0.0,0.0,0.0,0.0,0.0,0.0,0.0,0.0,0.0,0.0,0.0,0.0,0.0,0.0
21:34:00,0.0,0.0,0.0,0.0,0.0,0.0,0.0,0.0,0.0,0.0,0.0,0.0,0.0,0.0,0.0,0.0,0.0,0.0,0.0,0.0,0.0,0.0,0.0,0.0,0.0,0.0,0.0,0.0,0.0,0.0,0.0,0.0,0.0,0.0,0.0,0.0,0.0,0.0,0.0,0.0
21:35:00,0.0,0.0,0.0,0.0,0.0,0.0,0.0,0.0,0.0,0.0,0.0,0.0,0.0,0.0,0.0,0.0,0.0,0.0,0.0,0.0,0.0,0.0,0.0,0.0,0.0,0.0,0.0,0.0,0.0,0.0,0.0,0.0,0.0,0.0,0.0,0.0,0.0,0.0,0.0,0.0
21:36:00,0.0,0.0,0.0,0.0,0.0,0.0,0.0,0.0,0.0,0.0,0.0,0.0,0.0,0.0,0.0,0.0,0.0,0.0,0.0,0.0,0.0,0.0,0.0,0.0,0.0,0.0,0.0,0.0,0.0,0.0,0.0,0.0,0.0,0.0,0.0,0.0,0.0,0.0,0.0,0.0
21:37:00,0.0,0.0,0.0,0.0,0.0,0.0,0.0,0.0,0.0,0.0,0.0,0.0,0.0,0.0,0.0,0.0,0.0,0.0,0.0,0.0,0.0,0.0,0.0,0.0,0.0,0.0,0.0,0.0,0.0,0.0,0.0,0.0,0.0,0.0,0.0,0.0,0.0,0.0,0.0,0.0
21:38:00,0.0,0.0,0.0,0.0,0.0,0.0,0.0,0.0,0.0,0.0,0.0,0.0,0.0,0.0,0.0,0.0,0.0,0.0,0.0,0.0,0.0,0.0,0.0,0.0,0.0,0.0,0.0,0.0,0.0,0.0,0.0,0.0,0.0,0.0,0.0,0.0,0.0,0.0,0.0,0.0
21:39:00,0.0,0.0,0.0,0.0,0.0,0.0,0.0,0.0,0.0,0.0,0.0,0.0,0.0,0.0,0.0,0.0,0.0,0.0,0.0,0.0,0.0,0.0,0.0,0.0,0.0,0.0,0.0,0.0,0.0,0.0,0.0,0.0,0.0,0.0,0.0,0.0,0.0,0.0,0.0,0.0
21:40:00,0.0,0.0,0.0,0.0,0.0,0.0,0.0,0.0,0.0,0.0,0.0,0.0,0.0,0.0,0.0,0.0,0.0,0.0,0.0,0.0,0.0,0.0,0.0,0.0,0.0,0.0,0.0,0.0,0.0,0.0,0.0,0.0,0.0,0.0,0.0,0.0,0.0,0.0,0.0,0.0
21:41:00,0.0,0.0,0.0,0.0,0.0,0.0,0.0,0.0,0.0,0.0,0.0,0.0,0.0,0.0,0.0,0.0,0.0,0.0,0.0,0.0,0.0,0.0,0.0,0.0,0.0,0.0,0.0,0.0,0.0,0.0,0.0,0.0,0.0,0.0,0.0,0.0,0.0,0.0,0.0,0.0
21:42:00,0.0,0.0,0.0,0.0,0.0,0.0,0.0,0.0,0.0,0.0,0.0,0.0,0.0,0.0,0.0,0.0,0.0,0.0,0.0,0.0,0.0,0.0,0.0,0.0,0.0,0.0,0.0,0.0,0.0,0.0,0.0,0.0,0.0,0.0,0.0,0.0,0.0,0.0,0.0,0.0
21:43:00,0.0,0.0,0.0,0.0,0.0,0.0,0.0,0.0,0.0,0.0,0.0,0.0,0.0,0.0,0.0,0.0,0.0,0.0,0.0,0.0,0.0,0.0,0.0,0.0,0.0,0.0,0.0,0.0,0.0,0.0,0.0,0.0,0.0,0.0,0.0,0.0,0.0,0.0,0.0,0.0
21:44:00,0.0,0.0,0.0,0.0,0.0,0.0,0.0,0.0,0.0,0.0,0.0,0.0,0.0,0.0,0.0,0.0,0.0,0.0,0.0,0.0,0.0,0.0,0.0,0.0,0.0,0.0,0.0,0.0,0.0,0.0,0.0,0.0,0.0,0.0,0.0,0.0,0.0,0.0,0.0,0.0
21:45:00,0.0,0.0,0.0,0.0,0.0,0.0,0.0,0.0,0.0,0.0,0.0,0.0,0.0,0.0,0.0,0.0,0.0,0.0,0.0,0.0,0.0,0.0,0.0,0.0,0.0,0.0,0.0,0.0,0.0,0.0,0.0,0.0,0.0,0.0,0.0,0.0,0.0,0.0,0.0,0.0
21:46:00,0.0,0.0,0.0,0.0,0.0,0.0,0.0,0.0,0.0,0.0,0.0,0.0,0.0,0.0,0.0,0.0,0.0,0.0,0.0,0.0,0.0,0.0,0.0,0.0,0.0,0.0,0.0,0.0,0.0,0.0,0.0,0.0,0.0,0.0,0.0,0.0,0.0,0.0,0.0,0.0
21:47:00,0.0,0.0,0.0,0.0,0.0,0.0,0.0,0.0,0.0,0.0,0.0,0.0,0.0,0.0,0.0,0.0,0.0,0.0,0.0,0.0,0.0,0.0,0.0,0.0,0.0,0.0,0.0,0.0,0.0,0.0,0.0,0.0,0.0,0.0,0.0,0.0,0.0,0.0,0.0,0.0
21:48:00,0.0,0.0,0.0,0.0,0.0,0.0,0.0,0.0,0.0,0.0,0.0,0.0,0.0,0.0,0.0,0.0,0.0,0.0,0.0,0.0,0.0,0.0,0.0,0.0,0.0,0.0,0.0,0.0,0.0,0.0,0.0,0.0,0.0,0.0,0.0,0.0,0.0,0.0,0.0,0.0
21:49:00,0.0,0.0,0.0,0.0,0.0,0.0,0.0,0.0,0.0,0.0,0.0,0.0,0.0,0.0,0.0,0.0,0.0,0.0,0.0,0.0,0.0,0.0,0.0,0.0,0.0,0.0,0.0,0.0,0.0,0.0,0.0,0.0,0.0,0.0,0.0,0.0,0.0,0.0,0.0,0.0
21:50:00,0.0,0.0,0.0,0.0,0.0,0.0,0.0,0.0,0.0,0.0,0.0,0.0,0.0,0.0,0.0,0.0,0.0,0.0,0.0,0.0,0.0,0.0,0.0,0.0,0.0,0.0,0.0,0.0,0.0,0.0,0.0,0.0,0.0,0.0,0.0,0.0,0.0,0.0,0.0,0.0
21:51:00,0.0,0.0,0.0,0.0,0.0,0.0,0.0,0.0,0.0,0.0,0.0,0.0,0.0,0.0,0.0,0.0,0.0,0.0,0.0,0.8400533126271152,0.0,0.0,0.0,0.0,0.0,0.0,0.0,0.0,0.0,0.0,0.0,0.0,0.0,0.0,0.0,0.0,0.0,0.0,0.0,0.0
21:52:00,0.0,0.0,0.0,0.0,0.0,0.0,0.0,0.0,0.0,0.0,0.0,0.0,0.0,0.0,0.0,0.0,0.0,0.0,0.0,0.874,0.0,0.0,0.0,0.0,0.0,0.0,0.0,0.0,0.0,0.0,0.0,0.0,0.0,0.0,0.0,0.0,0.0,0.0,0.0,0.0
21:53:00,0.0,0.0,0.0,0.0,0.0,0.0,0.0,0.0,0.0,0.0,0.0,0.0,0.0,0.0,0.0,0.0,0.0,0.0,0.0,0.874,0.0,0.0,0.0,0.0,0.0,0.0,0.0,0.0,0.0,0.0,0.0,0.0,0.0,0.0,0.0,0.0,0.0,0.0,0.0,0.0
21:54:00,0.0,0.0,0.0,0.0,0.0,0.0,0.0,0.0,0.0,0.0,0.0,0.0,0.0,0.0,0.0,0.0,0.0,0.0,0.0,0.874,0.0,0.0,0.0,0.0,0.0,0.0,0.0,0.0,0.0,0.0,0.0,0.0,0.0,0.0,0.0,0.0,0.0,0.0,0.0,0.0
21:55:00,0.0,0.0,0.0,0.0,0.0,0.0,0.0,0.0,0.0,0.0,0.0,0.0,0.0,0.0,0.0,0.0,0.0,0.0,0.0,0.874,0.0,0.0,0.0,0.0,0.0,0.0,0.0,0.0,0.0,0.0,0.0,0.0,0.0,0.0,0.0,0.0,0.0,0.0,0.0,0.0
21:56:00,0.0,0.0,0.0,0.0,0.0,0.0,0.0,0.0,0.0,0.0,0.0,0.0,0.0,0.0,0.0,0.0,0.0,0.0,0.0,0.874,0.0,0.0,0.0,0.0,0.0,0.0,0.0,0.0,0.0,0.0,0.0,0.0,0.0,0.0,0.0,0.0,0.0,0.0,0.0,0.0
21:57:00,0.0,0.0,0.0,0.0,0.0,0.0,0.0,0.0,0.0,0.0,0.0,0.0,0.0,0.0,0.0,0.0,0.0,0.0,0.0,0.874,0.0,0.0,0.0,0.0,0.0,0.0,0.0,0.0,0.0,0.0,0.0,0.0,0.0,0.0,0.0,0.0,0.0,0.0,0.0,0.0
21:58:00,0.0,0.0,0.0,0.0,0.0,0.0,0.0,0.0,0.0,0.0,0.0,0.0,0.0,0.0,0.0,0.0,0.0,0.0,0.0,0.874,0.0,0.0,0.0,0.0,0.0,0.0,0.0,0.0,0.0,0.0,0.0,0.0,0.0,0.0,0.0,0.0,0.0,0.0,0.0,0.0
21:59:00,0.0,0.0,0.0,0.0,0.0,0.0,0.0,0.0,0.0,0.0,0.0,0.0,0.0,0.0,0.0,0.0,0.0,0.0,0.0,0.874,0.0,0.0,0.0,0.0,0.0,0.0,0.0,0.0,0.0,0.0,0.0,0.0,0.0,0.0,0.0,0.0,0.0,0.0,0.0,0.0
22:00:00,0.0,0.0,0.0,0.0,0.0,0.0,0.0,0.0,0.0,0.0,0.0,0.0,0.0,0.0,0.0,0.0,0.0,0.0,0.0,0.63,0.0,0.0,0.0,0.0,0.0,0.0,0.0,0.0,0.0,0.0,0.0,0.0,0.0,0.0,0.0,0.0,0.0,0.0,0.0,0.0
22:01:00,0.0,0.0,0.0,0.0,0.0,0.0,0.0,0.0,0.0,0.0,0.0,0.0,0.0,0.0,0.0,0.0,0.0,0.0,0.0,0.63,0.0,0.0,0.0,0.0,0.0,0.0,0.0,0.0,0.0,0.0,0.0,0.0,0.0,0.0,0.0,0.0,0.0,0.0,0.0,0.0
22:02:00,0.0,0.0,0.0,0.0,0.0,0.0,0.0,0.0,0.0,0.0,0.0,0.0,0.0,0.0,0.0,0.0,0.0,0.0,0.0,0.63,0.0,0.0,0.0,0.0,0.0,0.0,0.0,0.0,0.0,0.0,0.0,0.0,0.0,0.0,0.0,0.0,0.0,0.0,0.0,0.0
22:03:00,0.0,0.0,0.0,0.0,0.0,0.0,0.0,0.0,0.0,0.0,0.0,0.0,0.0,0.0,0.0,0.0,0.0,0.0,0.0,0.63,0.0,0.0,0.0,0.0,0.0,0.0,0.0,0.0,0.0,0.0,0.0,0.0,0.0,0.0,0.0,0.0,0.0,0.0,0.0,0.0
22:04:00,0.0,0.0,0.0,0.0,0.0,0.0,0.0,0.0,0.0,0.0,0.0,0.0,0.0,0.0,0.0,0.0,0.0,0.0,0.0,0.63,0.0,0.0,0.0,0.0,0.0,0.0,0.0,0.0,0.0,0.0,0.0,0.0,0.0,0.0,0.0,0.0,0.0,0.0,0.0,0.0
22:05:00,0.0,0.0,0.0,0.0,0.0,0.0,0.0,0.0,0.0,0.0,0.0,0.0,0.0,0.0,0.0,0.0,0.0,0.0,0.0,0.63,0.0,0.0,0.0,0.0,0.0,0.0,0.0,0.0,0.0,0.0,0.0,0.0,0.0,0.0,0.0,0.0,0.0,0.0,0.0,0.0
22:06:00,0.0,0.0,0.0,0.0,0.0,0.0,0.0,0.0,0.0,0.0,0.0,0.0,0.0,0.0,0.0,0.0,0.0,0.0,0.0,0.63,0.0,0.0,0.0,0.0,0.0,0.0,0.0,0.0,0.0,0.0,0.0,0.0,0.0,0.0,0.0,0.0,0.0,0.0,0.0,0.0
22:07:00,0.0,0.0,0.0,0.0,0.0,0.0,0.0,0.0,0.0,0.0,0.0,0.0,0.0,0.0,0.0,0.0,0.0,0.0,0.0,0.63,0.0,0.0,0.0,0.0,0.0,0.0,0.0,0.0,0.0,0.0,0.0,0.0,0.0,0.0,0.0,0.0,0.0,0.0,0.0,0.0
22:08:00,0.0,0.0,0.0,0.0,0.0,0.0,0.0,0.0,0.0,0.0,0.0,0.0,0.0,0.0,0.0,0.0,0.0,0.0,0.319458813639876,0.63,0.0,0.0,0.0,0.0,0.0,0.0,0.0,0.0,0.0,0.0,0.0,0.0,0.0,0.0,0.0,0.0,0.0,0.0,0.0,0.0
22:09:00,0.0,0.0,0.0,0.0,0.0,0.0,0.0,0.0,0.0,0.0,0.0,0.0,0.0,0.0,0.0,0.0,0.0,0.0,0.342,0.63,0.0,0.0,0.0,0.0,0.0,0.0,0.0,0.0,0.0,0.0,0.0,0.0,0.0,0.0,0.0,0.0,0.0,0.0,0.0,0.0
22:10:00,0.0,0.0,0.0,0.0,0.0,0.0,0.0,0.0,0.0,0.0,0.0,0.0,0.0,0.0,0.0,0.0,0.0,0.0,0.342,0.63,0.0,0.0,0.0,0.0,0.0,0.0,0.0,0.0,0.0,0.0,0.0,0.0,0.0,0.0,0.0,0.0,0.0,0.0,0.0,0.0
22:11:00,0.0,0.0,0.0,0.0,0.0,0.0,0.0,0.0,0.0,0.0,0.0,0.0,0.0,0.0,0.0,0.0,0.0,0.0,0.342,0.63,0.0,0.0,0.0,0.0,0.0,0.0,0.0,0.0,0.0,0.0,0.0,0.0,0.0,0.0,0.0,0.0,0.0,0.0,0.0,0.0
22:12:00,0.0,0.0,0.0,0.0,0.0,0.0,0.0,0.0,0.0,0.0,0.0,0.0,0.0,0.0,0.0,0.0,0.0,0.0,0.342,0.63,0.0,0.0,0.0,0.0,0.0,0.0,0.0,0.0,0.0,0.0,0.0,0.0,0.0,0.0,0.0,0.0,0.0,0.0,0.0,0.0
22:13:00,0.0,0.0,0.0,0.0,0.0,0.0,0.0,0.0,0.0,0.0,0.0,0.0,0.0,0.0,0.0,0.0,0.0,0.0,0.342,0.63,0.0,0.0,0.0,0.0,0.0,0.0,0.0,0.0,0.0,0.0,0.0,0.0,0.0,0.0,0.0,0.0,0.0,0.0,0.0,0.0
22:14:00,0.0,0.0,0.0,0.0,0.0,0.0,0.0,0.0,0.0,0.0,0.0,0.0,0.0,0.0,0.0,0.0,0.0,0.0,0.342,0.63,0.0,0.0,0.0,0.0,0.0,0.0,0.0,0.0,0.0,0.0,0.0,0.0,0.0,0.0,0.0,0.0,0.0,0.0,0.0,0.0
22:15:00,0.0,0.0,0.0,0.0,0.0,0.0,0.0,0.0,0.0,0.0,0.0,0.0,0.0,0.0,0.0,0.0,0.0,0.0,0.342,0.63,0.0,0.0,0.0,0.0,0.0,0.0,0.0,0.0,0.0,0.0,0.0,0.0,0.0,0.0,0.0,0.0,0.0,0.0,0.0,0.0
22:16:00,0.0,0.0,0.0,0.0,0.0,0.0,0.0,0.0,0.0,0.0,0.0,0.0,0.0,0.0,0.0,0.0,0.0,0.0,0.342,0.63,0.0,0.0,0.0,0.0,0.0,0.0,0.0,0.0,0.0,0.0,0.0,0.0,0.0,0.0,0.0,0.0,0.0,0.0,0.0,0.0
22:17:00,0.0,0.0,0.0,0.0,0.0,0.0,0.0,0.0,0.0,0.0,0.0,0.0,0.0,0.0,0.0,0.0,0.0,0.0,0.342,0.63,0.0,0.0,0.0,0.0,0.0,0.0,0.0,0.0,0.0,0.0,0.0,0.0,0.0,0.0,0.0,0.0,0.0,0.0,0.0,0.0
22:18:00,0.0,0.0,0.0,0.0,0.0,0.0,0.0,0.0,0.0,0.0,0.0,0.0,0.0,0.0,0.0,0.0,0.0,0.0,0.342,0.63,0.0,0.0,0.0,0.0,0.0,0.0,0.0,0.0,0.0,0.0,0.0,0.0,0.0,0.0,0.0,0.0,0.0,0.0,0.0,0.0
22:19:00,0.0,0.0,0.0,0.0,0.0,0.0,0.0,0.0,0.0,0.0,0.0,0.0,0.0,0.0,0.0,0.0,0.0,0.0,0.342,0.63,0.0,0.0,0.0,0.0,0.0,0.0,0.0,0.0,0.0,0.0,0.0,0.0,0.0,0.0,0.0,0.0,0.0,0.0,0.0,0.0
22:20:00,0.0,0.0,0.0,0.0,0.0,0.0,0.0,0.0,0.0,0.0,0.0,0.0,0.0,0.0,0.0,0.0,0.0,0.0,0.342,0.63,0.0,0.0,0.0,0.0,0.0,0.0,0.0,0.0,0.0,0.0,0.0,0.0,0.0,0.0,0.0,0.0,0.0,0.0,0.0,0.0
22:21:00,0.0,0.0,0.0,0.0,0.0,0.0,0.0,0.0,0.0,0.0,0.0,0.0,0.0,0.0,0.0,0.0,0.0,0.0,0.342,0.63,0.0,0.0,0.0,0.0,0.0,0.0,0.0,0.0,0.0,0.0,0.0,0.0,0.0,0.0,0.0,0.0,0.0,0.0,0.0,0.0
22:22:00,0.0,0.0,0.0,0.0,0.0,0.0,0.0,0.0,0.0,0.0,0.0,0.0,0.0,0.0,0.0,0.0,0.0,0.0,0.342,0.63,0.0,0.0,0.0,0.0,0.0,0.0,0.0,0.0,0.0,0.0,0.0,0.0,0.0,0.0,0.0,0.0,0.0,0.0,0.0,0.0
22:23:00,0.0,0.0,0.0,0.0,0.0,0.0,0.0,0.0,0.0,0.0,0.0,0.0,0.0,0.0,0.0,0.0,0.0,0.0,0.342,0.63,0.0,0.0,0.0,0.0,0.0,0.0,0.0,0.0,0.0,0.0,0.0,0.0,0.0,0.0,0.0,0.0,0.0,0.0,0.0,0.0
22:24:00,0.0,0.0,0.0,0.0,0.0,0.0,0.0,0.0,0.0,0.0,0.0,0.0,0.0,0.0,0.0,0.0,0.0,0.0,0.342,0.63,0.0,0.0,0.0,0.0,0.0,0.0,0.0,0.0,0.0,0.09739060757479068,0.0,0.0,0.0,0.0,0.0,0.0,0.0,0.0,0.0,0.0
22:25:00,0.0,0.0,0.0,0.0,0.0,0.0,0.0,0.0,0.0,0.0,0.0,0.0,0.0,0.0,0.0,0.0,0.0,0.0,0.342,0.63,0.0,0.0,0.0,0.0,0.0,0.0,0.0,0.0,0.0,0.87,0.0,0.0,0.0,0.0,0.0,0.0,0.0,0.0,0.0,0.0
22:26:00,0.0,0.0,0.0,0.0,0.0,0.0,0.0,0.0,0.0,0.0,0.0,0.0,0.0,0.0,0.0,0.0,0.0,0.0,0.342,0.63,0.0,0.0,0.0,0.0,0.0,0.0,0.0,0.0,0.0,0.87,0.0,0.0,0.0,0.0,0.0,0.0,0.0,0.0,0.0,0.0
22:27:00,0.0,0.0,0.0,0.0,0.0,0.0,0.0,0.0,0.0,0.0,0.0,0.0,0.0,0.0,0.0,0.0,0.0,0.0,0.342,0.63,0.0,0.0,0.0,0.0,0.0,0.0,0.0,0.0,0.0,0.87,0.0,0.0,0.0,0.0,0.0,0.0,0.0,0.0,0.0,0.0
22:28:00,0.0,0.0,0.0,0.0,0.0,0.0,0.0,0.0,0.0,0.0,0.0,0.0,0.0,0.0,0.0,0.0,0.0,0.0,0.342,0.63,0.0,0.0,0.0,0.0,0.0,0.0,0.0,0.0,0.0,0.87,0.0,0.0,0.0,0.0,0.0,0.0,0.0,0.0,0.0,0.0
22:29:00,0.0,0.0,0.0,0.0,0.0,0.0,0.0,0.0,0.0,0.0,0.0,0.0,0.0,0.0,0.0,0.0,0.0,0.0,0.342,0.63,0.0,0.0,0.0,0.0,0.0,0.0,0.0,0.0,0.0,0.87,0.0,0.0,0.0,0.0,0.0,0.0,0.0,0.0,0.0,0.0
22:30:00,0.0,0.0,0.0,0.0,0.0,0.0,0.0,0.0,0.0,0.0,0.0,0.0,0.0,0.0,0.0,0.0,0.0,0.0,0.362,0.798,0.0,0.0,0.0,0.0,0.0,0.0,0.0,0.0,0.0,0.476,0.0,0.0,0.0,0.0,0.0,0.0,0.0,0.0,0.0,0.0
22:31:00,0.0,0.0,0.0,0.0,0.0,0.0,0.0,0.0,0.0,0.0,0.0,0.0,0.0,0.0,0.0,0.0,0.0,0.0,0.362,0.798,0.0,0.0,0.0,0.0,0.0,0.0,0.0,0.0,0.0,0.476,0.0,0.0,0.0,0.0,0.0,0.0,0.0,0.0,0.0,0.0
22:32:00,0.0,0.0,0.0,0.0,0.0,0.0,0.0,0.0,0.0,0.0,0.0,0.0,0.0,0.0,0.0,0.0,0.0,0.0,0.362,0.798,0.0,0.0,0.0,0.0,0.0,0.0,0.0,0.0,0.0,0.476,0.0,0.0,0.0,0.0,0.0,0.0,0.0,0.0,0.0,0.0
22:33:00,0.0,0.0,0.0,0.0,0.0,0.0,0.0,0.0,0.0,0.0,0.0,0.0,0.0,0.0,0.0,0.0,0.0,0.0,0.362,0.798,0.0,0.0,0.0,0.0,0.0,0.0,0.0,0.0,0.0,0.476,0.0,0.0,0.0,0.0,0.0,0.0,0.0,0.0,0.0,0.0
22:34:00,0.0,0.0,0.0,0.0,0.0,0.0,0.0,0.0,0.0,0.0,0.0,0.0,0.0,0.0,0.0,0.0,0.0,0.0,0.362,0.798,0.0,0.0,0.0,0.0,0.0,0.0,0.0,0.0,0.0,0.476,0.0,0.0,0.0,0.0,0.0,0.0,0.0,0.0,0.0,0.0
22:35:00,0.0,0.0,0.0,0.0,0.0,0.0,0.0,0.0,0.0,0.0,0.0,0.0,0.0,0.0,0.0,0.0,0.0,0.0,0.362,0.798,0.0,0.0,0.0,0.0,0.0,0.0,0.0,0.0,0.0,0.476,0.0,0.0,0.0,0.0,0.0,0.0,0.0,0.0,0.0,0.0
22:36:00,0.0,0.0,0.0,0.0,0.0,0.0,0.0,0.0,0.0,0.0,0.0,0.0,0.0,0.0,0.0,0.0,0.0,0.0,0.362,0.798,0.0,0.0,0.0,0.0,0.0,0.0,0.0,0.0,0.0,0.476,0.0,0.0,0.0,0.0,0.0,0.0,0.0,0.0,0.0,0.0
22:37:00,0.0,0.0,0.0,0.0,0.0,0.0,0.0,0.0,0.0,0.0,0.0,0.0,0.0,0.0,0.0,0.0,0.0,0.0,0.362,0.798,0.0,0.0,0.0,0.0,0.0,0.0,0.0,0.0,0.0,0.476,0.0,0.0,0.0,0.0,0.0,0.0,0.0,0.0,0.0,0.0
22:38:00,0.0,0.0,0.0,0.0,0.0,0.0,0.0,0.0,0.0,0.0,0.0,0.0,0.0,0.0,0.0,0.0,0.0,0.0,0.362,0.798,0.0,0.0,0.0,0.0,0.0,0.0,0.0,0.0,0.0,0.476,0.0,0.0,0.0,0.0,0.0,0.0,0.0,0.0,0.0,0.0
22:39:00,0.0,0.0,0.0,0.0,0.0,0.0,0.0,0.0,0.0,0.0,0.0,0.0,0.0,0.0,0.0,0.0,0.0,0.0,0.362,0.798,0.0,0.0,0.0,0.0,0.0,0.0,0.0,0.0,0.0,0.476,0.0,0.0,0.0,0.0,0.0,0.0,0.0,0.0,0.0,0.0
22:40:00,0.0,0.0,0.0,0.0,0.0,0.0,0.0,0.0,0.0,0.0,0.0,0.0,0.0,0.0,0.0,0.0,0.0,0.0,0.362,0.798,0.0,0.0,0.0,0.0,0.0,0.0,0.0,0.0,0.0,0.476,0.0,0.0,0.0,0.0,0.0,0.0,0.0,0.0,0.0,0.0
22:41:00,0.0,0.0,0.0,0.0,0.0,0.0,0.0,0.0,0.0,0.0,0.0,0.0,0.0,0.0,0.0,0.0,0.0,0.0,0.362,0.798,0.0,0.0,0.0,0.0,0.0,0.0,0.0,0.0,0.0,0.476,0.0,0.0,0.0,0.0,0.0,0.0,0.0,0.0,0.0,0.0
22:42:00,0.0,0.0,0.0,0.0,0.0,0.0,0.0,0.0,0.0,0.0,0.0,0.0,0.0,0.0,0.0,0.0,0.0,0.0,0.362,0.798,0.0,0.0,0.0,0.0,0.0,0.0,0.0,0.0,0.0,0.476,0.0,0.0,0.0,0.0,0.0,0.0,0.0,0.0,0.0,0.0
22:43:00,0.0,0.0,0.0,0.0,0.0,0.0,0.0,0.0,0.0,0.0,0.0,0.0,0.0,0.0,0.0,0.0,0.0,0.0,0.362,0.798,0.0,0.0,0.0,0.0,0.0,0.0,0.0,0.0,0.0,0.476,0.0,0.0,0.0,0.0,0.0,0.0,0.0,0.0,0.0,0.0
22:44:00,0.0,0.0,0.0,0.0,0.0,0.0,0.0,0.0,0.0,0.0,0.0,0.0,0.0,0.0,0.0,0.0,0.0,0.0,0.362,0.798,0.0,0.0,0.0,0.0,0.0,0.0,0.0,0.0,0.0,0.476,0.0,0.0,0.0,0.0,0.0,0.0,0.0,0.0,0.0,0.0
22:45:00,0.0,0.0,0.0,0.0,0.0,0.0,0.0,0.0,0.0,0.0,0.0,0.0,0.0,0.0,0.0,0.0,0.0,0.0,0.362,0.798,0.0,0.0,0.0,0.0,0.0,0.0,0.0,0.0,0.0,0.476,0.0,0.0,0.0,0.0,0.0,0.0,0.0,0.0,0.0,0.0
22:46:00,0.0,0.0,0.0,0.0,0.0,0.0,0.0,0.0,0.0,0.0,0.0,0.0,0.0,0.0,0.0,0.0,0.0,0.0,0.362,0.798,0.0,0.0,0.0,0.0,0.0,0.0,0.0,0.0,0.0,0.476,0.0,0.0,0.0,0.0,0.0,0.0,0.0,0.0,0.0,0.0
22:47:00,0.0,0.0,0.0,0.0,0.0,0.0,0.0,0.0,0.0,0.0,0.0,0.0,0.0,0.0,0.0,0.0,0.0,0.0,0.362,0.798,0.0,0.0,0.0,0.0,0.0,0.0,0.0,0.0,0.0,0.476,0.0,0.0,0.0,0.0,0.0,0.0,0.0,0.0,0.0,0.0
22:48:00,0.0,0.0,0.0,0.0,0.0,0.0,0.0,0.0,0.0,0.0,0.0,0.0,0.0,0.0,0.0,0.0,0.0,0.0,0.362,0.798,0.0,0.0,0.0,0.0,0.0,0.0,0.0,0.0,0.0,0.476,0.0,0.0,0.0,0.0,0.0,0.0,0.0,0.0,0.0,0.0
22:49:00,0.0,0.0,0.0,0.0,0.0,0.0,0.0,0.0,0.0,0.0,0.0,0.0,0.0,0.0,0.0,0.0,0.0,0.0,0.362,0.798,0.0,0.0,0.0,0.0,0.0,0.0,0.0,0.0,0.0,0.476,0.0,0.0,0.0,0.0,0.0,0.0,0.0,0.0,0.0,0.0
22:50:00,0.0,0.0,0.0,0.0,0.0,0.0,0.0,0.0,0.0,0.0,0.0,0.0,0.0,0.0,0.0,0.0,0.0,0.0,0.362,0.798,0.0,0.0,0.0,0.0,0.0,0.0,0.0,0.0,0.0,0.476,0.0,0.0,0.0,0.0,0.0,0.0,0.0,0.0,0.0,0.0
22:51:00,0.0,0.0,0.0,0.0,0.0,0.0,0.0,0.0,0.0,0.0,0.0,0.0,0.0,0.0,0.0,0.0,0.0,0.0,0.362,0.798,0.0,0.0,0.0,0.0,0.0,0.0,0.0,0.0,0.0,0.476,0.0,0.0,0.0,0.0,0.0,0.0,0.0,0.0,0.0,0.0
22:52:00,0.0,0.0,0.0,0.0,0.0,0.0,0.0,0.0,0.0,0.0,0.0,0.0,0.0,0.0,0.0,0.0,0.0,0.0,0.362,0.798,0.0,0.0,0.0,0.0,0.0,0.0,0.0,0.0,0.0,0.476,0.0,0.0,0.0,0.0,0.0,0.0,0.0,0.0,0.0,0.0
22:53:00,0.0,0.0,0.0,0.0,0.0,0.0,0.0,0.0,0.0,0.0,0.0,0.0,0.0,0.0,0.0,0.0,0.0,0.0,0.362,0.798,0.0,0.0,0.0,0.0,0.0,0.0,0.0,0.0,0.0,0.476,0.0,0.0,0.0,0.0,0.0,0.0,0.0,0.0,0.0,0.0
22:54:00,0.0,0.0,0.0,0.0,0.0,0.0,0.0,0.0,0.0,0.0,0.2602504843184084,0.0,0.0,0.0,0.0,0.0,0.0,0.0,0.362,0.798,0.0,0.0,0.0,0.0,0.0,0.0,0.0,0.0,0.0,0.476,0.0,0.0,0.0,0.0,0.0,0.0,0.0,0.0,0.0,0.0
22:55:00,0.0,0.0,0.0,0.0,0.0,0.0,0.0,0.0,0.0,0.0,0.426,0.0,0.0,0.0,0.0,0.0,0.0,0.0,0.362,0.798,0.0,0.0,0.0,0.0,0.0,0.0,0.0,0.0,0.0,0.476,0.0,0.0,0.0,0.0,0.0,0.0,0.0,0.0,0.0,0.0
22:56:00,0.0,0.0,0.0,0.0,0.0,0.0,0.0,0.0,0.0,0.0,0.426,0.0,0.0,0.0,0.0,0.0,0.0,0.0,0.362,0.798,0.0,0.0,0.0,0.0,0.0,0.0,0.0,0.0,0.0,0.476,0.0,0.0,0.0,0.0,0.0,0.0,0.0,0.0,0.0,0.0
22:57:00,0.0,0.0,0.0,0.0,0.0,0.0,0.0,0.0,0.0,0.0,0.426,0.0,0.0,0.0,0.0,0.0,0.0,0.0,0.362,0.798,0.0,0.0,0.0,0.0,0.0,0.0,0.0,0.0,0.0,0.476,0.0,0.0,0.0,0.0,0.0,0.0,0.0,0.0,0.0,0.0
22:58:00,0.0,0.0,0.0,0.0,0.0,0.0,0.0,0.0,0.0,0.0,0.426,0.0,0.0,0.0,0.0,0.0,0.0,0.0,0.362,0.798,0.0,0.0,0.0,0.0,0.0,0.0,0.0,0.0,0.0,0.476,0.0,0.0,0.0,0.0,0.0,0.0,0.0,0.0,0.0,0.0
22:59:00,0.0,0.0,0.0,0.0,0.0,0.0,0.0,0.0,0.0,0.0,0.426,0.0,0.0,0.0,0.0,0.0,0.0,0.0,0.362,0.798,0.0,0.0,0.0,0.0,0.0,0.0,0.0,0.0,0.0,0.476,0.0,0.0,0.0,0.0,0.0,0.0,0.0,0.0,0.0,0.0
23:00:00,0.0,0.0,0.0,0.0,0.0,0.0,0.0,0.0,0.0,0.0,0.332,0.0,0.0,0.0,0.0,0.0,0.0,0.0,0.312,0.764,0.0,0.0,0.0,0.0,0.0,0.0,0.0,0.0,0.0,0.216,0.0,0.0,0.0,0.0,0.0,0.0,0.0,0.0,0.0,0.0
23:01:00,0.0,0.0,0.0,0.0,0.0,0.0,0.0,0.0,0.0,0.0,0.332,0.0,0.0,0.0,0.0,0.0,0.0,0.0,0.312,0.764,0.0,0.0,0.0,0.0,0.0,0.0,0.0,0.0,0.0,0.216,0.0,0.0,0.0,0.0,0.0,0.0,0.0,0.0,0.0,0.0
23:02:00,0.0,0.0,0.0,0.0,0.0,0.0,0.0,0.0,0.0,0.0,0.332,0.0,0.0,0.0,0.0,0.0,0.0,0.0,0.312,0.764,0.0,0.0,0.0,0.0,0.0,0.0,0.0,0.0,0.0,0.216,0.0,0.0,0.0,0.0,0.0,0.0,0.0,0.0,0.0,0.0
23:03:00,0.0,0.0,0.0,0.0,0.0,0.0,0.0,0.0,0.0,0.0,0.332,0.0,0.0,0.0,0.0,0.0,0.0,0.0,0.312,0.764,0.0,0.0,0.0,0.0,0.0,0.0,0.0,0.0,0.0,0.216,0.0,0.0,0.0,0.0,0.0,0.0,0.0,0.0,0.0,0.0
23:04:00,0.0,0.0,0.0,0.0,0.0,0.0,0.0,0.0,0.0,0.0,0.332,0.0,0.0,0.0,0.0,0.0,0.0,0.0,0.312,0.764,0.0,0.0,0.0,0.0,0.0,0.0,0.0,0.0,0.0,0.216,0.0,0.0,0.0,0.0,0.0,0.0,0.0,0.0,0.0,0.0
23:05:00,0.0,0.0,0.0,0.0,0.0,0.0,0.0,0.0,0.0,0.0,0.332,0.0,0.0,0.0,0.0,0.0,0.0,0.0,0.312,0.764,0.0,0.0,0.0,0.0,0.0,0.0,0.0,0.0,0.0,0.216,0.0,0.0,0.0,0.0,0.0,0.0,0.0,0.0,0.0,0.0
23:06:00,0.0,0.0,0.0,0.0,0.0,0.0,0.0,0.0,0.0,0.0,0.332,0.0,0.0,0.0,0.0,0.0,0.0,0.0,0.312,0.764,0.0,0.0,0.0,0.0,0.0,0.0,0.0,0.0,0.0,0.216,0.0,0.0,0.0,0.0,0.0,0.0,0.0,0.0,0.0,0.0
23:07:00,0.0,0.0,0.0,0.0,0.0,0.0,0.0,0.0,0.0,0.0,0.332,0.0,0.0,0.0,0.0,0.0,0.0,0.0,0.312,0.764,0.0,0.0,0.0,0.0,0.0,0.0,0.0,0.0,0.0,0.216,0.0,0.0,0.0,0.0,0.0,0.0,0.0,0.0,0.0,0.0
23:08:00,0.0,0.0,0.0,0.0,0.0,0.0,0.0,0.0,0.0,0.0,0.332,0.0,0.0,0.0,0.0,0.0,0.0,0.0,0.312,0.764,0.0,0.0,0.0,0.0,0.0,0.0,0.0,0.0,0.0,0.216,0.0,0.0,0.0,0.0,0.0,0.0,0.0,0.0,0.0,0.0
23:09:00,0.0,0.0,0.0,0.0,0.0,0.0,0.0,0.0,0.0,0.0,0.332,0.0,0.0,0.0,0.0,0.0,0.0,0.0,0.312,0.764,0.0,0.0,0.0,0.0,0.0,0.0,0.0,0.0,0.0,0.216,0.0,0.0,0.0,0.0,0.0,0.0,0.0,0.0,0.0,0.0
23:10:00,0.0,0.0,0.0,0.0,0.0,0.0,0.0,0.0,0.0,0.0,0.332,0.0,0.0,0.0,0.0,0.0,0.0,0.0,0.312,0.764,0.0,0.0,0.0,0.0,0.0,0.0,0.0,0.0,0.0,0.216,0.0,0.0,0.0,0.0,0.0,0.0,0.0,0.0,0.0,0.0
23:11:00,0.0,0.0,0.0,0.0,0.0,0.0,0.0,0.0,0.0,0.0,0.332,0.0,0.0,0.0,0.0,0.0,0.0,0.0,0.312,0.764,0.0,0.0,0.0,0.0,0.0,0.0,0.0,0.0,0.0,0.216,0.0,0.0,0.0,0.0,0.0,0.0,0.0,0.0,0.0,0.0
23:12:00,0.0,0.0,0.0,0.0,0.0,0.0,0.0,0.0,0.0,0.0,0.332,0.0,0.0,0.0,0.0,0.0,0.0,0.0,0.312,0.764,0.0,0.0,0.0,0.0,0.0,0.0,0.0,0.0,0.0,0.216,0.0,0.0,0.0,0.0,0.0,0.0,0.0,0.0,0.0,0.0
23:13:00,0.0,0.0,0.0,0.0,0.0,0.0,0.0,0.0,0.0,0.0,0.332,0.0,0.0,0.0,0.0,0.0,0.0,0.0,0.312,0.764,0.0,0.0,0.0,0.0,0.0,0.0,0.0,0.0,0.0,0.216,0.0,0.0,0.0,0.0,0.0,0.0,0.0,0.0,0.5382504843179743,0.0
23:14:00,0.0,0.0,0.0,0.0,0.0,0.0,0.0,0.0,0.0,0.0,0.332,0.0,0.0,0.0,0.0,0.0,0.0,0.0,0.312,0.764,0.0,0.0,0.0,0.0,0.0,0.0,0.0,0.0,0.0,0.216,0.0,0.0,0.0,0.0,0.0,0.0,0.0,0.0,0.832,0.0
23:15:00,0.0,0.0,0.0,0.0,0.0,0.0,0.0,0.0,0.0,0.0,0.332,0.0,0.0,0.0,0.0,0.0,0.0,0.0,0.312,0.764,0.0,0.0,0.0,0.0,0.0,0.0,0.0,0.0,0.0,0.216,0.0,0.0,0.0,0.0,0.0,0.0,0.0,0.0,0.832,0.0
23:16:00,0.0,0.0,0.0,0.0,0.0,0.0,0.0,0.0,0.0,0.0,0.332,0.0,0.0,0.0,0.0,0.0,0.0,0.0,0.312,0.764,0.0,0.0,0.0,0.0,0.0,0.0,0.0,0.0,0.0,0.216,0.0,0.0,0.0,0.0,0.0,0.0,0.0,0.0,0.832,0.0
23:17:00,0.0,0.0,0.0,0.0,0.0,0.0,0.0,0.0,0.0,0.0,0.332,0.0,0.0,0.0,0.0,0.0,0.0,0.0,0.312,0.764,0.0,0.0,0.0,0.0,0.0,0.0,0.0,0.0,0.0,0.216,0.0,0.0,0.0,0.42677750632832945,0.0,0.0,0.0,0.0,0.832,0.0
23:18:00,0.0,0.0,0.0,0.0,0.0,0.0,0.0,0.0,0.0,0.0,0.332,0.0,0.0,0.0,0.0,0.0,0.0,0.0,0.312,0.764,0.0,0.0,0.0,0.0,0.0,0.0,0.0,0.0,0.0,0.216,0.0,0.0,0.0,0.754,0.0,0.0,0.0,0.0,0.832,0.0
23:19:00,0.0,0.0,0.0,0.0,0.0,0.0,0.0,0.0,0.0,0.0,0.332,0.0,0.0,0.0,0.0,0.0,0.0,0.0,0.312,0.764,0.0,0.0,0.0,0.0,0.0,0.0,0.0,0.0,0.0,0.216,0.0,0.0,0.0,0.754,0.0,0.0,0.0,0.0,0.832,0.0
23:20:00,0.0,0.0,0.0,0.0,0.0,0.0,0.0,0.0,0.0,0.0,0.332,0.0,0.0,0.0,0.0,0.0,0.0,0.0,0.312,0.764,0.0,0.0,0.0,0.0,0.0,0.0,0.0,0.0,0.0,0.216,0.0,0.0,0.0,0.754,0.0,0.0,0.0,0.0,0.832,0.0
23:21:00,0.0,0.0,0.0,0.0,0.0,0.0,0.0,0.0,0.0,0.0,0.332,0.0,0.0,0.0,0.0,0.0,0.0,0.0,0.312,0.764,0.0,0.0,0.0,0.0,0.0,0.0,0.0,0.0,0.0,0.216,0.0,0.0,0.0,0.754,0.0,0.0,0.0,0.0,0.832,0.0
23:22:00,0.0,0.0,0.0,0.0,0.0,0.0,0.0,0.0,0.0,0.0,0.332,0.0,0.0,0.0,0.0,0.0,0.0,0.0,0.312,0.764,0.0,0.0,0.0,0.0,0.0,0.0,0.0,0.0,0.0,0.216,0.0,0.0,0.0,0.754,0.0,0.0,0.0,0.0,0.832,0.0
23:23:00,0.0,0.0,0.0,0.0,0.0,0.0,0.0,0.0,0.0,0.0,0.332,0.0,0.44625048431796455,0.0,0.0,0.0,0.0,0.0,0.312,0.764,0.0,0.0,0.0,0.0,0.0,0.0,0.0,0.0,0.0,0.216,0.0,0.0,0.0,0.754,0.0,0.0,0.0,0.0,0.832,0.0
23:24:00,0.0,0.0,0.0,0.0,0.0,0.0,0.0,0.0,0.0,0.0,0.332,0.0,1.004,0.0,0.0,0.0,0.0,0.0,0.312,0.764,0.0,0.0,0.0,0.0,0.0,0.0,0.0,0.0,0.0,0.216,0.0,0.0,0.0,0.754,0.0,0.0,0.0,0.0,0.832,0.0
23:25:00,0.0,0.0,0.0,0.0,0.0,0.0,0.0,0.0,0.0,0.0,0.332,0.0,1.004,0.0,0.0,0.0,0.0,0.0,0.312,0.764,0.0,0.0,0.0,0.0,0.0,0.0,0.0,0.0,0.0,0.216,0.0,0.0,0.0,0.754,0.0,0.0,0.0,0.0,0.832,0.0
23:26:00,0.0,0.0,0.0,0.0,0.0,0.0,0.0,0.0,0.0,0.0,0.332,0.0,1.004,0.0,0.0,0.0,0.0,0.0,0.312,0.764,0.0,0.0,0.0,0.0,0.0,0.0,0.0,0.0,0.0,0.216,0.0,0.0,0.0,0.754,0.0,0.0,0.0,0.0,0.832,0.0
23:27:00,0.0,0.0,0.0,0.0,0.0,0.0,0.0,0.0,0.0,0.0,0.332,0.0,1.004,0.0,0.0,0.0,0.0,0.0,0.312,0.764,0.0,0.0,0.0,0.0,0.0,0.0,0.0,0.0,0.0,0.216,0.0,0.0,0.0,0.754,0.0,0.0,0.0,0.0,0.832,0.0
23:28:00,0.0,0.0,0.0,0.0,0.0,0.0,0.0,0.0,0.0,0.0,0.332,0.0,1.004,0.0,0.0,0.0,0.0,0.0,0.312,0.764,0.0,0.0,0.0,0.0,0.0,0.0,0.0,0.0,0.0,0.216,0.0,0.0,0.0,0.754,0.0,0.0,0.0,0.0,0.832,0.0
23:29:00,0.0,0.0,0.0,0.0,0.0,0.0,0.0,0.0,0.0,0.0,0.332,0.0,1.004,0.0,0.0,0.0,0.0,0.0,0.312,0.764,0.0,0.0,0.0,0.0,0.0,0.0,0.0,0.0,0.0,0.216,0.0,0.0,0.0,0.754,0.0,0.0,0.0,0.0,0.832,0.0
23:30:00,0.0,0.0,0.0,0.0,0.0,0.0,0.0,0.0,0.0,0.0,0.292,0.0,0.218,0.0,0.0,0.0,0.0,0.0,0.37,0.47,0.0,0.0,0.0,0.0,0.0,0.0,0.0,0.0,0.0,0.142,0.0,0.0,0.0,0.584,0.0,0.0,0.0,0.0,0.426,0.0
23:31:00,0.0,0.0,0.0,0.0,0.0,0.0,0.0,0.0,0.0,0.0,0.292,0.0,0.218,0.0,0.0,0.0,0.0,0.0,0.37,0.47,0.0,0.0,0.0,0.0,0.0,0.0,0.0,0.0,0.0,0.142,0.0,0.0,0.0,0.584,0.0,0.0,0.0,0.0,0.426,0.0
23:32:00,0.0,0.0,0.0,0.0,0.0,0.0,0.0,0.0,0.0,0.0,0.292,0.0,0.218,0.0,0.0,0.0,0.0,0.0,0.37,0.47,0.0,0.0,0.0,0.0,0.0,0.0,0.0,0.0,0.0,0.142,0.0,0.0,0.0,0.584,0.0,0.0,0.0,0.0,0.426,0.0
23:33:00,0.0,0.0,0.0,0.0,0.0,0.0,0.0,0.0,0.0,0.0,0.292,0.0,0.218,0.0,0.0,0.0,0.0,0.0,0.37,0.47,0.0,0.0,0.0,0.0,0.0,0.14985740714857276,0.0,0.0,0.0,0.142,0.0,0.0,0.0,0.584,0.0,0.0,0.0,0.0,0.426,0.0
23:34:00,0.0,0.0,0.0,0.0,0.0,0.0,0.0,0.0,0.0,0.0,0.292,0.0,0.218,0.0,0.0,0.0,0.0,0.0,0.37,0.47,0.0,0.0,0.0,0.0,0.0,1.2420000000000002,0.0,0.0,0.0,0.142,0.0,0.0,0.0,0.584,0.0,0.0,0.0,0.0,0.426,0.0
23:35:00,0.0,0.0,0.0,0.0,0.0,0.0,0.0,0.0,0.0,0.0,0.292,0.0,0.218,0.0,0.0,0.0,0.0,0.0,0.37,0.47,0.0,0.0,0.0,0.0,0.0,1.242,0.0,0.0,0.0,0.142,0.0,0.0,0.0,0.584,0.0,0.0,0.0,0.0,0.426,0.0
23:36:00,0.0,0.0,0.0,0.0,0.0,0.0,0.0,0.0,0.0,0.0,0.292,0.0,0.218,0.0,0.0,0.0,0.0,0.0,0.37,0.47,0.0,0.0,0.0,0.0,0.0,1.242,0.0,0.0,0.0,0.142,0.0,0.0,0.0,0.584,0.0,0.0,0.0,0.0,0.426,0.0
23:37:00,0.0,0.0,0.0,0.0,0.0,0.0,0.0,0.0,0.0,0.0,0.292,0.0,0.218,0.0,0.0,0.0,0.0,0.0,0.37,0.47,0.0,0.0,0.0,0.0,0.0,1.242,0.0,0.0,0.0,0.142,0.0,0.0,0.0,0.584,0.0,0.0,0.0,0.0,0.426,0.0
23:38:00,0.0,0.0,0.0,0.0,0.0,0.0,0.0,0.0,0.0,0.0,0.292,0.0,0.218,0.0,0.0,0.0,0.0,0.0,0.37,0.47,0.0,0.0,0.0,0.0,0.0,1.242,0.0,0.0,0.0,0.142,0.0,0.0,0.0,0.584,0.0,0.0,0.0,0.0,0.426,0.0
23:39:00,0.0,0.0,0.0,0.0,0.0,0.0,0.0,0.0,0.0,0.0,0.292,0.0,0.218,0.0,0.0,0.0,0.0,0.0,0.37,0.47,0.0,0.0,0.0,0.0,0.0,1.242,0.0,0.0,0.0,0.142,0.0,0.0,0.0,0.584,0.0,0.0,0.0,0.0,0.426,0.0
23:40:00,0.0,0.0,0.0,0.0,0.0,0.0,0.0,0.0,0.0,0.0,0.292,0.0,0.218,0.0,0.0,0.0,0.0,0.0,0.37,0.47,0.0,0.0,0.0,0.0,0.0,1.242,0.0,0.0,0.0,0.142,0.0,0.0,0.0,0.584,0.0,0.0,0.0,0.0,0.426,0.0
23:41:00,0.0,0.0,0.0,0.0,0.0,0.0,0.0,0.0,0.0,0.0,0.292,0.0,0.218,0.0,0.0,0.0,0.0,0.0,0.37,0.47,0.0,0.0,0.0,0.0,0.0,1.242,0.0,0.0,0.0,0.142,0.0,0.0,0.0,0.584,0.0,0.0,0.0,0.0,0.426,0.0
23:42:00,0.0,0.0,0.0,0.0,0.0,0.0,0.0,0.0,0.0,0.0,0.292,0.0,0.218,0.0,0.0,0.0,0.0,0.0,0.37,0.47,0.0,0.0,0.0,0.0,0.0,1.242,0.0,0.0,0.0,0.142,0.0,0.0,0.0,0.584,0.0,0.0,0.0,0.0,0.426,0.0
23:43:00,0.0,0.0,0.0,0.0,0.0,0.0,0.0,0.0,0.0,0.0,0.292,0.0,0.218,0.0,0.0,0.0,0.0,0.0,0.37,0.47,0.0,0.0,0.0,0.0,0.0,1.242,0.0,0.0,0.0,0.142,0.0,0.0,0.0,0.584,0.0,0.0,0.0,0.0,0.426,0.0
23:44:00,0.0,0.0,0.0,0.0,0.0,0.0,0.0,0.0,0.0,0.0,0.292,0.0,0.218,0.0,0.0,0.0,0.0,0.0,0.37,0.47,0.0,0.0,0.0,0.0,0.0,1.242,0.0,0.0,0.0,0.142,0.0,0.0,0.0,0.584,0.0,0.0,0.0,0.0,0.426,0.0
23:45:00,0.0,0.0,0.0,0.0,0.0,0.0,0.0,0.0,0.0,0.0,0.292,0.0,0.218,0.0,0.0,0.0,0.0,0.0,0.37,0.47,0.0,0.0,0.0,0.0,0.0,1.242,0.0,0.0,0.0,0.142,0.0,0.0,0.0,0.584,0.0,0.0,0.0,0.0,0.426,0.0
23:46:00,0.0,0.0,0.0,0.0,0.0,0.0,0.0,0.0,0.0,0.0,0.292,0.0,0.218,0.0,0.0,0.0,0.0,0.0,0.37,0.47,0.0,0.0,0.0,0.0,0.0,1.242,0.0,0.0,0.0,0.142,0.0,0.0,0.0,0.584,0.0,0.0,0.0,0.0,0.426,0.0
23:47:00,0.0,0.0,0.0,0.0,0.0,0.0,0.0,0.0,0.0,0.0,0.292,0.0,0.218,0.0,0.0,0.0,0.0,0.0,0.37,0.47,0.0,0.0,0.0,0.0,0.0,1.242,0.0,0.0,0.0,0.142,0.0,0.0,0.0,0.584,0.0,0.0,0.0,0.0,0.426,0.0
23:48:00,0.0,0.0,0.0,0.0,0.0,0.0,0.0,0.0,0.0,0.0,0.292,0.0,0.218,0.0,0.0,0.0,0.0,0.0,0.37,0.47,0.0,0.0,0.0,0.0,0.0,1.242,0.0,0.0,0.0,0.142,0.0,0.0,0.0,0.584,0.0,0.0,0.0,0.0,0.426,0.0
23:49:00,0.0,0.0,0.0,0.0,0.0,0.0,0.0,0.0,0.0,0.0,0.292,0.0,0.218,0.0,0.0,0.0,0.0,0.0,0.37,0.47,0.0,0.0,0.0,0.0,0.0,1.242,0.0,0.0,0.0,0.142,0.0,0.0,0.0,0.584,0.0,0.0,0.0,0.0,0.426,0.0
23:50:00,0.0,0.0,0.0,0.0,0.0,0.0,0.0,0.0,0.0,0.0,0.292,0.0,0.218,0.0,0.0,0.0,0.0,0.0,0.37,0.47,0.0,0.0,0.0,0.0,0.0,1.242,0.0,0.0,0.0,0.142,0.0,0.0,0.0,0.584,0.0,0.0,0.0,0.0,0.426,0.0
23:51:00,0.0,0.0,0.0,0.0,0.0,0.0,0.0,0.0,0.0,0.0,0.292,0.0,0.218,0.0,0.0,0.0,0.0,0.0,0.37,0.47,0.0,0.0,0.0,0.0,0.0,1.242,0.0,0.0,0.0,0.142,0.0,0.0,0.0,0.584,0.0,0.0,0.0,0.0,0.426,0.0
23:52:00,0.0,0.0,0.0,0.0,0.0,0.0,0.0,0.0,0.0,0.0,0.292,0.0,0.218,0.0,0.0,0.0,0.0,0.0,0.37,0.47,0.0,0.0,0.0,0.0,0.0,1.242,0.0,0.0,0.0,0.142,0.0,0.0,0.0,0.584,0.0,0.0,0.0,0.0,0.426,0.0
23:53:00,0.0,0.0,0.0,0.0,0.0,0.0,0.0,0.0,0.0,0.0,0.292,0.0,0.218,0.0,0.0,0.0,0.0,0.0,0.37,0.47,0.0,0.0,0.0,0.0,0.0,1.242,0.0,0.0,0.0,0.142,0.0,0.0,0.0,0.584,0.0,0.0,0.0,0.0,0.426,0.0
23:54:00,0.0,0.0,0.0,0.0,0.0,0.0,0.0,0.0,0.0,0.0,0.292,0.0,0.218,0.0,0.0,0.0,0.0,0.0,0.37,0.47,0.0,0.0,0.0,0.0,0.0,1.242,0.0,0.0,0.0,0.142,0.0,0.0,0.0,0.584,0.0,0.0,0.0,0.0,0.426,0.0
23:55:00,0.0,0.0,0.0,0.0,0.0,0.0,0.0,0.0,0.0,0.0,0.292,0.0,0.218,0.0,0.0,0.0,0.0,0.0,0.37,0.47,0.0,0.0,0.0,0.0,0.0,1.242,0.0,0.0,0.0,0.142,0.0,0.0,0.0,0.584,0.0,0.0,0.0,0.0,0.426,0.0
23:56:00,0.0,0.0,0.0,0.0,0.0,0.0,0.0,0.0,0.0,0.0,0.292,0.0,0.218,0.0,0.0,0.0,0.0,0.0,0.37,0.47,0.0,0.0,0.0,0.0,0.0,1.242,0.0,0.0,0.0,0.142,0.0,0.0,0.0,0.584,0.0,0.0,0.0,0.0,0.426,0.0
23:57:00,0.0,0.0,0.0,0.0,0.0,0.0,0.0,0.0,0.0,0.0,0.292,0.0,0.218,0.0,0.0,0.0,0.0,0.0,0.37,0.47,0.0,0.0,0.0,0.0,0.0,1.242,0.0,0.0,0.0,0.142,0.0,0.0,0.0,0.584,0.0,0.0,0.0,0.0,0.426,0.0
23:58:00,0.0,0.0,0.0,0.0,0.0,0.0,0.0,0.0,0.0,0.0,0.292,0.0,0.218,0.0,0.0,0.0,0.0,0.0,0.37,0.47,0.0,0.0,0.0,0.0,0.0,1.242,0.0,0.0,0.0,0.142,0.0,0.0,0.0,0.584,0.0,0.0,0.0,0.0,0.426,0.0
23:59:00,0.0,0.0,0.0,0.0,0.0,0.0,0.0,0.0,0.0,0.0,0.292,0.0,0.218,0.0,0.0,0.0,0.0,0.0,0.37,0.47,0.0,0.0,0.0,0.0,0.0,1.242,0.0,0.0,0.0,0.142,0.0,0.0,0.0,0.584,0.0,0.0,0.0,0.0,0.426,0.0
