time,MAC000055,MAC000203,MAC000214,MAC000239,MAC000250,MAC000676,MAC000727,MAC000734,MAC000761,MAC000792,MAC000864,MAC001072,MAC001210,MAC001238,MAC001607,MAC001759,MAC001795,MAC001799,MAC001816,MAC001906,MAC001996,MAC002205,MAC002220,MAC002733,MAC002756,MAC002877,MAC003046,MAC003473,MAC003488,MAC003490,MAC003718,MAC004146,MAC004508,MAC004619,MAC004848,MAC004856,MAC004933,MAC005219,MAC005325,MAC005531
00:00:00,0.206,0.188,0.084,0.226,0.522,0.134,0.344,0.216,0.77,0.452,0.318,0.3,0.102,0.048,0.218,0.252,0.078,0.116,0.184,0.14,0.392,0.132,0.206,0.136,0.118,0.212,0.282,0.196,0.39,0.084,0.214,0.31,0.096,0.168,0.11,0.402,0.524,1.436,0.474,0.238
00:01:00,0.206,0.188,0.084,0.226,0.522,0.134,0.344,0.216,0.77,0.452,0.318,0.3,0.102,0.048,0.218,0.252,0.078,0.116,0.184,0.14,0.392,0.132,0.206,0.136,0.118,0.212,0.282,0.196,0.39,0.084,0.214,0.31,0.096,0.168,0.11,0.402,0.524,1.436,0.474,0.238
00:02:00,0.206,0.188,0.084,0.226,0.522,0.134,0.344,0.216,0.77,0.452,0.318,0.3,0.102,0.048,0.218,0.252,0.078,0.116,0.184,0.14,0.392,0.132,0.206,0.136,0.118,0.212,0.282,0.196,0.39,0.084,0.214,0.31,0.096,0.168,0.11,0.402,0.524,1.436,0.474,0.238
00:03:00,0.206,0.188,0.084,0.226,0.522,0.134,0.344,0.216,0.77,0.452,0.318,0.3,0.102,0.048,0.218,0.252,0.078,0.116,0.184,0.14,0.392,0.132,0.206,0.136,0.118,0.212,0.282,0.196,0.39,0.084,0.214,0.31,0.096,0.168,0.11,0.402,0.524,1.436,0.474,0.238
00:04:00,0.206,0.188,0.084,0.226,0.522,0.134,0.344,0.216,0.77,0.452,0.318,0.3,0.102,0.048,0.218,0.252,0.078,0.116,0.184,0.14,0.392,0.132,0.206,0.136,0.118,0.212,0.282,0.196,0.39,0.084,0.214,0.31,0.096,0.168,0.11,0.402,0.524,1.436,0.474,0.238
00:05:00,0.206,0.188,0.084,0.226,0.522,0.134,0.344,0.216,0.77,0.452,0.318,0.3,0.102,0.048,0.218,0.252,0.078,0.116,0.184,0.14,0.392,0.132,0.206,0.136,0.118,0.212,0.282,0.196,0.39,0.084,0.214,0.31,0.096,0.168,0.11,0.402,0.524,1.436,0.474,0.238
00:06:00,0.206,0.188,0.084,0.226,0.522,0.134,0.344,0.216,0.77,0.452,0.318,0.3,0.102,0.048,0.218,0.252,0.078,0.116,0.184,0.14,0.392,0.132,0.206,0.136,0.118,0.212,0.282,0.196,0.39,0.084,0.214,0.31,0.096,0.168,0.11,0.402,0.524,1.436,0.474,0.238
00:07:00,0.206,0.188,0.084,0.226,0.522,0.134,0.344,0.216,0.77,0.452,0.318,0.3,0.102,0.048,0.218,0.252,0.078,0.116,0.184,0.14,0.392,0.132,0.206,0.136,0.118,0.212,0.282,0.196,0.39,0.084,0.214,0.31,0.096,0.168,0.11,0.402,0.524,1.436,0.474,0.238
00:08:00,0.206,0.188,0.084,0.226,0.522,0.134,0.344,0.216,0.77,0.452,0.318,0.3,0.102,0.048,0.218,0.252,0.078,0.116,0.184,0.14,0.392,0.132,0.206,0.136,0.118,0.212,0.282,0.196,0.39,0.084,0.214,0.31,0.096,0.168,0.11,0.402,0.524,1.436,0.474,0.238
00:09:00,0.206,0.188,0.084,0.226,0.522,0.134,0.344,0.216,0.77,0.452,0.318,0.3,0.102,0.048,0.218,0.252,0.078,0.116,0.184,0.14,0.392,0.132,0.206,0.136,0.118,0.212,0.282,0.196,0.39,0.084,0.214,0.31,0.096,0.168,0.11,0.402,0.524,1.436,0.474,0.238
00:10:00,0.206,0.188,0.084,0.226,0.522,0.134,0.344,0.216,0.77,0.452,0.318,0.3,0.102,0.048,0.218,0.252,0.078,0.116,0.184,0.14,0.392,0.132,0.206,0.136,0.118,0.212,0.282,0.196,0.39,0.084,0.214,0.31,0.096,0.168,0.11,0.402,0.524,1.436,0.474,0.238
00:11:00,0.206,0.188,0.084,0.226,0.522,0.134,0.344,0.216,0.77,0.452,0.318,0.3,0.102,0.048,0.218,0.252,0.078,0.116,0.184,0.14,0.392,0.132,0.206,0.136,0.118,0.212,0.282,0.196,0.39,0.084,0.214,0.31,0.096,0.168,0.11,0.402,0.524,1.436,0.474,0.238
00:12:00,0.206,0.188,0.084,0.226,0.522,0.134,0.344,0.216,0.77,0.452,0.318,0.3,0.102,0.048,0.218,0.252,0.078,0.116,0.184,0.14,0.392,0.132,0.206,0.136,0.118,0.212,0.282,0.196,0.39,0.084,0.214,0.31,0.096,0.168,0.11,0.402,0.524,1.436,0.474,0.238
00:13:00,0.206,0.188,0.084,0.226,0.522,0.134,0.344,0.216,0.77,0.452,0.318,0.3,0.102,0.048,0.218,0.252,0.078,0.116,0.184,0.14,0.392,0.132,0.206,0.136,0.118,0.212,0.282,0.196,0.39,0.084,0.214,0.31,0.096,0.168,0.11,0.402,0.524,1.436,0.474,0.238
00:14:00,0.206,0.188,0.084,0.226,0.522,0.134,0.344,0.216,0.77,0.452,0.318,0.3,0.102,0.048,0.218,0.252,0.078,0.116,0.184,0.14,0.392,0.132,0.206,0.136,0.118,0.212,0.282,0.196,0.39,0.084,0.214,0.31,0.096,0.168,0.11,0.402,0.524,1.436,0.474,0.238
00:15:00,0.206,0.188,0.084,0.226,0.522,0.134,0.344,0.216,0.77,0.452,0.318,0.3,0.102,0.048,0.218,0.252,0.078,0.116,0.184,0.14,0.392,0.132,0.206,0.136,0.118,0.212,0.282,0.196,0.39,0.084,0.214,0.31,0.096,0.168,0.11,0.402,0.524,1.436,0.474,0.238
00:16:00,0.206,0.188,0.084,0.226,0.522,0.134,0.344,0.216,0.77,0.452,0.318,0.3,0.102,0.048,0.218,0.252,0.078,0.116,0.184,0.14,0.392,0.132,0.206,0.136,0.118,0.212,0.282,0.196,0.39,0.084,0.214,0.31,0.096,0.168,0.11,0.402,0.524,1.436,0.474,0.238
00:17:00,0.206,0.188,0.084,0.226,0.522,0.134,0.344,0.216,0.77,0.452,0.318,0.3,0.102,0.048,0.218,0.252,0.078,0.116,0.184,0.14,0.392,0.132,0.206,0.136,0.118,0.212,0.282,0.196,0.39,0.084,0.214,0.31,0.096,0.168,0.11,0.402,0.524,1.436,0.474,0.238
00:18:00,0.206,0.188,0.084,0.226,0.522,0.134,0.344,0.216,0.77,0.452,0.318,0.3,0.102,0.048,0.218,0.252,0.078,0.116,0.184,0.14,0.392,0.132,0.206,0.136,0.118,0.212,0.282,0.196,0.39,0.084,0.214,0.31,0.096,0.168,0.11,0.402,0.524,1.436,0.474,0.238
00:19:00,0.206,0.188,0.084,0.226,0.522,0.134,0.344,0.216,0.77,0.452,0.318,0.3,0.102,0.048,0.218,0.252,0.078,0.116,0.184,0.14,0.392,0.132,0.206,0.136,0.118,0.212,0.282,0.196,0.39,0.084,0.214,0.31,0.096,0.168,0.11,0.402,0.524,1.436,0.474,0.238
00:20:00,0.206,0.188,0.084,0.226,0.522,0.134,0.344,0.216,0.77,0.452,0.318,0.3,0.102,0.048,0.218,0.252,0.078,0.116,0.184,0.14,0.392,0.132,0.206,0.136,0.118,0.212,0.282,0.196,0.39,0.084,0.214,0.31,0.096,0.168,0.11,0.402,0.524,1.436,0.474,0.238
00:21:00,0.206,0.188,0.084,0.226,0.522,0.134,0.344,0.216,0.77,0.452,0.318,0.3,0.102,0.048,0.218,0.252,0.078,0.116,0.184,0.14,0.392,0.132,0.206,0.136,0.118,0.212,0.282,0.196,0.39,0.084,0.214,0.31,0.096,0.168,0.11,0.402,0.524,1.436,0.474,0.238
00:22:00,0.206,0.188,0.084,0.226,0.522,0.134,0.344,0.216,0.77,0.452,0.318,0.3,0.102,0.048,0.218,0.252,0.078,0.116,0.184,0.14,0.392,0.132,0.206,0.136,0.118,0.212,0.282,0.196,0.39,0.084,0.214,0.31,0.096,0.168,0.11,0.402,0.524,1.436,0.474,0.238
00:23:00,0.206,0.188,0.084,0.226,0.522,0.134,0.344,0.216,0.77,0.452,0.318,0.3,0.102,0.048,0.218,0.252,0.078,0.116,0.184,0.14,0.392,0.132,0.206,0.136,0.118,0.212,0.282,0.196,0.39,0.084,0.214,0.31,0.096,0.168,0.11,0.402,0.524,1.436,0.474,0.238
00:24:00,0.206,0.188,0.084,0.226,0.522,0.134,0.344,0.216,0.77,0.452,0.318,0.3,0.102,0.048,0.218,0.252,0.078,0.116,0.184,0.14,0.392,0.132,0.206,0.136,0.118,0.212,0.282,0.196,0.39,0.084,0.214,0.31,0.096,0.168,0.11,0.402,0.524,1.436,0.474,0.238
00:25:00,0.206,0.188,0.084,0.226,0.522,0.134,0.344,0.216,0.77,0.452,0.318,0.3,0.102,0.048,0.218,0.252,0.078,0.116,0.184,0.14,0.392,0.132,0.206,0.136,0.118,0.212,0.282,0.196,0.39,0.084,0.214,0.31,0.096,0.168,0.11,0.402,0.524,1.436,0.474,0.238
00:26:00,0.206,0.188,0.084,0.226,0.522,0.134,0.344,0.216,0.77,0.452,0.318,0.3,0.102,0.048,0.218,0.252,0.078,0.116,0.184,0.14,0.392,0.132,0.206,0.136,0.118,0.212,0.282,0.196,0.39,0.084,0.214,0.31,0.096,0.168,0.11,0.402,0.524,1.436,0.474,0.238
00:27:00,0.206,0.188,0.084,0.226,0.522,0.134,0.344,0.216,0.77,0.452,0.318,0.3,0.102,0.048,0.218,0.252,0.078,0.116,0.184,0.14,0.392,0.132,0.206,0.136,0.118,0.212,0.282,0.196,0.39,0.084,0.214,0.31,0.096,0.168,0.11,0.402,0.524,1.436,0.474,0.238
00:28:00,0.206,0.188,0.084,0.226,0.522,0.134,0.344,0.216,0.77,0.452,0.318,0.3,0.102,0.048,0.218,0.252,0.078,0.116,0.184,0.14,0.392,0.132,0.206,0.136,0.118,0.212,0.282,0.196,0.39,0.084,0.214,0.31,0.096,0.168,0.11,0.402,0.524,1.436,0.474,0.238
00:29:00,0.206,0.188,0.084,0.226,0.522,0.134,0.344,0.216,0.77,0.452,0.318,0.3,0.102,0.048,0.218,0.252,0.078,0.116,0.184,0.14,0.392,0.132,0.206,0.136,0.118,0.212,0.282,0.196,0.39,0.084,0.214,0.31,0.096,0.168,0.11,0.402,0.524,1.436,0.474,0.238
00:30:00,0.316,0.226,0.102,0.22,0.346,0.116,1.56,0.216,0.39,0.462,0.252,0.334,0.078,0.082,0.202,0.27,0.13,0.074,0.222,0.18,0.438,0.086,0.13,0.074,0.086,0.136,0.276,0.194,0.114,0.07,1.272,0.0,0.078,0.05,0.088,0.528,0.552,1.06,0.398,0.238
00:31:00,0.316,0.226,0.102,0.22,0.346,0.116,1.56,0.216,0.39,0.462,0.252,0.334,0.078,0.082,0.202,0.27,0.13,0.074,0.222,0.18,0.438,0.086,0.13,0.074,0.086,0.136,0.276,0.194,0.114,0.07,1.272,0.0,0.078,0.05,0.088,0.528,0.552,1.06,0.398,0.238
00:32:00,0.316,0.226,0.102,0.22,0.346,0.116,1.56,0.216,0.39,0.462,0.252,0.334,0.078,0.082,0.202,0.27,0.13,0.074,0.222,0.18,0.438,0.086,0.13,0.074,0.086,0.136,0.276,0.194,0.114,0.07,1.272,0.0,0.078,0.05,0.088,0.528,0.552,1.06,0.398,0.238
00:33:00,0.316,0.226,0.102,0.22,0.346,0.116,1.56,0.216,0.39,0.462,0.252,0.334,0.078,0.082,0.202,0.27,0.13,0.074,0.222,0.18,0.438,0.086,0.13,0.074,0.086,0.136,0.276,0.194,0.114,0.07,1.272,0.0,0.078,0.05,0.088,0.528,0.552,1.06,0.398,0.238
00:34:00,0.316,0.226,0.102,0.22,0.346,0.116,1.56,0.216,0.39,0.462,0.252,0.334,0.078,0.082,0.202,0.27,0.13,0.074,0.222,0.18,0.438,0.086,0.13,0.074,0.086,0.136,0.276,0.194,0.114,0.07,1.272,0.0,0.078,0.05,0.088,0.528,0.552,1.06,0.398,0.238
00:35:00,0.316,0.226,0.102,0.22,0.346,0.116,1.56,0.216,0.39,0.462,0.252,0.334,0.078,0.082,0.202,0.27,0.13,0.074,0.222,0.18,0.438,0.086,0.13,0.074,0.086,0.136,0.276,0.194,0.114,0.07,1.272,0.0,0.078,0.05,0.088,0.528,0.552,1.06,0.398,0.238
00:36:00,0.316,0.226,0.102,0.22,0.346,0.116,1.56,0.216,0.39,0.462,0.252,0.334,0.078,0.082,0.202,0.27,0.13,0.074,0.222,0.18,0.438,0.086,0.13,0.074,0.086,0.136,0.276,0.194,0.114,0.07,1.272,0.0,0.078,0.05,0.088,0.528,0.552,1.06,0.398,0.238
00:37:00,0.316,0.226,0.102,0.22,0.346,0.116,1.56,0.216,0.39,0.462,0.252,0.334,0.078,0.082,0.202,0.27,0.13,0.074,0.222,0.18,0.438,0.086,0.13,0.074,0.086,0.136,0.276,0.194,0.114,0.07,1.272,0.0,0.078,0.05,0.088,0.528,0.552,1.06,0.398,0.238
00:38:00,0.316,0.226,0.102,0.22,0.346,0.116,1.56,0.216,0.39,0.462,0.252,0.334,0.078,0.082,0.202,0.27,0.13,0.074,0.222,0.18,0.438,0.086,0.13,0.074,0.086,0.136,0.276,0.194,0.114,0.07,1.272,0.0,0.078,0.05,0.088,0.528,0.552,1.06,0.398,0.238
00:39:00,0.316,0.226,0.102,0.22,0.346,0.116,1.56,0.216,0.39,0.462,0.252,0.334,0.078,0.082,0.202,0.27,0.13,0.074,0.222,0.18,0.438,0.086,0.13,0.074,0.086,0.136,0.276,0.194,0.114,0.07,1.272,0.0,0.078,0.05,0.088,0.528,0.552,1.06,0.398,0.238
00:40:00,0.316,0.226,0.102,0.22,0.346,0.116,1.56,0.216,0.39,0.462,0.252,0.334,0.078,0.082,0.202,0.27,0.13,0.074,0.222,0.18,0.438,0.086,0.13,0.074,0.086,0.136,0.276,0.194,0.114,0.07,1.272,0.0,0.078,0.05,0.088,0.528,0.552,1.06,0.398,0.238
00:41:00,0.316,0.226,0.102,0.22,0.346,0.116,1.56,0.216,0.39,0.462,0.252,0.334,0.078,0.082,0.202,0.27,0.13,0.074,0.222,0.18,0.438,0.086,0.13,0.074,0.086,0.136,0.276,0.194,0.114,0.07,1.272,0.0,0.078,0.05,0.088,0.528,0.552,1.06,0.398,0.238
00:42:00,0.316,0.226,0.102,0.22,0.346,0.116,1.56,0.216,0.39,0.462,0.252,0.334,0.078,0.082,0.202,0.27,0.13,0.074,0.222,0.18,0.438,0.086,0.13,0.074,0.086,0.136,0.276,0.194,0.114,0.07,1.272,0.0,0.078,0.05,0.088,0.528,0.552,1.06,0.398,0.238
00:43:00,0.316,0.226,0.102,0.22,0.346,0.116,1.56,0.216,0.39,0.462,0.252,0.334,0.078,0.082,0.202,0.27,0.13,0.074,0.222,0.18,0.438,0.086,0.13,0.074,0.086,0.136,0.276,0.194,0.114,0.07,1.272,0.0,0.078,0.05,0.088,0.528,0.552,1.06,0.398,0.238
00:44:00,0.316,0.226,0.102,0.22,0.346,0.116,1.56,0.216,0.39,0.462,0.252,0.334,0.078,0.082,0.202,0.27,0.13,0.074,0.222,0.18,0.438,0.086,0.13,0.074,0.086,0.136,0.276,0.194,0.114,0.07,1.272,0.0,0.078,0.05,0.088,0.528,0.552,1.06,0.398,0.238
00:45:00,0.316,0.226,0.102,0.22,0.346,0.116,1.56,0.216,0.39,0.462,0.252,0.334,0.078,0.082,0.202,0.27,0.13,0.074,0.222,0.18,0.438,0.086,0.13,0.074,0.086,0.136,0.276,0.194,0.114,0.07,1.272,0.0,0.078,0.05,0.088,0.528,0.552,1.06,0.398,0.238
00:46:00,0.316,0.226,0.102,0.22,0.346,0.116,1.56,0.216,0.39,0.462,0.252,0.334,0.078,0.082,0.202,0.27,0.13,0.074,0.222,0.18,0.438,0.086,0.13,0.074,0.086,0.136,0.276,0.194,0.114,0.07,1.272,0.0,0.078,0.05,0.088,0.528,0.552,1.06,0.398,0.238
00:47:00,0.316,0.226,0.102,0.22,0.346,0.116,1.56,0.216,0.39,0.462,0.252,0.334,0.078,0.082,0.202,0.27,0.13,0.074,0.222,0.18,0.438,0.086,0.13,0.074,0.086,0.136,0.276,0.194,0.114,0.07,1.272,0.0,0.078,0.05,0.088,0.528,0.552,1.06,0.398,0.238
00:48:00,0.316,0.226,0.102,0.22,0.346,0.116,1.56,0.216,0.39,0.462,0.252,0.334,0.078,0.082,0.202,0.27,0.13,0.074,0.222,0.18,0.438,0.086,0.13,0.074,0.086,0.136,0.276,0.194,0.114,0.07,1.272,0.0,0.078,0.05,0.088,0.528,0.552,1.06,0.398,0.238
00:49:00,0.316,0.226,0.102,0.22,0.346,0.116,1.56,0.216,0.39,0.462,0.252,0.334,0.078,0.082,0.202,0.27,0.13,0.074,0.222,0.18,0.438,0.086,0.13,0.074,0.086,0.136,0.276,0.194,0.114,0.07,1.272,0.0,0.078,0.05,0.088,0.528,0.552,1.06,0.398,0.238
00:50:00,0.316,0.226,0.102,0.22,0.346,0.116,1.56,0.216,0.39,0.462,0.252,0.334,0.078,0.082,0.202,0.27,0.13,0.074,0.222,0.18,0.438,0.086,0.13,0.074,0.086,0.136,0.276,0.194,0.114,0.07,1.272,0.0,0.078,0.05,0.088,0.528,0.552,1.06,0.398,0.238
00:51:00,0.316,0.226,0.102,0.22,0.346,0.116,1.56,0.216,0.39,0.462,0.252,0.334,0.078,0.082,0.202,0.27,0.13,0.074,0.222,0.18,0.438,0.086,0.13,0.074,0.086,0.136,0.276,0.194,0.114,0.07,1.272,0.0,0.078,0.05,0.088,0.528,0.552,1.06,0.398,0.238
00:52:00,0.316,0.226,0.102,0.22,0.346,0.116,1.56,0.216,0.39,0.462,0.252,0.334,0.078,0.082,0.202,0.27,0.13,0.074,0.222,0.18,0.438,0.086,0.13,0.074,0.086,0.136,0.276,0.194,0.114,0.07,1.272,0.0,0.078,0.05,0.088,0.528,0.552,1.06,0.398,0.238
00:53:00,0.316,0.226,0.102,0.22,0.346,0.116,1.56,0.216,0.39,0.462,0.252,0.334,0.078,0.082,0.202,0.27,0.13,0.074,0.222,0.18,0.438,0.086,0.13,0.074,0.086,0.136,0.276,0.194,0.114,0.07,1.272,0.0,0.078,0.05,0.088,0.528,0.552,1.06,0.398,0.238
00:54:00,0.316,0.226,0.102,0.22,0.346,0.116,1.56,0.216,0.39,0.462,0.252,0.334,0.078,0.082,0.202,0.27,0.13,0.074,0.222,0.18,0.438,0.086,0.13,0.074,0.086,0.136,0.276,0.194,0.114,0.07,1.272,0.0,0.078,0.05,0.088,0.528,0.552,1.06,0.398,0.238
00:55:00,0.316,0.226,0.102,0.22,0.346,0.116,1.56,0.216,0.39,0.462,0.252,0.334,0.078,0.082,0.202,0.27,0.13,0.074,0.222,0.18,0.438,0.086,0.13,0.074,0.086,0.136,0.276,0.194,0.114,0.07,1.272,0.0,0.078,0.05,0.088,0.528,0.552,1.06,0.398,0.238
00:56:00,0.316,0.226,0.102,0.22,0.346,0.116,1.56,0.216,0.39,0.462,0.252,0.334,0.078,0.082,0.202,0.27,0.13,0.074,0.222,0.18,0.438,0.086,0.13,0.074,0.086,0.136,0.276,0.194,0.114,0.07,1.272,0.0,0.078,0.05,0.088,0.528,0.552,1.06,0.398,0.238
00:57:00,0.316,0.226,0.102,0.22,0.346,0.116,1.56,0.216,0.39,0.462,0.252,0.334,0.078,0.082,0.202,0.27,0.13,0.074,0.222,0.18,0.438,0.086,0.13,0.074,0.086,0.136,0.276,0.194,0.114,0.07,1.272,0.0,0.078,0.05,0.088,0.528,0.552,1.06,0.398,0.238
00:58:00,0.316,0.226,0.102,0.22,0.346,0.116,1.56,0.216,0.39,0.462,0.252,0.334,0.078,0.082,0.202,0.27,0.13,0.074,0.222,0.18,0.438,0.086,0.13,0.074,0.086,0.136,0.276,0.194,0.114,0.07,1.272,0.0,0.078,0.05,0.088,0.528,0.552,1.06,0.398,0.238
00:59:00,0.316,0.226,0.102,0.22,0.346,0.116,1.56,0.216,0.39,0.462,0.252,0.334,0.078,0.082,0.202,0.27,0.13,0.074,0.222,0.18,0.438,0.086,0.13,0.074,0.086,0.136,0.276,0.194,0.114,0.07,1.272,0.0,0.078,0.05,0.088,0.528,0.552,1.06,0.398,0.238
01:00:00,0.276,0.144,0.192,0.228,0.184,0.118,0.166,0.204,0.268,0.316,0.278,0.316,0.064,0.474,0.178,0.298,0.16,0.116,0.182,0.114,0.386,0.076,0.182,0.138,0.096,0.178,0.524,0.196,0.252,0.176,0.404,0.0,0.08,0.05,0.102,0.376,0.208,0.106,0.418,0.296
01:01:00,0.276,0.144,0.192,0.228,0.184,0.118,0.166,0.204,0.268,0.316,0.278,0.316,0.064,0.474,0.178,0.298,0.16,0.116,0.182,0.114,0.386,0.076,0.182,0.138,0.096,0.178,0.524,0.196,0.252,0.176,0.404,0.0,0.08,0.05,0.102,0.376,0.208,0.106,0.418,0.296
01:02:00,0.276,0.144,0.192,0.228,0.184,0.118,0.166,0.204,0.268,0.316,0.278,0.316,0.064,0.474,0.178,0.298,0.16,0.116,0.182,0.114,0.386,0.076,0.182,0.138,0.096,0.178,0.524,0.196,0.252,0.176,0.404,0.0,0.08,0.05,0.102,0.376,0.208,0.106,0.418,0.296
01:03:00,0.276,0.144,0.192,0.228,0.184,0.118,0.166,0.204,0.268,0.316,0.278,0.316,0.064,0.474,0.178,0.298,0.16,0.116,0.182,0.114,0.386,0.076,0.182,0.138,0.096,0.178,0.524,0.196,0.252,0.176,0.404,0.0,0.08,0.05,0.102,0.376,0.208,0.106,0.418,0.296
01:04:00,0.276,0.144,0.192,0.228,0.184,0.118,0.166,0.204,0.268,0.316,0.278,0.316,0.064,0.474,0.178,0.298,0.16,0.116,0.182,0.114,0.386,0.076,0.182,0.138,0.096,0.178,0.524,0.196,0.252,0.176,0.404,0.0,0.08,0.05,0.102,0.376,0.208,0.106,0.418,0.296
01:05:00,0.276,0.144,0.192,0.228,0.184,0.118,0.166,0.204,0.268,0.316,0.278,0.316,0.064,0.474,0.178,0.298,0.16,0.116,0.182,0.114,0.386,0.076,0.182,0.138,0.096,0.178,0.524,0.196,0.252,0.176,0.404,0.0,0.08,0.05,0.102,0.376,0.208,0.106,0.418,0.296
01:06:00,0.276,0.144,0.192,0.228,0.184,0.118,0.166,0.204,0.268,0.316,0.278,0.316,0.064,0.474,0.178,0.298,0.16,0.116,0.182,0.114,0.386,0.076,0.182,0.138,0.096,0.178,0.524,0.196,0.252,0.176,0.404,0.0,0.08,0.05,0.102,0.376,0.208,0.106,0.418,0.296
01:07:00,0.276,0.144,0.192,0.228,0.184,0.118,0.166,0.204,0.268,0.316,0.278,0.316,0.064,0.474,0.178,0.298,0.16,0.116,0.182,0.114,0.386,0.076,0.182,0.138,0.096,0.178,0.524,0.196,0.252,0.176,0.404,0.0,0.08,0.05,0.102,0.376,0.208,0.106,0.418,0.296
01:08:00,0.276,0.144,0.192,0.228,0.184,0.118,0.166,0.204,0.268,0.316,0.278,0.316,0.064,0.474,0.178,0.298,0.16,0.116,0.182,0.114,0.386,0.076,0.182,0.138,0.096,0.178,0.524,0.196,0.252,0.176,0.404,0.0,0.08,0.05,0.102,0.376,0.208,0.106,0.418,0.296
01:09:00,0.276,0.144,0.192,0.228,0.184,0.118,0.166,0.204,0.268,0.316,0.278,0.316,0.064,0.474,0.178,0.298,0.16,0.116,0.182,0.114,0.386,0.076,0.182,0.138,0.096,0.178,0.524,0.196,0.252,0.176,0.404,0.0,0.08,0.05,0.102,0.376,0.208,0.106,0.418,0.296
01:10:00,0.276,0.144,0.192,0.228,0.184,0.118,0.166,0.204,0.268,0.316,0.278,0.316,0.064,0.474,0.178,0.298,0.16,0.116,0.182,0.114,0.386,0.076,0.182,0.138,0.096,0.178,0.524,0.196,0.252,0.176,0.404,0.0,0.08,0.05,0.102,0.376,0.208,0.106,0.418,0.296
01:11:00,0.276,0.144,0.192,0.228,0.184,0.118,0.166,0.204,0.268,0.316,0.278,0.316,0.064,0.474,0.178,0.298,0.16,0.116,0.182,0.114,0.386,0.076,0.182,0.138,0.096,0.178,0.524,0.196,0.252,0.176,0.404,0.0,0.08,0.05,0.102,0.376,0.208,0.106,0.418,0.296
01:12:00,0.276,0.144,0.192,0.228,0.184,0.118,0.166,0.204,0.268,0.316,0.278,0.316,0.064,0.474,0.178,0.298,0.16,0.116,0.182,0.114,0.386,0.076,0.182,0.138,0.096,0.178,0.524,0.196,0.252,0.176,0.404,0.0,0.08,0.05,0.102,0.376,0.208,0.106,0.418,0.296
01:13:00,0.276,0.144,0.192,0.228,0.184,0.118,0.166,0.204,0.268,0.316,0.278,0.316,0.064,0.474,0.178,0.298,0.16,0.116,0.182,0.114,0.386,0.076,0.182,0.138,0.096,0.178,0.524,0.196,0.252,0.176,0.404,0.0,0.08,0.05,0.102,0.376,0.208,0.106,0.418,0.296
01:14:00,0.276,0.144,0.192,0.228,0.184,0.118,0.166,0.204,0.268,0.316,0.278,0.316,0.064,0.474,0.178,0.298,0.16,0.116,0.182,0.114,0.386,0.076,0.182,0.138,0.096,0.178,0.524,0.196,0.252,0.176,0.404,0.0,0.08,0.05,0.102,0.376,0.208,0.106,0.418,0.296
01:15:00,0.276,0.144,0.192,0.228,0.184,0.118,0.166,0.204,0.268,0.316,0.278,0.316,0.064,0.474,0.178,0.298,0.16,0.116,0.182,0.114,0.386,0.076,0.182,0.138,0.096,0.178,0.524,0.196,0.252,0.176,0.404,0.0,0.08,0.05,0.102,0.376,0.208,0.106,0.418,0.296
01:16:00,0.276,0.144,0.192,0.228,0.184,0.118,0.166,0.204,0.268,0.316,0.278,0.316,0.064,0.474,0.178,0.298,0.16,0.116,0.182,0.114,0.386,0.076,0.182,0.138,0.096,0.178,0.524,0.196,0.252,0.176,0.404,0.0,0.08,0.05,0.102,0.376,0.208,0.106,0.418,0.296
01:17:00,0.276,0.144,0.192,0.228,0.184,0.118,0.166,0.204,0.268,0.316,0.278,0.316,0.064,0.474,0.178,0.298,0.16,0.116,0.182,0.114,0.386,0.076,0.182,0.138,0.096,0.178,0.524,0.196,0.252,0.176,0.404,0.0,0.08,0.05,0.102,0.376,0.208,0.106,0.418,0.296
01:18:00,0.276,0.144,0.192,0.228,0.184,0.118,0.166,0.204,0.268,0.316,0.278,0.316,0.064,0.474,0.178,0.298,0.16,0.116,0.182,0.114,0.386,0.076,0.182,0.138,0.096,0.178,0.524,0.196,0.252,0.176,0.404,0.0,0.08,0.05,0.102,0.376,0.208,0.106,0.418,0.296
01:19:00,0.276,0.144,0.192,0.228,0.184,0.118,0.166,0.204,0.268,0.316,0.278,0.316,0.064,0.474,0.178,0.298,0.16,0.116,0.182,0.114,0.386,0.076,0.182,0.138,0.096,0.178,0.524,0.196,0.252,0.176,0.404,0.0,0.08,0.05,0.102,0.376,0.208,0.106,0.418,0.296
01:20:00,0.276,0.144,0.192,0.228,0.184,0.118,0.166,0.204,0.268,0.316,0.278,0.316,0.064,0.474,0.178,0.298,0.16,0.116,0.182,0.114,0.386,0.076,0.182,0.138,0.096,0.178,0.524,0.196,0.252,0.176,0.404,0.0,0.08,0.05,0.102,0.376,0.208,0.106,0.418,0.296
01:21:00,0.276,0.144,0.192,0.228,0.184,0.118,0.166,0.204,0.268,0.316,0.278,0.316,0.064,0.474,0.178,0.298,0.16,0.116,0.182,0.114,0.386,0.076,0.182,0.138,0.096,0.178,0.524,0.196,0.252,0.176,0.404,0.0,0.08,0.05,0.102,0.376,0.208,0.106,0.418,0.296
01:22:00,0.276,0.144,0.192,0.228,0.184,0.118,0.166,0.204,0.268,0.316,0.278,0.316,0.064,0.474,0.178,0.298,0.16,0.116,0.182,0.114,0.386,0.076,0.182,0.138,0.096,0.178,0.524,0.196,0.252,0.176,0.404,0.0,0.08,0.05,0.102,0.376,0.208,0.106,0.418,0.296
01:23:00,0.276,0.144,0.192,0.228,0.184,0.118,0.166,0.204,0.268,0.316,0.278,0.316,0.064,0.474,0.178,0.298,0.16,0.116,0.182,0.114,0.386,0.076,0.182,0.138,0.096,0.178,0.524,0.196,0.252,0.176,0.404,0.0,0.08,0.05,0.102,0.376,0.208,0.106,0.418,0.296
01:24:00,0.276,0.144,0.192,0.228,0.184,0.118,0.166,0.204,0.268,0.316,0.278,0.316,0.064,0.474,0.178,0.298,0.16,0.116,0.182,0.114,0.386,0.076,0.182,0.138,0.096,0.178,0.524,0.196,0.252,0.176,0.404,0.0,0.08,0.05,0.102,0.376,0.208,0.106,0.418,0.296
01:25:00,0.276,0.144,0.192,0.228,0.184,0.118,0.166,0.204,0.268,0.316,0.278,0.316,0.064,0.474,0.178,0.298,0.16,0.116,0.182,0.114,0.386,0.076,0.182,0.138,0.096,0.178,0.524,0.196,0.252,0.176,0.404,0.0,0.08,0.05,0.102,0.376,0.208,0.106,0.418,0.296
01:26:00,0.276,0.144,0.192,0.228,0.184,0.118,0.166,0.204,0.268,0.316,0.278,0.316,0.064,0.474,0.178,0.298,0.16,0.116,0.182,0.114,0.386,0.076,0.182,0.138,0.096,0.178,0.524,0.196,0.252,0.176,0.404,0.0,0.08,0.05,0.102,0.376,0.208,0.106,0.418,0.296
01:27:00,0.276,0.144,0.192,0.228,0.184,0.118,0.166,0.204,0.268,0.316,0.278,0.316,0.064,0.474,0.178,0.298,0.16,0.116,0.182,0.114,0.386,0.076,0.182,0.138,0.096,0.178,0.524,0.196,0.252,0.176,0.404,0.0,0.08,0.05,0.102,0.376,0.208,0.106,0.418,0.296
01:28:00,0.276,0.144,0.192,0.228,0.184,0.118,0.166,0.204,0.268,0.316,0.278,0.316,0.064,0.474,0.178,0.298,0.16,0.116,0.182,0.114,0.386,0.076,0.182,0.138,0.096,0.178,0.524,0.196,0.252,0.176,0.404,0.0,0.08,0.05,0.102,0.376,0.208,0.106,0.418,0.296
01:29:00,0.276,0.144,0.192,0.228,0.184,0.118,0.166,0.204,0.268,0.316,0.278,0.316,0.064,0.474,0.178,0.298,0.16,0.116,0.182,0.114,0.386,0.076,0.182,0.138,0.096,0.178,0.524,0.196,0.252,0.176,0.404,0.0,0.08,0.05,0.102,0.376,0.208,0.106,0.418,0.296
01:30:00,0.324,0.096,0.076,0.168,0.16,0.116,0.136,0.156,0.118,0.168,0.14,0.318,0.098,0.206,0.184,0.236,0.216,0.028,0.164,0.118,0.202,0.11,0.216,0.062,0.102,0.13,0.442,0.19,0.382,0.056,0.152,0.186,0.098,0.168,0.134,0.264,0.184,0.102,0.276,0.186
01:31:00,0.324,0.096,0.076,0.168,0.16,0.116,0.136,0.156,0.118,0.168,0.14,0.318,0.098,0.206,0.184,0.236,0.216,0.028,0.164,0.118,0.202,0.11,0.216,0.062,0.102,0.13,0.442,0.19,0.382,0.056,0.152,0.186,0.098,0.168,0.134,0.264,0.184,0.102,0.276,0.186
01:32:00,0.324,0.096,0.076,0.168,0.16,0.116,0.136,0.156,0.118,0.168,0.14,0.318,0.098,0.206,0.184,0.236,0.216,0.028,0.164,0.118,0.202,0.11,0.216,0.062,0.102,0.13,0.442,0.19,0.382,0.056,0.152,0.186,0.098,0.168,0.134,0.264,0.184,0.102,0.276,0.186
01:33:00,0.324,0.096,0.076,0.168,0.16,0.116,0.136,0.156,0.118,0.168,0.14,0.318,0.098,0.206,0.184,0.236,0.216,0.028,0.164,0.118,0.202,0.11,0.216,0.062,0.102,0.13,0.442,0.19,0.382,0.056,0.152,0.186,0.098,0.168,0.134,0.264,0.184,0.102,0.276,0.186
01:34:00,0.324,0.096,0.076,0.168,0.16,0.116,0.136,0.156,0.118,0.168,0.14,0.318,0.098,0.206,0.184,0.236,0.216,0.028,0.164,0.118,0.202,0.11,0.216,0.062,0.102,0.13,0.442,0.19,0.382,0.056,0.152,0.186,0.098,0.168,0.134,0.264,0.184,0.102,0.276,0.186
01:35:00,0.324,0.096,0.076,0.168,0.16,0.116,0.136,0.156,0.118,0.168,0.14,0.318,0.098,0.206,0.184,0.236,0.216,0.028,0.164,0.118,0.202,0.11,0.216,0.062,0.102,0.13,0.442,0.19,0.382,0.056,0.152,0.186,0.098,0.168,0.134,0.264,0.184,0.102,0.276,0.186
01:36:00,0.324,0.096,0.076,0.168,0.16,0.116,0.136,0.156,0.118,0.168,0.14,0.318,0.098,0.206,0.184,0.236,0.216,0.028,0.164,0.118,0.202,0.11,0.216,0.062,0.102,0.13,0.442,0.19,0.382,0.056,0.152,0.186,0.098,0.168,0.134,0.264,0.184,0.102,0.276,0.186
01:37:00,0.324,0.096,0.076,0.168,0.16,0.116,0.136,0.156,0.118,0.168,0.14,0.318,0.098,0.206,0.184,0.236,0.216,0.028,0.164,0.118,0.202,0.11,0.216,0.062,0.102,0.13,0.442,0.19,0.382,0.056,0.152,0.186,0.098,0.168,0.134,0.264,0.184,0.102,0.276,0.186
01:38:00,0.324,0.096,0.076,0.168,0.16,0.116,0.136,0.156,0.118,0.168,0.14,0.318,0.098,0.206,0.184,0.236,0.216,0.028,0.164,0.118,0.202,0.11,0.216,0.062,0.102,0.13,0.442,0.19,0.382,0.056,0.152,0.186,0.098,0.168,0.134,0.264,0.184,0.102,0.276,0.186
01:39:00,0.324,0.096,0.076,0.168,0.16,0.116,0.136,0.156,0.118,0.168,0.14,0.318,0.098,0.206,0.184,0.236,0.216,0.028,0.164,0.118,0.202,0.11,0.216,0.062,0.102,0.13,0.442,0.19,0.382,0.056,0.152,0.186,0.098,0.168,0.134,0.264,0.184,0.102,0.276,0.186
01:40:00,0.324,0.096,0.076,0.168,0.16,0.116,0.136,0.156,0.118,0.168,0.14,0.318,0.098,0.206,0.184,0.236,0.216,0.028,0.164,0.118,0.202,0.11,0.216,0.062,0.102,0.13,0.442,0.19,0.382,0.056,0.152,0.186,0.098,0.168,0.134,0.264,0.184,0.102,0.276,0.186
01:41:00,0.324,0.096,0.076,0.168,0.16,0.116,0.136,0.156,0.118,0.168,0.14,0.318,0.098,0.206,0.184,0.236,0.216,0.028,0.164,0.118,0.202,0.11,0.216,0.062,0.102,0.13,0.442,0.19,0.382,0.056,0.152,0.186,0.098,0.168,0.134,0.264,0.184,0.102,0.276,0.186
01:42:00,0.324,0.096,0.076,0.168,0.16,0.116,0.136,0.156,0.118,0.168,0.14,0.318,0.098,0.206,0.184,0.236,0.216,0.028,0.164,0.118,0.202,0.11,0.216,0.062,0.102,0.13,0.442,0.19,0.382,0.056,0.152,0.186,0.098,0.168,0.134,0.264,0.184,0.102,0.276,0.186
01:43:00,0.324,0.096,0.076,0.168,0.16,0.116,0.136,0.156,0.118,0.168,0.14,0.318,0.098,0.206,0.184,0.236,0.216,0.028,0.164,0.118,0.202,0.11,0.216,0.062,0.102,0.13,0.442,0.19,0.382,0.056,0.152,0.186,0.098,0.168,0.134,0.264,0.184,0.102,0.276,0.186
01:44:00,0.324,0.096,0.076,0.168,0.16,0.116,0.136,0.156,0.118,0.168,0.14,0.318,0.098,0.206,0.184,0.236,0.216,0.028,0.164,0.118,0.202,0.11,0.216,0.062,0.102,0.13,0.442,0.19,0.382,0.056,0.152,0.186,0.098,0.168,0.134,0.264,0.184,0.102,0.276,0.186
01:45:00,0.324,0.096,0.076,0.168,0.16,0.116,0.136,0.156,0.118,0.168,0.14,0.318,0.098,0.206,0.184,0.236,0.216,0.028,0.164,0.118,0.202,0.11,0.216,0.062,0.102,0.13,0.442,0.19,0.382,0.056,0.152,0.186,0.098,0.168,0.134,0.264,0.184,0.102,0.276,0.186
01:46:00,0.324,0.096,0.076,0.168,0.16,0.116,0.136,0.156,0.118,0.168,0.14,0.318,0.098,0.206,0.184,0.236,0.216,0.028,0.164,0.118,0.202,0.11,0.216,0.062,0.102,0.13,0.442,0.19,0.382,0.056,0.152,0.186,0.098,0.168,0.134,0.264,0.184,0.102,0.276,0.186
01:47:00,0.324,0.096,0.076,0.168,0.16,0.116,0.136,0.156,0.118,0.168,0.14,0.318,0.098,0.206,0.184,0.236,0.216,0.028,0.164,0.118,0.202,0.11,0.216,0.062,0.102,0.13,0.442,0.19,0.382,0.056,0.152,0.186,0.098,0.168,0.134,0.264,0.184,0.102,0.276,0.186
01:48:00,0.324,0.096,0.076,0.168,0.16,0.116,0.136,0.156,0.118,0.168,0.14,0.318,0.098,0.206,0.184,0.236,0.216,0.028,0.164,0.118,0.202,0.11,0.216,0.062,0.102,0.13,0.442,0.19,0.382,0.056,0.152,0.186,0.098,0.168,0.134,0.264,0.184,0.102,0.276,0.186
01:49:00,0.324,0.096,0.076,0.168,0.16,0.116,0.136,0.156,0.118,0.168,0.14,0.318,0.098,0.206,0.184,0.236,0.216,0.028,0.164,0.118,0.202,0.11,0.216,0.062,0.102,0.13,0.442,0.19,0.382,0.056,0.152,0.186,0.098,0.168,0.134,0.264,0.184,0.102,0.276,0.186
01:50:00,0.324,0.096,0.076,0.168,0.16,0.116,0.136,0.156,0.118,0.168,0.14,0.318,0.098,0.206,0.184,0.236,0.216,0.028,0.164,0.118,0.202,0.11,0.216,0.062,0.102,0.13,0.442,0.19,0.382,0.056,0.152,0.186,0.098,0.168,0.134,0.264,0.184,0.102,0.276,0.186
01:51:00,0.324,0.096,0.076,0.168,0.16,0.116,0.136,0.156,0.118,0.168,0.14,0.318,0.098,0.206,0.184,0.236,0.216,0.028,0.164,0.118,0.202,0.11,0.216,0.062,0.102,0.13,0.442,0.19,0.382,0.056,0.152,0.186,0.098,0.168,0.134,0.264,0.184,0.102,0.276,0.186
01:52:00,0.324,0.096,0.076,0.168,0.16,0.116,0.136,0.156,0.118,0.168,0.14,0.318,0.098,0.206,0.184,0.236,0.216,0.028,0.164,0.118,0.202,0.11,0.216,0.062,0.102,0.13,0.442,0.19,0.382,0.056,0.152,0.186,0.098,0.168,0.134,0.264,0.184,0.102,0.276,0.186
01:53:00,0.324,0.096,0.076,0.168,0.16,0.116,0.136,0.156,0.118,0.168,0.14,0.318,0.098,0.206,0.184,0.236,0.216,0.028,0.164,0.118,0.202,0.11,0.216,0.062,0.102,0.13,0.442,0.19,0.382,0.056,0.152,0.186,0.098,0.168,0.134,0.264,0.184,0.102,0.276,0.186
01:54:00,0.324,0.096,0.076,0.168,0.16,0.116,0.136,0.156,0.118,0.168,0.14,0.318,0.098,0.206,0.184,0.236,0.216,0.028,0.164,0.118,0.202,0.11,0.216,0.062,0.102,0.13,0.442,0.19,0.382,0.056,0.152,0.186,0.098,0.168,0.134,0.264,0.184,0.102,0.276,0.186
01:55:00,0.324,0.096,0.076,0.168,0.16,0.116,0.136,0.156,0.118,0.168,0.14,0.318,0.098,0.206,0.184,0.236,0.216,0.028,0.164,0.118,0.202,0.11,0.216,0.062,0.102,0.13,0.442,0.19,0.382,0.056,0.152,0.186,0.098,0.168,0.134,0.264,0.184,0.102,0.276,0.186
01:56:00,0.324,0.096,0.076,0.168,0.16,0.116,0.136,0.156,0.118,0.168,0.14,0.318,0.098,0.206,0.184,0.236,0.216,0.028,0.164,0.118,0.202,0.11,0.216,0.062,0.102,0.13,0.442,0.19,0.382,0.056,0.152,0.186,0.098,0.168,0.134,0.264,0.184,0.102,0.276,0.186
01:57:00,0.324,0.096,0.076,0.168,0.16,0.116,0.136,0.156,0.118,0.168,0.14,0.318,0.098,0.206,0.184,0.236,0.216,0.028,0.164,0.118,0.202,0.11,0.216,0.062,0.102,0.13,0.442,0.19,0.382,0.056,0.152,0.186,0.098,0.168,0.134,0.264,0.184,0.102,0.276,0.186
01:58:00,0.324,0.096,0.076,0.168,0.16,0.116,0.136,0.156,0.118,0.168,0.14,0.318,0.098,0.206,0.184,0.236,0.216,0.028,0.164,0.118,0.202,0.11,0.216,0.062,0.102,0.13,0.442,0.19,0.382,0.056,0.152,0.186,0.098,0.168,0.134,0.264,0.184,0.102,0.276,0.186
01:59:00,0.324,0.096,0.076,0.168,0.16,0.116,0.136,0.156,0.118,0.168,0.14,0.318,0.098,0.206,0.184,0.236,0.216,0.028,0.164,0.118,0.202,0.11,0.216,0.062,0.102,0.13,0.442,0.19,0.382,0.056,0.152,0.186,0.098,0.168,0.134,0.264,0.184,0.102,0.276,0.186
02:00:00,0.262,0.124,0.076,0.26,0.148,0.21,0.102,0.192,0.068,0.258,0.132,0.314,0.098,0.252,0.174,0.28,0.154,0.028,0.148,0.048,0.072,0.116,0.256,0.154,0.082,0.178,0.084,0.172,0.128,0.074,0.224,0.0,0.098,0.05,0.09,0.21,0.224,0.086,0.154,0.14
02:01:00,0.262,0.124,0.076,0.26,0.148,0.21,0.102,0.192,0.068,0.258,0.132,0.314,0.098,0.252,0.174,0.28,0.154,0.028,0.148,0.048,0.072,0.116,0.256,0.154,0.082,0.178,0.084,0.172,0.128,0.074,0.224,0.0,0.098,0.05,0.09,0.21,0.224,0.086,0.154,0.14
02:02:00,0.262,0.124,0.076,0.26,0.148,0.21,0.102,0.192,0.068,0.258,0.132,0.314,0.098,0.252,0.174,0.28,0.154,0.028,0.148,0.048,0.072,0.116,0.256,0.154,0.082,0.178,0.084,0.172,0.128,0.074,0.224,0.0,0.098,0.05,0.09,0.21,0.224,0.086,0.154,0.14
02:03:00,0.262,0.124,0.076,0.26,0.148,0.21,0.102,0.192,0.068,0.258,0.132,0.314,0.098,0.252,0.174,0.28,0.154,0.028,0.148,0.048,0.072,0.116,0.256,0.154,0.082,0.178,0.084,0.172,0.128,0.074,0.224,0.0,0.098,0.05,0.09,0.21,0.224,0.086,0.154,0.14
02:04:00,0.262,0.124,0.076,0.26,0.148,0.21,0.102,0.192,0.068,0.258,0.132,0.314,0.098,0.252,0.174,0.28,0.154,0.028,0.148,0.048,0.072,0.116,0.256,0.154,0.082,0.178,0.084,0.172,0.128,0.074,0.224,0.0,0.098,0.05,0.09,0.21,0.224,0.086,0.154,0.14
02:05:00,0.262,0.124,0.076,0.26,0.148,0.21,0.102,0.192,0.068,0.258,0.132,0.314,0.098,0.252,0.174,0.28,0.154,0.028,0.148,0.048,0.072,0.116,0.256,0.154,0.082,0.178,0.084,0.172,0.128,0.074,0.224,0.0,0.098,0.05,0.09,0.21,0.224,0.086,0.154,0.14
02:06:00,0.262,0.124,0.076,0.26,0.148,0.21,0.102,0.192,0.068,0.258,0.132,0.314,0.098,0.252,0.174,0.28,0.154,0.028,0.148,0.048,0.072,0.116,0.256,0.154,0.082,0.178,0.084,0.172,0.128,0.074,0.224,0.0,0.098,0.05,0.09,0.21,0.224,0.086,0.154,0.14
02:07:00,0.262,0.124,0.076,0.26,0.148,0.21,0.102,0.192,0.068,0.258,0.132,0.314,0.098,0.252,0.174,0.28,0.154,0.028,0.148,0.048,0.072,0.116,0.256,0.154,0.082,0.178,0.084,0.172,0.128,0.074,0.224,0.0,0.098,0.05,0.09,0.21,0.224,0.086,0.154,0.14
02:08:00,0.262,0.124,0.076,0.26,0.148,0.21,0.102,0.192,0.068,0.258,0.132,0.314,0.098,0.252,0.174,0.28,0.154,0.028,0.148,0.048,0.072,0.116,0.256,0.154,0.082,0.178,0.084,0.172,0.128,0.074,0.224,0.0,0.098,0.05,0.09,0.21,0.224,0.086,0.154,0.14
02:09:00,0.262,0.124,0.076,0.26,0.148,0.21,0.102,0.192,0.068,0.258,0.132,0.314,0.098,0.252,0.174,0.28,0.154,0.028,0.148,0.048,0.072,0.116,0.256,0.154,0.082,0.178,0.084,0.172,0.128,0.074,0.224,0.0,0.098,0.05,0.09,0.21,0.224,0.086,0.154,0.14
02:10:00,0.262,0.124,0.076,0.26,0.148,0.21,0.102,0.192,0.068,0.258,0.132,0.314,0.098,0.252,0.174,0.28,0.154,0.028,0.148,0.048,0.072,0.116,0.256,0.154,0.082,0.178,0.084,0.172,0.128,0.074,0.224,0.0,0.098,0.05,0.09,0.21,0.224,0.086,0.154,0.14
02:11:00,0.262,0.124,0.076,0.26,0.148,0.21,0.102,0.192,0.068,0.258,0.132,0.314,0.098,0.252,0.174,0.28,0.154,0.028,0.148,0.048,0.072,0.116,0.256,0.154,0.082,0.178,0.084,0.172,0.128,0.074,0.224,0.0,0.098,0.05,0.09,0.21,0.224,0.086,0.154,0.14
02:12:00,0.262,0.124,0.076,0.26,0.148,0.21,0.102,0.192,0.068,0.258,0.132,0.314,0.098,0.252,0.174,0.28,0.154,0.028,0.148,0.048,0.072,0.116,0.256,0.154,0.082,0.178,0.084,0.172,0.128,0.074,0.224,0.0,0.098,0.05,0.09,0.21,0.224,0.086,0.154,0.14
02:13:00,0.262,0.124,0.076,0.26,0.148,0.21,0.102,0.192,0.068,0.258,0.132,0.314,0.098,0.252,0.174,0.28,0.154,0.028,0.148,0.048,0.072,0.116,0.256,0.154,0.082,0.178,0.084,0.172,0.128,0.074,0.224,0.0,0.098,0.05,0.09,0.21,0.224,0.086,0.154,0.14
02:14:00,0.262,0.124,0.076,0.26,0.148,0.21,0.102,0.192,0.068,0.258,0.132,0.314,0.098,0.252,0.174,0.28,0.154,0.028,0.148,0.048,0.072,0.116,0.256,0.154,0.082,0.178,0.084,0.172,0.128,0.074,0.224,0.0,0.098,0.05,0.09,0.21,0.224,0.086,0.154,0.14
02:15:00,0.262,0.124,0.076,0.26,0.148,0.21,0.102,0.192,0.068,0.258,0.132,0.314,0.098,0.252,0.174,0.28,0.154,0.028,0.148,0.048,0.072,0.116,0.256,0.154,0.082,0.178,0.084,0.172,0.128,0.074,0.224,0.0,0.098,0.05,0.09,0.21,0.224,0.086,0.154,0.14
02:16:00,0.262,0.124,0.076,0.26,0.148,0.21,0.102,0.192,0.068,0.258,0.132,0.314,0.098,0.252,0.174,0.28,0.154,0.028,0.148,0.048,0.072,0.116,0.256,0.154,0.082,0.178,0.084,0.172,0.128,0.074,0.224,0.0,0.098,0.05,0.09,0.21,0.224,0.086,0.154,0.14
02:17:00,0.262,0.124,0.076,0.26,0.148,0.21,0.102,0.192,0.068,0.258,0.132,0.314,0.098,0.252,0.174,0.28,0.154,0.028,0.148,0.048,0.072,0.116,0.256,0.154,0.082,0.178,0.084,0.172,0.128,0.074,0.224,0.0,0.098,0.05,0.09,0.21,0.224,0.086,0.154,0.14
02:18:00,0.262,0.124,0.076,0.26,0.148,0.21,0.102,0.192,0.068,0.258,0.132,0.314,0.098,0.252,0.174,0.28,0.154,0.028,0.148,0.048,0.072,0.116,0.256,0.154,0.082,0.178,0.084,0.172,0.128,0.074,0.224,0.0,0.098,0.05,0.09,0.21,0.224,0.086,0.154,0.14
02:19:00,0.262,0.124,0.076,0.26,0.148,0.21,0.102,0.192,0.068,0.258,0.132,0.314,0.098,0.252,0.174,0.28,0.154,0.028,0.148,0.048,0.072,0.116,0.256,0.154,0.082,0.178,0.084,0.172,0.128,0.074,0.224,0.0,0.098,0.05,0.09,0.21,0.224,0.086,0.154,0.14
02:20:00,0.262,0.124,0.076,0.26,0.148,0.21,0.102,0.192,0.068,0.258,0.132,0.314,0.098,0.252,0.174,0.28,0.154,0.028,0.148,0.048,0.072,0.116,0.256,0.154,0.082,0.178,0.084,0.172,0.128,0.074,0.224,0.0,0.098,0.05,0.09,0.21,0.224,0.086,0.154,0.14
02:21:00,0.262,0.124,0.076,0.26,0.148,0.21,0.102,0.192,0.068,0.258,0.132,0.314,0.098,0.252,0.174,0.28,0.154,0.028,0.148,0.048,0.072,0.116,0.256,0.154,0.082,0.178,0.084,0.172,0.128,0.074,0.224,0.0,0.098,0.05,0.09,0.21,0.224,0.086,0.154,0.14
02:22:00,0.262,0.124,0.076,0.26,0.148,0.21,0.102,0.192,0.068,0.258,0.132,0.314,0.098,0.252,0.174,0.28,0.154,0.028,0.148,0.048,0.072,0.116,0.256,0.154,0.082,0.178,0.084,0.172,0.128,0.074,0.224,0.0,0.098,0.05,0.09,0.21,0.224,0.086,0.154,0.14
02:23:00,0.262,0.124,0.076,0.26,0.148,0.21,0.102,0.192,0.068,0.258,0.132,0.314,0.098,0.252,0.174,0.28,0.154,0.028,0.148,0.048,0.072,0.116,0.256,0.154,0.082,0.178,0.084,0.172,0.128,0.074,0.224,0.0,0.098,0.05,0.09,0.21,0.224,0.086,0.154,0.14
02:24:00,0.262,0.124,0.076,0.26,0.148,0.21,0.102,0.192,0.068,0.258,0.132,0.314,0.098,0.252,0.174,0.28,0.154,0.028,0.148,0.048,0.072,0.116,0.256,0.154,0.082,0.178,0.084,0.172,0.128,0.074,0.224,0.0,0.098,0.05,0.09,0.21,0.224,0.086,0.154,0.14
02:25:00,0.262,0.124,0.076,0.26,0.148,0.21,0.102,0.192,0.068,0.258,0.132,0.314,0.098,0.252,0.174,0.28,0.154,0.028,0.148,0.048,0.072,0.116,0.256,0.154,0.082,0.178,0.084,0.172,0.128,0.074,0.224,0.0,0.098,0.05,0.09,0.21,0.224,0.086,0.154,0.14
02:26:00,0.262,0.124,0.076,0.26,0.148,0.21,0.102,0.192,0.068,0.258,0.132,0.314,0.098,0.252,0.174,0.28,0.154,0.028,0.148,0.048,0.072,0.116,0.256,0.154,0.082,0.178,0.084,0.172,0.128,0.074,0.224,0.0,0.098,0.05,0.09,0.21,0.224,0.086,0.154,0.14
02:27:00,0.262,0.124,0.076,0.26,0.148,0.21,0.102,0.192,0.068,0.258,0.132,0.314,0.098,0.252,0.174,0.28,0.154,0.028,0.148,0.048,0.072,0.116,0.256,0.154,0.082,0.178,0.084,0.172,0.128,0.074,0.224,0.0,0.098,0.05,0.09,0.21,0.224,0.086,0.154,0.14
02:28:00,0.262,0.124,0.076,0.26,0.148,0.21,0.102,0.192,0.068,0.258,0.132,0.314,0.098,0.252,0.174,0.28,0.154,0.028,0.148,0.048,0.072,0.116,0.256,0.154,0.082,0.178,0.084,0.172,0.128,0.074,0.224,0.0,0.098,0.05,0.09,0.21,0.224,0.086,0.154,0.14
02:29:00,0.262,0.124,0.076,0.26,0.148,0.21,0.102,0.192,0.068,0.258,0.132,0.314,0.098,0.252,0.174,0.28,0.154,0.028,0.148,0.048,0.072,0.116,0.256,0.154,0.082,0.178,0.084,0.172,0.128,0.074,0.224,0.0,0.098,0.05,0.09,0.21,0.224,0.086,0.154,0.14
02:30:00,0.31,0.202,0.182,0.174,0.148,0.12,0.082,0.17,0.11,0.372,0.052,0.332,0.078,0.166,0.148,0.256,0.084,0.122,0.142,0.054,0.052,0.076,0.202,0.058,0.118,0.12,0.088,0.348,0.278,0.174,0.246,0.0,0.096,0.052,0.098,0.106,0.192,0.1,0.104,0.14
02:31:00,0.31,0.202,0.182,0.174,0.148,0.12,0.082,0.17,0.11,0.372,0.052,0.332,0.078,0.166,0.148,0.256,0.084,0.122,0.142,0.054,0.052,0.076,0.202,0.058,0.118,0.12,0.088,0.348,0.278,0.174,0.246,0.0,0.096,0.052,0.098,0.106,0.192,0.1,0.104,0.14
02:32:00,0.31,0.202,0.182,0.174,0.148,0.12,0.082,0.17,0.11,0.372,0.052,0.332,0.078,0.166,0.148,0.256,0.084,0.122,0.142,0.054,0.052,0.076,0.202,0.058,0.118,0.12,0.088,0.348,0.278,0.174,0.246,0.0,0.096,0.052,0.098,0.106,0.192,0.1,0.104,0.14
02:33:00,0.31,0.202,0.182,0.174,0.148,0.12,0.082,0.17,0.11,0.372,0.052,0.332,0.078,0.166,0.148,0.256,0.084,0.122,0.142,0.054,0.052,0.076,0.202,0.058,0.118,0.12,0.088,0.348,0.278,0.174,0.246,0.0,0.096,0.052,0.098,0.106,0.192,0.1,0.104,0.14
02:34:00,0.31,0.202,0.182,0.174,0.148,0.12,0.082,0.17,0.11,0.372,0.052,0.332,0.078,0.166,0.148,0.256,0.084,0.122,0.142,0.054,0.052,0.076,0.202,0.058,0.118,0.12,0.088,0.348,0.278,0.174,0.246,0.0,0.096,0.052,0.098,0.106,0.192,0.1,0.104,0.14
02:35:00,0.31,0.202,0.182,0.174,0.148,0.12,0.082,0.17,0.11,0.372,0.052,0.332,0.078,0.166,0.148,0.256,0.084,0.122,0.142,0.054,0.052,0.076,0.202,0.058,0.118,0.12,0.088,0.348,0.278,0.174,0.246,0.0,0.096,0.052,0.098,0.106,0.192,0.1,0.104,0.14
02:36:00,0.31,0.202,0.182,0.174,0.148,0.12,0.082,0.17,0.11,0.372,0.052,0.332,0.078,0.166,0.148,0.256,0.084,0.122,0.142,0.054,0.052,0.076,0.202,0.058,0.118,0.12,0.088,0.348,0.278,0.174,0.246,0.0,0.096,0.052,0.098,0.106,0.192,0.1,0.104,0.14
02:37:00,0.31,0.202,0.182,0.174,0.148,0.12,0.082,0.17,0.11,0.372,0.052,0.332,0.078,0.166,0.148,0.256,0.084,0.122,0.142,0.054,0.052,0.076,0.202,0.058,0.118,0.12,0.088,0.348,0.278,0.174,0.246,0.0,0.096,0.052,0.098,0.106,0.192,0.1,0.104,0.14
02:38:00,0.31,0.202,0.182,0.174,0.148,0.12,0.082,0.17,0.11,0.372,0.052,0.332,0.078,0.166,0.148,0.256,0.084,0.122,0.142,0.054,0.052,0.076,0.202,0.058,0.118,0.12,0.088,0.348,0.278,0.174,0.246,0.0,0.096,0.052,0.098,0.106,0.192,0.1,0.104,0.14
02:39:00,0.31,0.202,0.182,0.174,0.148,0.12,0.082,0.17,0.11,0.372,0.052,0.332,0.078,0.166,0.148,0.256,0.084,0.122,0.142,0.054,0.052,0.076,0.202,0.058,0.118,0.12,0.088,0.348,0.278,0.174,0.246,0.0,0.096,0.052,0.098,0.106,0.192,0.1,0.104,0.14
02:40:00,0.31,0.202,0.182,0.174,0.148,0.12,0.082,0.17,0.11,0.372,0.052,0.332,0.078,0.166,0.148,0.256,0.084,0.122,0.142,0.054,0.052,0.076,0.202,0.058,0.118,0.12,0.088,0.348,0.278,0.174,0.246,0.0,0.096,0.052,0.098,0.106,0.192,0.1,0.104,0.14
02:41:00,0.31,0.202,0.182,0.174,0.148,0.12,0.082,0.17,0.11,0.372,0.052,0.332,0.078,0.166,0.148,0.256,0.084,0.122,0.142,0.054,0.052,0.076,0.202,0.058,0.118,0.12,0.088,0.348,0.278,0.174,0.246,0.0,0.096,0.052,0.098,0.106,0.192,0.1,0.104,0.14
02:42:00,0.31,0.202,0.182,0.174,0.148,0.12,0.082,0.17,0.11,0.372,0.052,0.332,0.078,0.166,0.148,0.256,0.084,0.122,0.142,0.054,0.052,0.076,0.202,0.058,0.118,0.12,0.088,0.348,0.278,0.174,0.246,0.0,0.096,0.052,0.098,0.106,0.192,0.1,0.104,0.14
02:43:00,0.31,0.202,0.182,0.174,0.148,0.12,0.082,0.17,0.11,0.372,0.052,0.332,0.078,0.166,0.148,0.256,0.084,0.122,0.142,0.054,0.052,0.076,0.202,0.058,0.118,0.12,0.088,0.348,0.278,0.174,0.246,0.0,0.096,0.052,0.098,0.106,0.192,0.1,0.104,0.14
02:44:00,0.31,0.202,0.182,0.174,0.148,0.12,0.082,0.17,0.11,0.372,0.052,0.332,0.078,0.166,0.148,0.256,0.084,0.122,0.142,0.054,0.052,0.076,0.202,0.058,0.118,0.12,0.088,0.348,0.278,0.174,0.246,0.0,0.096,0.052,0.098,0.106,0.192,0.1,0.104,0.14
02:45:00,0.31,0.202,0.182,0.174,0.148,0.12,0.082,0.17,0.11,0.372,0.052,0.332,0.078,0.166,0.148,0.256,0.084,0.122,0.142,0.054,0.052,0.076,0.202,0.058,0.118,0.12,0.088,0.348,0.278,0.174,0.246,0.0,0.096,0.052,0.098,0.106,0.192,0.1,0.104,0.14
02:46:00,0.31,0.202,0.182,0.174,0.148,0.12,0.082,0.17,0.11,0.372,0.052,0.332,0.078,0.166,0.148,0.256,0.084,0.122,0.142,0.054,0.052,0.076,0.202,0.058,0.118,0.12,0.088,0.348,0.278,0.174,0.246,0.0,0.096,0.052,0.098,0.106,0.192,0.1,0.104,0.14
02:47:00,0.31,0.202,0.182,0.174,0.148,0.12,0.082,0.17,0.11,0.372,0.052,0.332,0.078,0.166,0.148,0.256,0.084,0.122,0.142,0.054,0.052,0.076,0.202,0.058,0.118,0.12,0.088,0.348,0.278,0.174,0.246,0.0,0.096,0.052,0.098,0.106,0.192,0.1,0.104,0.14
02:48:00,0.31,0.202,0.182,0.174,0.148,0.12,0.082,0.17,0.11,0.372,0.052,0.332,0.078,0.166,0.148,0.256,0.084,0.122,0.142,0.054,0.052,0.076,0.202,0.058,0.118,0.12,0.088,0.348,0.278,0.174,0.246,0.0,0.096,0.052,0.098,0.106,0.192,0.1,0.104,0.14
02:49:00,0.31,0.202,0.182,0.174,0.148,0.12,0.082,0.17,0.11,0.372,0.052,0.332,0.078,0.166,0.148,0.256,0.084,0.122,0.142,0.054,0.052,0.076,0.202,0.058,0.118,0.12,0.088,0.348,0.278,0.174,0.246,0.0,0.096,0.052,0.098,0.106,0.192,0.1,0.104,0.14
02:50:00,0.31,0.202,0.182,0.174,0.148,0.12,0.082,0.17,0.11,0.372,0.052,0.332,0.078,0.166,0.148,0.256,0.084,0.122,0.142,0.054,0.052,0.076,0.202,0.058,0.118,0.12,0.088,0.348,0.278,0.174,0.246,0.0,0.096,0.052,0.098,0.106,0.192,0.1,0.104,0.14
02:51:00,0.31,0.202,0.182,0.174,0.148,0.12,0.082,0.17,0.11,0.372,0.052,0.332,0.078,0.166,0.148,0.256,0.084,0.122,0.142,0.054,0.052,0.076,0.202,0.058,0.118,0.12,0.088,0.348,0.278,0.174,0.246,0.0,0.096,0.052,0.098,0.106,0.192,0.1,0.104,0.14
02:52:00,0.31,0.202,0.182,0.174,0.148,0.12,0.082,0.17,0.11,0.372,0.052,0.332,0.078,0.166,0.148,0.256,0.084,0.122,0.142,0.054,0.052,0.076,0.202,0.058,0.118,0.12,0.088,0.348,0.278,0.174,0.246,0.0,0.096,0.052,0.098,0.106,0.192,0.1,0.104,0.14
02:53:00,0.31,0.202,0.182,0.174,0.148,0.12,0.082,0.17,0.11,0.372,0.052,0.332,0.078,0.166,0.148,0.256,0.084,0.122,0.142,0.054,0.052,0.076,0.202,0.058,0.118,0.12,0.088,0.348,0.278,0.174,0.246,0.0,0.096,0.052,0.098,0.106,0.192,0.1,0.104,0.14
02:54:00,0.31,0.202,0.182,0.174,0.148,0.12,0.082,0.17,0.11,0.372,0.052,0.332,0.078,0.166,0.148,0.256,0.084,0.122,0.142,0.054,0.052,0.076,0.202,0.058,0.118,0.12,0.088,0.348,0.278,0.174,0.246,0.0,0.096,0.052,0.098,0.106,0.192,0.1,0.104,0.14
02:55:00,0.31,0.202,0.182,0.174,0.148,0.12,0.082,0.17,0.11,0.372,0.052,0.332,0.078,0.166,0.148,0.256,0.084,0.122,0.142,0.054,0.052,0.076,0.202,0.058,0.118,0.12,0.088,0.348,0.278,0.174,0.246,0.0,0.096,0.052,0.098,0.106,0.192,0.1,0.104,0.14
02:56:00,0.31,0.202,0.182,0.174,0.148,0.12,0.082,0.17,0.11,0.372,0.052,0.332,0.078,0.166,0.148,0.256,0.084,0.122,0.142,0.054,0.052,0.076,0.202,0.058,0.118,0.12,0.088,0.348,0.278,0.174,0.246,0.0,0.096,0.052,0.098,0.106,0.192,0.1,0.104,0.14
02:57:00,0.31,0.202,0.182,0.174,0.148,0.12,0.082,0.17,0.11,0.372,0.052,0.332,0.078,0.166,0.148,0.256,0.084,0.122,0.142,0.054,0.052,0.076,0.202,0.058,0.118,0.12,0.088,0.348,0.278,0.174,0.246,0.0,0.096,0.052,0.098,0.106,0.192,0.1,0.104,0.14
02:58:00,0.31,0.202,0.182,0.174,0.148,0.12,0.082,0.17,0.11,0.372,0.052,0.332,0.078,0.166,0.148,0.256,0.084,0.122,0.142,0.054,0.052,0.076,0.202,0.058,0.118,0.12,0.088,0.348,0.278,0.174,0.246,0.0,0.096,0.052,0.098,0.106,0.192,0.1,0.104,0.14
02:59:00,0.31,0.202,0.182,0.174,0.148,0.12,0.082,0.17,0.11,0.372,0.052,0.332,0.078,0.166,0.148,0.256,0.084,0.122,0.142,0.054,0.052,0.076,0.202,0.058,0.118,0.12,0.088,0.348,0.278,0.174,0.246,0.0,0.096,0.052,0.098,0.106,0.192,0.1,0.104,0.14
03:00:00,0.3,0.066,0.126,0.236,0.172,0.116,0.072,0.2,0.068,0.51,0.076,0.198,0.058,0.08,0.182,0.274,0.078,0.064,0.138,0.09,0.096,0.06,0.15,0.256,0.07,0.178,0.062,0.096,0.174,0.054,0.246,0.0,0.086,0.154,0.108,0.272,0.268,0.106,0.094,0.138
03:01:00,0.3,0.066,0.126,0.236,0.172,0.116,0.072,0.2,0.068,0.51,0.076,0.198,0.058,0.08,0.182,0.274,0.078,0.064,0.138,0.09,0.096,0.06,0.15,0.256,0.07,0.178,0.062,0.096,0.174,0.054,0.246,0.0,0.086,0.154,0.108,0.272,0.268,0.106,0.094,0.138
03:02:00,0.3,0.066,0.126,0.236,0.172,0.116,0.072,0.2,0.068,0.51,0.076,0.198,0.058,0.08,0.182,0.274,0.078,0.064,0.138,0.09,0.096,0.06,0.15,0.256,0.07,0.178,0.062,0.096,0.174,0.054,0.246,0.0,0.086,0.154,0.108,0.272,0.268,0.106,0.094,0.138
03:03:00,0.3,0.066,0.126,0.236,0.172,0.116,0.072,0.2,0.068,0.51,0.076,0.198,0.058,0.08,0.182,0.274,0.078,0.064,0.138,0.09,0.096,0.06,0.15,0.256,0.07,0.178,0.062,0.096,0.174,0.054,0.246,0.0,0.086,0.154,0.108,0.272,0.268,0.106,0.094,0.138
03:04:00,0.3,0.066,0.126,0.236,0.172,0.116,0.072,0.2,0.068,0.51,0.076,0.198,0.058,0.08,0.182,0.274,0.078,0.064,0.138,0.09,0.096,0.06,0.15,0.256,0.07,0.178,0.062,0.096,0.174,0.054,0.246,0.0,0.086,0.154,0.108,0.272,0.268,0.106,0.094,0.138
03:05:00,0.3,0.066,0.126,0.236,0.172,0.116,0.072,0.2,0.068,0.51,0.076,0.198,0.058,0.08,0.182,0.274,0.078,0.064,0.138,0.09,0.096,0.06,0.15,0.256,0.07,0.178,0.062,0.096,0.174,0.054,0.246,0.0,0.086,0.154,0.108,0.272,0.268,0.106,0.094,0.138
03:06:00,0.3,0.066,0.126,0.236,0.172,0.116,0.072,0.2,0.068,0.51,0.076,0.198,0.058,0.08,0.182,0.274,0.078,0.064,0.138,0.09,0.096,0.06,0.15,0.256,0.07,0.178,0.062,0.096,0.174,0.054,0.246,0.0,0.086,0.154,0.108,0.272,0.268,0.106,0.094,0.138
03:07:00,0.3,0.066,0.126,0.236,0.172,0.116,0.072,0.2,0.068,0.51,0.076,0.198,0.058,0.08,0.182,0.274,0.078,0.064,0.138,0.09,0.096,0.06,0.15,0.256,0.07,0.178,0.062,0.096,0.174,0.054,0.246,0.0,0.086,0.154,0.108,0.272,0.268,0.106,0.094,0.138
03:08:00,0.3,0.066,0.126,0.236,0.172,0.116,0.072,0.2,0.068,0.51,0.076,0.198,0.058,0.08,0.182,0.274,0.078,0.064,0.138,0.09,0.096,0.06,0.15,0.256,0.07,0.178,0.062,0.096,0.174,0.054,0.246,0.0,0.086,0.154,0.108,0.272,0.268,0.106,0.094,0.138
03:09:00,0.3,0.066,0.126,0.236,0.172,0.116,0.072,0.2,0.068,0.51,0.076,0.198,0.058,0.08,0.182,0.274,0.078,0.064,0.138,0.09,0.096,0.06,0.15,0.256,0.07,0.178,0.062,0.096,0.174,0.054,0.246,0.0,0.086,0.154,0.108,0.272,0.268,0.106,0.094,0.138
03:10:00,0.3,0.066,0.126,0.236,0.172,0.116,0.072,0.2,0.068,0.51,0.076,0.198,0.058,0.08,0.182,0.274,0.078,0.064,0.138,0.09,0.096,0.06,0.15,0.256,0.07,0.178,0.062,0.096,0.174,0.054,0.246,0.0,0.086,0.154,0.108,0.272,0.268,0.106,0.094,0.138
03:11:00,0.3,0.066,0.126,0.236,0.172,0.116,0.072,0.2,0.068,0.51,0.076,0.198,0.058,0.08,0.182,0.274,0.078,0.064,0.138,0.09,0.096,0.06,0.15,0.256,0.07,0.178,0.062,0.096,0.174,0.054,0.246,0.0,0.086,0.154,0.108,0.272,0.268,0.106,0.094,0.138
03:12:00,0.3,0.066,0.126,0.236,0.172,0.116,0.072,0.2,0.068,0.51,0.076,0.198,0.058,0.08,0.182,0.274,0.078,0.064,0.138,0.09,0.096,0.06,0.15,0.256,0.07,0.178,0.062,0.096,0.174,0.054,0.246,0.0,0.086,0.154,0.108,0.272,0.268,0.106,0.094,0.138
03:13:00,0.3,0.066,0.126,0.236,0.172,0.116,0.072,0.2,0.068,0.51,0.076,0.198,0.058,0.08,0.182,0.274,0.078,0.064,0.138,0.09,0.096,0.06,0.15,0.256,0.07,0.178,0.062,0.096,0.174,0.054,0.246,0.0,0.086,0.154,0.108,0.272,0.268,0.106,0.094,0.138
03:14:00,0.3,0.066,0.126,0.236,0.172,0.116,0.072,0.2,0.068,0.51,0.076,0.198,0.058,0.08,0.182,0.274,0.078,0.064,0.138,0.09,0.096,0.06,0.15,0.256,0.07,0.178,0.062,0.096,0.174,0.054,0.246,0.0,0.086,0.154,0.108,0.272,0.268,0.106,0.094,0.138
03:15:00,0.3,0.066,0.126,0.236,0.172,0.116,0.072,0.2,0.068,0.51,0.076,0.198,0.058,0.08,0.182,0.274,0.078,0.064,0.138,0.09,0.096,0.06,0.15,0.256,0.07,0.178,0.062,0.096,0.174,0.054,0.246,0.0,0.086,0.154,0.108,0.272,0.268,0.106,0.094,0.138
03:16:00,0.3,0.066,0.126,0.236,0.172,0.116,0.072,0.2,0.068,0.51,0.076,0.198,0.058,0.08,0.182,0.274,0.078,0.064,0.138,0.09,0.096,0.06,0.15,0.256,0.07,0.178,0.062,0.096,0.174,0.054,0.246,0.0,0.086,0.154,0.108,0.272,0.268,0.106,0.094,0.138
03:17:00,0.3,0.066,0.126,0.236,0.172,0.116,0.072,0.2,0.068,0.51,0.076,0.198,0.058,0.08,0.182,0.274,0.078,0.064,0.138,0.09,0.096,0.06,0.15,0.256,0.07,0.178,0.062,0.096,0.174,0.054,0.246,0.0,0.086,0.154,0.108,0.272,0.268,0.106,0.094,0.138
03:18:00,0.3,0.066,0.126,0.236,0.172,0.116,0.072,0.2,0.068,0.51,0.076,0.198,0.058,0.08,0.182,0.274,0.078,0.064,0.138,0.09,0.096,0.06,0.15,0.256,0.07,0.178,0.062,0.096,0.174,0.054,0.246,0.0,0.086,0.154,0.108,0.272,0.268,0.106,0.094,0.138
03:19:00,0.3,0.066,0.126,0.236,0.172,0.116,0.072,0.2,0.068,0.51,0.076,0.198,0.058,0.08,0.182,0.274,0.078,0.064,0.138,0.09,0.096,0.06,0.15,0.256,0.07,0.178,0.062,0.096,0.174,0.054,0.246,0.0,0.086,0.154,0.108,0.272,0.268,0.106,0.094,0.138
03:20:00,0.3,0.066,0.126,0.236,0.172,0.116,0.072,0.2,0.068,0.51,0.076,0.198,0.058,0.08,0.182,0.274,0.078,0.064,0.138,0.09,0.096,0.06,0.15,0.256,0.07,0.178,0.062,0.096,0.174,0.054,0.246,0.0,0.086,0.154,0.108,0.272,0.268,0.106,0.094,0.138
03:21:00,0.3,0.066,0.126,0.236,0.172,0.116,0.072,0.2,0.068,0.51,0.076,0.198,0.058,0.08,0.182,0.274,0.078,0.064,0.138,0.09,0.096,0.06,0.15,0.256,0.07,0.178,0.062,0.096,0.174,0.054,0.246,0.0,0.086,0.154,0.108,0.272,0.268,0.106,0.094,0.138
03:22:00,0.3,0.066,0.126,0.236,0.172,0.116,0.072,0.2,0.068,0.51,0.076,0.198,0.058,0.08,0.182,0.274,0.078,0.064,0.138,0.09,0.096,0.06,0.15,0.256,0.07,0.178,0.062,0.096,0.174,0.054,0.246,0.0,0.086,0.154,0.108,0.272,0.268,0.106,0.094,0.138
03:23:00,0.3,0.066,0.126,0.236,0.172,0.116,0.072,0.2,0.068,0.51,0.076,0.198,0.058,0.08,0.182,0.274,0.078,0.064,0.138,0.09,0.096,0.06,0.15,0.256,0.07,0.178,0.062,0.096,0.174,0.054,0.246,0.0,0.086,0.154,0.108,0.272,0.268,0.106,0.094,0.138
03:24:00,0.3,0.066,0.126,0.236,0.172,0.116,0.072,0.2,0.068,0.51,0.076,0.198,0.058,0.08,0.182,0.274,0.078,0.064,0.138,0.09,0.096,0.06,0.15,0.256,0.07,0.178,0.062,0.096,0.174,0.054,0.246,0.0,0.086,0.154,0.108,0.272,0.268,0.106,0.094,0.138
03:25:00,0.3,0.066,0.126,0.236,0.172,0.116,0.072,0.2,0.068,0.51,0.076,0.198,0.058,0.08,0.182,0.274,0.078,0.064,0.138,0.09,0.096,0.06,0.15,0.256,0.07,0.178,0.062,0.096,0.174,0.054,0.246,0.0,0.086,0.154,0.108,0.272,0.268,0.106,0.094,0.138
03:26:00,0.3,0.066,0.126,0.236,0.172,0.116,0.072,0.2,0.068,0.51,0.076,0.198,0.058,0.08,0.182,0.274,0.078,0.064,0.138,0.09,0.096,0.06,0.15,0.256,0.07,0.178,0.062,0.096,0.174,0.054,0.246,0.0,0.086,0.154,0.108,0.272,0.268,0.106,0.094,0.138
03:27:00,0.3,0.066,0.126,0.236,0.172,0.116,0.072,0.2,0.068,0.51,0.076,0.198,0.058,0.08,0.182,0.274,0.078,0.064,0.138,0.09,0.096,0.06,0.15,0.256,0.07,0.178,0.062,0.096,0.174,0.054,0.246,0.0,0.086,0.154,0.108,0.272,0.268,0.106,0.094,0.138
03:28:00,0.3,0.066,0.126,0.236,0.172,0.116,0.072,0.2,0.068,0.51,0.076,0.198,0.058,0.08,0.182,0.274,0.078,0.064,0.138,0.09,0.096,0.06,0.15,0.256,0.07,0.178,0.062,0.096,0.174,0.054,0.246,0.0,0.086,0.154,0.108,0.272,0.268,0.106,0.094,0.138
03:29:00,0.3,0.066,0.126,0.236,0.172,0.116,0.072,0.2,0.068,0.51,0.076,0.198,0.058,0.08,0.182,0.274,0.078,0.064,0.138,0.09,0.096,0.06,0.15,0.256,0.07,0.178,0.062,0.096,0.174,0.054,0.246,0.0,0.086,0.154,0.108,0.272,0.268,0.106,0.094,0.138
03:30:00,0.264,0.146,0.106,0.17,0.154,0.114,0.074,0.182,0.076,0.218,0.148,0.178,0.098,0.55,0.176,0.294,0.136,0.028,0.132,0.032,0.05,0.142,0.156,0.148,0.11,0.066,0.128,0.074,0.544,0.054,0.246,0.184,0.074,0.13,0.126,0.274,0.162,0.11,0.092,0.12
03:31:00,0.264,0.146,0.106,0.17,0.154,0.114,0.074,0.182,0.076,0.218,0.148,0.178,0.098,0.55,0.176,0.294,0.136,0.028,0.132,0.032,0.05,0.142,0.156,0.148,0.11,0.066,0.128,0.074,0.544,0.054,0.246,0.184,0.074,0.13,0.126,0.274,0.162,0.11,0.092,0.12
03:32:00,0.264,0.146,0.106,0.17,0.154,0.114,0.074,0.182,0.076,0.218,0.148,0.178,0.098,0.55,0.176,0.294,0.136,0.028,0.132,0.032,0.05,0.142,0.156,0.148,0.11,0.066,0.128,0.074,0.544,0.054,0.246,0.184,0.074,0.13,0.126,0.274,0.162,0.11,0.092,0.12
03:33:00,0.264,0.146,0.106,0.17,0.154,0.114,0.074,0.182,0.076,0.218,0.148,0.178,0.098,0.55,0.176,0.294,0.136,0.028,0.132,0.032,0.05,0.142,0.156,0.148,0.11,0.066,0.128,0.074,0.544,0.054,0.246,0.184,0.074,0.13,0.126,0.274,0.162,0.11,0.092,0.12
03:34:00,0.264,0.146,0.106,0.17,0.154,0.114,0.074,0.182,0.076,0.218,0.148,0.178,0.098,0.55,0.176,0.294,0.136,0.028,0.132,0.032,0.05,0.142,0.156,0.148,0.11,0.066,0.128,0.074,0.544,0.054,0.246,0.184,0.074,0.13,0.126,0.274,0.162,0.11,0.092,0.12
03:35:00,0.264,0.146,0.106,0.17,0.154,0.114,0.074,0.182,0.076,0.218,0.148,0.178,0.098,0.55,0.176,0.294,0.136,0.028,0.132,0.032,0.05,0.142,0.156,0.148,0.11,0.066,0.128,0.074,0.544,0.054,0.246,0.184,0.074,0.13,0.126,0.274,0.162,0.11,0.092,0.12
03:36:00,0.264,0.146,0.106,0.17,0.154,0.114,0.074,0.182,0.076,0.218,0.148,0.178,0.098,0.55,0.176,0.294,0.136,0.028,0.132,0.032,0.05,0.142,0.156,0.148,0.11,0.066,0.128,0.074,0.544,0.054,0.246,0.184,0.074,0.13,0.126,0.274,0.162,0.11,0.092,0.12
03:37:00,0.264,0.146,0.106,0.17,0.154,0.114,0.074,0.182,0.076,0.218,0.148,0.178,0.098,0.55,0.176,0.294,0.136,0.028,0.132,0.032,0.05,0.142,0.156,0.148,0.11,0.066,0.128,0.074,0.544,0.054,0.246,0.184,0.074,0.13,0.126,0.274,0.162,0.11,0.092,0.12
03:38:00,0.264,0.146,0.106,0.17,0.154,0.114,0.074,0.182,0.076,0.218,0.148,0.178,0.098,0.55,0.176,0.294,0.136,0.028,0.132,0.032,0.05,0.142,0.156,0.148,0.11,0.066,0.128,0.074,0.544,0.054,0.246,0.184,0.074,0.13,0.126,0.274,0.162,0.11,0.092,0.12
03:39:00,0.264,0.146,0.106,0.17,0.154,0.114,0.074,0.182,0.076,0.218,0.148,0.178,0.098,0.55,0.176,0.294,0.136,0.028,0.132,0.032,0.05,0.142,0.156,0.148,0.11,0.066,0.128,0.074,0.544,0.054,0.246,0.184,0.074,0.13,0.126,0.274,0.162,0.11,0.092,0.12
03:40:00,0.264,0.146,0.106,0.17,0.154,0.114,0.074,0.182,0.076,0.218,0.148,0.178,0.098,0.55,0.176,0.294,0.136,0.028,0.132,0.032,0.05,0.142,0.156,0.148,0.11,0.066,0.128,0.074,0.544,0.054,0.246,0.184,0.074,0.13,0.126,0.274,0.162,0.11,0.092,0.12
03:41:00,0.264,0.146,0.106,0.17,0.154,0.114,0.074,0.182,0.076,0.218,0.148,0.178,0.098,0.55,0.176,0.294,0.136,0.028,0.132,0.032,0.05,0.142,0.156,0.148,0.11,0.066,0.128,0.074,0.544,0.054,0.246,0.184,0.074,0.13,0.126,0.274,0.162,0.11,0.092,0.12
03:42:00,0.264,0.146,0.106,0.17,0.154,0.114,0.074,0.182,0.076,0.218,0.148,0.178,0.098,0.55,0.176,0.294,0.136,0.028,0.132,0.032,0.05,0.142,0.156,0.148,0.11,0.066,0.128,0.074,0.544,0.054,0.246,0.184,0.074,0.13,0.126,0.274,0.162,0.11,0.092,0.12
03:43:00,0.264,0.146,0.106,0.17,0.154,0.114,0.074,0.182,0.076,0.218,0.148,0.178,0.098,0.55,0.176,0.294,0.136,0.028,0.132,0.032,0.05,0.142,0.156,0.148,0.11,0.066,0.128,0.074,0.544,0.054,0.246,0.184,0.074,0.13,0.126,0.274,0.162,0.11,0.092,0.12
03:44:00,0.264,0.146,0.106,0.17,0.154,0.114,0.074,0.182,0.076,0.218,0.148,0.178,0.098,0.55,0.176,0.294,0.136,0.028,0.132,0.032,0.05,0.142,0.156,0.148,0.11,0.066,0.128,0.074,0.544,0.054,0.246,0.184,0.074,0.13,0.126,0.274,0.162,0.11,0.092,0.12
03:45:00,0.264,0.146,0.106,0.17,0.154,0.114,0.074,0.182,0.076,0.218,0.148,0.178,0.098,0.55,0.176,0.294,0.136,0.028,0.132,0.032,0.05,0.142,0.156,0.148,0.11,0.066,0.128,0.074,0.544,0.054,0.246,0.184,0.074,0.13,0.126,0.274,0.162,0.11,0.092,0.12
03:46:00,0.264,0.146,0.106,0.17,0.154,0.114,0.074,0.182,0.076,0.218,0.148,0.178,0.098,0.55,0.176,0.294,0.136,0.028,0.132,0.032,0.05,0.142,0.156,0.148,0.11,0.066,0.128,0.074,0.544,0.054,0.246,0.184,0.074,0.13,0.126,0.274,0.162,0.11,0.092,0.12
03:47:00,0.264,0.146,0.106,0.17,0.154,0.114,0.074,0.182,0.076,0.218,0.148,0.178,0.098,0.55,0.176,0.294,0.136,0.028,0.132,0.032,0.05,0.142,0.156,0.148,0.11,0.066,0.128,0.074,0.544,0.054,0.246,0.184,0.074,0.13,0.126,0.274,0.162,0.11,0.092,0.12
03:48:00,0.264,0.146,0.106,0.17,0.154,0.114,0.074,0.182,0.076,0.218,0.148,0.178,0.098,0.55,0.176,0.294,0.136,0.028,0.132,0.032,0.05,0.142,0.156,0.148,0.11,0.066,0.128,0.074,0.544,0.054,0.246,0.184,0.074,0.13,0.126,0.274,0.162,0.11,0.092,0.12
03:49:00,0.264,0.146,0.106,0.17,0.154,0.114,0.074,0.182,0.076,0.218,0.148,0.178,0.098,0.55,0.176,0.294,0.136,0.028,0.132,0.032,0.05,0.142,0.156,0.148,0.11,0.066,0.128,0.074,0.544,0.054,0.246,0.184,0.074,0.13,0.126,0.274,0.162,0.11,0.092,0.12
03:50:00,0.264,0.146,0.106,0.17,0.154,0.114,0.074,0.182,0.076,0.218,0.148,0.178,0.098,0.55,0.176,0.294,0.136,0.028,0.132,0.032,0.05,0.142,0.156,0.148,0.11,0.066,0.128,0.074,0.544,0.054,0.246,0.184,0.074,0.13,0.126,0.274,0.162,0.11,0.092,0.12
03:51:00,0.264,0.146,0.106,0.17,0.154,0.114,0.074,0.182,0.076,0.218,0.148,0.178,0.098,0.55,0.176,0.294,0.136,0.028,0.132,0.032,0.05,0.142,0.156,0.148,0.11,0.066,0.128,0.074,0.544,0.054,0.246,0.184,0.074,0.13,0.126,0.274,0.162,0.11,0.092,0.12
03:52:00,0.264,0.146,0.106,0.17,0.154,0.114,0.074,0.182,0.076,0.218,0.148,0.178,0.098,0.55,0.176,0.294,0.136,0.028,0.132,0.032,0.05,0.142,0.156,0.148,0.11,0.066,0.128,0.074,0.544,0.054,0.246,0.184,0.074,0.13,0.126,0.274,0.162,0.11,0.092,0.12
03:53:00,0.264,0.146,0.106,0.17,0.154,0.114,0.074,0.182,0.076,0.218,0.148,0.178,0.098,0.55,0.176,0.294,0.136,0.028,0.132,0.032,0.05,0.142,0.156,0.148,0.11,0.066,0.128,0.074,0.544,0.054,0.246,0.184,0.074,0.13,0.126,0.274,0.162,0.11,0.092,0.12
03:54:00,0.264,0.146,0.106,0.17,0.154,0.114,0.074,0.182,0.076,0.218,0.148,0.178,0.098,0.55,0.176,0.294,0.136,0.028,0.132,0.032,0.05,0.142,0.156,0.148,0.11,0.066,0.128,0.074,0.544,0.054,0.246,0.184,0.074,0.13,0.126,0.274,0.162,0.11,0.092,0.12
03:55:00,0.264,0.146,0.106,0.17,0.154,0.114,0.074,0.182,0.076,0.218,0.148,0.178,0.098,0.55,0.176,0.294,0.136,0.028,0.132,0.032,0.05,0.142,0.156,0.148,0.11,0.066,0.128,0.074,0.544,0.054,0.246,0.184,0.074,0.13,0.126,0.274,0.162,0.11,0.092,0.12
03:56:00,0.264,0.146,0.106,0.17,0.154,0.114,0.074,0.182,0.076,0.218,0.148,0.178,0.098,0.55,0.176,0.294,0.136,0.028,0.132,0.032,0.05,0.142,0.156,0.148,0.11,0.066,0.128,0.074,0.544,0.054,0.246,0.184,0.074,0.13,0.126,0.274,0.162,0.11,0.092,0.12
03:57:00,0.264,0.146,0.106,0.17,0.154,0.114,0.074,0.182,0.076,0.218,0.148,0.178,0.098,0.55,0.176,0.294,0.136,0.028,0.132,0.032,0.05,0.142,0.156,0.148,0.11,0.066,0.128,0.074,0.544,0.054,0.246,0.184,0.074,0.13,0.126,0.274,0.162,0.11,0.092,0.12
03:58:00,0.264,0.146,0.106,0.17,0.154,0.114,0.074,0.182,0.076,0.218,0.148,0.178,0.098,0.55,0.176,0.294,0.136,0.028,0.132,0.032,0.05,0.142,0.156,0.148,0.11,0.066,0.128,0.074,0.544,0.054,0.246,0.184,0.074,0.13,0.126,0.274,0.162,0.11,0.092,0.12
03:59:00,0.264,0.146,0.106,0.17,0.154,0.114,0.074,0.182,0.076,0.218,0.148,0.178,0.098,0.55,0.176,0.294,0.136,0.028,0.132,0.032,0.05,0.142,0.156,0.148,0.11,0.066,0.128,0.074,0.544,0.054,0.246,0.184,0.074,0.13,0.126,0.274,0.162,0.11,0.092,0.12
04:00:00,0.274,0.136,0.156,0.236,0.144,0.112,0.072,0.16,0.1,0.214,0.138,0.176,0.096,0.71,0.196,0.238,0.13,0.05,0.146,0.092,0.096,0.088,0.156,0.16,0.176,0.13,0.024,0.072,0.092,0.156,0.24,0.0,0.094,0.128,0.126,0.138,0.234,0.098,0.096,0.12
04:01:00,0.274,0.136,0.156,0.236,0.144,0.112,0.072,0.16,0.1,0.214,0.138,0.176,0.096,0.71,0.196,0.238,0.13,0.05,0.146,0.092,0.096,0.088,0.156,0.16,0.176,0.13,0.024,0.072,0.092,0.156,0.24,0.0,0.094,0.128,0.126,0.138,0.234,0.098,0.096,0.12
04:02:00,0.274,0.136,0.156,0.236,0.144,0.112,0.072,0.16,0.1,0.214,0.138,0.176,0.096,0.71,0.196,0.238,0.13,0.05,0.146,0.092,0.096,0.088,0.156,0.16,0.176,0.13,0.024,0.072,0.092,0.156,0.24,0.0,0.094,0.128,0.126,0.138,0.234,0.098,0.096,0.12
04:03:00,0.274,0.136,0.156,0.236,0.144,0.112,0.072,0.16,0.1,0.214,0.138,0.176,0.096,0.71,0.196,0.238,0.13,0.05,0.146,0.092,0.096,0.088,0.156,0.16,0.176,0.13,0.024,0.072,0.092,0.156,0.24,0.0,0.094,0.128,0.126,0.138,0.234,0.098,0.096,0.12
04:04:00,0.274,0.136,0.156,0.236,0.144,0.112,0.072,0.16,0.1,0.214,0.138,0.176,0.096,0.71,0.196,0.238,0.13,0.05,0.146,0.092,0.096,0.088,0.156,0.16,0.176,0.13,0.024,0.072,0.092,0.156,0.24,0.0,0.094,0.128,0.126,0.138,0.234,0.098,0.096,0.12
04:05:00,0.274,0.136,0.156,0.236,0.144,0.112,0.072,0.16,0.1,0.214,0.138,0.176,0.096,0.71,0.196,0.238,0.13,0.05,0.146,0.092,0.096,0.088,0.156,0.16,0.176,0.13,0.024,0.072,0.092,0.156,0.24,0.0,0.094,0.128,0.126,0.138,0.234,0.098,0.096,0.12
04:06:00,0.274,0.136,0.156,0.236,0.144,0.112,0.072,0.16,0.1,0.214,0.138,0.176,0.096,0.71,0.196,0.238,0.13,0.05,0.146,0.092,0.096,0.088,0.156,0.16,0.176,0.13,0.024,0.072,0.092,0.156,0.24,0.0,0.094,0.128,0.126,0.138,0.234,0.098,0.096,0.12
04:07:00,0.274,0.136,0.156,0.236,0.144,0.112,0.072,0.16,0.1,0.214,0.138,0.176,0.096,0.71,0.196,0.238,0.13,0.05,0.146,0.092,0.096,0.088,0.156,0.16,0.176,0.13,0.024,0.072,0.092,0.156,0.24,0.0,0.094,0.128,0.126,0.138,0.234,0.098,0.096,0.12
04:08:00,0.274,0.136,0.156,0.236,0.144,0.112,0.072,0.16,0.1,0.214,0.138,0.176,0.096,0.71,0.196,0.238,0.13,0.05,0.146,0.092,0.096,0.088,0.156,0.16,0.176,0.13,0.024,0.072,0.092,0.156,0.24,0.0,0.094,0.128,0.126,0.138,0.234,0.098,0.096,0.12
04:09:00,0.274,0.136,0.156,0.236,0.144,0.112,0.072,0.16,0.1,0.214,0.138,0.176,0.096,0.71,0.196,0.238,0.13,0.05,0.146,0.092,0.096,0.088,0.156,0.16,0.176,0.13,0.024,0.072,0.092,0.156,0.24,0.0,0.094,0.128,0.126,0.138,0.234,0.098,0.096,0.12
04:10:00,0.274,0.136,0.156,0.236,0.144,0.112,0.072,0.16,0.1,0.214,0.138,0.176,0.096,0.71,0.196,0.238,0.13,0.05,0.146,0.092,0.096,0.088,0.156,0.16,0.176,0.13,0.024,0.072,0.092,0.156,0.24,0.0,0.094,0.128,0.126,0.138,0.234,0.098,0.096,0.12
04:11:00,0.274,0.136,0.156,0.236,0.144,0.112,0.072,0.16,0.1,0.214,0.138,0.176,0.096,0.71,0.196,0.238,0.13,0.05,0.146,0.092,0.096,0.088,0.156,0.16,0.176,0.13,0.024,0.072,0.092,0.156,0.24,0.0,0.094,0.128,0.126,0.138,0.234,0.098,0.096,0.12
04:12:00,0.274,0.136,0.156,0.236,0.144,0.112,0.072,0.16,0.1,0.214,0.138,0.176,0.096,0.71,0.196,0.238,0.13,0.05,0.146,0.092,0.096,0.088,0.156,0.16,0.176,0.13,0.024,0.072,0.092,0.156,0.24,0.0,0.094,0.128,0.126,0.138,0.234,0.098,0.096,0.12
04:13:00,0.274,0.136,0.156,0.236,0.144,0.112,0.072,0.16,0.1,0.214,0.138,0.176,0.096,0.71,0.196,0.238,0.13,0.05,0.146,0.092,0.096,0.088,0.156,0.16,0.176,0.13,0.024,0.072,0.092,0.156,0.24,0.0,0.094,0.128,0.126,0.138,0.234,0.098,0.096,0.12
04:14:00,0.274,0.136,0.156,0.236,0.144,0.112,0.072,0.16,0.1,0.214,0.138,0.176,0.096,0.71,0.196,0.238,0.13,0.05,0.146,0.092,0.096,0.088,0.156,0.16,0.176,0.13,0.024,0.072,0.092,0.156,0.24,0.0,0.094,0.128,0.126,0.138,0.234,0.098,0.096,0.12
04:15:00,0.274,0.136,0.156,0.236,0.144,0.112,0.072,0.16,0.1,0.214,0.138,0.176,0.096,0.71,0.196,0.238,0.13,0.05,0.146,0.092,0.096,0.088,0.156,0.16,0.176,0.13,0.024,0.072,0.092,0.156,0.24,0.0,0.094,0.128,0.126,0.138,0.234,0.098,0.096,0.12
04:16:00,0.274,0.136,0.156,0.236,0.144,0.112,0.072,0.16,0.1,0.214,0.138,0.176,0.096,0.71,0.196,0.238,0.13,0.05,0.146,0.092,0.096,0.088,0.156,0.16,0.176,0.13,0.024,0.072,0.092,0.156,0.24,0.0,0.094,0.128,0.126,0.138,0.234,0.098,0.096,0.12
04:17:00,0.274,0.136,0.156,0.236,0.144,0.112,0.072,0.16,0.1,0.214,0.138,0.176,0.096,0.71,0.196,0.238,0.13,0.05,0.146,0.092,0.096,0.088,0.156,0.16,0.176,0.13,0.024,0.072,0.092,0.156,0.24,0.0,0.094,0.128,0.126,0.138,0.234,0.098,0.096,0.12
04:18:00,0.274,0.136,0.156,0.236,0.144,0.112,0.072,0.16,0.1,0.214,0.138,0.176,0.096,0.71,0.196,0.238,0.13,0.05,0.146,0.092,0.096,0.088,0.156,0.16,0.176,0.13,0.024,0.072,0.092,0.156,0.24,0.0,0.094,0.128,0.126,0.138,0.234,0.098,0.096,0.12
04:19:00,0.274,0.136,0.156,0.236,0.144,0.112,0.072,0.16,0.1,0.214,0.138,0.176,0.096,0.71,0.196,0.238,0.13,0.05,0.146,0.092,0.096,0.088,0.156,0.16,0.176,0.13,0.024,0.072,0.092,0.156,0.24,0.0,0.094,0.128,0.126,0.138,0.234,0.098,0.096,0.12
04:20:00,0.274,0.136,0.156,0.236,0.144,0.112,0.072,0.16,0.1,0.214,0.138,0.176,0.096,0.71,0.196,0.238,0.13,0.05,0.146,0.092,0.096,0.088,0.156,0.16,0.176,0.13,0.024,0.072,0.092,0.156,0.24,0.0,0.094,0.128,0.126,0.138,0.234,0.098,0.096,0.12
04:21:00,0.274,0.136,0.156,0.236,0.144,0.112,0.072,0.16,0.1,0.214,0.138,0.176,0.096,0.71,0.196,0.238,0.13,0.05,0.146,0.092,0.096,0.088,0.156,0.16,0.176,0.13,0.024,0.072,0.092,0.156,0.24,0.0,0.094,0.128,0.126,0.138,0.234,0.098,0.096,0.12
04:22:00,0.274,0.136,0.156,0.236,0.144,0.112,0.072,0.16,0.1,0.214,0.138,0.176,0.096,0.71,0.196,0.238,0.13,0.05,0.146,0.092,0.096,0.088,0.156,0.16,0.176,0.13,0.024,0.072,0.092,0.156,0.24,0.0,0.094,0.128,0.126,0.138,0.234,0.098,0.096,0.12
04:23:00,0.274,0.136,0.156,0.236,0.144,0.112,0.072,0.16,0.1,0.214,0.138,0.176,0.096,0.71,0.196,0.238,0.13,0.05,0.146,0.092,0.096,0.088,0.156,0.16,0.176,0.13,0.024,0.072,0.092,0.156,0.24,0.0,0.094,0.128,0.126,0.138,0.234,0.098,0.096,0.12
04:24:00,0.274,0.136,0.156,0.236,0.144,0.112,0.072,0.16,0.1,0.214,0.138,0.176,0.096,0.71,0.196,0.238,0.13,0.05,0.146,0.092,0.096,0.088,0.156,0.16,0.176,0.13,0.024,0.072,0.092,0.156,0.24,0.0,0.094,0.128,0.126,0.138,0.234,0.098,0.096,0.12
04:25:00,0.274,0.136,0.156,0.236,0.144,0.112,0.072,0.16,0.1,0.214,0.138,0.176,0.096,0.71,0.196,0.238,0.13,0.05,0.146,0.092,0.096,0.088,0.156,0.16,0.176,0.13,0.024,0.072,0.092,0.156,0.24,0.0,0.094,0.128,0.126,0.138,0.234,0.098,0.096,0.12
04:26:00,0.274,0.136,0.156,0.236,0.144,0.112,0.072,0.16,0.1,0.214,0.138,0.176,0.096,0.71,0.196,0.238,0.13,0.05,0.146,0.092,0.096,0.088,0.156,0.16,0.176,0.13,0.024,0.072,0.092,0.156,0.24,0.0,0.094,0.128,0.126,0.138,0.234,0.098,0.096,0.12
04:27:00,0.274,0.136,0.156,0.236,0.144,0.112,0.072,0.16,0.1,0.214,0.138,0.176,0.096,0.71,0.196,0.238,0.13,0.05,0.146,0.092,0.096,0.088,0.156,0.16,0.176,0.13,0.024,0.072,0.092,0.156,0.24,0.0,0.094,0.128,0.126,0.138,0.234,0.098,0.096,0.12
04:28:00,0.274,0.136,0.156,0.236,0.144,0.112,0.072,0.16,0.1,0.214,0.138,0.176,0.096,0.71,0.196,0.238,0.13,0.05,0.146,0.092,0.096,0.088,0.156,0.16,0.176,0.13,0.024,0.072,0.092,0.156,0.24,0.0,0.094,0.128,0.126,0.138,0.234,0.098,0.096,0.12
04:29:00,0.274,0.136,0.156,0.236,0.144,0.112,0.072,0.16,0.1,0.214,0.138,0.176,0.096,0.71,0.196,0.238,0.13,0.05,0.146,0.092,0.096,0.088,0.156,0.16,0.176,0.13,0.024,0.072,0.092,0.156,0.24,0.0,0.094,0.128,0.126,0.138,0.234,0.098,0.096,0.12
04:30:00,0.398,0.074,0.152,0.188,0.142,0.208,0.074,0.202,0.408,0.25,0.05,0.158,0.074,0.732,0.178,0.28,0.204,0.134,0.124,0.048,0.092,0.046,0.15,0.062,0.18,0.062,0.116,0.072,0.062,0.106,0.242,0.0,0.098,0.17,0.104,0.202,0.172,0.08,0.122,0.136
04:31:00,0.398,0.074,0.152,0.188,0.142,0.208,0.074,0.202,0.408,0.25,0.05,0.158,0.074,0.732,0.178,0.28,0.204,0.134,0.124,0.048,0.092,0.046,0.15,0.062,0.18,0.062,0.116,0.072,0.062,0.106,0.242,0.0,0.098,0.17,0.104,0.202,0.172,0.08,0.122,0.136
04:32:00,0.398,0.074,0.152,0.188,0.142,0.208,0.074,0.202,0.408,0.25,0.05,0.158,0.074,0.732,0.178,0.28,0.204,0.134,0.124,0.048,0.092,0.046,0.15,0.062,0.18,0.062,0.116,0.072,0.062,0.106,0.242,0.0,0.098,0.17,0.104,0.202,0.172,0.08,0.122,0.136
04:33:00,0.398,0.074,0.152,0.188,0.142,0.208,0.074,0.202,0.408,0.25,0.05,0.158,0.074,0.732,0.178,0.28,0.204,0.134,0.124,0.048,0.092,0.046,0.15,0.062,0.18,0.062,0.116,0.072,0.062,0.106,0.242,0.0,0.098,0.17,0.104,0.202,0.172,0.08,0.122,0.136
04:34:00,0.398,0.074,0.152,0.188,0.142,0.208,0.074,0.202,0.408,0.25,0.05,0.158,0.074,0.732,0.178,0.28,0.204,0.134,0.124,0.048,0.092,0.046,0.15,0.062,0.18,0.062,0.116,0.072,0.062,0.106,0.242,0.0,0.098,0.17,0.104,0.202,0.172,0.08,0.122,0.136
04:35:00,0.398,0.074,0.152,0.188,0.142,0.208,0.074,0.202,0.408,0.25,0.05,0.158,0.074,0.732,0.178,0.28,0.204,0.134,0.124,0.048,0.092,0.046,0.15,0.062,0.18,0.062,0.116,0.072,0.062,0.106,0.242,0.0,0.098,0.17,0.104,0.202,0.172,0.08,0.122,0.136
04:36:00,0.398,0.074,0.152,0.188,0.142,0.208,0.074,0.202,0.408,0.25,0.05,0.158,0.074,0.732,0.178,0.28,0.204,0.134,0.124,0.048,0.092,0.046,0.15,0.062,0.18,0.062,0.116,0.072,0.062,0.106,0.242,0.0,0.098,0.17,0.104,0.202,0.172,0.08,0.122,0.136
04:37:00,0.398,0.074,0.152,0.188,0.142,0.208,0.074,0.202,0.408,0.25,0.05,0.158,0.074,0.732,0.178,0.28,0.204,0.134,0.124,0.048,0.092,0.046,0.15,0.062,0.18,0.062,0.116,0.072,0.062,0.106,0.242,0.0,0.098,0.17,0.104,0.202,0.172,0.08,0.122,0.136
04:38:00,0.398,0.074,0.152,0.188,0.142,0.208,0.074,0.202,0.408,0.25,0.05,0.158,0.074,0.732,0.178,0.28,0.204,0.134,0.124,0.048,0.092,0.046,0.15,0.062,0.18,0.062,0.116,0.072,0.062,0.106,0.242,0.0,0.098,0.17,0.104,0.202,0.172,0.08,0.122,0.136
04:39:00,0.398,0.074,0.152,0.188,0.142,0.208,0.074,0.202,0.408,0.25,0.05,0.158,0.074,0.732,0.178,0.28,0.204,0.134,0.124,0.048,0.092,0.046,0.15,0.062,0.18,0.062,0.116,0.072,0.062,0.106,0.242,0.0,0.098,0.17,0.104,0.202,0.172,0.08,0.122,0.136
04:40:00,0.398,0.074,0.152,0.188,0.142,0.208,0.074,0.202,0.408,0.25,0.05,0.158,0.074,0.732,0.178,0.28,0.204,0.134,0.124,0.048,0.092,0.046,0.15,0.062,0.18,0.062,0.116,0.072,0.062,0.106,0.242,0.0,0.098,0.17,0.104,0.202,0.172,0.08,0.122,0.136
04:41:00,0.398,0.074,0.152,0.188,0.142,0.208,0.074,0.202,0.408,0.25,0.05,0.158,0.074,0.732,0.178,0.28,0.204,0.134,0.124,0.048,0.092,0.046,0.15,0.062,0.18,0.062,0.116,0.072,0.062,0.106,0.242,0.0,0.098,0.17,0.104,0.202,0.172,0.08,0.122,0.136
04:42:00,0.398,0.074,0.152,0.188,0.142,0.208,0.074,0.202,0.408,0.25,0.05,0.158,0.074,0.732,0.178,0.28,0.204,0.134,0.124,0.048,0.092,0.046,0.15,0.062,0.18,0.062,0.116,0.072,0.062,0.106,0.242,0.0,0.098,0.17,0.104,0.202,0.172,0.08,0.122,0.136
04:43:00,0.398,0.074,0.152,0.188,0.142,0.208,0.074,0.202,0.408,0.25,0.05,0.158,0.074,0.732,0.178,0.28,0.204,0.134,0.124,0.048,0.092,0.046,0.15,0.062,0.18,0.062,0.116,0.072,0.062,0.106,0.242,0.0,0.098,0.17,0.104,0.202,0.172,0.08,0.122,0.136
04:44:00,0.398,0.074,0.152,0.188,0.142,0.208,0.074,0.202,0.408,0.25,0.05,0.158,0.074,0.732,0.178,0.28,0.204,0.134,0.124,0.048,0.092,0.046,0.15,0.062,0.18,0.062,0.116,0.072,0.062,0.106,0.242,0.0,0.098,0.17,0.104,0.202,0.172,0.08,0.122,0.136
04:45:00,0.398,0.074,0.152,0.188,0.142,0.208,0.074,0.202,0.408,0.25,0.05,0.158,0.074,0.732,0.178,0.28,0.204,0.134,0.124,0.048,0.092,0.046,0.15,0.062,0.18,0.062,0.116,0.072,0.062,0.106,0.242,0.0,0.098,0.17,0.104,0.202,0.172,0.08,0.122,0.136
04:46:00,0.398,0.074,0.152,0.188,0.142,0.208,0.074,0.202,0.408,0.25,0.05,0.158,0.074,0.732,0.178,0.28,0.204,0.134,0.124,0.048,0.092,0.046,0.15,0.062,0.18,0.062,0.116,0.072,0.062,0.106,0.242,0.0,0.098,0.17,0.104,0.202,0.172,0.08,0.122,0.136
04:47:00,0.398,0.074,0.152,0.188,0.142,0.208,0.074,0.202,0.408,0.25,0.05,0.158,0.074,0.732,0.178,0.28,0.204,0.134,0.124,0.048,0.092,0.046,0.15,0.062,0.18,0.062,0.116,0.072,0.062,0.106,0.242,0.0,0.098,0.17,0.104,0.202,0.172,0.08,0.122,0.136
04:48:00,0.398,0.074,0.152,0.188,0.142,0.208,0.074,0.202,0.408,0.25,0.05,0.158,0.074,0.732,0.178,0.28,0.204,0.134,0.124,0.048,0.092,0.046,0.15,0.062,0.18,0.062,0.116,0.072,0.062,0.106,0.242,0.0,0.098,0.17,0.104,0.202,0.172,0.08,0.122,0.136
04:49:00,0.398,0.074,0.152,0.188,0.142,0.208,0.074,0.202,0.408,0.25,0.05,0.158,0.074,0.732,0.178,0.28,0.204,0.134,0.124,0.048,0.092,0.046,0.15,0.062,0.18,0.062,0.116,0.072,0.062,0.106,0.242,0.0,0.098,0.17,0.104,0.202,0.172,0.08,0.122,0.136
04:50:00,0.398,0.074,0.152,0.188,0.142,0.208,0.074,0.202,0.408,0.25,0.05,0.158,0.074,0.732,0.178,0.28,0.204,0.134,0.124,0.048,0.092,0.046,0.15,0.062,0.18,0.062,0.116,0.072,0.062,0.106,0.242,0.0,0.098,0.17,0.104,0.202,0.172,0.08,0.122,0.136
04:51:00,0.398,0.074,0.152,0.188,0.142,0.208,0.074,0.202,0.408,0.25,0.05,0.158,0.074,0.732,0.178,0.28,0.204,0.134,0.124,0.048,0.092,0.046,0.15,0.062,0.18,0.062,0.116,0.072,0.062,0.106,0.242,0.0,0.098,0.17,0.104,0.202,0.172,0.08,0.122,0.136
04:52:00,0.398,0.074,0.152,0.188,0.142,0.208,0.074,0.202,0.408,0.25,0.05,0.158,0.074,0.732,0.178,0.28,0.204,0.134,0.124,0.048,0.092,0.046,0.15,0.062,0.18,0.062,0.116,0.072,0.062,0.106,0.242,0.0,0.098,0.17,0.104,0.202,0.172,0.08,0.122,0.136
04:53:00,0.398,0.074,0.152,0.188,0.142,0.208,0.074,0.202,0.408,0.25,0.05,0.158,0.074,0.732,0.178,0.28,0.204,0.134,0.124,0.048,0.092,0.046,0.15,0.062,0.18,0.062,0.116,0.072,0.062,0.106,0.242,0.0,0.098,0.17,0.104,0.202,0.172,0.08,0.122,0.136
04:54:00,0.398,0.074,0.152,0.188,0.142,0.208,0.074,0.202,0.408,0.25,0.05,0.158,0.074,0.732,0.178,0.28,0.204,0.134,0.124,0.048,0.092,0.046,0.15,0.062,0.18,0.062,0.116,0.072,0.062,0.106,0.242,0.0,0.098,0.17,0.104,0.202,0.172,0.08,0.122,0.136
04:55:00,0.398,0.074,0.152,0.188,0.142,0.208,0.074,0.202,0.408,0.25,0.05,0.158,0.074,0.732,0.178,0.28,0.204,0.134,0.124,0.048,0.092,0.046,0.15,0.062,0.18,0.062,0.116,0.072,0.062,0.106,0.242,0.0,0.098,0.17,0.104,0.202,0.172,0.08,0.122,0.136
04:56:00,0.398,0.074,0.152,0.188,0.142,0.208,0.074,0.202,0.408,0.25,0.05,0.158,0.074,0.732,0.178,0.28,0.204,0.134,0.124,0.048,0.092,0.046,0.15,0.062,0.18,0.062,0.116,0.072,0.062,0.106,0.242,0.0,0.098,0.17,0.104,0.202,0.172,0.08,0.122,0.136
04:57:00,0.398,0.074,0.152,0.188,0.142,0.208,0.074,0.202,0.408,0.25,0.05,0.158,0.074,0.732,0.178,0.28,0.204,0.134,0.124,0.048,0.092,0.046,0.15,0.062,0.18,0.062,0.116,0.072,0.062,0.106,0.242,0.0,0.098,0.17,0.104,0.202,0.172,0.08,0.122,0.136
04:58:00,0.398,0.074,0.152,0.188,0.142,0.208,0.074,0.202,0.408,0.25,0.05,0.158,0.074,0.732,0.178,0.28,0.204,0.134,0.124,0.048,0.092,0.046,0.15,0.062,0.18,0.062,0.116,0.072,0.062,0.106,0.242,0.0,0.098,0.17,0.104,0.202,0.172,0.08,0.122,0.136
04:59:00,0.398,0.074,0.152,0.188,0.142,0.208,0.074,0.202,0.408,0.25,0.05,0.158,0.074,0.732,0.178,0.28,0.204,0.134,0.124,0.048,0.092,0.046,0.15,0.062,0.18,0.062,0.116,0.072,0.062,0.106,0.242,0.0,0.098,0.17,0.104,0.202,0.172,0.08,0.122,0.136
05:00:00,0.288,0.168,0.094,0.212,0.118,0.116,0.168,0.168,0.414,0.282,0.068,0.174,0.062,0.696,0.184,0.494,0.208,0.028,0.152,0.044,0.07,0.11,0.166,0.07,0.162,0.126,0.068,0.05,0.094,0.052,0.172,0.0,0.096,0.11,0.084,0.19,0.268,0.106,0.138,0.134
05:01:00,0.288,0.168,0.094,0.212,0.118,0.116,0.168,0.168,0.414,0.282,0.068,0.174,0.062,0.696,0.184,0.494,0.208,0.028,0.152,0.044,0.07,0.11,0.166,0.07,0.162,0.126,0.068,0.05,0.094,0.052,0.172,0.0,0.096,0.11,0.084,0.19,0.268,0.106,0.138,0.134
05:02:00,0.288,0.168,0.094,0.212,0.118,0.116,0.168,0.168,0.414,0.282,0.068,0.174,0.062,0.696,0.184,0.494,0.208,0.028,0.152,0.044,0.07,0.11,0.166,0.07,0.162,0.126,0.068,0.05,0.094,0.052,0.172,0.0,0.096,0.11,0.084,0.19,0.268,0.106,0.138,0.134
05:03:00,0.288,0.168,0.094,0.212,0.118,0.116,0.168,0.168,0.414,0.282,0.068,0.174,0.062,0.696,0.184,0.494,0.208,0.028,0.152,0.044,0.07,0.11,0.166,0.07,0.162,0.126,0.068,0.05,0.094,0.052,0.172,0.0,0.096,0.11,0.084,0.19,0.268,0.106,0.138,0.134
05:04:00,0.288,0.168,0.094,0.212,0.118,0.116,0.168,0.168,0.414,0.282,0.068,0.174,0.062,0.696,0.184,0.494,0.208,0.028,0.152,0.044,0.07,0.11,0.166,0.07,0.162,0.126,0.068,0.05,0.094,0.052,0.172,0.0,0.096,0.11,0.084,0.19,0.268,0.106,0.138,0.134
05:05:00,0.288,0.168,0.094,0.212,0.118,0.116,0.168,0.168,0.414,0.282,0.068,0.174,0.062,0.696,0.184,0.494,0.208,0.028,0.152,0.044,0.07,0.11,0.166,0.07,0.162,0.126,0.068,0.05,0.094,0.052,0.172,0.0,0.096,0.11,0.084,0.19,0.268,0.106,0.138,0.134
05:06:00,0.288,0.168,0.094,0.212,0.118,0.116,0.168,0.168,0.414,0.282,0.068,0.174,0.062,0.696,0.184,0.494,0.208,0.028,0.152,0.044,0.07,0.11,0.166,0.07,0.162,0.126,0.068,0.05,0.094,0.052,0.172,0.0,0.096,0.11,0.084,0.19,0.268,0.106,0.138,0.134
05:07:00,0.288,0.168,0.094,0.212,0.118,0.116,0.168,0.168,0.414,0.282,0.068,0.174,0.062,0.696,0.184,0.494,0.208,0.028,0.152,0.044,0.07,0.11,0.166,0.07,0.162,0.126,0.068,0.05,0.094,0.052,0.172,0.0,0.096,0.11,0.084,0.19,0.268,0.106,0.138,0.134
05:08:00,0.288,0.168,0.094,0.212,0.118,0.116,0.168,0.168,0.414,0.282,0.068,0.174,0.062,0.696,0.184,0.494,0.208,0.028,0.152,0.044,0.07,0.11,0.166,0.07,0.162,0.126,0.068,0.05,0.094,0.052,0.172,0.0,0.096,0.11,0.084,0.19,0.268,0.106,0.138,0.134
05:09:00,0.288,0.168,0.094,0.212,0.118,0.116,0.168,0.168,0.414,0.282,0.068,0.174,0.062,0.696,0.184,0.494,0.208,0.028,0.152,0.044,0.07,0.11,0.166,0.07,0.162,0.126,0.068,0.05,0.094,0.052,0.172,0.0,0.096,0.11,0.084,0.19,0.268,0.106,0.138,0.134
05:10:00,0.288,0.168,0.094,0.212,0.118,0.116,0.168,0.168,0.414,0.282,0.068,0.174,0.062,0.696,0.184,0.494,0.208,0.028,0.152,0.044,0.07,0.11,0.166,0.07,0.162,0.126,0.068,0.05,0.094,0.052,0.172,0.0,0.096,0.11,0.084,0.19,0.268,0.106,0.138,0.134
05:11:00,0.288,0.168,0.094,0.212,0.118,0.116,0.168,0.168,0.414,0.282,0.068,0.174,0.062,0.696,0.184,0.494,0.208,0.028,0.152,0.044,0.07,0.11,0.166,0.07,0.162,0.126,0.068,0.05,0.094,0.052,0.172,0.0,0.096,0.11,0.084,0.19,0.268,0.106,0.138,0.134
05:12:00,0.288,0.168,0.094,0.212,0.118,0.116,0.168,0.168,0.414,0.282,0.068,0.174,0.062,0.696,0.184,0.494,0.208,0.028,0.152,0.044,0.07,0.11,0.166,0.07,0.162,0.126,0.068,0.05,0.094,0.052,0.172,0.0,0.096,0.11,0.084,0.19,0.268,0.106,0.138,0.134
05:13:00,0.288,0.168,0.094,0.212,0.118,0.116,0.168,0.168,0.414,0.282,0.068,0.174,0.062,0.696,0.184,0.494,0.208,0.028,0.152,0.044,0.07,0.11,0.166,0.07,0.162,0.126,0.068,0.05,0.094,0.052,0.172,0.0,0.096,0.11,0.084,0.19,0.268,0.106,0.138,0.134
05:14:00,0.288,0.168,0.094,0.212,0.118,0.116,0.168,0.168,0.414,0.282,0.068,0.174,0.062,0.696,0.184,0.494,0.208,0.028,0.152,0.044,0.07,0.11,0.166,0.07,0.162,0.126,0.068,0.05,0.094,0.052,0.172,0.0,0.096,0.11,0.084,0.19,0.268,0.106,0.138,0.134
05:15:00,0.288,0.168,0.094,0.212,0.118,0.116,0.168,0.168,0.414,0.282,0.068,0.174,0.062,0.696,0.184,0.494,0.208,0.028,0.152,0.044,0.07,0.11,0.166,0.07,0.162,0.126,0.068,0.05,0.094,0.052,0.172,0.0,0.096,0.11,0.084,0.19,0.268,0.106,0.138,0.134
05:16:00,0.288,0.168,0.094,0.212,0.118,0.116,0.168,0.168,0.414,0.282,0.068,0.174,0.062,0.696,0.184,0.494,0.208,0.028,0.152,0.044,0.07,0.11,0.166,0.07,0.162,0.126,0.068,0.05,0.094,0.052,0.172,0.0,0.096,0.11,0.084,0.19,0.268,0.106,0.138,0.134
05:17:00,0.288,0.168,0.094,0.212,0.118,0.116,0.168,0.168,0.414,0.282,0.068,0.174,0.062,0.696,0.184,0.494,0.208,0.028,0.152,0.044,0.07,0.11,0.166,0.07,0.162,0.126,0.068,0.05,0.094,0.052,0.172,0.0,0.096,0.11,0.084,0.19,0.268,0.106,0.138,0.134
05:18:00,0.288,0.168,0.094,0.212,0.118,0.116,0.168,0.168,0.414,0.282,0.068,0.174,0.062,0.696,0.184,0.494,0.208,0.028,0.152,0.044,0.07,0.11,0.166,0.07,0.162,0.126,0.068,0.05,0.094,0.052,0.172,0.0,0.096,0.11,0.084,0.19,0.268,0.106,0.138,0.134
05:19:00,0.288,0.168,0.094,0.212,0.118,0.116,0.168,0.168,0.414,0.282,0.068,0.174,0.062,0.696,0.184,0.494,0.208,0.028,0.152,0.044,0.07,0.11,0.166,0.07,0.162,0.126,0.068,0.05,0.094,0.052,0.172,0.0,0.096,0.11,0.084,0.19,0.268,0.106,0.138,0.134
05:20:00,0.288,0.168,0.094,0.212,0.118,0.116,0.168,0.168,0.414,0.282,0.068,0.174,0.062,0.696,0.184,0.494,0.208,0.028,0.152,0.044,0.07,0.11,0.166,0.07,0.162,0.126,0.068,0.05,0.094,0.052,0.172,0.0,0.096,0.11,0.084,0.19,0.268,0.106,0.138,0.134
05:21:00,0.288,0.168,0.094,0.212,0.118,0.116,0.168,0.168,0.414,0.282,0.068,0.174,0.062,0.696,0.184,0.494,0.208,0.028,0.152,0.044,0.07,0.11,0.166,0.07,0.162,0.126,0.068,0.05,0.094,0.052,0.172,0.0,0.096,0.11,0.084,0.19,0.268,0.106,0.138,0.134
05:22:00,0.288,0.168,0.094,0.212,0.118,0.116,0.168,0.168,0.414,0.282,0.068,0.174,0.062,0.696,0.184,0.494,0.208,0.028,0.152,0.044,0.07,0.11,0.166,0.07,0.162,0.126,0.068,0.05,0.094,0.052,0.172,0.0,0.096,0.11,0.084,0.19,0.268,0.106,0.138,0.134
05:23:00,0.288,0.168,0.094,0.212,0.118,0.116,0.168,0.168,0.414,0.282,0.068,0.174,0.062,0.696,0.184,0.494,0.208,0.028,0.152,0.044,0.07,0.11,0.166,0.07,0.162,0.126,0.068,0.05,0.094,0.052,0.172,0.0,0.096,0.11,0.084,0.19,0.268,0.106,0.138,0.134
05:24:00,0.288,0.168,0.094,0.212,0.118,0.116,0.168,0.168,0.414,0.282,0.068,0.174,0.062,0.696,0.184,0.494,0.208,0.028,0.152,0.044,0.07,0.11,0.166,0.07,0.162,0.126,0.068,0.05,0.094,0.052,0.172,0.0,0.096,0.11,0.084,0.19,0.268,0.106,0.138,0.134
05:25:00,0.288,0.168,0.094,0.212,0.118,0.116,0.168,0.168,0.414,0.282,0.068,0.174,0.062,0.696,0.184,0.494,0.208,0.028,0.152,0.044,0.07,0.11,0.166,0.07,0.162,0.126,0.068,0.05,0.094,0.052,0.172,0.0,0.096,0.11,0.084,0.19,0.268,0.106,0.138,0.134
05:26:00,0.288,0.168,0.094,0.212,0.118,0.116,0.168,0.168,0.414,0.282,0.068,0.174,0.062,0.696,0.184,0.494,0.208,0.028,0.152,0.044,0.07,0.11,0.166,0.07,0.162,0.126,0.068,0.05,0.094,0.052,0.172,0.0,0.096,0.11,0.084,0.19,0.268,0.106,0.138,0.134
05:27:00,0.288,0.168,0.094,0.212,0.118,0.116,0.168,0.168,0.414,0.282,0.068,0.174,0.062,0.696,0.184,0.494,0.208,0.028,0.152,0.044,0.07,0.11,0.166,0.07,0.162,0.126,0.068,0.05,0.094,0.052,0.172,0.0,0.096,0.11,0.084,0.19,0.268,0.106,0.138,0.134
05:28:00,0.288,0.168,0.094,0.212,0.118,0.116,0.168,0.168,0.414,0.282,0.068,0.174,0.062,0.696,0.184,0.494,0.208,0.028,0.152,0.044,0.07,0.11,0.166,0.07,0.162,0.126,0.068,0.05,0.094,0.052,0.172,0.0,0.096,0.11,0.084,0.19,0.268,0.106,0.138,0.134
05:29:00,0.288,0.168,0.094,0.212,0.118,0.116,0.168,0.168,0.414,0.282,0.068,0.174,0.062,0.696,0.184,0.494,0.208,0.028,0.152,0.044,0.07,0.11,0.166,0.07,0.162,0.126,0.068,0.05,0.094,0.052,0.172,0.0,0.096,0.11,0.084,0.19,0.268,0.106,0.138,0.134
05:30:00,0.194,0.264,0.088,0.174,0.114,0.118,0.156,0.198,0.39,0.196,0.434,0.17,0.096,0.51,0.332,0.394,0.148,0.026,0.128,0.094,0.086,0.172,0.21,0.154,0.106,0.066,0.084,0.072,0.27,0.058,0.242,0.18,0.086,0.118,0.106,0.12,0.172,0.106,0.17,0.134
05:31:00,0.194,0.264,0.088,0.174,0.114,0.118,0.156,0.198,0.39,0.196,0.434,0.17,0.096,0.51,0.332,0.394,0.148,0.026,0.128,0.094,0.086,0.172,0.21,0.154,0.106,0.066,0.084,0.072,0.27,0.058,0.242,0.18,0.086,0.118,0.106,0.12,0.172,0.106,0.17,0.134
05:32:00,0.194,0.264,0.088,0.174,0.114,0.118,0.156,0.198,0.39,0.196,0.434,0.17,0.096,0.51,0.332,0.394,0.148,0.026,0.128,0.094,0.086,0.172,0.21,0.154,0.106,0.066,0.084,0.072,0.27,0.058,0.242,0.18,0.086,0.118,0.106,0.12,0.172,0.106,0.17,0.134
05:33:00,0.194,0.264,0.088,0.174,0.114,0.118,0.156,0.198,0.39,0.196,0.434,0.17,0.096,0.51,0.332,0.394,0.148,0.026,0.128,0.094,0.086,0.172,0.21,0.154,0.106,0.066,0.084,0.072,0.27,0.058,0.242,0.18,0.086,0.118,0.106,0.12,0.172,0.106,0.17,0.134
05:34:00,0.194,0.264,0.088,0.174,0.114,0.118,0.156,0.198,0.39,0.196,0.434,0.17,0.096,0.51,0.332,0.394,0.148,0.026,0.128,0.094,0.086,0.172,0.21,0.154,0.106,0.066,0.084,0.072,0.27,0.058,0.242,0.18,0.086,0.118,0.106,0.12,0.172,0.106,0.17,0.134
05:35:00,0.194,0.264,0.088,0.174,0.114,0.118,0.156,0.198,0.39,0.196,0.434,0.17,0.096,0.51,0.332,0.394,0.148,0.026,0.128,0.094,0.086,0.172,0.21,0.154,0.106,0.066,0.084,0.072,0.27,0.058,0.242,0.18,0.086,0.118,0.106,0.12,0.172,0.106,0.17,0.134
05:36:00,0.194,0.264,0.088,0.174,0.114,0.118,0.156,0.198,0.39,0.196,0.434,0.17,0.096,0.51,0.332,0.394,0.148,0.026,0.128,0.094,0.086,0.172,0.21,0.154,0.106,0.066,0.084,0.072,0.27,0.058,0.242,0.18,0.086,0.118,0.106,0.12,0.172,0.106,0.17,0.134
05:37:00,0.194,0.264,0.088,0.174,0.114,0.118,0.156,0.198,0.39,0.196,0.434,0.17,0.096,0.51,0.332,0.394,0.148,0.026,0.128,0.094,0.086,0.172,0.21,0.154,0.106,0.066,0.084,0.072,0.27,0.058,0.242,0.18,0.086,0.118,0.106,0.12,0.172,0.106,0.17,0.134
05:38:00,0.194,0.264,0.088,0.174,0.114,0.118,0.156,0.198,0.39,0.196,0.434,0.17,0.096,0.51,0.332,0.394,0.148,0.026,0.128,0.094,0.086,0.172,0.21,0.154,0.106,0.066,0.084,0.072,0.27,0.058,0.242,0.18,0.086,0.118,0.106,0.12,0.172,0.106,0.17,0.134
05:39:00,0.194,0.264,0.088,0.174,0.114,0.118,0.156,0.198,0.39,0.196,0.434,0.17,0.096,0.51,0.332,0.394,0.148,0.026,0.128,0.094,0.086,0.172,0.21,0.154,0.106,0.066,0.084,0.072,0.27,0.058,0.242,0.18,0.086,0.118,0.106,0.12,0.172,0.106,0.17,0.134
05:40:00,0.194,0.264,0.088,0.174,0.114,0.118,0.156,0.198,0.39,0.196,0.434,0.17,0.096,0.51,0.332,0.394,0.148,0.026,0.128,0.094,0.086,0.172,0.21,0.154,0.106,0.066,0.084,0.072,0.27,0.058,0.242,0.18,0.086,0.118,0.106,0.12,0.172,0.106,0.17,0.134
05:41:00,0.194,0.264,0.088,0.174,0.114,0.118,0.156,0.198,0.39,0.196,0.434,0.17,0.096,0.51,0.332,0.394,0.148,0.026,0.128,0.094,0.086,0.172,0.21,0.154,0.106,0.066,0.084,0.072,0.27,0.058,0.242,0.18,0.086,0.118,0.106,0.12,0.172,0.106,0.17,0.134
05:42:00,0.194,0.264,0.088,0.174,0.114,0.118,0.156,0.198,0.39,0.196,0.434,0.17,0.096,0.51,0.332,0.394,0.148,0.026,0.128,0.094,0.086,0.172,0.21,0.154,0.106,0.066,0.084,0.072,0.27,0.058,0.242,0.18,0.086,0.118,0.106,0.12,0.172,0.106,0.17,0.134
05:43:00,0.194,0.264,0.088,0.174,0.114,0.118,0.156,0.198,0.39,0.196,0.434,0.17,0.096,0.51,0.332,0.394,0.148,0.026,0.128,0.094,0.086,0.172,0.21,0.154,0.106,0.066,0.084,0.072,0.27,0.058,0.242,0.18,0.086,0.118,0.106,0.12,0.172,0.106,0.17,0.134
05:44:00,0.194,0.264,0.088,0.174,0.114,0.118,0.156,0.198,0.39,0.196,0.434,0.17,0.096,0.51,0.332,0.394,0.148,0.026,0.128,0.094,0.086,0.172,0.21,0.154,0.106,0.066,0.084,0.072,0.27,0.058,0.242,0.18,0.086,0.118,0.106,0.12,0.172,0.106,0.17,0.134
05:45:00,0.194,0.264,0.088,0.174,0.114,0.118,0.156,0.198,0.39,0.196,0.434,0.17,0.096,0.51,0.332,0.394,0.148,0.026,0.128,0.094,0.086,0.172,0.21,0.154,0.106,0.066,0.084,0.072,0.27,0.058,0.242,0.18,0.086,0.118,0.106,0.12,0.172,0.106,0.17,0.134
05:46:00,0.194,0.264,0.088,0.174,0.114,0.118,0.156,0.198,0.39,0.196,0.434,0.17,0.096,0.51,0.332,0.394,0.148,0.026,0.128,0.094,0.086,0.172,0.21,0.154,0.106,0.066,0.084,0.072,0.27,0.058,0.242,0.18,0.086,0.118,0.106,0.12,0.172,0.106,0.17,0.134
05:47:00,0.194,0.264,0.088,0.174,0.114,0.118,0.156,0.198,0.39,0.196,0.434,0.17,0.096,0.51,0.332,0.394,0.148,0.026,0.128,0.094,0.086,0.172,0.21,0.154,0.106,0.066,0.084,0.072,0.27,0.058,0.242,0.18,0.086,0.118,0.106,0.12,0.172,0.106,0.17,0.134
05:48:00,0.194,0.264,0.088,0.174,0.114,0.118,0.156,0.198,0.39,0.196,0.434,0.17,0.096,0.51,0.332,0.394,0.148,0.026,0.128,0.094,0.086,0.172,0.21,0.154,0.106,0.066,0.084,0.072,0.27,0.058,0.242,0.18,0.086,0.118,0.106,0.12,0.172,0.106,0.17,0.134
05:49:00,0.194,0.264,0.088,0.174,0.114,0.118,0.156,0.198,0.39,0.196,0.434,0.17,0.096,0.51,0.332,0.394,0.148,0.026,0.128,0.094,0.086,0.172,0.21,0.154,0.106,0.066,0.084,0.072,0.27,0.058,0.242,0.18,0.086,0.118,0.106,0.12,0.172,0.106,0.17,0.134
05:50:00,0.194,0.264,0.088,0.174,0.114,0.118,0.156,0.198,0.39,0.196,0.434,0.17,0.096,0.51,0.332,0.394,0.148,0.026,0.128,0.094,0.086,0.172,0.21,0.154,0.106,0.066,0.084,0.072,0.27,0.058,0.242,0.18,0.086,0.118,0.106,0.12,0.172,0.106,0.17,0.134
05:51:00,0.194,0.264,0.088,0.174,0.114,0.118,0.156,0.198,0.39,0.196,0.434,0.17,0.096,0.51,0.332,0.394,0.148,0.026,0.128,0.094,0.086,0.172,0.21,0.154,0.106,0.066,0.084,0.072,0.27,0.058,0.242,0.18,0.086,0.118,0.106,0.12,0.172,0.106,0.17,0.134
05:52:00,0.194,0.264,0.088,0.174,0.114,0.118,0.156,0.198,0.39,0.196,0.434,0.17,0.096,0.51,0.332,0.394,0.148,0.026,0.128,0.094,0.086,0.172,0.21,0.154,0.106,0.066,0.084,0.072,0.27,0.058,0.242,0.18,0.086,0.118,0.106,0.12,0.172,0.106,0.17,0.134
05:53:00,0.194,0.264,0.088,0.174,0.114,0.118,0.156,0.198,0.39,0.196,0.434,0.17,0.096,0.51,0.332,0.394,0.148,0.026,0.128,0.094,0.086,0.172,0.21,0.154,0.106,0.066,0.084,0.072,0.27,0.058,0.242,0.18,0.086,0.118,0.106,0.12,0.172,0.106,0.17,0.134
05:54:00,0.194,0.264,0.088,0.174,0.114,0.118,0.156,0.198,0.39,0.196,0.434,0.17,0.096,0.51,0.332,0.394,0.148,0.026,0.128,0.094,0.086,0.172,0.21,0.154,0.106,0.066,0.084,0.072,0.27,0.058,0.242,0.18,0.086,0.118,0.106,0.12,0.172,0.106,0.17,0.134
05:55:00,0.194,0.264,0.088,0.174,0.114,0.118,0.156,0.198,0.39,0.196,0.434,0.17,0.096,0.51,0.332,0.394,0.148,0.026,0.128,0.094,0.086,0.172,0.21,0.154,0.106,0.066,0.084,0.072,0.27,0.058,0.242,0.18,0.086,0.118,0.106,0.12,0.172,0.106,0.17,0.134
05:56:00,0.194,0.264,0.088,0.174,0.114,0.118,0.156,0.198,0.39,0.196,0.434,0.17,0.096,0.51,0.332,0.394,0.148,0.026,0.128,0.094,0.086,0.172,0.21,0.154,0.106,0.066,0.084,0.072,0.27,0.058,0.242,0.18,0.086,0.118,0.106,0.12,0.172,0.106,0.17,0.134
05:57:00,0.194,0.264,0.088,0.174,0.114,0.118,0.156,0.198,0.39,0.196,0.434,0.17,0.096,0.51,0.332,0.394,0.148,0.026,0.128,0.094,0.086,0.172,0.21,0.154,0.106,0.066,0.084,0.072,0.27,0.058,0.242,0.18,0.086,0.118,0.106,0.12,0.172,0.106,0.17,0.134
05:58:00,0.194,0.264,0.088,0.174,0.114,0.118,0.156,0.198,0.39,0.196,0.434,0.17,0.096,0.51,0.332,0.394,0.148,0.026,0.128,0.094,0.086,0.172,0.21,0.154,0.106,0.066,0.084,0.072,0.27,0.058,0.242,0.18,0.086,0.118,0.106,0.12,0.172,0.106,0.17,0.134
05:59:00,0.194,0.264,0.088,0.174,0.114,0.118,0.156,0.198,0.39,0.196,0.434,0.17,0.096,0.51,0.332,0.394,0.148,0.026,0.128,0.094,0.086,0.172,0.21,0.154,0.106,0.066,0.084,0.072,0.27,0.058,0.242,0.18,0.086,0.118,0.106,0.12,0.172,0.106,0.17,0.134
06:00:00,0.266,0.14,0.192,0.228,0.108,0.564,0.22,0.354,0.42,0.204,0.174,0.078,0.3,0.05,0.902,0.244,0.152,0.09,0.16,0.032,0.098,0.294,0.278,0.062,0.116,0.122,0.07,0.164,0.136,0.128,0.23,0.0,0.104,0.208,0.11,0.272,0.2,0.192,0.416,0.122
06:01:00,0.266,0.14,0.192,0.228,0.108,0.564,0.22,0.354,0.42,0.204,0.174,0.078,0.3,0.05,0.902,0.244,0.152,0.09,0.16,0.032,0.098,0.294,0.278,0.062,0.116,0.122,0.07,0.164,0.136,0.128,0.23,0.0,0.104,0.208,0.11,0.272,0.2,0.192,0.416,0.122
06:02:00,0.266,0.14,0.192,0.228,0.108,0.564,0.22,0.354,0.42,0.204,0.174,0.078,0.3,0.05,0.902,0.244,0.152,0.09,0.16,0.032,0.098,0.294,0.278,0.062,0.116,0.122,0.07,0.164,0.136,0.128,0.23,0.0,0.104,0.208,0.11,0.272,0.2,0.192,0.416,0.122
06:03:00,0.266,0.14,0.192,0.228,0.108,0.564,0.22,0.354,0.42,0.204,0.174,0.078,0.3,0.05,0.902,0.244,0.152,0.09,0.16,0.032,0.098,0.294,0.278,0.062,0.116,0.122,0.07,0.164,0.136,0.128,0.23,0.0,0.104,0.208,0.11,0.272,0.2,0.192,0.416,0.122
06:04:00,0.266,0.14,0.192,0.228,0.108,0.564,0.22,0.354,0.42,0.204,0.174,0.078,0.3,0.05,0.902,0.244,0.152,0.09,0.16,0.032,0.098,0.294,0.278,0.062,0.116,0.122,0.07,0.164,0.136,0.128,0.23,0.0,0.104,0.208,0.11,0.272,0.2,0.192,0.416,0.122
06:05:00,0.266,0.14,0.192,0.228,0.108,0.564,0.22,0.354,0.42,0.204,0.174,0.078,0.3,0.05,0.902,0.244,0.152,0.09,0.16,0.032,0.098,0.294,0.278,0.062,0.116,0.122,0.07,0.164,0.136,0.128,0.23,0.0,0.104,0.208,0.11,0.272,0.2,0.192,0.416,0.122
06:06:00,0.266,0.14,0.192,0.228,0.108,0.564,0.22,0.354,0.42,0.204,0.174,0.078,0.3,0.05,0.902,0.244,0.152,0.09,0.16,0.032,0.098,0.294,0.278,0.062,0.116,0.122,0.07,0.164,0.136,0.128,0.23,0.0,0.104,0.208,0.11,0.272,0.2,0.192,0.416,0.122
06:07:00,0.266,0.14,0.192,0.228,0.108,0.564,0.22,0.354,0.42,0.204,0.174,0.078,0.3,0.05,0.902,0.244,0.152,0.09,0.16,0.032,0.098,0.294,0.278,0.062,0.116,0.122,0.07,0.164,0.136,0.128,0.23,0.0,0.104,0.208,0.11,0.272,0.2,0.192,0.416,0.122
06:08:00,0.266,0.14,0.192,0.228,0.108,0.564,0.22,0.354,0.42,0.204,0.174,0.078,0.3,0.05,0.902,0.244,0.152,0.09,0.16,0.032,0.098,0.294,0.278,0.062,0.116,0.122,0.07,0.164,0.136,0.128,0.23,0.0,0.104,0.208,0.11,0.272,0.2,0.192,0.416,0.122
06:09:00,0.266,0.14,0.192,0.228,0.108,0.564,0.22,0.354,0.42,0.204,0.174,0.078,0.3,0.05,0.902,0.244,0.152,0.09,0.16,0.032,0.098,0.294,0.278,0.062,0.116,0.122,0.07,0.164,0.136,0.128,0.23,0.0,0.104,0.208,0.11,0.272,0.2,0.192,0.416,0.122
06:10:00,0.266,0.14,0.192,0.228,0.108,0.564,0.22,0.354,0.42,0.204,0.174,0.078,0.3,0.05,0.902,0.244,0.152,0.09,0.16,0.032,0.098,0.294,0.278,0.062,0.116,0.122,0.07,0.164,0.136,0.128,0.23,0.0,0.104,0.208,0.11,0.272,0.2,0.192,0.416,0.122
06:11:00,0.266,0.14,0.192,0.228,0.108,0.564,0.22,0.354,0.42,0.204,0.174,0.078,0.3,0.05,0.902,0.244,0.152,0.09,0.16,0.032,0.098,0.294,0.278,0.062,0.116,0.122,0.07,0.164,0.136,0.128,0.23,0.0,0.104,0.208,0.11,0.272,0.2,0.192,0.416,0.122
06:12:00,0.266,0.14,0.192,0.228,0.108,0.564,0.22,0.354,0.42,0.204,0.174,0.078,0.3,0.05,0.902,0.244,0.152,0.09,0.16,0.032,0.098,0.294,0.278,0.062,0.116,0.122,0.07,0.164,0.136,0.128,0.23,0.0,0.104,0.208,0.11,0.272,0.2,0.192,0.416,0.122
06:13:00,0.266,0.14,0.192,0.228,0.108,0.564,0.22,0.354,0.42,0.204,0.174,0.078,0.3,0.05,0.902,0.244,0.152,0.09,0.16,0.032,0.098,0.294,0.278,0.062,0.116,0.122,0.07,0.164,0.136,0.128,0.23,0.0,0.104,0.208,0.11,0.272,0.2,0.192,0.416,0.122
06:14:00,0.266,0.14,0.192,0.228,0.108,0.564,0.22,0.354,0.42,0.204,0.174,0.078,0.3,0.05,0.902,0.244,0.152,0.09,0.16,0.032,0.098,0.294,0.278,0.062,0.116,0.122,0.07,0.164,0.136,0.128,0.23,0.0,0.104,0.208,0.11,0.272,0.2,0.192,0.416,0.122
06:15:00,0.266,0.14,0.192,0.228,0.108,0.564,0.22,0.354,0.42,0.204,0.174,0.078,0.3,0.05,0.902,0.244,0.152,0.09,0.16,0.032,0.098,0.294,0.278,0.062,0.116,0.122,0.07,0.164,0.136,0.128,0.23,0.0,0.104,0.208,0.11,0.272,0.2,0.192,0.416,0.122
06:16:00,0.266,0.14,0.192,0.228,0.108,0.564,0.22,0.354,0.42,0.204,0.174,0.078,0.3,0.05,0.902,0.244,0.152,0.09,0.16,0.032,0.098,0.294,0.278,0.062,0.116,0.122,0.07,0.164,0.136,0.128,0.23,0.0,0.104,0.208,0.11,0.272,0.2,0.192,0.416,0.122
06:17:00,0.266,0.14,0.192,0.228,0.108,0.564,0.22,0.354,0.42,0.204,0.174,0.078,0.3,0.05,0.902,0.244,0.152,0.09,0.16,0.032,0.098,0.294,0.278,0.062,0.116,0.122,0.07,0.164,0.136,0.128,0.23,0.0,0.104,0.208,0.11,0.272,0.2,0.192,0.416,0.122
06:18:00,0.266,0.14,0.192,0.228,0.108,0.564,0.22,0.354,0.42,0.204,0.174,0.078,0.3,0.05,0.902,0.244,0.152,0.09,0.16,0.032,0.098,0.294,0.278,0.062,0.116,0.122,0.07,0.164,0.136,0.128,0.23,0.0,0.104,0.208,0.11,0.272,0.2,0.192,0.416,0.122
06:19:00,0.266,0.14,0.192,0.228,0.108,0.564,0.22,0.354,0.42,0.204,0.174,0.078,0.3,0.05,0.902,0.244,0.152,0.09,0.16,0.032,0.098,0.294,0.278,0.062,0.116,0.122,0.07,0.164,0.136,0.128,0.23,0.0,0.104,0.208,0.11,0.272,0.2,0.192,0.416,0.122
06:20:00,0.266,0.14,0.192,0.228,0.108,0.564,0.22,0.354,0.42,0.204,0.174,0.078,0.3,0.05,0.902,0.244,0.152,0.09,0.16,0.032,0.098,0.294,0.278,0.062,0.116,0.122,0.07,0.164,0.136,0.128,0.23,0.0,0.104,0.208,0.11,0.272,0.2,0.192,0.416,0.122
06:21:00,0.266,0.14,0.192,0.228,0.108,0.564,0.22,0.354,0.42,0.204,0.174,0.078,0.3,0.05,0.902,0.244,0.152,0.09,0.16,0.032,0.098,0.294,0.278,0.062,0.116,0.122,0.07,0.164,0.136,0.128,0.23,0.0,0.104,0.208,0.11,0.272,0.2,0.192,0.416,0.122
06:22:00,0.266,0.14,0.192,0.228,0.108,0.564,0.22,0.354,0.42,0.204,0.174,0.078,0.3,0.05,0.902,0.244,0.152,0.09,0.16,0.032,0.098,0.294,0.278,0.062,0.116,0.122,0.07,0.164,0.136,0.128,0.23,0.0,0.104,0.208,0.11,0.272,0.2,0.192,0.416,0.122
06:23:00,0.266,0.14,0.192,0.228,0.108,0.564,0.22,0.354,0.42,0.204,0.174,0.078,0.3,0.05,0.902,0.244,0.152,0.09,0.16,0.032,0.098,0.294,0.278,0.062,0.116,0.122,0.07,0.164,0.136,0.128,0.23,0.0,0.104,0.208,0.11,0.272,0.2,0.192,0.416,0.122
06:24:00,0.266,0.14,0.192,0.228,0.108,0.564,0.22,0.354,0.42,0.204,0.174,0.078,0.3,0.05,0.902,0.244,0.152,0.09,0.16,0.032,0.098,0.294,0.278,0.062,0.116,0.122,0.07,0.164,0.136,0.128,0.23,0.0,0.104,0.208,0.11,0.272,0.2,0.192,0.416,0.122
06:25:00,0.266,0.14,0.192,0.228,0.108,0.564,0.22,0.354,0.42,0.204,0.174,0.078,0.3,0.05,0.902,0.244,0.152,0.09,0.16,0.032,0.098,0.294,0.278,0.062,0.116,0.122,0.07,0.164,0.136,0.128,0.23,0.0,0.104,0.208,0.11,0.272,0.2,0.192,0.416,0.122
06:26:00,0.266,0.14,0.192,0.228,0.108,0.564,0.22,0.354,0.42,0.204,0.174,0.078,0.3,0.05,0.902,0.244,0.152,0.09,0.16,0.032,0.098,0.294,0.278,0.062,0.116,0.122,0.07,0.164,0.136,0.128,0.23,0.0,0.104,0.208,0.11,0.272,0.2,0.192,0.416,0.122
06:27:00,0.266,0.14,0.192,0.228,0.108,0.564,0.22,0.354,0.42,0.204,0.174,0.078,0.3,0.05,0.902,0.244,0.152,0.09,0.16,0.032,0.098,0.294,0.278,0.062,0.116,0.122,0.07,0.164,0.136,0.128,0.23,0.0,0.104,0.208,0.11,0.272,0.2,0.192,0.416,0.122
06:28:00,0.266,0.14,0.192,0.228,0.108,0.564,0.22,0.354,0.42,0.204,0.174,0.078,0.3,0.05,0.902,0.244,0.152,0.09,0.16,0.032,0.098,0.294,0.278,0.062,0.116,0.122,0.07,0.164,0.136,0.128,0.23,0.0,0.104,0.208,0.11,0.272,0.2,0.192,0.416,0.122
06:29:00,0.266,0.14,0.192,0.228,0.108,0.564,0.22,0.354,0.42,0.204,0.174,0.078,0.3,0.05,0.902,0.244,0.152,0.09,0.16,0.032,0.098,0.294,0.278,0.062,0.116,0.122,0.07,0.164,0.136,0.128,0.23,0.0,0.104,0.208,0.11,0.272,0.2,0.192,0.416,0.122
06:30:00,0.316,0.062,0.126,0.318,0.096,0.948,0.262,0.212,0.094,0.284,0.05,0.166,0.226,0.056,0.29,0.198,0.168,0.094,0.102,0.078,0.364,0.474,0.204,0.08,0.074,0.076,0.068,0.14,0.184,0.144,0.222,0.0,0.192,0.116,0.102,0.036,0.188,0.324,0.404,0.114
06:31:00,0.316,0.062,0.126,0.318,0.096,0.948,0.262,0.212,0.094,0.284,0.05,0.166,0.226,0.056,0.29,0.198,0.168,0.094,0.102,0.078,0.364,0.474,0.204,0.08,0.074,0.076,0.068,0.14,0.184,0.144,0.222,0.0,0.192,0.116,0.102,0.036,0.188,0.324,0.404,0.114
06:32:00,0.316,0.062,0.126,0.318,0.096,0.948,0.262,0.212,0.094,0.284,0.05,0.166,0.226,0.056,0.29,0.198,0.168,0.094,0.102,0.078,0.364,0.474,0.204,0.08,0.074,0.076,0.068,0.14,0.184,0.144,0.222,0.0,0.192,0.116,0.102,0.036,0.188,0.324,0.404,0.114
06:33:00,0.316,0.062,0.126,0.318,0.096,0.948,0.262,0.212,0.094,0.284,0.05,0.166,0.226,0.056,0.29,0.198,0.168,0.094,0.102,0.078,0.364,0.474,0.204,0.08,0.074,0.076,0.068,0.14,0.184,0.144,0.222,0.0,0.192,0.116,0.102,0.036,0.188,0.324,0.404,0.114
06:34:00,0.316,0.062,0.126,0.318,0.096,0.948,0.262,0.212,0.094,0.284,0.05,0.166,0.226,0.056,0.29,0.198,0.168,0.094,0.102,0.078,0.364,0.474,0.204,0.08,0.074,0.076,0.068,0.14,0.184,0.144,0.222,0.0,0.192,0.116,0.102,0.036,0.188,0.324,0.404,0.114
06:35:00,0.316,0.062,0.126,0.318,0.096,0.948,0.262,0.212,0.094,0.284,0.05,0.166,0.226,0.056,0.29,0.198,0.168,0.094,0.102,0.078,0.364,0.474,0.204,0.08,0.074,0.076,0.068,0.14,0.184,0.144,0.222,0.0,0.192,0.116,0.102,0.036,0.188,0.324,0.404,0.114
06:36:00,0.316,0.062,0.126,0.318,0.096,0.948,0.262,0.212,0.094,0.284,0.05,0.166,0.226,0.056,0.29,0.198,0.168,0.094,0.102,0.078,0.364,0.474,0.204,0.08,0.074,0.076,0.068,0.14,0.184,0.144,0.222,0.0,0.192,0.116,0.102,0.036,0.188,0.324,0.404,0.114
06:37:00,0.316,0.062,0.126,0.318,0.096,0.948,0.262,0.212,0.094,0.284,0.05,0.166,0.226,0.056,0.29,0.198,0.168,0.094,0.102,0.078,0.364,0.474,0.204,0.08,0.074,0.076,0.068,0.14,0.184,0.144,0.222,0.0,0.192,0.116,0.102,0.036,0.188,0.324,0.404,0.114
06:38:00,0.316,0.062,0.126,0.318,0.096,0.948,0.262,0.212,0.094,0.284,0.05,0.166,0.226,0.056,0.29,0.198,0.168,0.094,0.102,0.078,0.364,0.474,0.204,0.08,0.074,0.076,0.068,0.14,0.184,0.144,0.222,0.0,0.192,0.116,0.102,0.036,0.188,0.324,0.404,0.114
06:39:00,0.316,0.062,0.126,0.318,0.096,0.948,0.262,0.212,0.094,0.284,0.05,0.166,0.226,0.056,0.29,0.198,0.168,0.094,0.102,0.078,0.364,0.474,0.204,0.08,0.074,0.076,0.068,0.14,0.184,0.144,0.222,0.0,0.192,0.116,0.102,0.036,0.188,0.324,0.404,0.114
06:40:00,0.316,0.062,0.126,0.318,0.096,0.948,0.262,0.212,0.094,0.284,0.05,0.166,0.226,0.056,0.29,0.198,0.168,0.094,0.102,0.078,0.364,0.474,0.204,0.08,0.074,0.076,0.068,0.14,0.184,0.144,0.222,0.0,0.192,0.116,0.102,0.036,0.188,0.324,0.404,0.114
06:41:00,0.316,0.062,0.126,0.318,0.096,0.948,0.262,0.212,0.094,0.284,0.05,0.166,0.226,0.056,0.29,0.198,0.168,0.094,0.102,0.078,0.364,0.474,0.204,0.08,0.074,0.076,0.068,0.14,0.184,0.144,0.222,0.0,0.192,0.116,0.102,0.036,0.188,0.324,0.404,0.114
06:42:00,0.316,0.062,0.126,0.318,0.096,0.948,0.262,0.212,0.094,0.284,0.05,0.166,0.226,0.056,0.29,0.198,0.168,0.094,0.102,0.078,0.364,0.474,0.204,0.08,0.074,0.076,0.068,0.14,0.184,0.144,0.222,0.0,0.192,0.116,0.102,0.036,0.188,0.324,0.404,0.114
06:43:00,0.316,0.062,0.126,0.318,0.096,0.948,0.262,0.212,0.094,0.284,0.05,0.166,0.226,0.056,0.29,0.198,0.168,0.094,0.102,0.078,0.364,0.474,0.204,0.08,0.074,0.076,0.068,0.14,0.184,0.144,0.222,0.0,0.192,0.116,0.102,0.036,0.188,0.324,0.404,0.114
06:44:00,0.316,0.062,0.126,0.318,0.096,0.948,0.262,0.212,0.094,0.284,0.05,0.166,0.226,0.056,0.29,0.198,0.168,0.094,0.102,0.078,0.364,0.474,0.204,0.08,0.074,0.076,0.068,0.14,0.184,0.144,0.222,0.0,0.192,0.116,0.102,0.036,0.188,0.324,0.404,0.114
06:45:00,0.316,0.062,0.126,0.318,0.096,0.948,0.262,0.212,0.094,0.284,0.05,0.166,0.226,0.056,0.29,0.198,0.168,0.094,0.102,0.078,0.364,0.474,0.204,0.08,0.074,0.076,0.068,0.14,0.184,0.144,0.222,0.0,0.192,0.116,0.102,0.036,0.188,0.324,0.404,0.114
06:46:00,0.316,0.062,0.126,0.318,0.096,0.948,0.262,0.212,0.094,0.284,0.05,0.166,0.226,0.056,0.29,0.198,0.168,0.094,0.102,0.078,0.364,0.474,0.204,0.08,0.074,0.076,0.068,0.14,0.184,0.144,0.222,0.0,0.192,0.116,0.102,0.036,0.188,0.324,0.404,0.114
06:47:00,0.316,0.062,0.126,0.318,0.096,0.948,0.262,0.212,0.094,0.284,0.05,0.166,0.226,0.056,0.29,0.198,0.168,0.094,0.102,0.078,0.364,0.474,0.204,0.08,0.074,0.076,0.068,0.14,0.184,0.144,0.222,0.0,0.192,0.116,0.102,0.036,0.188,0.324,0.404,0.114
06:48:00,0.316,0.062,0.126,0.318,0.096,0.948,0.262,0.212,0.094,0.284,0.05,0.166,0.226,0.056,0.29,0.198,0.168,0.094,0.102,0.078,0.364,0.474,0.204,0.08,0.074,0.076,0.068,0.14,0.184,0.144,0.222,0.0,0.192,0.116,0.102,0.036,0.188,0.324,0.404,0.114
06:49:00,0.316,0.062,0.126,0.318,0.096,0.948,0.262,0.212,0.094,0.284,0.05,0.166,0.226,0.056,0.29,0.198,0.168,0.094,0.102,0.078,0.364,0.474,0.204,0.08,0.074,0.076,0.068,0.14,0.184,0.144,0.222,0.0,0.192,0.116,0.102,0.036,0.188,0.324,0.404,0.114
06:50:00,0.316,0.062,0.126,0.318,0.096,0.948,0.262,0.212,0.094,0.284,0.05,0.166,0.226,0.056,0.29,0.198,0.168,0.094,0.102,0.078,0.364,0.474,0.204,0.08,0.074,0.076,0.068,0.14,0.184,0.144,0.222,0.0,0.192,0.116,0.102,0.036,0.188,0.324,0.404,0.114
06:51:00,0.316,0.062,0.126,0.318,0.096,0.948,0.262,0.212,0.094,0.284,0.05,0.166,0.226,0.056,0.29,0.198,0.168,0.094,0.102,0.078,0.364,0.474,0.204,0.08,0.074,0.076,0.068,0.14,0.184,0.144,0.222,0.0,0.192,0.116,0.102,0.036,0.188,0.324,0.404,0.114
06:52:00,0.316,0.062,0.126,0.318,0.096,0.948,0.262,0.212,0.094,0.284,0.05,0.166,0.226,0.056,0.29,0.198,0.168,0.094,0.102,0.078,0.364,0.474,0.204,0.08,0.074,0.076,0.068,0.14,0.184,0.144,0.222,0.0,0.192,0.116,0.102,0.036,0.188,0.324,0.404,0.114
06:53:00,0.316,0.062,0.126,0.318,0.096,0.948,0.262,0.212,0.094,0.284,0.05,0.166,0.226,0.056,0.29,0.198,0.168,0.094,0.102,0.078,0.364,0.474,0.204,0.08,0.074,0.076,0.068,0.14,0.184,0.144,0.222,0.0,0.192,0.116,0.102,0.036,0.188,0.324,0.404,0.114
06:54:00,0.316,0.062,0.126,0.318,0.096,0.948,0.262,0.212,0.094,0.284,0.05,0.166,0.226,0.056,0.29,0.198,0.168,0.094,0.102,0.078,0.364,0.474,0.204,0.08,0.074,0.076,0.068,0.14,0.184,0.144,0.222,0.0,0.192,0.116,0.102,0.036,0.188,0.324,0.404,0.114
06:55:00,0.316,0.062,0.126,0.318,0.096,0.948,0.262,0.212,0.094,0.284,0.05,0.166,0.226,0.056,0.29,0.198,0.168,0.094,0.102,0.078,0.364,0.474,0.204,0.08,0.074,0.076,0.068,0.14,0.184,0.144,0.222,0.0,0.192,0.116,0.102,0.036,0.188,0.324,0.404,0.114
06:56:00,0.316,0.062,0.126,0.318,0.096,0.948,0.262,0.212,0.094,0.284,0.05,0.166,0.226,0.056,0.29,0.198,0.168,0.094,0.102,0.078,0.364,0.474,0.204,0.08,0.074,0.076,0.068,0.14,0.184,0.144,0.222,0.0,0.192,0.116,0.102,0.036,0.188,0.324,0.404,0.114
06:57:00,0.316,0.062,0.126,0.318,0.096,0.948,0.262,0.212,0.094,0.284,0.05,0.166,0.226,0.056,0.29,0.198,0.168,0.094,0.102,0.078,0.364,0.474,0.204,0.08,0.074,0.076,0.068,0.14,0.184,0.144,0.222,0.0,0.192,0.116,0.102,0.036,0.188,0.324,0.404,0.114
06:58:00,0.316,0.062,0.126,0.318,0.096,0.948,0.262,0.212,0.094,0.284,0.05,0.166,0.226,0.056,0.29,0.198,0.168,0.094,0.102,0.078,0.364,0.474,0.204,0.08,0.074,0.076,0.068,0.14,0.184,0.144,0.222,0.0,0.192,0.116,0.102,0.036,0.188,0.324,0.404,0.114
06:59:00,0.316,0.062,0.126,0.318,0.096,0.948,0.262,0.212,0.094,0.284,0.05,0.166,0.226,0.056,0.29,0.198,0.168,0.094,0.102,0.078,0.364,0.474,0.204,0.08,0.074,0.076,0.068,0.14,0.184,0.144,0.222,0.0,0.192,0.116,0.102,0.036,0.188,0.324,0.404,0.114
07:00:00,0.316,0.176,0.098,0.346,0.116,0.396,0.264,0.228,0.42,0.474,0.08,0.16,0.064,0.084,0.204,0.212,0.22,0.076,0.604,0.114,0.244,0.446,0.136,0.258,0.118,0.12,0.104,0.136,1.148,0.09,0.226,0.0,0.19,0.112,0.228,0.182,0.228,0.35,0.848,0.134
07:01:00,0.316,0.176,0.098,0.346,0.116,0.396,0.264,0.228,0.42,0.474,0.08,0.16,0.064,0.084,0.204,0.212,0.22,0.076,0.604,0.114,0.244,0.446,0.136,0.258,0.118,0.12,0.104,0.136,1.148,0.09,0.226,0.0,0.19,0.112,0.228,0.182,0.228,0.35,0.848,0.134
07:02:00,0.316,0.176,0.098,0.346,0.116,0.396,0.264,0.228,0.42,0.474,0.08,0.16,0.064,0.084,0.204,0.212,0.22,0.076,0.604,0.114,0.244,0.446,0.136,0.258,0.118,0.12,0.104,0.136,1.148,0.09,0.226,0.0,0.19,0.112,0.228,0.182,0.228,0.35,0.848,0.134
07:03:00,0.316,0.176,0.098,0.346,0.116,0.396,0.264,0.228,0.42,0.474,0.08,0.16,0.064,0.084,0.204,0.212,0.22,0.076,0.604,0.114,0.244,0.446,0.136,0.258,0.118,0.12,0.104,0.136,1.148,0.09,0.226,0.0,0.19,0.112,0.228,0.182,0.228,0.35,0.848,0.134
07:04:00,0.316,0.176,0.098,0.346,0.116,0.396,0.264,0.228,0.42,0.474,0.08,0.16,0.064,0.084,0.204,0.212,0.22,0.076,0.604,0.114,0.244,0.446,0.136,0.258,0.118,0.12,0.104,0.136,1.148,0.09,0.226,0.0,0.19,0.112,0.228,0.182,0.228,0.35,0.848,0.134
07:05:00,0.316,0.176,0.098,0.346,0.116,0.396,0.264,0.228,0.42,0.474,0.08,0.16,0.064,0.084,0.204,0.212,0.22,0.076,0.604,0.114,0.244,0.446,0.136,0.258,0.118,0.12,0.104,0.136,1.148,0.09,0.226,0.0,0.19,0.112,0.228,0.182,0.228,0.35,0.848,0.134
07:06:00,0.316,0.176,0.098,0.346,0.116,0.396,0.264,0.228,0.42,0.474,0.08,0.16,0.064,0.084,0.204,0.212,0.22,0.076,0.604,0.114,0.244,0.446,0.136,0.258,0.118,0.12,0.104,0.136,1.148,0.09,0.226,0.0,0.19,0.112,0.228,0.182,0.228,0.35,0.848,0.134
07:07:00,0.316,0.176,0.098,0.346,0.116,0.396,0.264,0.228,0.42,0.474,0.08,0.16,0.064,0.084,0.204,0.212,0.22,0.076,0.604,0.114,0.244,0.446,0.136,0.258,0.118,0.12,0.104,0.136,1.148,0.09,0.226,0.0,0.19,0.112,0.228,0.182,0.228,0.35,0.848,0.134
07:08:00,0.316,0.176,0.098,0.346,0.116,0.396,0.264,0.228,0.42,0.474,0.08,0.16,0.064,0.084,0.204,0.212,0.22,0.076,0.604,0.114,0.244,0.446,0.136,0.258,0.118,0.12,0.104,0.136,1.148,0.09,0.226,0.0,0.19,0.112,0.228,0.182,0.228,0.35,0.848,0.134
07:09:00,0.316,0.176,0.098,0.346,0.116,0.396,0.264,0.228,0.42,0.474,0.08,0.16,0.064,0.084,0.204,0.212,0.22,0.076,0.604,0.114,0.244,0.446,0.136,0.258,0.118,0.12,0.104,0.136,1.148,0.09,0.226,0.0,0.19,0.112,0.228,0.182,0.228,0.35,0.848,0.134
07:10:00,0.316,0.176,0.098,0.346,0.116,0.396,0.264,0.228,0.42,0.474,0.08,0.16,0.064,0.084,0.204,0.212,0.22,0.076,0.604,0.114,0.244,0.446,0.136,0.258,0.118,0.12,0.104,0.136,1.148,0.09,0.226,0.0,0.19,0.112,0.228,0.182,0.228,0.35,0.848,0.134
07:11:00,0.316,0.176,0.098,0.346,0.116,0.396,0.264,0.228,0.42,0.474,0.08,0.16,0.064,0.084,0.204,0.212,0.22,0.076,0.604,0.114,0.244,0.446,0.136,0.258,0.118,0.12,0.104,0.136,1.148,0.09,0.226,0.0,0.19,0.112,0.228,0.182,0.228,0.35,0.848,0.134
07:12:00,0.316,0.176,0.098,0.346,0.116,0.396,0.264,0.228,0.42,0.474,0.08,0.16,0.064,0.084,0.204,0.212,0.22,0.076,0.604,0.114,0.244,0.446,0.136,0.258,0.118,0.12,0.104,0.136,1.148,0.09,0.226,0.0,0.19,0.112,0.228,0.182,0.228,0.35,0.848,0.134
07:13:00,0.316,0.176,0.098,0.346,0.116,0.396,0.264,0.228,0.42,0.474,0.08,0.16,0.064,0.084,0.204,0.212,0.22,0.076,0.604,0.114,0.244,0.446,0.136,0.258,0.118,0.12,0.104,0.136,1.148,0.09,0.226,0.0,0.19,0.112,0.228,0.182,0.228,0.35,0.848,0.134
07:14:00,0.316,0.176,0.098,0.346,0.116,0.396,0.264,0.228,0.42,0.474,0.08,0.16,0.064,0.084,0.204,0.212,0.22,0.076,0.604,0.114,0.244,0.446,0.136,0.258,0.118,0.12,0.104,0.136,1.148,0.09,0.226,0.0,0.19,0.112,0.228,0.182,0.228,0.35,0.848,0.134
07:15:00,0.316,0.176,0.098,0.346,0.116,0.396,0.264,0.228,0.42,0.474,0.08,0.16,0.064,0.084,0.204,0.212,0.22,0.076,0.604,0.114,0.244,0.446,0.136,0.258,0.118,0.12,0.104,0.136,1.148,0.09,0.226,0.0,0.19,0.112,0.228,0.182,0.228,0.35,0.848,0.134
07:16:00,0.316,0.176,0.098,0.346,0.116,0.396,0.264,0.228,0.42,0.474,0.08,0.16,0.064,0.084,0.204,0.212,0.22,0.076,0.604,0.114,0.244,0.446,0.136,0.258,0.118,0.12,0.104,0.136,1.148,0.09,0.226,0.0,0.19,0.112,0.228,0.182,0.228,0.35,0.848,0.134
07:17:00,0.316,0.176,0.098,0.346,0.116,0.396,0.264,0.228,0.42,0.474,0.08,0.16,0.064,0.084,0.204,0.212,0.22,0.076,0.604,0.114,0.244,0.446,0.136,0.258,0.118,0.12,0.104,0.136,1.148,0.09,0.226,0.0,0.19,0.112,0.228,0.182,0.228,0.35,0.848,0.134
07:18:00,0.316,0.176,0.098,0.346,0.116,0.396,0.264,0.228,0.42,0.474,0.08,0.16,0.064,0.084,0.204,0.212,0.22,0.076,0.604,0.114,0.244,0.446,0.136,0.258,0.118,0.12,0.104,0.136,1.148,0.09,0.226,0.0,0.19,0.112,0.228,0.182,0.228,0.35,0.848,0.134
07:19:00,0.316,0.176,0.098,0.346,0.116,0.396,0.264,0.228,0.42,0.474,0.08,0.16,0.064,0.084,0.204,0.212,0.22,0.076,0.604,0.114,0.244,0.446,0.136,0.258,0.118,0.12,0.104,0.136,1.148,0.09,0.226,0.0,0.19,0.112,0.228,0.182,0.228,0.35,0.848,0.134
07:20:00,0.316,0.176,0.098,0.346,0.116,0.396,0.264,0.228,0.42,0.474,0.08,0.16,0.064,0.084,0.204,0.212,0.22,0.076,0.604,0.114,0.244,0.446,0.136,0.258,0.118,0.12,0.104,0.136,1.148,0.09,0.226,0.0,0.19,0.112,0.228,0.182,0.228,0.35,0.848,0.134
07:21:00,0.316,0.176,0.098,0.346,0.116,0.396,0.264,0.228,0.42,0.474,0.08,0.16,0.064,0.084,0.204,0.212,0.22,0.076,0.604,0.114,0.244,0.446,0.136,0.258,0.118,0.12,0.104,0.136,1.148,0.09,0.226,0.0,0.19,0.112,0.228,0.182,0.228,0.35,0.848,0.134
07:22:00,0.316,0.176,0.098,0.346,0.116,0.396,0.264,0.228,0.42,0.474,0.08,0.16,0.064,0.084,0.204,0.212,0.22,0.076,0.604,0.114,0.244,0.446,0.136,0.258,0.118,0.12,0.104,0.136,1.148,0.09,0.226,0.0,0.19,0.112,0.228,0.182,0.228,0.35,0.848,0.134
07:23:00,0.316,0.176,0.098,0.346,0.116,0.396,0.264,0.228,0.42,0.474,0.08,0.16,0.064,0.084,0.204,0.212,0.22,0.076,0.604,0.114,0.244,0.446,0.136,0.258,0.118,0.12,0.104,0.136,1.148,0.09,0.226,0.0,0.19,0.112,0.228,0.182,0.228,0.35,0.848,0.134
07:24:00,0.316,0.176,0.098,0.346,0.116,0.396,0.264,0.228,0.42,0.474,0.08,0.16,0.064,0.084,0.204,0.212,0.22,0.076,0.604,0.114,0.244,0.446,0.136,0.258,0.118,0.12,0.104,0.136,1.148,0.09,0.226,0.0,0.19,0.112,0.228,0.182,0.228,0.35,0.848,0.134
07:25:00,0.316,0.176,0.098,0.346,0.116,0.396,0.264,0.228,0.42,0.474,0.08,0.16,0.064,0.084,0.204,0.212,0.22,0.076,0.604,0.114,0.244,0.446,0.136,0.258,0.118,0.12,0.104,0.136,1.148,0.09,0.226,0.0,0.19,0.112,0.228,0.182,0.228,0.35,0.848,0.134
07:26:00,0.316,0.176,0.098,0.346,0.116,0.396,0.264,0.228,0.42,0.474,0.08,0.16,0.064,0.084,0.204,0.212,0.22,0.076,0.604,0.114,0.244,0.446,0.136,0.258,0.118,0.12,0.104,0.136,1.148,0.09,0.226,0.0,0.19,0.112,0.228,0.182,0.228,0.35,0.848,0.134
07:27:00,0.316,0.176,0.098,0.346,0.116,0.396,0.264,0.228,0.42,0.474,0.08,0.16,0.064,0.084,0.204,0.212,0.22,0.076,0.604,0.114,0.244,0.446,0.136,0.258,0.118,0.12,0.104,0.136,1.148,0.09,0.226,0.0,0.19,0.112,0.228,0.182,0.228,0.35,0.848,0.134
07:28:00,0.316,0.176,0.098,0.346,0.116,0.396,0.264,0.228,0.42,0.474,0.08,0.16,0.064,0.084,0.204,0.212,0.22,0.076,0.604,0.114,0.244,0.446,0.136,0.258,0.118,0.12,0.104,0.136,1.148,0.09,0.226,0.0,0.19,0.112,0.228,0.182,0.228,0.35,0.848,0.134
07:29:00,0.316,0.176,0.098,0.346,0.116,0.396,0.264,0.228,0.42,0.474,0.08,0.16,0.064,0.084,0.204,0.212,0.22,0.076,0.604,0.114,0.244,0.446,0.136,0.258,0.118,0.12,0.104,0.136,1.148,0.09,0.226,0.0,0.19,0.112,0.228,0.182,0.228,0.35,0.848,0.134
07:30:00,0.614,0.24,0.11,0.252,0.166,0.426,0.262,0.288,0.132,0.55,0.144,0.162,0.104,0.052,0.194,0.226,0.21,0.116,0.206,0.166,0.11,0.42,0.184,0.306,0.074,0.096,0.05,0.14,0.182,1.212,0.266,0.182,0.288,0.22,0.204,0.1,0.606,0.27,0.564,0.14
07:31:00,0.614,0.24,0.11,0.252,0.166,0.426,0.262,0.288,0.132,0.55,0.144,0.162,0.104,0.052,0.194,0.226,0.21,0.116,0.206,0.166,0.11,0.42,0.184,0.306,0.074,0.096,0.05,0.14,0.182,1.212,0.266,0.182,0.288,0.22,0.204,0.1,0.606,0.27,0.564,0.14
07:32:00,0.614,0.24,0.11,0.252,0.166,0.426,0.262,0.288,0.132,0.55,0.144,0.162,0.104,0.052,0.194,0.226,0.21,0.116,0.206,0.166,0.11,0.42,0.184,0.306,0.074,0.096,0.05,0.14,0.182,1.212,0.266,0.182,0.288,0.22,0.204,0.1,0.606,0.27,0.564,0.14
07:33:00,0.614,0.24,0.11,0.252,0.166,0.426,0.262,0.288,0.132,0.55,0.144,0.162,0.104,0.052,0.194,0.226,0.21,0.116,0.206,0.166,0.11,0.42,0.184,0.306,0.074,0.096,0.05,0.14,0.182,1.212,0.266,0.182,0.288,0.22,0.204,0.1,0.606,0.27,0.564,0.14
07:34:00,0.614,0.24,0.11,0.252,0.166,0.426,0.262,0.288,0.132,0.55,0.144,0.162,0.104,0.052,0.194,0.226,0.21,0.116,0.206,0.166,0.11,0.42,0.184,0.306,0.074,0.096,0.05,0.14,0.182,1.212,0.266,0.182,0.288,0.22,0.204,0.1,0.606,0.27,0.564,0.14
07:35:00,0.614,0.24,0.11,0.252,0.166,0.426,0.262,0.288,0.132,0.55,0.144,0.162,0.104,0.052,0.194,0.226,0.21,0.116,0.206,0.166,0.11,0.42,0.184,0.306,0.074,0.096,0.05,0.14,0.182,1.212,0.266,0.182,0.288,0.22,0.204,0.1,0.606,0.27,0.564,0.14
07:36:00,0.614,0.24,0.11,0.252,0.166,0.426,0.262,0.288,0.132,0.55,0.144,0.162,0.104,0.052,0.194,0.226,0.21,0.116,0.206,0.166,0.11,0.42,0.184,0.306,0.074,0.096,0.05,0.14,0.182,1.212,0.266,0.182,0.288,0.22,0.204,0.1,0.606,0.27,0.564,0.14
07:37:00,0.614,0.24,0.11,0.252,0.166,0.426,0.262,0.288,0.132,0.55,0.144,0.162,0.104,0.052,0.194,0.226,0.21,0.116,0.206,0.166,0.11,0.42,0.184,0.306,0.074,0.096,0.05,0.14,0.182,1.212,0.266,0.182,0.288,0.22,0.204,0.1,0.606,0.27,0.564,0.14
07:38:00,0.614,0.24,0.11,0.252,0.166,0.426,0.262,0.288,0.132,0.55,0.144,0.162,0.104,0.052,0.194,0.226,0.21,0.116,0.206,0.166,0.11,0.42,0.184,0.306,0.074,0.096,0.05,0.14,0.182,1.212,0.266,0.182,0.288,0.22,0.204,0.1,0.606,0.27,0.564,0.14
07:39:00,0.614,0.24,0.11,0.252,0.166,0.426,0.262,0.288,0.132,0.55,0.144,0.162,0.104,0.052,0.194,0.226,0.21,0.116,0.206,0.166,0.11,0.42,0.184,0.306,0.074,0.096,0.05,0.14,0.182,1.212,0.266,0.182,0.288,0.22,0.204,0.1,0.606,0.27,0.564,0.14
07:40:00,0.614,0.24,0.11,0.252,0.166,0.426,0.262,0.288,0.132,0.55,0.144,0.162,0.104,0.052,0.194,0.226,0.21,0.116,0.206,0.166,0.11,0.42,0.184,0.306,0.074,0.096,0.05,0.14,0.182,1.212,0.266,0.182,0.288,0.22,0.204,0.1,0.606,0.27,0.564,0.14
07:41:00,0.614,0.24,0.11,0.252,0.166,0.426,0.262,0.288,0.132,0.55,0.144,0.162,0.104,0.052,0.194,0.226,0.21,0.116,0.206,0.166,0.11,0.42,0.184,0.306,0.074,0.096,0.05,0.14,0.182,1.212,0.266,0.182,0.288,0.22,0.204,0.1,0.606,0.27,0.564,0.14
07:42:00,0.614,0.24,0.11,0.252,0.166,0.426,0.262,0.288,0.132,0.55,0.144,0.162,0.104,0.052,0.194,0.226,0.21,0.116,0.206,0.166,0.11,0.42,0.184,0.306,0.074,0.096,0.05,0.14,0.182,1.212,0.266,0.182,0.288,0.22,0.204,0.1,0.606,0.27,0.564,0.14
07:43:00,0.614,0.24,0.11,0.252,0.166,0.426,0.262,0.288,0.132,0.55,0.144,0.162,0.104,0.052,0.194,0.226,0.21,0.116,0.206,0.166,0.11,0.42,0.184,0.306,0.074,0.096,0.05,0.14,0.182,1.212,0.266,0.182,0.288,0.22,0.204,0.1,0.606,0.27,0.564,0.14
07:44:00,0.614,0.24,0.11,0.252,0.166,0.426,0.262,0.288,0.132,0.55,0.144,0.162,0.104,0.052,0.194,0.226,0.21,0.116,0.206,0.166,0.11,0.42,0.184,0.306,0.074,0.096,0.05,0.14,0.182,1.212,0.266,0.182,0.288,0.22,0.204,0.1,0.606,0.27,0.564,0.14
07:45:00,0.614,0.24,0.11,0.252,0.166,0.426,0.262,0.288,0.132,0.55,0.144,0.162,0.104,0.052,0.194,0.226,0.21,0.116,0.206,0.166,0.11,0.42,0.184,0.306,0.074,0.096,0.05,0.14,0.182,1.212,0.266,0.182,0.288,0.22,0.204,0.1,0.606,0.27,0.564,0.14
07:46:00,0.614,0.24,0.11,0.252,0.166,0.426,0.262,0.288,0.132,0.55,0.144,0.162,0.104,0.052,0.194,0.226,0.21,0.116,0.206,0.166,0.11,0.42,0.184,0.306,0.074,0.096,0.05,0.14,0.182,1.212,0.266,0.182,0.288,0.22,0.204,0.1,0.606,0.27,0.564,0.14
07:47:00,0.614,0.24,0.11,0.252,0.166,0.426,0.262,0.288,0.132,0.55,0.144,0.162,0.104,0.052,0.194,0.226,0.21,0.116,0.206,0.166,0.11,0.42,0.184,0.306,0.074,0.096,0.05,0.14,0.182,1.212,0.266,0.182,0.288,0.22,0.204,0.1,0.606,0.27,0.564,0.14
07:48:00,0.614,0.24,0.11,0.252,0.166,0.426,0.262,0.288,0.132,0.55,0.144,0.162,0.104,0.052,0.194,0.226,0.21,0.116,0.206,0.166,0.11,0.42,0.184,0.306,0.074,0.096,0.05,0.14,0.182,1.212,0.266,0.182,0.288,0.22,0.204,0.1,0.606,0.27,0.564,0.14
07:49:00,0.614,0.24,0.11,0.252,0.166,0.426,0.262,0.288,0.132,0.55,0.144,0.162,0.104,0.052,0.194,0.226,0.21,0.116,0.206,0.166,0.11,0.42,0.184,0.306,0.074,0.096,0.05,0.14,0.182,1.212,0.266,0.182,0.288,0.22,0.204,0.1,0.606,0.27,0.564,0.14
07:50:00,0.614,0.24,0.11,0.252,0.166,0.426,0.262,0.288,0.132,0.55,0.144,0.162,0.104,0.052,0.194,0.226,0.21,0.116,0.206,0.166,0.11,0.42,0.184,0.306,0.074,0.096,0.05,0.14,0.182,1.212,0.266,0.182,0.288,0.22,0.204,0.1,0.606,0.27,0.564,0.14
07:51:00,0.614,0.24,0.11,0.252,0.166,0.426,0.262,0.288,0.132,0.55,0.144,0.162,0.104,0.052,0.194,0.226,0.21,0.116,0.206,0.166,0.11,0.42,0.184,0.306,0.074,0.096,0.05,0.14,0.182,1.212,0.266,0.182,0.288,0.22,0.204,0.1,0.606,0.27,0.564,0.14
07:52:00,0.614,0.24,0.11,0.252,0.166,0.426,0.262,0.288,0.132,0.55,0.144,0.162,0.104,0.052,0.194,0.226,0.21,0.116,0.206,0.166,0.11,0.42,0.184,0.306,0.074,0.096,0.05,0.14,0.182,1.212,0.266,0.182,0.288,0.22,0.204,0.1,0.606,0.27,0.564,0.14
07:53:00,0.614,0.24,0.11,0.252,0.166,0.426,0.262,0.288,0.132,0.55,0.144,0.162,0.104,0.052,0.194,0.226,0.21,0.116,0.206,0.166,0.11,0.42,0.184,0.306,0.074,0.096,0.05,0.14,0.182,1.212,0.266,0.182,0.288,0.22,0.204,0.1,0.606,0.27,0.564,0.14
07:54:00,0.614,0.24,0.11,0.252,0.166,0.426,0.262,0.288,0.132,0.55,0.144,0.162,0.104,0.052,0.194,0.226,0.21,0.116,0.206,0.166,0.11,0.42,0.184,0.306,0.074,0.096,0.05,0.14,0.182,1.212,0.266,0.182,0.288,0.22,0.204,0.1,0.606,0.27,0.564,0.14
07:55:00,0.614,0.24,0.11,0.252,0.166,0.426,0.262,0.288,0.132,0.55,0.144,0.162,0.104,0.052,0.194,0.226,0.21,0.116,0.206,0.166,0.11,0.42,0.184,0.306,0.074,0.096,0.05,0.14,0.182,1.212,0.266,0.182,0.288,0.22,0.204,0.1,0.606,0.27,0.564,0.14
07:56:00,0.614,0.24,0.11,0.252,0.166,0.426,0.262,0.288,0.132,0.55,0.144,0.162,0.104,0.052,0.194,0.226,0.21,0.116,0.206,0.166,0.11,0.42,0.184,0.306,0.074,0.096,0.05,0.14,0.182,1.212,0.266,0.182,0.288,0.22,0.204,0.1,0.606,0.27,0.564,0.14
07:57:00,0.614,0.24,0.11,0.252,0.166,0.426,0.262,0.288,0.132,0.55,0.144,0.162,0.104,0.052,0.194,0.226,0.21,0.116,0.206,0.166,0.11,0.42,0.184,0.306,0.074,0.096,0.05,0.14,0.182,1.212,0.266,0.182,0.288,0.22,0.204,0.1,0.606,0.27,0.564,0.14
07:58:00,0.614,0.24,0.11,0.252,0.166,0.426,0.262,0.288,0.132,0.55,0.144,0.162,0.104,0.052,0.194,0.226,0.21,0.116,0.206,0.166,0.11,0.42,0.184,0.306,0.074,0.096,0.05,0.14,0.182,1.212,0.266,0.182,0.288,0.22,0.204,0.1,0.606,0.27,0.564,0.14
07:59:00,0.614,0.24,0.11,0.252,0.166,0.426,0.262,0.288,0.132,0.55,0.144,0.162,0.104,0.052,0.194,0.226,0.21,0.116,0.206,0.166,0.11,0.42,0.184,0.306,0.074,0.096,0.05,0.14,0.182,1.212,0.266,0.182,0.288,0.22,0.204,0.1,0.606,0.27,0.564,0.14
08:00:00,1.152,0.404,0.588,0.324,0.162,0.352,0.27,0.262,1.046,0.368,0.246,0.41,0.128,0.028,0.192,0.222,0.206,0.532,0.304,0.182,0.058,0.758,0.132,0.33,0.112,0.23,0.102,0.168,0.296,0.518,0.37,0.0,0.506,0.664,0.352,0.26,0.176,0.436,1.08,0.128
08:01:00,1.152,0.404,0.588,0.324,0.162,0.352,0.27,0.262,1.046,0.368,0.246,0.41,0.128,0.028,0.192,0.222,0.206,0.532,0.304,0.182,0.058,0.758,0.132,0.33,0.112,0.23,0.102,0.168,0.296,0.518,0.37,0.0,0.506,0.664,0.352,0.26,0.176,0.436,1.08,0.128
08:02:00,1.152,0.404,0.588,0.324,0.162,0.352,0.27,0.262,1.046,0.368,0.246,0.41,0.128,0.028,0.192,0.222,0.206,0.532,0.304,0.182,0.058,0.758,0.132,0.33,0.112,0.23,0.102,0.168,0.296,0.518,0.37,0.0,0.506,0.664,0.352,0.26,0.176,0.436,1.08,0.128
08:03:00,1.152,0.404,0.588,0.324,0.162,0.352,0.27,0.262,1.046,0.368,0.246,0.41,0.128,0.028,0.192,0.222,0.206,0.532,0.304,0.182,0.058,0.758,0.132,0.33,0.112,0.23,0.102,0.168,0.296,0.518,0.37,0.0,0.506,0.664,0.352,0.26,0.176,0.436,1.08,0.128
08:04:00,1.152,0.404,0.588,0.324,0.162,0.352,0.27,0.262,1.046,0.368,0.246,0.41,0.128,0.028,0.192,0.222,0.206,0.532,0.304,0.182,0.058,0.758,0.132,0.33,0.112,0.23,0.102,0.168,0.296,0.518,0.37,0.0,0.506,0.664,0.352,0.26,0.176,0.436,1.08,0.128
08:05:00,1.152,0.404,0.588,0.324,0.162,0.352,0.27,0.262,1.046,0.368,0.246,0.41,0.128,0.028,0.192,0.222,0.206,0.532,0.304,0.182,0.058,0.758,0.132,0.33,0.112,0.23,0.102,0.168,0.296,0.518,0.37,0.0,0.506,0.664,0.352,0.26,0.176,0.436,1.08,0.128
08:06:00,1.152,0.404,0.588,0.324,0.162,0.352,0.27,0.262,1.046,0.368,0.246,0.41,0.128,0.028,0.192,0.222,0.206,0.532,0.304,0.182,0.058,0.758,0.132,0.33,0.112,0.23,0.102,0.168,0.296,0.518,0.37,0.0,0.506,0.664,0.352,0.26,0.176,0.436,1.08,0.128
08:07:00,1.152,0.404,0.588,0.324,0.162,0.352,0.27,0.262,1.046,0.368,0.246,0.41,0.128,0.028,0.192,0.222,0.206,0.532,0.304,0.182,0.058,0.758,0.132,0.33,0.112,0.23,0.102,0.168,0.296,0.518,0.37,0.0,0.506,0.664,0.352,0.26,0.176,0.436,1.08,0.128
08:08:00,1.152,0.404,0.588,0.324,0.162,0.352,0.27,0.262,1.046,0.368,0.246,0.41,0.128,0.028,0.192,0.222,0.206,0.532,0.304,0.182,0.058,0.758,0.132,0.33,0.112,0.23,0.102,0.168,0.296,0.518,0.37,0.0,0.506,0.664,0.352,0.26,0.176,0.436,1.08,0.128
08:09:00,1.152,0.404,0.588,0.324,0.162,0.352,0.27,0.262,1.046,0.368,0.246,0.41,0.128,0.028,0.192,0.222,0.206,0.532,0.304,0.182,0.058,0.758,0.132,0.33,0.112,0.23,0.102,0.168,0.296,0.518,0.37,0.0,0.506,0.664,0.352,0.26,0.176,0.436,1.08,0.128
08:10:00,1.152,0.404,0.588,0.324,0.162,0.352,0.27,0.262,1.046,0.368,0.246,0.41,0.128,0.028,0.192,0.222,0.206,0.532,0.304,0.182,0.058,0.758,0.132,0.33,0.112,0.23,0.102,0.168,0.296,0.518,0.37,0.0,0.506,0.664,0.352,0.26,0.176,0.436,1.08,0.128
08:11:00,1.152,0.404,0.588,0.324,0.162,0.352,0.27,0.262,1.046,0.368,0.246,0.41,0.128,0.028,0.192,0.222,0.206,0.532,0.304,0.182,0.058,0.758,0.132,0.33,0.112,0.23,0.102,0.168,0.296,0.518,0.37,0.0,0.506,0.664,0.352,0.26,0.176,0.436,1.08,0.128
08:12:00,1.152,0.404,0.588,0.324,0.162,0.352,0.27,0.262,1.046,0.368,0.246,0.41,0.128,0.028,0.192,0.222,0.206,0.532,0.304,0.182,0.058,0.758,0.132,0.33,0.112,0.23,0.102,0.168,0.296,0.518,0.37,0.0,0.506,0.664,0.352,0.26,0.176,0.436,1.08,0.128
08:13:00,1.152,0.404,0.588,0.324,0.162,0.352,0.27,0.262,1.046,0.368,0.246,0.41,0.128,0.028,0.192,0.222,0.206,0.532,0.304,0.182,0.058,0.758,0.132,0.33,0.112,0.23,0.102,0.168,0.296,0.518,0.37,0.0,0.506,0.664,0.352,0.26,0.176,0.436,1.08,0.128
08:14:00,1.152,0.404,0.588,0.324,0.162,0.352,0.27,0.262,1.046,0.368,0.246,0.41,0.128,0.028,0.192,0.222,0.206,0.532,0.304,0.182,0.058,0.758,0.132,0.33,0.112,0.23,0.102,0.168,0.296,0.518,0.37,0.0,0.506,0.664,0.352,0.26,0.176,0.436,1.08,0.128
08:15:00,1.152,0.404,0.588,0.324,0.162,0.352,0.27,0.262,1.046,0.368,0.246,0.41,0.128,0.028,0.192,0.222,0.206,0.532,0.304,0.182,0.058,0.758,0.132,0.33,0.112,0.23,0.102,0.168,0.296,0.518,0.37,0.0,0.506,0.664,0.352,0.26,0.176,0.436,1.08,0.128
08:16:00,1.152,0.404,0.588,0.324,0.162,0.352,0.27,0.262,1.046,0.368,0.246,0.41,0.128,0.028,0.192,0.222,0.206,0.532,0.304,0.182,0.058,0.758,0.132,0.33,0.112,0.23,0.102,0.168,0.296,0.518,0.37,0.0,0.506,0.664,0.352,0.26,0.176,0.436,1.08,0.128
08:17:00,1.152,0.404,0.588,0.324,0.162,0.352,0.27,0.262,1.046,0.368,0.246,0.41,0.128,0.028,0.192,0.222,0.206,0.532,0.304,0.182,0.058,0.758,0.132,0.33,0.112,0.23,0.102,0.168,0.296,0.518,0.37,0.0,0.506,0.664,0.352,0.26,0.176,0.436,1.08,0.128
08:18:00,1.152,0.404,0.588,0.324,0.162,0.352,0.27,0.262,1.046,0.368,0.246,0.41,0.128,0.028,0.192,0.222,0.206,0.532,0.304,0.182,0.058,0.758,0.132,0.33,0.112,0.23,0.102,0.168,0.296,0.518,0.37,0.0,0.506,0.664,0.352,0.26,0.176,0.436,1.08,0.128
08:19:00,1.152,0.404,0.588,0.324,0.162,0.352,0.27,0.262,1.046,0.368,0.246,0.41,0.128,0.028,0.192,0.222,0.206,0.532,0.304,0.182,0.058,0.758,0.132,0.33,0.112,0.23,0.102,0.168,0.296,0.518,0.37,0.0,0.506,0.664,0.352,0.26,0.176,0.436,1.08,0.128
08:20:00,1.152,0.404,0.588,0.324,0.162,0.352,0.27,0.262,1.046,0.368,0.246,0.41,0.128,0.028,0.192,0.222,0.206,0.532,0.304,0.182,0.058,0.758,0.132,0.33,0.112,0.23,0.102,0.168,0.296,0.518,0.37,0.0,0.506,0.664,0.352,0.26,0.176,0.436,1.08,0.128
08:21:00,1.152,0.404,0.588,0.324,0.162,0.352,0.27,0.262,1.046,0.368,0.246,0.41,0.128,0.028,0.192,0.222,0.206,0.532,0.304,0.182,0.058,0.758,0.132,0.33,0.112,0.23,0.102,0.168,0.296,0.518,0.37,0.0,0.506,0.664,0.352,0.26,0.176,0.436,1.08,0.128
08:22:00,1.152,0.404,0.588,0.324,0.162,0.352,0.27,0.262,1.046,0.368,0.246,0.41,0.128,0.028,0.192,0.222,0.206,0.532,0.304,0.182,0.058,0.758,0.132,0.33,0.112,0.23,0.102,0.168,0.296,0.518,0.37,0.0,0.506,0.664,0.352,0.26,0.176,0.436,1.08,0.128
08:23:00,1.152,0.404,0.588,0.324,0.162,0.352,0.27,0.262,1.046,0.368,0.246,0.41,0.128,0.028,0.192,0.222,0.206,0.532,0.304,0.182,0.058,0.758,0.132,0.33,0.112,0.23,0.102,0.168,0.296,0.518,0.37,0.0,0.506,0.664,0.352,0.26,0.176,0.436,1.08,0.128
08:24:00,1.152,0.404,0.588,0.324,0.162,0.352,0.27,0.262,1.046,0.368,0.246,0.41,0.128,0.028,0.192,0.222,0.206,0.532,0.304,0.182,0.058,0.758,0.132,0.33,0.112,0.23,0.102,0.168,0.296,0.518,0.37,0.0,0.506,0.664,0.352,0.26,0.176,0.436,1.08,0.128
08:25:00,1.152,0.404,0.588,0.324,0.162,0.352,0.27,0.262,1.046,0.368,0.246,0.41,0.128,0.028,0.192,0.222,0.206,0.532,0.304,0.182,0.058,0.758,0.132,0.33,0.112,0.23,0.102,0.168,0.296,0.518,0.37,0.0,0.506,0.664,0.352,0.26,0.176,0.436,1.08,0.128
08:26:00,1.152,0.404,0.588,0.324,0.162,0.352,0.27,0.262,1.046,0.368,0.246,0.41,0.128,0.028,0.192,0.222,0.206,0.532,0.304,0.182,0.058,0.758,0.132,0.33,0.112,0.23,0.102,0.168,0.296,0.518,0.37,0.0,0.506,0.664,0.352,0.26,0.176,0.436,1.08,0.128
08:27:00,1.152,0.404,0.588,0.324,0.162,0.352,0.27,0.262,1.046,0.368,0.246,0.41,0.128,0.028,0.192,0.222,0.206,0.532,0.304,0.182,0.058,0.758,0.132,0.33,0.112,0.23,0.102,0.168,0.296,0.518,0.37,0.0,0.506,0.664,0.352,0.26,0.176,0.436,1.08,0.128
08:28:00,1.152,0.404,0.588,0.324,0.162,0.352,0.27,0.262,1.046,0.368,0.246,0.41,0.128,0.028,0.192,0.222,0.206,0.532,0.304,0.182,0.058,0.758,0.132,0.33,0.112,0.23,0.102,0.168,0.296,0.518,0.37,0.0,0.506,0.664,0.352,0.26,0.176,0.436,1.08,0.128
08:29:00,1.152,0.404,0.588,0.324,0.162,0.352,0.27,0.262,1.046,0.368,0.246,0.41,0.128,0.028,0.192,0.222,0.206,0.532,0.304,0.182,0.058,0.758,0.132,0.33,0.112,0.23,0.102,0.168,0.296,0.518,0.37,0.0,0.506,0.664,0.352,0.26,0.176,0.436,1.08,0.128
08:30:00,0.55,0.28,0.376,0.128,0.094,0.18,0.368,0.208,0.192,0.296,0.162,0.2,0.074,0.136,0.206,0.2,0.534,0.292,0.222,0.002,0.074,0.738,0.18,0.178,0.088,0.198,0.042,0.472,1.108,0.448,0.536,0.002,0.27,0.714,0.25,0.712,0.208,0.1,0.436,0.142
08:31:00,0.55,0.28,0.376,0.128,0.094,0.18,0.368,0.208,0.192,0.296,0.162,0.2,0.074,0.136,0.206,0.2,0.534,0.292,0.222,0.002,0.074,0.738,0.18,0.178,0.088,0.198,0.042,0.472,1.108,0.448,0.536,0.002,0.27,0.714,0.25,0.712,0.208,0.1,0.436,0.142
08:32:00,0.55,0.28,0.376,0.128,0.094,0.18,0.368,0.208,0.192,0.296,0.162,0.2,0.074,0.136,0.206,0.2,0.534,0.292,0.222,0.002,0.074,0.738,0.18,0.178,0.088,0.198,0.042,0.472,1.108,0.448,0.536,0.002,0.27,0.714,0.25,0.712,0.208,0.1,0.436,0.142
08:33:00,0.55,0.28,0.376,0.128,0.094,0.18,0.368,0.208,0.192,0.296,0.162,0.2,0.074,0.136,0.206,0.2,0.534,0.292,0.222,0.002,0.074,0.738,0.18,0.178,0.088,0.198,0.042,0.472,1.108,0.448,0.536,0.002,0.27,0.714,0.25,0.712,0.208,0.1,0.436,0.142
08:34:00,0.55,0.28,0.376,0.128,0.094,0.18,0.368,0.208,0.192,0.296,0.162,0.2,0.074,0.136,0.206,0.2,0.534,0.292,0.222,0.002,0.074,0.738,0.18,0.178,0.088,0.198,0.042,0.472,1.108,0.448,0.536,0.002,0.27,0.714,0.25,0.712,0.208,0.1,0.436,0.142
08:35:00,0.55,0.28,0.376,0.128,0.094,0.18,0.368,0.208,0.192,0.296,0.162,0.2,0.074,0.136,0.206,0.2,0.534,0.292,0.222,0.002,0.074,0.738,0.18,0.178,0.088,0.198,0.042,0.472,1.108,0.448,0.536,0.002,0.27,0.714,0.25,0.712,0.208,0.1,0.436,0.142
08:36:00,0.55,0.28,0.376,0.128,0.094,0.18,0.368,0.208,0.192,0.296,0.162,0.2,0.074,0.136,0.206,0.2,0.534,0.292,0.222,0.002,0.074,0.738,0.18,0.178,0.088,0.198,0.042,0.472,1.108,0.448,0.536,0.002,0.27,0.714,0.25,0.712,0.208,0.1,0.436,0.142
08:37:00,0.55,0.28,0.376,0.128,0.094,0.18,0.368,0.208,0.192,0.296,0.162,0.2,0.074,0.136,0.206,0.2,0.534,0.292,0.222,0.002,0.074,0.738,0.18,0.178,0.088,0.198,0.042,0.472,1.108,0.448,0.536,0.002,0.27,0.714,0.25,0.712,0.208,0.1,0.436,0.142
08:38:00,0.55,0.28,0.376,0.128,0.094,0.18,0.368,0.208,0.192,0.296,0.162,0.2,0.074,0.136,0.206,0.2,0.534,0.292,0.222,0.002,0.074,0.738,0.18,0.178,0.088,0.198,0.042,0.472,1.108,0.448,0.536,0.002,0.27,0.714,0.25,0.712,0.208,0.1,0.436,0.142
08:39:00,0.55,0.28,0.376,0.128,0.094,0.18,0.368,0.208,0.192,0.296,0.162,0.2,0.074,0.136,0.206,0.2,0.534,0.292,0.222,0.002,0.074,0.738,0.18,0.178,0.088,0.198,0.042,0.472,1.108,0.448,0.536,0.002,0.27,0.714,0.25,0.712,0.208,0.1,0.436,0.142
08:40:00,0.55,0.28,0.376,0.128,0.094,0.18,0.368,0.208,0.192,0.296,0.162,0.2,0.074,0.136,0.206,0.2,0.534,0.292,0.222,0.002,0.074,0.738,0.18,0.178,0.088,0.198,0.042,0.472,1.108,0.448,0.536,0.002,0.27,0.714,0.25,0.712,0.208,0.1,0.436,0.142
08:41:00,0.55,0.28,0.376,0.128,0.094,0.18,0.368,0.208,0.192,0.296,0.162,0.2,0.074,0.136,0.206,0.2,0.534,0.292,0.222,0.002,0.074,0.738,0.18,0.178,0.088,0.198,0.042,0.472,1.108,0.448,0.536,0.002,0.27,0.714,0.25,0.712,0.208,0.1,0.436,0.142
08:42:00,0.55,0.28,0.376,0.128,0.094,0.18,0.368,0.208,0.192,0.296,0.162,0.2,0.074,0.136,0.206,0.2,0.534,0.292,0.222,0.002,0.074,0.738,0.18,0.178,0.088,0.198,0.042,0.472,1.108,0.448,0.536,0.002,0.27,0.714,0.25,0.712,0.208,0.1,0.436,0.142
08:43:00,0.55,0.28,0.376,0.128,0.094,0.18,0.368,0.208,0.192,0.296,0.162,0.2,0.074,0.136,0.206,0.2,0.534,0.292,0.222,0.002,0.074,0.738,0.18,0.178,0.088,0.198,0.042,0.472,1.108,0.448,0.536,0.002,0.27,0.714,0.25,0.712,0.208,0.1,0.436,0.142
08:44:00,0.55,0.28,0.376,0.128,0.094,0.18,0.368,0.208,0.192,0.296,0.162,0.2,0.074,0.136,0.206,0.2,0.534,0.292,0.222,0.002,0.074,0.738,0.18,0.178,0.088,0.198,0.042,0.472,1.108,0.448,0.536,0.002,0.27,0.714,0.25,0.712,0.208,0.1,0.436,0.142
08:45:00,0.55,0.28,0.376,0.128,0.094,0.18,0.368,0.208,0.192,0.296,0.162,0.2,0.074,0.136,0.206,0.2,0.534,0.292,0.222,0.002,0.074,0.738,0.18,0.178,0.088,0.198,0.042,0.472,1.108,0.448,0.536,0.002,0.27,0.714,0.25,0.712,0.208,0.1,0.436,0.142
08:46:00,0.55,0.28,0.376,0.128,0.094,0.18,0.368,0.208,0.192,0.296,0.162,0.2,0.074,0.136,0.206,0.2,0.534,0.292,0.222,0.002,0.074,0.738,0.18,0.178,0.088,0.198,0.042,0.472,1.108,0.448,0.536,0.002,0.27,0.714,0.25,0.712,0.208,0.1,0.436,0.142
08:47:00,0.55,0.28,0.376,0.128,0.094,0.18,0.368,0.208,0.192,0.296,0.162,0.2,0.074,0.136,0.206,0.2,0.534,0.292,0.222,0.002,0.074,0.738,0.18,0.178,0.088,0.198,0.042,0.472,1.108,0.448,0.536,0.002,0.27,0.714,0.25,0.712,0.208,0.1,0.436,0.142
08:48:00,0.55,0.28,0.376,0.128,0.094,0.18,0.368,0.208,0.192,0.296,0.162,0.2,0.074,0.136,0.206,0.2,0.534,0.292,0.222,0.002,0.074,0.738,0.18,0.178,0.088,0.198,0.042,0.472,1.108,0.448,0.536,0.002,0.27,0.714,0.25,0.712,0.208,0.1,0.436,0.142
08:49:00,0.55,0.28,0.376,0.128,0.094,0.18,0.368,0.208,0.192,0.296,0.162,0.2,0.074,0.136,0.206,0.2,0.534,0.292,0.222,0.002,0.074,0.738,0.18,0.178,0.088,0.198,0.042,0.472,1.108,0.448,0.536,0.002,0.27,0.714,0.25,0.712,0.208,0.1,0.436,0.142
08:50:00,0.55,0.28,0.376,0.128,0.094,0.18,0.368,0.208,0.192,0.296,0.162,0.2,0.074,0.136,0.206,0.2,0.534,0.292,0.222,0.002,0.074,0.738,0.18,0.178,0.088,0.198,0.042,0.472,1.108,0.448,0.536,0.002,0.27,0.714,0.25,0.712,0.208,0.1,0.436,0.142
08:51:00,0.55,0.28,0.376,0.128,0.094,0.18,0.368,0.208,0.192,0.296,0.162,0.2,0.074,0.136,0.206,0.2,0.534,0.292,0.222,0.002,0.074,0.738,0.18,0.178,0.088,0.198,0.042,0.472,1.108,0.448,0.536,0.002,0.27,0.714,0.25,0.712,0.208,0.1,0.436,0.142
08:52:00,0.55,0.28,0.376,0.128,0.094,0.18,0.368,0.208,0.192,0.296,0.162,0.2,0.074,0.136,0.206,0.2,0.534,0.292,0.222,0.002,0.074,0.738,0.18,0.178,0.088,0.198,0.042,0.472,1.108,0.448,0.536,0.002,0.27,0.714,0.25,0.712,0.208,0.1,0.436,0.142
08:53:00,0.55,0.28,0.376,0.128,0.094,0.18,0.368,0.208,0.192,0.296,0.162,0.2,0.074,0.136,0.206,0.2,0.534,0.292,0.222,0.002,0.074,0.738,0.18,0.178,0.088,0.198,0.042,0.472,1.108,0.448,0.536,0.002,0.27,0.714,0.25,0.712,0.208,0.1,0.436,0.142
08:54:00,0.55,0.28,0.376,0.128,0.094,0.18,0.368,0.208,0.192,0.296,0.162,0.2,0.074,0.136,0.206,0.2,0.534,0.292,0.222,0.002,0.074,0.738,0.18,0.178,0.088,0.198,0.042,0.472,1.108,0.448,0.536,0.002,0.27,0.714,0.25,0.712,0.208,0.1,0.436,0.142
08:55:00,0.55,0.28,0.376,0.128,0.094,0.18,0.368,0.208,0.192,0.296,0.162,0.2,0.074,0.136,0.206,0.2,0.534,0.292,0.222,0.002,0.074,0.738,0.18,0.178,0.088,0.198,0.042,0.472,1.108,0.448,0.536,0.002,0.27,0.714,0.25,0.712,0.208,0.1,0.436,0.142
08:56:00,0.55,0.28,0.376,0.128,0.094,0.18,0.368,0.208,0.192,0.296,0.162,0.2,0.074,0.136,0.206,0.2,0.534,0.292,0.222,0.002,0.074,0.738,0.18,0.178,0.088,0.198,0.042,0.472,1.108,0.448,0.536,0.002,0.27,0.714,0.25,0.712,0.208,0.1,0.436,0.142
08:57:00,0.55,0.28,0.376,0.128,0.094,0.18,0.368,0.208,0.192,0.296,0.162,0.2,0.074,0.136,0.206,0.2,0.534,0.292,0.222,0.002,0.074,0.738,0.18,0.178,0.088,0.198,0.042,0.472,1.108,0.448,0.536,0.002,0.27,0.714,0.25,0.712,0.208,0.1,0.436,0.142
08:58:00,0.55,0.28,0.376,0.128,0.094,0.18,0.368,0.208,0.192,0.296,0.162,0.2,0.074,0.136,0.206,0.2,0.534,0.292,0.222,0.002,0.074,0.738,0.18,0.178,0.088,0.198,0.042,0.472,1.108,0.448,0.536,0.002,0.27,0.714,0.25,0.712,0.208,0.1,0.436,0.142
08:59:00,0.55,0.28,0.376,0.128,0.094,0.18,0.368,0.208,0.192,0.296,0.162,0.2,0.074,0.136,0.206,0.2,0.534,0.292,0.222,0.002,0.074,0.738,0.18,0.178,0.088,0.198,0.042,0.472,1.108,0.448,0.536,0.002,0.27,0.714,0.25,0.712,0.208,0.1,0.436,0.142
09:00:00,0.346,0.076,0.628,0.08,0.114,0.298,0.164,0.248,0.11,0.138,0.19,0.372,0.198,0.142,0.13,0.22,0.196,0.154,0.354,0.026,0.074,0.382,0.128,0.224,0.098,0.162,0.144,0.174,0.32,0.218,0.81,0.008,0.28,0.318,0.182,0.392,0.168,0.084,0.346,0.188
09:01:00,0.346,0.076,0.628,0.08,0.114,0.298,0.164,0.248,0.11,0.138,0.19,0.372,0.198,0.142,0.13,0.22,0.196,0.154,0.354,0.026,0.074,0.382,0.128,0.224,0.098,0.162,0.144,0.174,0.32,0.218,0.81,0.008,0.28,0.318,0.182,0.392,0.168,0.084,0.346,0.188
09:02:00,0.346,0.076,0.628,0.08,0.114,0.298,0.164,0.248,0.11,0.138,0.19,0.372,0.198,0.142,0.13,0.22,0.196,0.154,0.354,0.026,0.074,0.382,0.128,0.224,0.098,0.162,0.144,0.174,0.32,0.218,0.81,0.008,0.28,0.318,0.182,0.392,0.168,0.084,0.346,0.188
09:03:00,0.346,0.076,0.628,0.08,0.114,0.298,0.164,0.248,0.11,0.138,0.19,0.372,0.198,0.142,0.13,0.22,0.196,0.154,0.354,0.026,0.074,0.382,0.128,0.224,0.098,0.162,0.144,0.174,0.32,0.218,0.81,0.008,0.28,0.318,0.182,0.392,0.168,0.084,0.346,0.188
09:04:00,0.346,0.076,0.628,0.08,0.114,0.298,0.164,0.248,0.11,0.138,0.19,0.372,0.198,0.142,0.13,0.22,0.196,0.154,0.354,0.026,0.074,0.382,0.128,0.224,0.098,0.162,0.144,0.174,0.32,0.218,0.81,0.008,0.28,0.318,0.182,0.392,0.168,0.084,0.346,0.188
09:05:00,0.346,0.076,0.628,0.08,0.114,0.298,0.164,0.248,0.11,0.138,0.19,0.372,0.198,0.142,0.13,0.22,0.196,0.154,0.354,0.026,0.074,0.382,0.128,0.224,0.098,0.162,0.144,0.174,0.32,0.218,0.81,0.008,0.28,0.318,0.182,0.392,0.168,0.084,0.346,0.188
09:06:00,0.346,0.076,0.628,0.08,0.114,0.298,0.164,0.248,0.11,0.138,0.19,0.372,0.198,0.142,0.13,0.22,0.196,0.154,0.354,0.026,0.074,0.382,0.128,0.224,0.098,0.162,0.144,0.174,0.32,0.218,0.81,0.008,0.28,0.318,0.182,0.392,0.168,0.084,0.346,0.188
09:07:00,0.346,0.076,0.628,0.08,0.114,0.298,0.164,0.248,0.11,0.138,0.19,0.372,0.198,0.142,0.13,0.22,0.196,0.154,0.354,0.026,0.074,0.382,0.128,0.224,0.098,0.162,0.144,0.174,0.32,0.218,0.81,0.008,0.28,0.318,0.182,0.392,0.168,0.084,0.346,0.188
09:08:00,0.346,0.076,0.628,0.08,0.114,0.298,0.164,0.248,0.11,0.138,0.19,0.372,0.198,0.142,0.13,0.22,0.196,0.154,0.354,0.026,0.074,0.382,0.128,0.224,0.098,0.162,0.144,0.174,0.32,0.218,0.81,0.008,0.28,0.318,0.182,0.392,0.168,0.084,0.346,0.188
09:09:00,0.346,0.076,0.628,0.08,0.114,0.298,0.164,0.248,0.11,0.138,0.19,0.372,0.198,0.142,0.13,0.22,0.196,0.154,0.354,0.026,0.074,0.382,0.128,0.224,0.098,0.162,0.144,0.174,0.32,0.218,0.81,0.008,0.28,0.318,0.182,0.392,0.168,0.084,0.346,0.188
09:10:00,0.346,0.076,0.628,0.08,0.114,0.298,0.164,0.248,0.11,0.138,0.19,0.372,0.198,0.142,0.13,0.22,0.196,0.154,0.354,0.026,0.074,0.382,0.128,0.224,0.098,0.162,0.144,0.174,0.32,0.218,0.81,0.008,0.28,0.318,0.182,0.392,0.168,0.084,0.346,0.188
09:11:00,0.346,0.076,0.628,0.08,0.114,0.298,0.164,0.248,0.11,0.138,0.19,0.372,0.198,0.142,0.13,0.22,0.196,0.154,0.354,0.026,0.074,0.382,0.128,0.224,0.098,0.162,0.144,0.174,0.32,0.218,0.81,0.008,0.28,0.318,0.182,0.392,0.168,0.084,0.346,0.188
09:12:00,0.346,0.076,0.628,0.08,0.114,0.298,0.164,0.248,0.11,0.138,0.19,0.372,0.198,0.142,0.13,0.22,0.196,0.154,0.354,0.026,0.074,0.382,0.128,0.224,0.098,0.162,0.144,0.174,0.32,0.218,0.81,0.008,0.28,0.318,0.182,0.392,0.168,0.084,0.346,0.188
09:13:00,0.346,0.076,0.628,0.08,0.114,0.298,0.164,0.248,0.11,0.138,0.19,0.372,0.198,0.142,0.13,0.22,0.196,0.154,0.354,0.026,0.074,0.382,0.128,0.224,0.098,0.162,0.144,0.174,0.32,0.218,0.81,0.008,0.28,0.318,0.182,0.392,0.168,0.084,0.346,0.188
09:14:00,0.346,0.076,0.628,0.08,0.114,0.298,0.164,0.248,0.11,0.138,0.19,0.372,0.198,0.142,0.13,0.22,0.196,0.154,0.354,0.026,0.074,0.382,0.128,0.224,0.098,0.162,0.144,0.174,0.32,0.218,0.81,0.008,0.28,0.318,0.182,0.392,0.168,0.084,0.346,0.188
09:15:00,0.346,0.076,0.628,0.08,0.114,0.298,0.164,0.248,0.11,0.138,0.19,0.372,0.198,0.142,0.13,0.22,0.196,0.154,0.354,0.026,0.074,0.382,0.128,0.224,0.098,0.162,0.144,0.174,0.32,0.218,0.81,0.008,0.28,0.318,0.182,0.392,0.168,0.084,0.346,0.188
09:16:00,0.346,0.076,0.628,0.08,0.114,0.298,0.164,0.248,0.11,0.138,0.19,0.372,0.198,0.142,0.13,0.22,0.196,0.154,0.354,0.026,0.074,0.382,0.128,0.224,0.098,0.162,0.144,0.174,0.32,0.218,0.81,0.008,0.28,0.318,0.182,0.392,0.168,0.084,0.346,0.188
09:17:00,0.346,0.076,0.628,0.08,0.114,0.298,0.164,0.248,0.11,0.138,0.19,0.372,0.198,0.142,0.13,0.22,0.196,0.154,0.354,0.026,0.074,0.382,0.128,0.224,0.098,0.162,0.144,0.174,0.32,0.218,0.81,0.008,0.28,0.318,0.182,0.392,0.168,0.084,0.346,0.188
09:18:00,0.346,0.076,0.628,0.08,0.114,0.298,0.164,0.248,0.11,0.138,0.19,0.372,0.198,0.142,0.13,0.22,0.196,0.154,0.354,0.026,0.074,0.382,0.128,0.224,0.098,0.162,0.144,0.174,0.32,0.218,0.81,0.008,0.28,0.318,0.182,0.392,0.168,0.084,0.346,0.188
09:19:00,0.346,0.076,0.628,0.08,0.114,0.298,0.164,0.248,0.11,0.138,0.19,0.372,0.198,0.142,0.13,0.22,0.196,0.154,0.354,0.026,0.074,0.382,0.128,0.224,0.098,0.162,0.144,0.174,0.32,0.218,0.81,0.008,0.28,0.318,0.182,0.392,0.168,0.084,0.346,0.188
09:20:00,0.346,0.076,0.628,0.08,0.114,0.298,0.164,0.248,0.11,0.138,0.19,0.372,0.198,0.142,0.13,0.22,0.196,0.154,0.354,0.026,0.074,0.382,0.128,0.224,0.098,0.162,0.144,0.174,0.32,0.218,0.81,0.008,0.28,0.318,0.182,0.392,0.168,0.084,0.346,0.188
09:21:00,0.346,0.076,0.628,0.08,0.114,0.298,0.164,0.248,0.11,0.138,0.19,0.372,0.198,0.142,0.13,0.22,0.196,0.154,0.354,0.026,0.074,0.382,0.128,0.224,0.098,0.162,0.144,0.174,0.32,0.218,0.81,0.008,0.28,0.318,0.182,0.392,0.168,0.084,0.346,0.188
09:22:00,0.346,0.076,0.628,0.08,0.114,0.298,0.164,0.248,0.11,0.138,0.19,0.372,0.198,0.142,0.13,0.22,0.196,0.154,0.354,0.026,0.074,0.382,0.128,0.224,0.098,0.162,0.144,0.174,0.32,0.218,0.81,0.008,0.28,0.318,0.182,0.392,0.168,0.084,0.346,0.188
09:23:00,0.346,0.076,0.628,0.08,0.114,0.298,0.164,0.248,0.11,0.138,0.19,0.372,0.198,0.142,0.13,0.22,0.196,0.154,0.354,0.026,0.074,0.382,0.128,0.224,0.098,0.162,0.144,0.174,0.32,0.218,0.81,0.008,0.28,0.318,0.182,0.392,0.168,0.084,0.346,0.188
09:24:00,0.346,0.076,0.628,0.08,0.114,0.298,0.164,0.248,0.11,0.138,0.19,0.372,0.198,0.142,0.13,0.22,0.196,0.154,0.354,0.026,0.074,0.382,0.128,0.224,0.098,0.162,0.144,0.174,0.32,0.218,0.81,0.008,0.28,0.318,0.182,0.392,0.168,0.084,0.346,0.188
09:25:00,0.346,0.076,0.628,0.08,0.114,0.298,0.164,0.248,0.11,0.138,0.19,0.372,0.198,0.142,0.13,0.22,0.196,0.154,0.354,0.026,0.074,0.382,0.128,0.224,0.098,0.162,0.144,0.174,0.32,0.218,0.81,0.008,0.28,0.318,0.182,0.392,0.168,0.084,0.346,0.188
09:26:00,0.346,0.076,0.628,0.08,0.114,0.298,0.164,0.248,0.11,0.138,0.19,0.372,0.198,0.142,0.13,0.22,0.196,0.154,0.354,0.026,0.074,0.382,0.128,0.224,0.098,0.162,0.144,0.174,0.32,0.218,0.81,0.008,0.28,0.318,0.182,0.392,0.168,0.084,0.346,0.188
09:27:00,0.346,0.076,0.628,0.08,0.114,0.298,0.164,0.248,0.11,0.138,0.19,0.372,0.198,0.142,0.13,0.22,0.196,0.154,0.354,0.026,0.074,0.382,0.128,0.224,0.098,0.162,0.144,0.174,0.32,0.218,0.81,0.008,0.28,0.318,0.182,0.392,0.168,0.084,0.346,0.188
09:28:00,0.346,0.076,0.628,0.08,0.114,0.298,0.164,0.248,0.11,0.138,0.19,0.372,0.198,0.142,0.13,0.22,0.196,0.154,0.354,0.026,0.074,0.382,0.128,0.224,0.098,0.162,0.144,0.174,0.32,0.218,0.81,0.008,0.28,0.318,0.182,0.392,0.168,0.084,0.346,0.188
09:29:00,0.346,0.076,0.628,0.08,0.114,0.298,0.164,0.248,0.11,0.138,0.19,0.372,0.198,0.142,0.13,0.22,0.196,0.154,0.354,0.026,0.074,0.382,0.128,0.224,0.098,0.162,0.144,0.174,0.32,0.218,0.81,0.008,0.28,0.318,0.182,0.392,0.168,0.084,0.346,0.188
09:30:00,0.408,0.612,0.9,0.568,0.356,0.2,0.338,0.256,0.074,0.234,0.558,0.178,0.468,0.138,0.194,0.218,0.126,0.178,0.248,0.054,0.112,0.344,0.22,0.392,0.12,0.094,0.032,0.284,0.232,0.458,0.358,0.182,0.266,0.048,1.418,0.206,0.262,0.09,0.566,0.246
09:31:00,0.408,0.612,0.9,0.568,0.356,0.2,0.338,0.256,0.074,0.234,0.558,0.178,0.468,0.138,0.194,0.218,0.126,0.178,0.248,0.054,0.112,0.344,0.22,0.392,0.12,0.094,0.032,0.284,0.232,0.458,0.358,0.182,0.266,0.048,1.418,0.206,0.262,0.09,0.566,0.246
09:32:00,0.408,0.612,0.9,0.568,0.356,0.2,0.338,0.256,0.074,0.234,0.558,0.178,0.468,0.138,0.194,0.218,0.126,0.178,0.248,0.054,0.112,0.344,0.22,0.392,0.12,0.094,0.032,0.284,0.232,0.458,0.358,0.182,0.266,0.048,1.418,0.206,0.262,0.09,0.566,0.246
09:33:00,0.408,0.612,0.9,0.568,0.356,0.2,0.338,0.256,0.074,0.234,0.558,0.178,0.468,0.138,0.194,0.218,0.126,0.178,0.248,0.054,0.112,0.344,0.22,0.392,0.12,0.094,0.032,0.284,0.232,0.458,0.358,0.182,0.266,0.048,1.418,0.206,0.262,0.09,0.566,0.246
09:34:00,0.408,0.612,0.9,0.568,0.356,0.2,0.338,0.256,0.074,0.234,0.558,0.178,0.468,0.138,0.194,0.218,0.126,0.178,0.248,0.054,0.112,0.344,0.22,0.392,0.12,0.094,0.032,0.284,0.232,0.458,0.358,0.182,0.266,0.048,1.418,0.206,0.262,0.09,0.566,0.246
09:35:00,0.408,0.612,0.9,0.568,0.356,0.2,0.338,0.256,0.074,0.234,0.558,0.178,0.468,0.138,0.194,0.218,0.126,0.178,0.248,0.054,0.112,0.344,0.22,0.392,0.12,0.094,0.032,0.284,0.232,0.458,0.358,0.182,0.266,0.048,1.418,0.206,0.262,0.09,0.566,0.246
09:36:00,0.408,0.612,0.9,0.568,0.356,0.2,0.338,0.256,0.074,0.234,0.558,0.178,0.468,0.138,0.194,0.218,0.126,0.178,0.248,0.054,0.112,0.344,0.22,0.392,0.12,0.094,0.032,0.284,0.232,0.458,0.358,0.182,0.266,0.048,1.418,0.206,0.262,0.09,0.566,0.246
09:37:00,0.408,0.612,0.9,0.568,0.356,0.2,0.338,0.256,0.074,0.234,0.558,0.178,0.468,0.138,0.194,0.218,0.126,0.178,0.248,0.054,0.112,0.344,0.22,0.392,0.12,0.094,0.032,0.284,0.232,0.458,0.358,0.182,0.266,0.048,1.418,0.206,0.262,0.09,0.566,0.246
09:38:00,0.408,0.612,0.9,0.568,0.356,0.2,0.338,0.256,0.074,0.234,0.558,0.178,0.468,0.138,0.194,0.218,0.126,0.178,0.248,0.054,0.112,0.344,0.22,0.392,0.12,0.094,0.032,0.284,0.232,0.458,0.358,0.182,0.266,0.048,1.418,0.206,0.262,0.09,0.566,0.246
09:39:00,0.408,0.612,0.9,0.568,0.356,0.2,0.338,0.256,0.074,0.234,0.558,0.178,0.468,0.138,0.194,0.218,0.126,0.178,0.248,0.054,0.112,0.344,0.22,0.392,0.12,0.094,0.032,0.284,0.232,0.458,0.358,0.182,0.266,0.048,1.418,0.206,0.262,0.09,0.566,0.246
09:40:00,0.408,0.612,0.9,0.568,0.356,0.2,0.338,0.256,0.074,0.234,0.558,0.178,0.468,0.138,0.194,0.218,0.126,0.178,0.248,0.054,0.112,0.344,0.22,0.392,0.12,0.094,0.032,0.284,0.232,0.458,0.358,0.182,0.266,0.048,1.418,0.206,0.262,0.09,0.566,0.246
09:41:00,0.408,0.612,0.9,0.568,0.356,0.2,0.338,0.256,0.074,0.234,0.558,0.178,0.468,0.138,0.194,0.218,0.126,0.178,0.248,0.054,0.112,0.344,0.22,0.392,0.12,0.094,0.032,0.284,0.232,0.458,0.358,0.182,0.266,0.048,1.418,0.206,0.262,0.09,0.566,0.246
09:42:00,0.408,0.612,0.9,0.568,0.356,0.2,0.338,0.256,0.074,0.234,0.558,0.178,0.468,0.138,0.194,0.218,0.126,0.178,0.248,0.054,0.112,0.344,0.22,0.392,0.12,0.094,0.032,0.284,0.232,0.458,0.358,0.182,0.266,0.048,1.418,0.206,0.262,0.09,0.566,0.246
09:43:00,0.408,0.612,0.9,0.568,0.356,0.2,0.338,0.256,0.074,0.234,0.558,0.178,0.468,0.138,0.194,0.218,0.126,0.178,0.248,0.054,0.112,0.344,0.22,0.392,0.12,0.094,0.032,0.284,0.232,0.458,0.358,0.182,0.266,0.048,1.418,0.206,0.262,0.09,0.566,0.246
09:44:00,0.408,0.612,0.9,0.568,0.356,0.2,0.338,0.256,0.074,0.234,0.558,0.178,0.468,0.138,0.194,0.218,0.126,0.178,0.248,0.054,0.112,0.344,0.22,0.392,0.12,0.094,0.032,0.284,0.232,0.458,0.358,0.182,0.266,0.048,1.418,0.206,0.262,0.09,0.566,0.246
09:45:00,0.408,0.612,0.9,0.568,0.356,0.2,0.338,0.256,0.074,0.234,0.558,0.178,0.468,0.138,0.194,0.218,0.126,0.178,0.248,0.054,0.112,0.344,0.22,0.392,0.12,0.094,0.032,0.284,0.232,0.458,0.358,0.182,0.266,0.048,1.418,0.206,0.262,0.09,0.566,0.246
09:46:00,0.408,0.612,0.9,0.568,0.356,0.2,0.338,0.256,0.074,0.234,0.558,0.178,0.468,0.138,0.194,0.218,0.126,0.178,0.248,0.054,0.112,0.344,0.22,0.392,0.12,0.094,0.032,0.284,0.232,0.458,0.358,0.182,0.266,0.048,1.418,0.206,0.262,0.09,0.566,0.246
09:47:00,0.408,0.612,0.9,0.568,0.356,0.2,0.338,0.256,0.074,0.234,0.558,0.178,0.468,0.138,0.194,0.218,0.126,0.178,0.248,0.054,0.112,0.344,0.22,0.392,0.12,0.094,0.032,0.284,0.232,0.458,0.358,0.182,0.266,0.048,1.418,0.206,0.262,0.09,0.566,0.246
09:48:00,0.408,0.612,0.9,0.568,0.356,0.2,0.338,0.256,0.074,0.234,0.558,0.178,0.468,0.138,0.194,0.218,0.126,0.178,0.248,0.054,0.112,0.344,0.22,0.392,0.12,0.094,0.032,0.284,0.232,0.458,0.358,0.182,0.266,0.048,1.418,0.206,0.262,0.09,0.566,0.246
09:49:00,0.408,0.612,0.9,0.568,0.356,0.2,0.338,0.256,0.074,0.234,0.558,0.178,0.468,0.138,0.194,0.218,0.126,0.178,0.248,0.054,0.112,0.344,0.22,0.392,0.12,0.094,0.032,0.284,0.232,0.458,0.358,0.182,0.266,0.048,1.418,0.206,0.262,0.09,0.566,0.246
09:50:00,0.408,0.612,0.9,0.568,0.356,0.2,0.338,0.256,0.074,0.234,0.558,0.178,0.468,0.138,0.194,0.218,0.126,0.178,0.248,0.054,0.112,0.344,0.22,0.392,0.12,0.094,0.032,0.284,0.232,0.458,0.358,0.182,0.266,0.048,1.418,0.206,0.262,0.09,0.566,0.246
09:51:00,0.408,0.612,0.9,0.568,0.356,0.2,0.338,0.256,0.074,0.234,0.558,0.178,0.468,0.138,0.194,0.218,0.126,0.178,0.248,0.054,0.112,0.344,0.22,0.392,0.12,0.094,0.032,0.284,0.232,0.458,0.358,0.182,0.266,0.048,1.418,0.206,0.262,0.09,0.566,0.246
09:52:00,0.408,0.612,0.9,0.568,0.356,0.2,0.338,0.256,0.074,0.234,0.558,0.178,0.468,0.138,0.194,0.218,0.126,0.178,0.248,0.054,0.112,0.344,0.22,0.392,0.12,0.094,0.032,0.284,0.232,0.458,0.358,0.182,0.266,0.048,1.418,0.206,0.262,0.09,0.566,0.246
09:53:00,0.408,0.612,0.9,0.568,0.356,0.2,0.338,0.256,0.074,0.234,0.558,0.178,0.468,0.138,0.194,0.218,0.126,0.178,0.248,0.054,0.112,0.344,0.22,0.392,0.12,0.094,0.032,0.284,0.232,0.458,0.358,0.182,0.266,0.048,1.418,0.206,0.262,0.09,0.566,0.246
09:54:00,0.408,0.612,0.9,0.568,0.356,0.2,0.338,0.256,0.074,0.234,0.558,0.178,0.468,0.138,0.194,0.218,0.126,0.178,0.248,0.054,0.112,0.344,0.22,0.392,0.12,0.094,0.032,0.284,0.232,0.458,0.358,0.182,0.266,0.048,1.418,0.206,0.262,0.09,0.566,0.246
09:55:00,0.408,0.612,0.9,0.568,0.356,0.2,0.338,0.256,0.074,0.234,0.558,0.178,0.468,0.138,0.194,0.218,0.126,0.178,0.248,0.054,0.112,0.344,0.22,0.392,0.12,0.094,0.032,0.284,0.232,0.458,0.358,0.182,0.266,0.048,1.418,0.206,0.262,0.09,0.566,0.246
09:56:00,0.408,0.612,0.9,0.568,0.356,0.2,0.338,0.256,0.074,0.234,0.558,0.178,0.468,0.138,0.194,0.218,0.126,0.178,0.248,0.054,0.112,0.344,0.22,0.392,0.12,0.094,0.032,0.284,0.232,0.458,0.358,0.182,0.266,0.048,1.418,0.206,0.262,0.09,0.566,0.246
09:57:00,0.408,0.612,0.9,0.568,0.356,0.2,0.338,0.256,0.074,0.234,0.558,0.178,0.468,0.138,0.194,0.218,0.126,0.178,0.248,0.054,0.112,0.344,0.22,0.392,0.12,0.094,0.032,0.284,0.232,0.458,0.358,0.182,0.266,0.048,1.418,0.206,0.262,0.09,0.566,0.246
09:58:00,0.408,0.612,0.9,0.568,0.356,0.2,0.338,0.256,0.074,0.234,0.558,0.178,0.468,0.138,0.194,0.218,0.126,0.178,0.248,0.054,0.112,0.344,0.22,0.392,0.12,0.094,0.032,0.284,0.232,0.458,0.358,0.182,0.266,0.048,1.418,0.206,0.262,0.09,0.566,0.246
09:59:00,0.408,0.612,0.9,0.568,0.356,0.2,0.338,0.256,0.074,0.234,0.558,0.178,0.468,0.138,0.194,0.218,0.126,0.178,0.248,0.054,0.112,0.344,0.22,0.392,0.12,0.094,0.032,0.284,0.232,0.458,0.358,0.182,0.266,0.048,1.418,0.206,0.262,0.09,0.566,0.246
10:00:00,0.464,0.566,0.482,0.09,0.22,0.12,0.184,0.66,0.072,0.182,0.364,1.192,0.28,0.198,0.206,0.204,0.12,0.412,0.304,0.0,0.362,0.13,0.246,0.358,0.072,0.102,0.112,0.146,0.23,0.244,0.556,0.72,0.27,0.11,0.582,0.372,0.152,0.102,0.098,0.254
10:01:00,0.464,0.566,0.482,0.09,0.22,0.12,0.184,0.66,0.072,0.182,0.364,1.192,0.28,0.198,0.206,0.204,0.12,0.412,0.304,0.0,0.362,0.13,0.246,0.358,0.072,0.102,0.112,0.146,0.23,0.244,0.556,0.72,0.27,0.11,0.582,0.372,0.152,0.102,0.098,0.254
10:02:00,0.464,0.566,0.482,0.09,0.22,0.12,0.184,0.66,0.072,0.182,0.364,1.192,0.28,0.198,0.206,0.204,0.12,0.412,0.304,0.0,0.362,0.13,0.246,0.358,0.072,0.102,0.112,0.146,0.23,0.244,0.556,0.72,0.27,0.11,0.582,0.372,0.152,0.102,0.098,0.254
10:03:00,0.464,0.566,0.482,0.09,0.22,0.12,0.184,0.66,0.072,0.182,0.364,1.192,0.28,0.198,0.206,0.204,0.12,0.412,0.304,0.0,0.362,0.13,0.246,0.358,0.072,0.102,0.112,0.146,0.23,0.244,0.556,0.72,0.27,0.11,0.582,0.372,0.152,0.102,0.098,0.254
10:04:00,0.464,0.566,0.482,0.09,0.22,0.12,0.184,0.66,0.072,0.182,0.364,1.192,0.28,0.198,0.206,0.204,0.12,0.412,0.304,0.0,0.362,0.13,0.246,0.358,0.072,0.102,0.112,0.146,0.23,0.244,0.556,0.72,0.27,0.11,0.582,0.372,0.152,0.102,0.098,0.254
10:05:00,0.464,0.566,0.482,0.09,0.22,0.12,0.184,0.66,0.072,0.182,0.364,1.192,0.28,0.198,0.206,0.204,0.12,0.412,0.304,0.0,0.362,0.13,0.246,0.358,0.072,0.102,0.112,0.146,0.23,0.244,0.556,0.72,0.27,0.11,0.582,0.372,0.152,0.102,0.098,0.254
10:06:00,0.464,0.566,0.482,0.09,0.22,0.12,0.184,0.66,0.072,0.182,0.364,1.192,0.28,0.198,0.206,0.204,0.12,0.412,0.304,0.0,0.362,0.13,0.246,0.358,0.072,0.102,0.112,0.146,0.23,0.244,0.556,0.72,0.27,0.11,0.582,0.372,0.152,0.102,0.098,0.254
10:07:00,0.464,0.566,0.482,0.09,0.22,0.12,0.184,0.66,0.072,0.182,0.364,1.192,0.28,0.198,0.206,0.204,0.12,0.412,0.304,0.0,0.362,0.13,0.246,0.358,0.072,0.102,0.112,0.146,0.23,0.244,0.556,0.72,0.27,0.11,0.582,0.372,0.152,0.102,0.098,0.254
10:08:00,0.464,0.566,0.482,0.09,0.22,0.12,0.184,0.66,0.072,0.182,0.364,1.192,0.28,0.198,0.206,0.204,0.12,0.412,0.304,0.0,0.362,0.13,0.246,0.358,0.072,0.102,0.112,0.146,0.23,0.244,0.556,0.72,0.27,0.11,0.582,0.372,0.152,0.102,0.098,0.254
10:09:00,0.464,0.566,0.482,0.09,0.22,0.12,0.184,0.66,0.072,0.182,0.364,1.192,0.28,0.198,0.206,0.204,0.12,0.412,0.304,0.0,0.362,0.13,0.246,0.358,0.072,0.102,0.112,0.146,0.23,0.244,0.556,0.72,0.27,0.11,0.582,0.372,0.152,0.102,0.098,0.254
10:10:00,0.464,0.566,0.482,0.09,0.22,0.12,0.184,0.66,0.072,0.182,0.364,1.192,0.28,0.198,0.206,0.204,0.12,0.412,0.304,0.0,0.362,0.13,0.246,0.358,0.072,0.102,0.112,0.146,0.23,0.244,0.556,0.72,0.27,0.11,0.582,0.372,0.152,0.102,0.098,0.254
10:11:00,0.464,0.566,0.482,0.09,0.22,0.12,0.184,0.66,0.072,0.182,0.364,1.192,0.28,0.198,0.206,0.204,0.12,0.412,0.304,0.0,0.362,0.13,0.246,0.358,0.072,0.102,0.112,0.146,0.23,0.244,0.556,0.72,0.27,0.11,0.582,0.372,0.152,0.102,0.098,0.254
10:12:00,0.464,0.566,0.482,0.09,0.22,0.12,0.184,0.66,0.072,0.182,0.364,1.192,0.28,0.198,0.206,0.204,0.12,0.412,0.304,0.0,0.362,0.13,0.246,0.358,0.072,0.102,0.112,0.146,0.23,0.244,0.556,0.72,0.27,0.11,0.582,0.372,0.152,0.102,0.098,0.254
10:13:00,0.464,0.566,0.482,0.09,0.22,0.12,0.184,0.66,0.072,0.182,0.364,1.192,0.28,0.198,0.206,0.204,0.12,0.412,0.304,0.0,0.362,0.13,0.246,0.358,0.072,0.102,0.112,0.146,0.23,0.244,0.556,0.72,0.27,0.11,0.582,0.372,0.152,0.102,0.098,0.254
10:14:00,0.464,0.566,0.482,0.09,0.22,0.12,0.184,0.66,0.072,0.182,0.364,1.192,0.28,0.198,0.206,0.204,0.12,0.412,0.304,0.0,0.362,0.13,0.246,0.358,0.072,0.102,0.112,0.146,0.23,0.244,0.556,0.72,0.27,0.11,0.582,0.372,0.152,0.102,0.098,0.254
10:15:00,0.464,0.566,0.482,0.09,0.22,0.12,0.184,0.66,0.072,0.182,0.364,1.192,0.28,0.198,0.206,0.204,0.12,0.412,0.304,0.0,0.362,0.13,0.246,0.358,0.072,0.102,0.112,0.146,0.23,0.244,0.556,0.72,0.27,0.11,0.582,0.372,0.152,0.102,0.098,0.254
10:16:00,0.464,0.566,0.482,0.09,0.22,0.12,0.184,0.66,0.072,0.182,0.364,1.192,0.28,0.198,0.206,0.204,0.12,0.412,0.304,0.0,0.362,0.13,0.246,0.358,0.072,0.102,0.112,0.146,0.23,0.244,0.556,0.72,0.27,0.11,0.582,0.372,0.152,0.102,0.098,0.254
10:17:00,0.464,0.566,0.482,0.09,0.22,0.12,0.184,0.66,0.072,0.182,0.364,1.192,0.28,0.198,0.206,0.204,0.12,0.412,0.304,0.0,0.362,0.13,0.246,0.358,0.072,0.102,0.112,0.146,0.23,0.244,0.556,0.72,0.27,0.11,0.582,0.372,0.152,0.102,0.098,0.254
10:18:00,0.464,0.566,0.482,0.09,0.22,0.12,0.184,0.66,0.072,0.182,0.364,1.192,0.28,0.198,0.206,0.204,0.12,0.412,0.304,0.0,0.362,0.13,0.246,0.358,0.072,0.102,0.112,0.146,0.23,0.244,0.556,0.72,0.27,0.11,0.582,0.372,0.152,0.102,0.098,0.254
10:19:00,0.464,0.566,0.482,0.09,0.22,0.12,0.184,0.66,0.072,0.182,0.364,1.192,0.28,0.198,0.206,0.204,0.12,0.412,0.304,0.0,0.362,0.13,0.246,0.358,0.072,0.102,0.112,0.146,0.23,0.244,0.556,0.72,0.27,0.11,0.582,0.372,0.152,0.102,0.098,0.254
10:20:00,0.464,0.566,0.482,0.09,0.22,0.12,0.184,0.66,0.072,0.182,0.364,1.192,0.28,0.198,0.206,0.204,0.12,0.412,0.304,0.0,0.362,0.13,0.246,0.358,0.072,0.102,0.112,0.146,0.23,0.244,0.556,0.72,0.27,0.11,0.582,0.372,0.152,0.102,0.098,0.254
10:21:00,0.464,0.566,0.482,0.09,0.22,0.12,0.184,0.66,0.072,0.182,0.364,1.192,0.28,0.198,0.206,0.204,0.12,0.412,0.304,0.0,0.362,0.13,0.246,0.358,0.072,0.102,0.112,0.146,0.23,0.244,0.556,0.72,0.27,0.11,0.582,0.372,0.152,0.102,0.098,0.254
10:22:00,0.464,0.566,0.482,0.09,0.22,0.12,0.184,0.66,0.072,0.182,0.364,1.192,0.28,0.198,0.206,0.204,0.12,0.412,0.304,0.0,0.362,0.13,0.246,0.358,0.072,0.102,0.112,0.146,0.23,0.244,0.556,0.72,0.27,0.11,0.582,0.372,0.152,0.102,0.098,0.254
10:23:00,0.464,0.566,0.482,0.09,0.22,0.12,0.184,0.66,0.072,0.182,0.364,1.192,0.28,0.198,0.206,0.204,0.12,0.412,0.304,0.0,0.362,0.13,0.246,0.358,0.072,0.102,0.112,0.146,0.23,0.244,0.556,0.72,0.27,0.11,0.582,0.372,0.152,0.102,0.098,0.254
10:24:00,0.464,0.566,0.482,0.09,0.22,0.12,0.184,0.66,0.072,0.182,0.364,1.192,0.28,0.198,0.206,0.204,0.12,0.412,0.304,0.0,0.362,0.13,0.246,0.358,0.072,0.102,0.112,0.146,0.23,0.244,0.556,0.72,0.27,0.11,0.582,0.372,0.152,0.102,0.098,0.254
10:25:00,0.464,0.566,0.482,0.09,0.22,0.12,0.184,0.66,0.072,0.182,0.364,1.192,0.28,0.198,0.206,0.204,0.12,0.412,0.304,0.0,0.362,0.13,0.246,0.358,0.072,0.102,0.112,0.146,0.23,0.244,0.556,0.72,0.27,0.11,0.582,0.372,0.152,0.102,0.098,0.254
10:26:00,0.464,0.566,0.482,0.09,0.22,0.12,0.184,0.66,0.072,0.182,0.364,1.192,0.28,0.198,0.206,0.204,0.12,0.412,0.304,0.0,0.362,0.13,0.246,0.358,0.072,0.102,0.112,0.146,0.23,0.244,0.556,0.72,0.27,0.11,0.582,0.372,0.152,0.102,0.098,0.254
10:27:00,0.464,0.566,0.482,0.09,0.22,0.12,0.184,0.66,0.072,0.182,0.364,1.192,0.28,0.198,0.206,0.204,0.12,0.412,0.304,0.0,0.362,0.13,0.246,0.358,0.072,0.102,0.112,0.146,0.23,0.244,0.556,0.72,0.27,0.11,0.582,0.372,0.152,0.102,0.098,0.254
10:28:00,0.464,0.566,0.482,0.09,0.22,0.12,0.184,0.66,0.072,0.182,0.364,1.192,0.28,0.198,0.206,0.204,0.12,0.412,0.304,0.0,0.362,0.13,0.246,0.358,0.072,0.102,0.112,0.146,0.23,0.244,0.556,0.72,0.27,0.11,0.582,0.372,0.152,0.102,0.098,0.254
10:29:00,0.464,0.566,0.482,0.09,0.22,0.12,0.184,0.66,0.072,0.182,0.364,1.192,0.28,0.198,0.206,0.204,0.12,0.412,0.304,0.0,0.362,0.13,0.246,0.358,0.072,0.102,0.112,0.146,0.23,0.244,0.556,0.72,0.27,0.11,0.582,0.372,0.152,0.102,0.098,0.254
10:30:00,0.412,0.154,0.554,0.216,0.094,0.12,0.168,0.53,0.12,0.138,0.608,0.32,0.286,1.446,0.19,0.22,0.206,0.154,0.266,0.224,2.3900002,0.218,0.276,0.368,0.112,0.11,0.044,0.172,0.294,0.104,0.426,0.856,0.172,0.094,2.412,0.324,0.222,0.098,0.1,0.242
10:31:00,0.412,0.154,0.554,0.216,0.094,0.12,0.168,0.53,0.12,0.138,0.608,0.32,0.286,1.446,0.19,0.22,0.206,0.154,0.266,0.224,2.3900002,0.218,0.276,0.368,0.112,0.11,0.044,0.172,0.294,0.104,0.426,0.856,0.172,0.094,2.412,0.324,0.222,0.098,0.1,0.242
10:32:00,0.412,0.154,0.554,0.216,0.094,0.12,0.168,0.53,0.12,0.138,0.608,0.32,0.286,1.446,0.19,0.22,0.206,0.154,0.266,0.224,2.3900002,0.218,0.276,0.368,0.112,0.11,0.044,0.172,0.294,0.104,0.426,0.856,0.172,0.094,2.412,0.324,0.222,0.098,0.1,0.242
10:33:00,0.412,0.154,0.554,0.216,0.094,0.12,0.168,0.53,0.12,0.138,0.608,0.32,0.286,1.446,0.19,0.22,0.206,0.154,0.266,0.224,2.3900002,0.218,0.276,0.368,0.112,0.11,0.044,0.172,0.294,0.104,0.426,0.856,0.172,0.094,2.412,0.324,0.222,0.098,0.1,0.242
10:34:00,0.412,0.154,0.554,0.216,0.094,0.12,0.168,0.53,0.12,0.138,0.608,0.32,0.286,1.446,0.19,0.22,0.206,0.154,0.266,0.224,2.3900002,0.218,0.276,0.368,0.112,0.11,0.044,0.172,0.294,0.104,0.426,0.856,0.172,0.094,2.412,0.324,0.222,0.098,0.1,0.242
10:35:00,0.412,0.154,0.554,0.216,0.094,0.12,0.168,0.53,0.12,0.138,0.608,0.32,0.286,1.446,0.19,0.22,0.206,0.154,0.266,0.224,2.3900002,0.218,0.276,0.368,0.112,0.11,0.044,0.172,0.294,0.104,0.426,0.856,0.172,0.094,2.412,0.324,0.222,0.098,0.1,0.242
10:36:00,0.412,0.154,0.554,0.216,0.094,0.12,0.168,0.53,0.12,0.138,0.608,0.32,0.286,1.446,0.19,0.22,0.206,0.154,0.266,0.224,2.3900002,0.218,0.276,0.368,0.112,0.11,0.044,0.172,0.294,0.104,0.426,0.856,0.172,0.094,2.412,0.324,0.222,0.098,0.1,0.242
10:37:00,0.412,0.154,0.554,0.216,0.094,0.12,0.168,0.53,0.12,0.138,0.608,0.32,0.286,1.446,0.19,0.22,0.206,0.154,0.266,0.224,2.3900002,0.218,0.276,0.368,0.112,0.11,0.044,0.172,0.294,0.104,0.426,0.856,0.172,0.094,2.412,0.324,0.222,0.098,0.1,0.242
10:38:00,0.412,0.154,0.554,0.216,0.094,0.12,0.168,0.53,0.12,0.138,0.608,0.32,0.286,1.446,0.19,0.22,0.206,0.154,0.266,0.224,2.3900002,0.218,0.276,0.368,0.112,0.11,0.044,0.172,0.294,0.104,0.426,0.856,0.172,0.094,2.412,0.324,0.222,0.098,0.1,0.242
10:39:00,0.412,0.154,0.554,0.216,0.094,0.12,0.168,0.53,0.12,0.138,0.608,0.32,0.286,1.446,0.19,0.22,0.206,0.154,0.266,0.224,2.3900002,0.218,0.276,0.368,0.112,0.11,0.044,0.172,0.294,0.104,0.426,0.856,0.172,0.094,2.412,0.324,0.222,0.098,0.1,0.242
10:40:00,0.412,0.154,0.554,0.216,0.094,0.12,0.168,0.53,0.12,0.138,0.608,0.32,0.286,1.446,0.19,0.22,0.206,0.154,0.266,0.224,2.3900002,0.218,0.276,0.368,0.112,0.11,0.044,0.172,0.294,0.104,0.426,0.856,0.172,0.094,2.412,0.324,0.222,0.098,0.1,0.242
10:41:00,0.412,0.154,0.554,0.216,0.094,0.12,0.168,0.53,0.12,0.138,0.608,0.32,0.286,1.446,0.19,0.22,0.206,0.154,0.266,0.224,2.3900002,0.218,0.276,0.368,0.112,0.11,0.044,0.172,0.294,0.104,0.426,0.856,0.172,0.094,2.412,0.324,0.222,0.098,0.1,0.242
10:42:00,0.412,0.154,0.554,0.216,0.094,0.12,0.168,0.53,0.12,0.138,0.608,0.32,0.286,1.446,0.19,0.22,0.206,0.154,0.266,0.224,2.3900002,0.218,0.276,0.368,0.112,0.11,0.044,0.172,0.294,0.104,0.426,0.856,0.172,0.094,2.412,0.324,0.222,0.098,0.1,0.242
10:43:00,0.412,0.154,0.554,0.216,0.094,0.12,0.168,0.53,0.12,0.138,0.608,0.32,0.286,1.446,0.19,0.22,0.206,0.154,0.266,0.224,2.3900002,0.218,0.276,0.368,0.112,0.11,0.044,0.172,0.294,0.104,0.426,0.856,0.172,0.094,2.412,0.324,0.222,0.098,0.1,0.242
10:44:00,0.412,0.154,0.554,0.216,0.094,0.12,0.168,0.53,0.12,0.138,0.608,0.32,0.286,1.446,0.19,0.22,0.206,0.154,0.266,0.224,2.3900002,0.218,0.276,0.368,0.112,0.11,0.044,0.172,0.294,0.104,0.426,0.856,0.172,0.094,2.412,0.324,0.222,0.098,0.1,0.242
10:45:00,0.412,0.154,0.554,0.216,0.094,0.12,0.168,0.53,0.12,0.138,0.608,0.32,0.286,1.446,0.19,0.22,0.206,0.154,0.266,0.224,2.3900002,0.218,0.276,0.368,0.112,0.11,0.044,0.172,0.294,0.104,0.426,0.856,0.172,0.094,2.412,0.324,0.222,0.098,0.1,0.242
10:46:00,0.412,0.154,0.554,0.216,0.094,0.12,0.168,0.53,0.12,0.138,0.608,0.32,0.286,1.446,0.19,0.22,0.206,0.154,0.266,0.224,2.3900002,0.218,0.276,0.368,0.112,0.11,0.044,0.172,0.294,0.104,0.426,0.856,0.172,0.094,2.412,0.324,0.222,0.098,0.1,0.242
10:47:00,0.412,0.154,0.554,0.216,0.094,0.12,0.168,0.53,0.12,0.138,0.608,0.32,0.286,1.446,0.19,0.22,0.206,0.154,0.266,0.224,2.3900002,0.218,0.276,0.368,0.112,0.11,0.044,0.172,0.294,0.104,0.426,0.856,0.172,0.094,2.412,0.324,0.222,0.098,0.1,0.242
10:48:00,0.412,0.154,0.554,0.216,0.094,0.12,0.168,0.53,0.12,0.138,0.608,0.32,0.286,1.446,0.19,0.22,0.206,0.154,0.266,0.224,2.3900002,0.218,0.276,0.368,0.112,0.11,0.044,0.172,0.294,0.104,0.426,0.856,0.172,0.094,2.412,0.324,0.222,0.098,0.1,0.242
10:49:00,0.412,0.154,0.554,0.216,0.094,0.12,0.168,0.53,0.12,0.138,0.608,0.32,0.286,1.446,0.19,0.22,0.206,0.154,0.266,0.224,2.3900002,0.218,0.276,0.368,0.112,0.11,0.044,0.172,0.294,0.104,0.426,0.856,0.172,0.094,2.412,0.324,0.222,0.098,0.1,0.242
10:50:00,0.412,0.154,0.554,0.216,0.094,0.12,0.168,0.53,0.12,0.138,0.608,0.32,0.286,1.446,0.19,0.22,0.206,0.154,0.266,0.224,2.3900002,0.218,0.276,0.368,0.112,0.11,0.044,0.172,0.294,0.104,0.426,0.856,0.172,0.094,2.412,0.324,0.222,0.098,0.1,0.242
10:51:00,0.412,0.154,0.554,0.216,0.094,0.12,0.168,0.53,0.12,0.138,0.608,0.32,0.286,1.446,0.19,0.22,0.206,0.154,0.266,0.224,2.3900002,0.218,0.276,0.368,0.112,0.11,0.044,0.172,0.294,0.104,0.426,0.856,0.172,0.094,2.412,0.324,0.222,0.098,0.1,0.242
10:52:00,0.412,0.154,0.554,0.216,0.094,0.12,0.168,0.53,0.12,0.138,0.608,0.32,0.286,1.446,0.19,0.22,0.206,0.154,0.266,0.224,2.3900002,0.218,0.276,0.368,0.112,0.11,0.044,0.172,0.294,0.104,0.426,0.856,0.172,0.094,2.412,0.324,0.222,0.098,0.1,0.242
10:53:00,0.412,0.154,0.554,0.216,0.094,0.12,0.168,0.53,0.12,0.138,0.608,0.32,0.286,1.446,0.19,0.22,0.206,0.154,0.266,0.224,2.3900002,0.218,0.276,0.368,0.112,0.11,0.044,0.172,0.294,0.104,0.426,0.856,0.172,0.094,2.412,0.324,0.222,0.098,0.1,0.242
10:54:00,0.412,0.154,0.554,0.216,0.094,0.12,0.168,0.53,0.12,0.138,0.608,0.32,0.286,1.446,0.19,0.22,0.206,0.154,0.266,0.224,2.3900002,0.218,0.276,0.368,0.112,0.11,0.044,0.172,0.294,0.104,0.426,0.856,0.172,0.094,2.412,0.324,0.222,0.098,0.1,0.242
10:55:00,0.412,0.154,0.554,0.216,0.094,0.12,0.168,0.53,0.12,0.138,0.608,0.32,0.286,1.446,0.19,0.22,0.206,0.154,0.266,0.224,2.3900002,0.218,0.276,0.368,0.112,0.11,0.044,0.172,0.294,0.104,0.426,0.856,0.172,0.094,2.412,0.324,0.222,0.098,0.1,0.242
10:56:00,0.412,0.154,0.554,0.216,0.094,0.12,0.168,0.53,0.12,0.138,0.608,0.32,0.286,1.446,0.19,0.22,0.206,0.154,0.266,0.224,2.3900002,0.218,0.276,0.368,0.112,0.11,0.044,0.172,0.294,0.104,0.426,0.856,0.172,0.094,2.412,0.324,0.222,0.098,0.1,0.242
10:57:00,0.412,0.154,0.554,0.216,0.094,0.12,0.168,0.53,0.12,0.138,0.608,0.32,0.286,1.446,0.19,0.22,0.206,0.154,0.266,0.224,2.3900002,0.218,0.276,0.368,0.112,0.11,0.044,0.172,0.294,0.104,0.426,0.856,0.172,0.094,2.412,0.324,0.222,0.098,0.1,0.242
10:58:00,0.412,0.154,0.554,0.216,0.094,0.12,0.168,0.53,0.12,0.138,0.608,0.32,0.286,1.446,0.19,0.22,0.206,0.154,0.266,0.224,2.3900002,0.218,0.276,0.368,0.112,0.11,0.044,0.172,0.294,0.104,0.426,0.856,0.172,0.094,2.412,0.324,0.222,0.098,0.1,0.242
10:59:00,0.412,0.154,0.554,0.216,0.094,0.12,0.168,0.53,0.12,0.138,0.608,0.32,0.286,1.446,0.19,0.22,0.206,0.154,0.266,0.224,2.3900002,0.218,0.276,0.368,0.112,0.11,0.044,0.172,0.294,0.104,0.426,0.856,0.172,0.094,2.412,0.324,0.222,0.098,0.1,0.242
11:00:00,0.512,0.154,0.27,0.19,0.092,0.118,0.086,0.26,0.45,0.14,0.296,0.636,0.758,0.866,0.188,0.19,0.412,0.026,0.206,0.32,0.262,0.14,0.132,0.414,0.086,0.09,0.116,0.174,0.394,0.274,0.276,0.226,0.16,0.048,2.228,0.282,0.152,0.098,0.098,0.244
11:01:00,0.512,0.154,0.27,0.19,0.092,0.118,0.086,0.26,0.45,0.14,0.296,0.636,0.758,0.866,0.188,0.19,0.412,0.026,0.206,0.32,0.262,0.14,0.132,0.414,0.086,0.09,0.116,0.174,0.394,0.274,0.276,0.226,0.16,0.048,2.228,0.282,0.152,0.098,0.098,0.244
11:02:00,0.512,0.154,0.27,0.19,0.092,0.118,0.086,0.26,0.45,0.14,0.296,0.636,0.758,0.866,0.188,0.19,0.412,0.026,0.206,0.32,0.262,0.14,0.132,0.414,0.086,0.09,0.116,0.174,0.394,0.274,0.276,0.226,0.16,0.048,2.228,0.282,0.152,0.098,0.098,0.244
11:03:00,0.512,0.154,0.27,0.19,0.092,0.118,0.086,0.26,0.45,0.14,0.296,0.636,0.758,0.866,0.188,0.19,0.412,0.026,0.206,0.32,0.262,0.14,0.132,0.414,0.086,0.09,0.116,0.174,0.394,0.274,0.276,0.226,0.16,0.048,2.228,0.282,0.152,0.098,0.098,0.244
11:04:00,0.512,0.154,0.27,0.19,0.092,0.118,0.086,0.26,0.45,0.14,0.296,0.636,0.758,0.866,0.188,0.19,0.412,0.026,0.206,0.32,0.262,0.14,0.132,0.414,0.086,0.09,0.116,0.174,0.394,0.274,0.276,0.226,0.16,0.048,2.228,0.282,0.152,0.098,0.098,0.244
11:05:00,0.512,0.154,0.27,0.19,0.092,0.118,0.086,0.26,0.45,0.14,0.296,0.636,0.758,0.866,0.188,0.19,0.412,0.026,0.206,0.32,0.262,0.14,0.132,0.414,0.086,0.09,0.116,0.174,0.394,0.274,0.276,0.226,0.16,0.048,2.228,0.282,0.152,0.098,0.098,0.244
11:06:00,0.512,0.154,0.27,0.19,0.092,0.118,0.086,0.26,0.45,0.14,0.296,0.636,0.758,0.866,0.188,0.19,0.412,0.026,0.206,0.32,0.262,0.14,0.132,0.414,0.086,0.09,0.116,0.174,0.394,0.274,0.276,0.226,0.16,0.048,2.228,0.282,0.152,0.098,0.098,0.244
11:07:00,0.512,0.154,0.27,0.19,0.092,0.118,0.086,0.26,0.45,0.14,0.296,0.636,0.758,0.866,0.188,0.19,0.412,0.026,0.206,0.32,0.262,0.14,0.132,0.414,0.086,0.09,0.116,0.174,0.394,0.274,0.276,0.226,0.16,0.048,2.228,0.282,0.152,0.098,0.098,0.244
11:08:00,0.512,0.154,0.27,0.19,0.092,0.118,0.086,0.26,0.45,0.14,0.296,0.636,0.758,0.866,0.188,0.19,0.412,0.026,0.206,0.32,0.262,0.14,0.132,0.414,0.086,0.09,0.116,0.174,0.394,0.274,0.276,0.226,0.16,0.048,2.228,0.282,0.152,0.098,0.098,0.244
11:09:00,0.512,0.154,0.27,0.19,0.092,0.118,0.086,0.26,0.45,0.14,0.296,0.636,0.758,0.866,0.188,0.19,0.412,0.026,0.206,0.32,0.262,0.14,0.132,0.414,0.086,0.09,0.116,0.174,0.394,0.274,0.276,0.226,0.16,0.048,2.228,0.282,0.152,0.098,0.098,0.244
11:10:00,0.512,0.154,0.27,0.19,0.092,0.118,0.086,0.26,0.45,0.14,0.296,0.636,0.758,0.866,0.188,0.19,0.412,0.026,0.206,0.32,0.262,0.14,0.132,0.414,0.086,0.09,0.116,0.174,0.394,0.274,0.276,0.226,0.16,0.048,2.228,0.282,0.152,0.098,0.098,0.244
11:11:00,0.512,0.154,0.27,0.19,0.092,0.118,0.086,0.26,0.45,0.14,0.296,0.636,0.758,0.866,0.188,0.19,0.412,0.026,0.206,0.32,0.262,0.14,0.132,0.414,0.086,0.09,0.116,0.174,0.394,0.274,0.276,0.226,0.16,0.048,2.228,0.282,0.152,0.098,0.098,0.244
11:12:00,0.512,0.154,0.27,0.19,0.092,0.118,0.086,0.26,0.45,0.14,0.296,0.636,0.758,0.866,0.188,0.19,0.412,0.026,0.206,0.32,0.262,0.14,0.132,0.414,0.086,0.09,0.116,0.174,0.394,0.274,0.276,0.226,0.16,0.048,2.228,0.282,0.152,0.098,0.098,0.244
11:13:00,0.512,0.154,0.27,0.19,0.092,0.118,0.086,0.26,0.45,0.14,0.296,0.636,0.758,0.866,0.188,0.19,0.412,0.026,0.206,0.32,0.262,0.14,0.132,0.414,0.086,0.09,0.116,0.174,0.394,0.274,0.276,0.226,0.16,0.048,2.228,0.282,0.152,0.098,0.098,0.244
11:14:00,0.512,0.154,0.27,0.19,0.092,0.118,0.086,0.26,0.45,0.14,0.296,0.636,0.758,0.866,0.188,0.19,0.412,0.026,0.206,0.32,0.262,0.14,0.132,0.414,0.086,0.09,0.116,0.174,0.394,0.274,0.276,0.226,0.16,0.048,2.228,0.282,0.152,0.098,0.098,0.244
11:15:00,0.512,0.154,0.27,0.19,0.092,0.118,0.086,0.26,0.45,0.14,0.296,0.636,0.758,0.866,0.188,0.19,0.412,0.026,0.206,0.32,0.262,0.14,0.132,0.414,0.086,0.09,0.116,0.174,0.394,0.274,0.276,0.226,0.16,0.048,2.228,0.282,0.152,0.098,0.098,0.244
11:16:00,0.512,0.154,0.27,0.19,0.092,0.118,0.086,0.26,0.45,0.14,0.296,0.636,0.758,0.866,0.188,0.19,0.412,0.026,0.206,0.32,0.262,0.14,0.132,0.414,0.086,0.09,0.116,0.174,0.394,0.274,0.276,0.226,0.16,0.048,2.228,0.282,0.152,0.098,0.098,0.244
11:17:00,0.512,0.154,0.27,0.19,0.092,0.118,0.086,0.26,0.45,0.14,0.296,0.636,0.758,0.866,0.188,0.19,0.412,0.026,0.206,0.32,0.262,0.14,0.132,0.414,0.086,0.09,0.116,0.174,0.394,0.274,0.276,0.226,0.16,0.048,2.228,0.282,0.152,0.098,0.098,0.244
11:18:00,0.512,0.154,0.27,0.19,0.092,0.118,0.086,0.26,0.45,0.14,0.296,0.636,0.758,0.866,0.188,0.19,0.412,0.026,0.206,0.32,0.262,0.14,0.132,0.414,0.086,0.09,0.116,0.174,0.394,0.274,0.276,0.226,0.16,0.048,2.228,0.282,0.152,0.098,0.098,0.244
11:19:00,0.512,0.154,0.27,0.19,0.092,0.118,0.086,0.26,0.45,0.14,0.296,0.636,0.758,0.866,0.188,0.19,0.412,0.026,0.206,0.32,0.262,0.14,0.132,0.414,0.086,0.09,0.116,0.174,0.394,0.274,0.276,0.226,0.16,0.048,2.228,0.282,0.152,0.098,0.098,0.244
11:20:00,0.512,0.154,0.27,0.19,0.092,0.118,0.086,0.26,0.45,0.14,0.296,0.636,0.758,0.866,0.188,0.19,0.412,0.026,0.206,0.32,0.262,0.14,0.132,0.414,0.086,0.09,0.116,0.174,0.394,0.274,0.276,0.226,0.16,0.048,2.228,0.282,0.152,0.098,0.098,0.244
11:21:00,0.512,0.154,0.27,0.19,0.092,0.118,0.086,0.26,0.45,0.14,0.296,0.636,0.758,0.866,0.188,0.19,0.412,0.026,0.206,0.32,0.262,0.14,0.132,0.414,0.086,0.09,0.116,0.174,0.394,0.274,0.276,0.226,0.16,0.048,2.228,0.282,0.152,0.098,0.098,0.244
11:22:00,0.512,0.154,0.27,0.19,0.092,0.118,0.086,0.26,0.45,0.14,0.296,0.636,0.758,0.866,0.188,0.19,0.412,0.026,0.206,0.32,0.262,0.14,0.132,0.414,0.086,0.09,0.116,0.174,0.394,0.274,0.276,0.226,0.16,0.048,2.228,0.282,0.152,0.098,0.098,0.244
11:23:00,0.512,0.154,0.27,0.19,0.092,0.118,0.086,0.26,0.45,0.14,0.296,0.636,0.758,0.866,0.188,0.19,0.412,0.026,0.206,0.32,0.262,0.14,0.132,0.414,0.086,0.09,0.116,0.174,0.394,0.274,0.276,0.226,0.16,0.048,2.228,0.282,0.152,0.098,0.098,0.244
11:24:00,0.512,0.154,0.27,0.19,0.092,0.118,0.086,0.26,0.45,0.14,0.296,0.636,0.758,0.866,0.188,0.19,0.412,0.026,0.206,0.32,0.262,0.14,0.132,0.414,0.086,0.09,0.116,0.174,0.394,0.274,0.276,0.226,0.16,0.048,2.228,0.282,0.152,0.098,0.098,0.244
11:25:00,0.512,0.154,0.27,0.19,0.092,0.118,0.086,0.26,0.45,0.14,0.296,0.636,0.758,0.866,0.188,0.19,0.412,0.026,0.206,0.32,0.262,0.14,0.132,0.414,0.086,0.09,0.116,0.174,0.394,0.274,0.276,0.226,0.16,0.048,2.228,0.282,0.152,0.098,0.098,0.244
11:26:00,0.512,0.154,0.27,0.19,0.092,0.118,0.086,0.26,0.45,0.14,0.296,0.636,0.758,0.866,0.188,0.19,0.412,0.026,0.206,0.32,0.262,0.14,0.132,0.414,0.086,0.09,0.116,0.174,0.394,0.274,0.276,0.226,0.16,0.048,2.228,0.282,0.152,0.098,0.098,0.244
11:27:00,0.512,0.154,0.27,0.19,0.092,0.118,0.086,0.26,0.45,0.14,0.296,0.636,0.758,0.866,0.188,0.19,0.412,0.026,0.206,0.32,0.262,0.14,0.132,0.414,0.086,0.09,0.116,0.174,0.394,0.274,0.276,0.226,0.16,0.048,2.228,0.282,0.152,0.098,0.098,0.244
11:28:00,0.512,0.154,0.27,0.19,0.092,0.118,0.086,0.26,0.45,0.14,0.296,0.636,0.758,0.866,0.188,0.19,0.412,0.026,0.206,0.32,0.262,0.14,0.132,0.414,0.086,0.09,0.116,0.174,0.394,0.274,0.276,0.226,0.16,0.048,2.228,0.282,0.152,0.098,0.098,0.244
11:29:00,0.512,0.154,0.27,0.19,0.092,0.118,0.086,0.26,0.45,0.14,0.296,0.636,0.758,0.866,0.188,0.19,0.412,0.026,0.206,0.32,0.262,0.14,0.132,0.414,0.086,0.09,0.116,0.174,0.394,0.274,0.276,0.226,0.16,0.048,2.228,0.282,0.152,0.098,0.098,0.244
11:30:00,0.384,0.21,0.292,0.158,0.092,0.21,0.072,0.294,0.192,0.136,0.532,0.414,0.428,0.832,0.208,0.226,0.152,0.072,0.122,0.252,0.158,0.112,0.178,0.126,0.084,0.118,0.022,0.172,0.074,0.774,0.264,0.002,0.104,0.052,0.746,0.264,0.264,0.08,0.098,0.334
11:31:00,0.384,0.21,0.292,0.158,0.092,0.21,0.072,0.294,0.192,0.136,0.532,0.414,0.428,0.832,0.208,0.226,0.152,0.072,0.122,0.252,0.158,0.112,0.178,0.126,0.084,0.118,0.022,0.172,0.074,0.774,0.264,0.002,0.104,0.052,0.746,0.264,0.264,0.08,0.098,0.334
11:32:00,0.384,0.21,0.292,0.158,0.092,0.21,0.072,0.294,0.192,0.136,0.532,0.414,0.428,0.832,0.208,0.226,0.152,0.072,0.122,0.252,0.158,0.112,0.178,0.126,0.084,0.118,0.022,0.172,0.074,0.774,0.264,0.002,0.104,0.052,0.746,0.264,0.264,0.08,0.098,0.334
11:33:00,0.384,0.21,0.292,0.158,0.092,0.21,0.072,0.294,0.192,0.136,0.532,0.414,0.428,0.832,0.208,0.226,0.152,0.072,0.122,0.252,0.158,0.112,0.178,0.126,0.084,0.118,0.022,0.172,0.074,0.774,0.264,0.002,0.104,0.052,0.746,0.264,0.264,0.08,0.098,0.334
11:34:00,0.384,0.21,0.292,0.158,0.092,0.21,0.072,0.294,0.192,0.136,0.532,0.414,0.428,0.832,0.208,0.226,0.152,0.072,0.122,0.252,0.158,0.112,0.178,0.126,0.084,0.118,0.022,0.172,0.074,0.774,0.264,0.002,0.104,0.052,0.746,0.264,0.264,0.08,0.098,0.334
11:35:00,0.384,0.21,0.292,0.158,0.092,0.21,0.072,0.294,0.192,0.136,0.532,0.414,0.428,0.832,0.208,0.226,0.152,0.072,0.122,0.252,0.158,0.112,0.178,0.126,0.084,0.118,0.022,0.172,0.074,0.774,0.264,0.002,0.104,0.052,0.746,0.264,0.264,0.08,0.098,0.334
11:36:00,0.384,0.21,0.292,0.158,0.092,0.21,0.072,0.294,0.192,0.136,0.532,0.414,0.428,0.832,0.208,0.226,0.152,0.072,0.122,0.252,0.158,0.112,0.178,0.126,0.084,0.118,0.022,0.172,0.074,0.774,0.264,0.002,0.104,0.052,0.746,0.264,0.264,0.08,0.098,0.334
11:37:00,0.384,0.21,0.292,0.158,0.092,0.21,0.072,0.294,0.192,0.136,0.532,0.414,0.428,0.832,0.208,0.226,0.152,0.072,0.122,0.252,0.158,0.112,0.178,0.126,0.084,0.118,0.022,0.172,0.074,0.774,0.264,0.002,0.104,0.052,0.746,0.264,0.264,0.08,0.098,0.334
11:38:00,0.384,0.21,0.292,0.158,0.092,0.21,0.072,0.294,0.192,0.136,0.532,0.414,0.428,0.832,0.208,0.226,0.152,0.072,0.122,0.252,0.158,0.112,0.178,0.126,0.084,0.118,0.022,0.172,0.074,0.774,0.264,0.002,0.104,0.052,0.746,0.264,0.264,0.08,0.098,0.334
11:39:00,0.384,0.21,0.292,0.158,0.092,0.21,0.072,0.294,0.192,0.136,0.532,0.414,0.428,0.832,0.208,0.226,0.152,0.072,0.122,0.252,0.158,0.112,0.178,0.126,0.084,0.118,0.022,0.172,0.074,0.774,0.264,0.002,0.104,0.052,0.746,0.264,0.264,0.08,0.098,0.334
11:40:00,0.384,0.21,0.292,0.158,0.092,0.21,0.072,0.294,0.192,0.136,0.532,0.414,0.428,0.832,0.208,0.226,0.152,0.072,0.122,0.252,0.158,0.112,0.178,0.126,0.084,0.118,0.022,0.172,0.074,0.774,0.264,0.002,0.104,0.052,0.746,0.264,0.264,0.08,0.098,0.334
11:41:00,0.384,0.21,0.292,0.158,0.092,0.21,0.072,0.294,0.192,0.136,0.532,0.414,0.428,0.832,0.208,0.226,0.152,0.072,0.122,0.252,0.158,0.112,0.178,0.126,0.084,0.118,0.022,0.172,0.074,0.774,0.264,0.002,0.104,0.052,0.746,0.264,0.264,0.08,0.098,0.334
11:42:00,0.384,0.21,0.292,0.158,0.092,0.21,0.072,0.294,0.192,0.136,0.532,0.414,0.428,0.832,0.208,0.226,0.152,0.072,0.122,0.252,0.158,0.112,0.178,0.126,0.084,0.118,0.022,0.172,0.074,0.774,0.264,0.002,0.104,0.052,0.746,0.264,0.264,0.08,0.098,0.334
11:43:00,0.384,0.21,0.292,0.158,0.092,0.21,0.072,0.294,0.192,0.136,0.532,0.414,0.428,0.832,0.208,0.226,0.152,0.072,0.122,0.252,0.158,0.112,0.178,0.126,0.084,0.118,0.022,0.172,0.074,0.774,0.264,0.002,0.104,0.052,0.746,0.264,0.264,0.08,0.098,0.334
11:44:00,0.384,0.21,0.292,0.158,0.092,0.21,0.072,0.294,0.192,0.136,0.532,0.414,0.428,0.832,0.208,0.226,0.152,0.072,0.122,0.252,0.158,0.112,0.178,0.126,0.084,0.118,0.022,0.172,0.074,0.774,0.264,0.002,0.104,0.052,0.746,0.264,0.264,0.08,0.098,0.334
11:45:00,0.384,0.21,0.292,0.158,0.092,0.21,0.072,0.294,0.192,0.136,0.532,0.414,0.428,0.832,0.208,0.226,0.152,0.072,0.122,0.252,0.158,0.112,0.178,0.126,0.084,0.118,0.022,0.172,0.074,0.774,0.264,0.002,0.104,0.052,0.746,0.264,0.264,0.08,0.098,0.334
11:46:00,0.384,0.21,0.292,0.158,0.092,0.21,0.072,0.294,0.192,0.136,0.532,0.414,0.428,0.832,0.208,0.226,0.152,0.072,0.122,0.252,0.158,0.112,0.178,0.126,0.084,0.118,0.022,0.172,0.074,0.774,0.264,0.002,0.104,0.052,0.746,0.264,0.264,0.08,0.098,0.334
11:47:00,0.384,0.21,0.292,0.158,0.092,0.21,0.072,0.294,0.192,0.136,0.532,0.414,0.428,0.832,0.208,0.226,0.152,0.072,0.122,0.252,0.158,0.112,0.178,0.126,0.084,0.118,0.022,0.172,0.074,0.774,0.264,0.002,0.104,0.052,0.746,0.264,0.264,0.08,0.098,0.334
11:48:00,0.384,0.21,0.292,0.158,0.092,0.21,0.072,0.294,0.192,0.136,0.532,0.414,0.428,0.832,0.208,0.226,0.152,0.072,0.122,0.252,0.158,0.112,0.178,0.126,0.084,0.118,0.022,0.172,0.074,0.774,0.264,0.002,0.104,0.052,0.746,0.264,0.264,0.08,0.098,0.334
11:49:00,0.384,0.21,0.292,0.158,0.092,0.21,0.072,0.294,0.192,0.136,0.532,0.414,0.428,0.832,0.208,0.226,0.152,0.072,0.122,0.252,0.158,0.112,0.178,0.126,0.084,0.118,0.022,0.172,0.074,0.774,0.264,0.002,0.104,0.052,0.746,0.264,0.264,0.08,0.098,0.334
11:50:00,0.384,0.21,0.292,0.158,0.092,0.21,0.072,0.294,0.192,0.136,0.532,0.414,0.428,0.832,0.208,0.226,0.152,0.072,0.122,0.252,0.158,0.112,0.178,0.126,0.084,0.118,0.022,0.172,0.074,0.774,0.264,0.002,0.104,0.052,0.746,0.264,0.264,0.08,0.098,0.334
11:51:00,0.384,0.21,0.292,0.158,0.092,0.21,0.072,0.294,0.192,0.136,0.532,0.414,0.428,0.832,0.208,0.226,0.152,0.072,0.122,0.252,0.158,0.112,0.178,0.126,0.084,0.118,0.022,0.172,0.074,0.774,0.264,0.002,0.104,0.052,0.746,0.264,0.264,0.08,0.098,0.334
11:52:00,0.384,0.21,0.292,0.158,0.092,0.21,0.072,0.294,0.192,0.136,0.532,0.414,0.428,0.832,0.208,0.226,0.152,0.072,0.122,0.252,0.158,0.112,0.178,0.126,0.084,0.118,0.022,0.172,0.074,0.774,0.264,0.002,0.104,0.052,0.746,0.264,0.264,0.08,0.098,0.334
11:53:00,0.384,0.21,0.292,0.158,0.092,0.21,0.072,0.294,0.192,0.136,0.532,0.414,0.428,0.832,0.208,0.226,0.152,0.072,0.122,0.252,0.158,0.112,0.178,0.126,0.084,0.118,0.022,0.172,0.074,0.774,0.264,0.002,0.104,0.052,0.746,0.264,0.264,0.08,0.098,0.334
11:54:00,0.384,0.21,0.292,0.158,0.092,0.21,0.072,0.294,0.192,0.136,0.532,0.414,0.428,0.832,0.208,0.226,0.152,0.072,0.122,0.252,0.158,0.112,0.178,0.126,0.084,0.118,0.022,0.172,0.074,0.774,0.264,0.002,0.104,0.052,0.746,0.264,0.264,0.08,0.098,0.334
11:55:00,0.384,0.21,0.292,0.158,0.092,0.21,0.072,0.294,0.192,0.136,0.532,0.414,0.428,0.832,0.208,0.226,0.152,0.072,0.122,0.252,0.158,0.112,0.178,0.126,0.084,0.118,0.022,0.172,0.074,0.774,0.264,0.002,0.104,0.052,0.746,0.264,0.264,0.08,0.098,0.334
11:56:00,0.384,0.21,0.292,0.158,0.092,0.21,0.072,0.294,0.192,0.136,0.532,0.414,0.428,0.832,0.208,0.226,0.152,0.072,0.122,0.252,0.158,0.112,0.178,0.126,0.084,0.118,0.022,0.172,0.074,0.774,0.264,0.002,0.104,0.052,0.746,0.264,0.264,0.08,0.098,0.334
11:57:00,0.384,0.21,0.292,0.158,0.092,0.21,0.072,0.294,0.192,0.136,0.532,0.414,0.428,0.832,0.208,0.226,0.152,0.072,0.122,0.252,0.158,0.112,0.178,0.126,0.084,0.118,0.022,0.172,0.074,0.774,0.264,0.002,0.104,0.052,0.746,0.264,0.264,0.08,0.098,0.334
11:58:00,0.384,0.21,0.292,0.158,0.092,0.21,0.072,0.294,0.192,0.136,0.532,0.414,0.428,0.832,0.208,0.226,0.152,0.072,0.122,0.252,0.158,0.112,0.178,0.126,0.084,0.118,0.022,0.172,0.074,0.774,0.264,0.002,0.104,0.052,0.746,0.264,0.264,0.08,0.098,0.334
11:59:00,0.384,0.21,0.292,0.158,0.092,0.21,0.072,0.294,0.192,0.136,0.532,0.414,0.428,0.832,0.208,0.226,0.152,0.072,0.122,0.252,0.158,0.112,0.178,0.126,0.084,0.118,0.022,0.172,0.074,0.774,0.264,0.002,0.104,0.052,0.746,0.264,0.264,0.08,0.098,0.334
12:00:00,0.274,0.118,0.284,0.298,0.094,0.12,0.298,0.97,0.076,0.218,0.116,0.27,0.244,0.902,0.188,0.218,0.18,0.218,0.152,0.236,0.042,0.146,0.146,0.18,0.106,0.084,0.118,0.81,0.134,0.166,0.266,0.192,0.27,0.112,0.346,0.238,0.172,0.088,0.104,0.466
12:01:00,0.274,0.118,0.284,0.298,0.094,0.12,0.298,0.97,0.076,0.218,0.116,0.27,0.244,0.902,0.188,0.218,0.18,0.218,0.152,0.236,0.042,0.146,0.146,0.18,0.106,0.084,0.118,0.81,0.134,0.166,0.266,0.192,0.27,0.112,0.346,0.238,0.172,0.088,0.104,0.466
12:02:00,0.274,0.118,0.284,0.298,0.094,0.12,0.298,0.97,0.076,0.218,0.116,0.27,0.244,0.902,0.188,0.218,0.18,0.218,0.152,0.236,0.042,0.146,0.146,0.18,0.106,0.084,0.118,0.81,0.134,0.166,0.266,0.192,0.27,0.112,0.346,0.238,0.172,0.088,0.104,0.466
12:03:00,0.274,0.118,0.284,0.298,0.094,0.12,0.298,0.97,0.076,0.218,0.116,0.27,0.244,0.902,0.188,0.218,0.18,0.218,0.152,0.236,0.042,0.146,0.146,0.18,0.106,0.084,0.118,0.81,0.134,0.166,0.266,0.192,0.27,0.112,0.346,0.238,0.172,0.088,0.104,0.466
12:04:00,0.274,0.118,0.284,0.298,0.094,0.12,0.298,0.97,0.076,0.218,0.116,0.27,0.244,0.902,0.188,0.218,0.18,0.218,0.152,0.236,0.042,0.146,0.146,0.18,0.106,0.084,0.118,0.81,0.134,0.166,0.266,0.192,0.27,0.112,0.346,0.238,0.172,0.088,0.104,0.466
12:05:00,0.274,0.118,0.284,0.298,0.094,0.12,0.298,0.97,0.076,0.218,0.116,0.27,0.244,0.902,0.188,0.218,0.18,0.218,0.152,0.236,0.042,0.146,0.146,0.18,0.106,0.084,0.118,0.81,0.134,0.166,0.266,0.192,0.27,0.112,0.346,0.238,0.172,0.088,0.104,0.466
12:06:00,0.274,0.118,0.284,0.298,0.094,0.12,0.298,0.97,0.076,0.218,0.116,0.27,0.244,0.902,0.188,0.218,0.18,0.218,0.152,0.236,0.042,0.146,0.146,0.18,0.106,0.084,0.118,0.81,0.134,0.166,0.266,0.192,0.27,0.112,0.346,0.238,0.172,0.088,0.104,0.466
12:07:00,0.274,0.118,0.284,0.298,0.094,0.12,0.298,0.97,0.076,0.218,0.116,0.27,0.244,0.902,0.188,0.218,0.18,0.218,0.152,0.236,0.042,0.146,0.146,0.18,0.106,0.084,0.118,0.81,0.134,0.166,0.266,0.192,0.27,0.112,0.346,0.238,0.172,0.088,0.104,0.466
12:08:00,0.274,0.118,0.284,0.298,0.094,0.12,0.298,0.97,0.076,0.218,0.116,0.27,0.244,0.902,0.188,0.218,0.18,0.218,0.152,0.236,0.042,0.146,0.146,0.18,0.106,0.084,0.118,0.81,0.134,0.166,0.266,0.192,0.27,0.112,0.346,0.238,0.172,0.088,0.104,0.466
12:09:00,0.274,0.118,0.284,0.298,0.094,0.12,0.298,0.97,0.076,0.218,0.116,0.27,0.244,0.902,0.188,0.218,0.18,0.218,0.152,0.236,0.042,0.146,0.146,0.18,0.106,0.084,0.118,0.81,0.134,0.166,0.266,0.192,0.27,0.112,0.346,0.238,0.172,0.088,0.104,0.466
12:10:00,0.274,0.118,0.284,0.298,0.094,0.12,0.298,0.97,0.076,0.218,0.116,0.27,0.244,0.902,0.188,0.218,0.18,0.218,0.152,0.236,0.042,0.146,0.146,0.18,0.106,0.084,0.118,0.81,0.134,0.166,0.266,0.192,0.27,0.112,0.346,0.238,0.172,0.088,0.104,0.466
12:11:00,0.274,0.118,0.284,0.298,0.094,0.12,0.298,0.97,0.076,0.218,0.116,0.27,0.244,0.902,0.188,0.218,0.18,0.218,0.152,0.236,0.042,0.146,0.146,0.18,0.106,0.084,0.118,0.81,0.134,0.166,0.266,0.192,0.27,0.112,0.346,0.238,0.172,0.088,0.104,0.466
12:12:00,0.274,0.118,0.284,0.298,0.094,0.12,0.298,0.97,0.076,0.218,0.116,0.27,0.244,0.902,0.188,0.218,0.18,0.218,0.152,0.236,0.042,0.146,0.146,0.18,0.106,0.084,0.118,0.81,0.134,0.166,0.266,0.192,0.27,0.112,0.346,0.238,0.172,0.088,0.104,0.466
12:13:00,0.274,0.118,0.284,0.298,0.094,0.12,0.298,0.97,0.076,0.218,0.116,0.27,0.244,0.902,0.188,0.218,0.18,0.218,0.152,0.236,0.042,0.146,0.146,0.18,0.106,0.084,0.118,0.81,0.134,0.166,0.266,0.192,0.27,0.112,0.346,0.238,0.172,0.088,0.104,0.466
12:14:00,0.274,0.118,0.284,0.298,0.094,0.12,0.298,0.97,0.076,0.218,0.116,0.27,0.244,0.902,0.188,0.218,0.18,0.218,0.152,0.236,0.042,0.146,0.146,0.18,0.106,0.084,0.118,0.81,0.134,0.166,0.266,0.192,0.27,0.112,0.346,0.238,0.172,0.088,0.104,0.466
12:15:00,0.274,0.118,0.284,0.298,0.094,0.12,0.298,0.97,0.076,0.218,0.116,0.27,0.244,0.902,0.188,0.218,0.18,0.218,0.152,0.236,0.042,0.146,0.146,0.18,0.106,0.084,0.118,0.81,0.134,0.166,0.266,0.192,0.27,0.112,0.346,0.238,0.172,0.088,0.104,0.466
12:16:00,0.274,0.118,0.284,0.298,0.094,0.12,0.298,0.97,0.076,0.218,0.116,0.27,0.244,0.902,0.188,0.218,0.18,0.218,0.152,0.236,0.042,0.146,0.146,0.18,0.106,0.084,0.118,0.81,0.134,0.166,0.266,0.192,0.27,0.112,0.346,0.238,0.172,0.088,0.104,0.466
12:17:00,0.274,0.118,0.284,0.298,0.094,0.12,0.298,0.97,0.076,0.218,0.116,0.27,0.244,0.902,0.188,0.218,0.18,0.218,0.152,0.236,0.042,0.146,0.146,0.18,0.106,0.084,0.118,0.81,0.134,0.166,0.266,0.192,0.27,0.112,0.346,0.238,0.172,0.088,0.104,0.466
12:18:00,0.274,0.118,0.284,0.298,0.094,0.12,0.298,0.97,0.076,0.218,0.116,0.27,0.244,0.902,0.188,0.218,0.18,0.218,0.152,0.236,0.042,0.146,0.146,0.18,0.106,0.084,0.118,0.81,0.134,0.166,0.266,0.192,0.27,0.112,0.346,0.238,0.172,0.088,0.104,0.466
12:19:00,0.274,0.118,0.284,0.298,0.094,0.12,0.298,0.97,0.076,0.218,0.116,0.27,0.244,0.902,0.188,0.218,0.18,0.218,0.152,0.236,0.042,0.146,0.146,0.18,0.106,0.084,0.118,0.81,0.134,0.166,0.266,0.192,0.27,0.112,0.346,0.238,0.172,0.088,0.104,0.466
12:20:00,0.274,0.118,0.284,0.298,0.094,0.12,0.298,0.97,0.076,0.218,0.116,0.27,0.244,0.902,0.188,0.218,0.18,0.218,0.152,0.236,0.042,0.146,0.146,0.18,0.106,0.084,0.118,0.81,0.134,0.166,0.266,0.192,0.27,0.112,0.346,0.238,0.172,0.088,0.104,0.466
12:21:00,0.274,0.118,0.284,0.298,0.094,0.12,0.298,0.97,0.076,0.218,0.116,0.27,0.244,0.902,0.188,0.218,0.18,0.218,0.152,0.236,0.042,0.146,0.146,0.18,0.106,0.084,0.118,0.81,0.134,0.166,0.266,0.192,0.27,0.112,0.346,0.238,0.172,0.088,0.104,0.466
12:22:00,0.274,0.118,0.284,0.298,0.094,0.12,0.298,0.97,0.076,0.218,0.116,0.27,0.244,0.902,0.188,0.218,0.18,0.218,0.152,0.236,0.042,0.146,0.146,0.18,0.106,0.084,0.118,0.81,0.134,0.166,0.266,0.192,0.27,0.112,0.346,0.238,0.172,0.088,0.104,0.466
12:23:00,0.274,0.118,0.284,0.298,0.094,0.12,0.298,0.97,0.076,0.218,0.116,0.27,0.244,0.902,0.188,0.218,0.18,0.218,0.152,0.236,0.042,0.146,0.146,0.18,0.106,0.084,0.118,0.81,0.134,0.166,0.266,0.192,0.27,0.112,0.346,0.238,0.172,0.088,0.104,0.466
12:24:00,0.274,0.118,0.284,0.298,0.094,0.12,0.298,0.97,0.076,0.218,0.116,0.27,0.244,0.902,0.188,0.218,0.18,0.218,0.152,0.236,0.042,0.146,0.146,0.18,0.106,0.084,0.118,0.81,0.134,0.166,0.266,0.192,0.27,0.112,0.346,0.238,0.172,0.088,0.104,0.466
12:25:00,0.274,0.118,0.284,0.298,0.094,0.12,0.298,0.97,0.076,0.218,0.116,0.27,0.244,0.902,0.188,0.218,0.18,0.218,0.152,0.236,0.042,0.146,0.146,0.18,0.106,0.084,0.118,0.81,0.134,0.166,0.266,0.192,0.27,0.112,0.346,0.238,0.172,0.088,0.104,0.466
12:26:00,0.274,0.118,0.284,0.298,0.094,0.12,0.298,0.97,0.076,0.218,0.116,0.27,0.244,0.902,0.188,0.218,0.18,0.218,0.152,0.236,0.042,0.146,0.146,0.18,0.106,0.084,0.118,0.81,0.134,0.166,0.266,0.192,0.27,0.112,0.346,0.238,0.172,0.088,0.104,0.466
12:27:00,0.274,0.118,0.284,0.298,0.094,0.12,0.298,0.97,0.076,0.218,0.116,0.27,0.244,0.902,0.188,0.218,0.18,0.218,0.152,0.236,0.042,0.146,0.146,0.18,0.106,0.084,0.118,0.81,0.134,0.166,0.266,0.192,0.27,0.112,0.346,0.238,0.172,0.088,0.104,0.466
12:28:00,0.274,0.118,0.284,0.298,0.094,0.12,0.298,0.97,0.076,0.218,0.116,0.27,0.244,0.902,0.188,0.218,0.18,0.218,0.152,0.236,0.042,0.146,0.146,0.18,0.106,0.084,0.118,0.81,0.134,0.166,0.266,0.192,0.27,0.112,0.346,0.238,0.172,0.088,0.104,0.466
12:29:00,0.274,0.118,0.284,0.298,0.094,0.12,0.298,0.97,0.076,0.218,0.116,0.27,0.244,0.902,0.188,0.218,0.18,0.218,0.152,0.236,0.042,0.146,0.146,0.18,0.106,0.084,0.118,0.81,0.134,0.166,0.266,0.192,0.27,0.112,0.346,0.238,0.172,0.088,0.104,0.466
12:30:00,0.276,0.13,0.114,0.276,0.092,0.338,0.294,0.488,0.078,0.21,0.186,0.182,0.17,0.47,0.13,0.19,0.514,0.368,0.132,0.57,0.112,0.224,0.174,0.346,0.068,0.126,0.06,0.26,0.192,0.188,0.264,0.0,0.202,0.05,0.244,0.296,0.208,0.098,0.168,0.642
12:31:00,0.276,0.13,0.114,0.276,0.092,0.338,0.294,0.488,0.078,0.21,0.186,0.182,0.17,0.47,0.13,0.19,0.514,0.368,0.132,0.57,0.112,0.224,0.174,0.346,0.068,0.126,0.06,0.26,0.192,0.188,0.264,0.0,0.202,0.05,0.244,0.296,0.208,0.098,0.168,0.642
12:32:00,0.276,0.13,0.114,0.276,0.092,0.338,0.294,0.488,0.078,0.21,0.186,0.182,0.17,0.47,0.13,0.19,0.514,0.368,0.132,0.57,0.112,0.224,0.174,0.346,0.068,0.126,0.06,0.26,0.192,0.188,0.264,0.0,0.202,0.05,0.244,0.296,0.208,0.098,0.168,0.642
12:33:00,0.276,0.13,0.114,0.276,0.092,0.338,0.294,0.488,0.078,0.21,0.186,0.182,0.17,0.47,0.13,0.19,0.514,0.368,0.132,0.57,0.112,0.224,0.174,0.346,0.068,0.126,0.06,0.26,0.192,0.188,0.264,0.0,0.202,0.05,0.244,0.296,0.208,0.098,0.168,0.642
12:34:00,0.276,0.13,0.114,0.276,0.092,0.338,0.294,0.488,0.078,0.21,0.186,0.182,0.17,0.47,0.13,0.19,0.514,0.368,0.132,0.57,0.112,0.224,0.174,0.346,0.068,0.126,0.06,0.26,0.192,0.188,0.264,0.0,0.202,0.05,0.244,0.296,0.208,0.098,0.168,0.642
12:35:00,0.276,0.13,0.114,0.276,0.092,0.338,0.294,0.488,0.078,0.21,0.186,0.182,0.17,0.47,0.13,0.19,0.514,0.368,0.132,0.57,0.112,0.224,0.174,0.346,0.068,0.126,0.06,0.26,0.192,0.188,0.264,0.0,0.202,0.05,0.244,0.296,0.208,0.098,0.168,0.642
12:36:00,0.276,0.13,0.114,0.276,0.092,0.338,0.294,0.488,0.078,0.21,0.186,0.182,0.17,0.47,0.13,0.19,0.514,0.368,0.132,0.57,0.112,0.224,0.174,0.346,0.068,0.126,0.06,0.26,0.192,0.188,0.264,0.0,0.202,0.05,0.244,0.296,0.208,0.098,0.168,0.642
12:37:00,0.276,0.13,0.114,0.276,0.092,0.338,0.294,0.488,0.078,0.21,0.186,0.182,0.17,0.47,0.13,0.19,0.514,0.368,0.132,0.57,0.112,0.224,0.174,0.346,0.068,0.126,0.06,0.26,0.192,0.188,0.264,0.0,0.202,0.05,0.244,0.296,0.208,0.098,0.168,0.642
12:38:00,0.276,0.13,0.114,0.276,0.092,0.338,0.294,0.488,0.078,0.21,0.186,0.182,0.17,0.47,0.13,0.19,0.514,0.368,0.132,0.57,0.112,0.224,0.174,0.346,0.068,0.126,0.06,0.26,0.192,0.188,0.264,0.0,0.202,0.05,0.244,0.296,0.208,0.098,0.168,0.642
12:39:00,0.276,0.13,0.114,0.276,0.092,0.338,0.294,0.488,0.078,0.21,0.186,0.182,0.17,0.47,0.13,0.19,0.514,0.368,0.132,0.57,0.112,0.224,0.174,0.346,0.068,0.126,0.06,0.26,0.192,0.188,0.264,0.0,0.202,0.05,0.244,0.296,0.208,0.098,0.168,0.642
12:40:00,0.276,0.13,0.114,0.276,0.092,0.338,0.294,0.488,0.078,0.21,0.186,0.182,0.17,0.47,0.13,0.19,0.514,0.368,0.132,0.57,0.112,0.224,0.174,0.346,0.068,0.126,0.06,0.26,0.192,0.188,0.264,0.0,0.202,0.05,0.244,0.296,0.208,0.098,0.168,0.642
12:41:00,0.276,0.13,0.114,0.276,0.092,0.338,0.294,0.488,0.078,0.21,0.186,0.182,0.17,0.47,0.13,0.19,0.514,0.368,0.132,0.57,0.112,0.224,0.174,0.346,0.068,0.126,0.06,0.26,0.192,0.188,0.264,0.0,0.202,0.05,0.244,0.296,0.208,0.098,0.168,0.642
12:42:00,0.276,0.13,0.114,0.276,0.092,0.338,0.294,0.488,0.078,0.21,0.186,0.182,0.17,0.47,0.13,0.19,0.514,0.368,0.132,0.57,0.112,0.224,0.174,0.346,0.068,0.126,0.06,0.26,0.192,0.188,0.264,0.0,0.202,0.05,0.244,0.296,0.208,0.098,0.168,0.642
12:43:00,0.276,0.13,0.114,0.276,0.092,0.338,0.294,0.488,0.078,0.21,0.186,0.182,0.17,0.47,0.13,0.19,0.514,0.368,0.132,0.57,0.112,0.224,0.174,0.346,0.068,0.126,0.06,0.26,0.192,0.188,0.264,0.0,0.202,0.05,0.244,0.296,0.208,0.098,0.168,0.642
12:44:00,0.276,0.13,0.114,0.276,0.092,0.338,0.294,0.488,0.078,0.21,0.186,0.182,0.17,0.47,0.13,0.19,0.514,0.368,0.132,0.57,0.112,0.224,0.174,0.346,0.068,0.126,0.06,0.26,0.192,0.188,0.264,0.0,0.202,0.05,0.244,0.296,0.208,0.098,0.168,0.642
12:45:00,0.276,0.13,0.114,0.276,0.092,0.338,0.294,0.488,0.078,0.21,0.186,0.182,0.17,0.47,0.13,0.19,0.514,0.368,0.132,0.57,0.112,0.224,0.174,0.346,0.068,0.126,0.06,0.26,0.192,0.188,0.264,0.0,0.202,0.05,0.244,0.296,0.208,0.098,0.168,0.642
12:46:00,0.276,0.13,0.114,0.276,0.092,0.338,0.294,0.488,0.078,0.21,0.186,0.182,0.17,0.47,0.13,0.19,0.514,0.368,0.132,0.57,0.112,0.224,0.174,0.346,0.068,0.126,0.06,0.26,0.192,0.188,0.264,0.0,0.202,0.05,0.244,0.296,0.208,0.098,0.168,0.642
12:47:00,0.276,0.13,0.114,0.276,0.092,0.338,0.294,0.488,0.078,0.21,0.186,0.182,0.17,0.47,0.13,0.19,0.514,0.368,0.132,0.57,0.112,0.224,0.174,0.346,0.068,0.126,0.06,0.26,0.192,0.188,0.264,0.0,0.202,0.05,0.244,0.296,0.208,0.098,0.168,0.642
12:48:00,0.276,0.13,0.114,0.276,0.092,0.338,0.294,0.488,0.078,0.21,0.186,0.182,0.17,0.47,0.13,0.19,0.514,0.368,0.132,0.57,0.112,0.224,0.174,0.346,0.068,0.126,0.06,0.26,0.192,0.188,0.264,0.0,0.202,0.05,0.244,0.296,0.208,0.098,0.168,0.642
12:49:00,0.276,0.13,0.114,0.276,0.092,0.338,0.294,0.488,0.078,0.21,0.186,0.182,0.17,0.47,0.13,0.19,0.514,0.368,0.132,0.57,0.112,0.224,0.174,0.346,0.068,0.126,0.06,0.26,0.192,0.188,0.264,0.0,0.202,0.05,0.244,0.296,0.208,0.098,0.168,0.642
12:50:00,0.276,0.13,0.114,0.276,0.092,0.338,0.294,0.488,0.078,0.21,0.186,0.182,0.17,0.47,0.13,0.19,0.514,0.368,0.132,0.57,0.112,0.224,0.174,0.346,0.068,0.126,0.06,0.26,0.192,0.188,0.264,0.0,0.202,0.05,0.244,0.296,0.208,0.098,0.168,0.642
12:51:00,0.276,0.13,0.114,0.276,0.092,0.338,0.294,0.488,0.078,0.21,0.186,0.182,0.17,0.47,0.13,0.19,0.514,0.368,0.132,0.57,0.112,0.224,0.174,0.346,0.068,0.126,0.06,0.26,0.192,0.188,0.264,0.0,0.202,0.05,0.244,0.296,0.208,0.098,0.168,0.642
12:52:00,0.276,0.13,0.114,0.276,0.092,0.338,0.294,0.488,0.078,0.21,0.186,0.182,0.17,0.47,0.13,0.19,0.514,0.368,0.132,0.57,0.112,0.224,0.174,0.346,0.068,0.126,0.06,0.26,0.192,0.188,0.264,0.0,0.202,0.05,0.244,0.296,0.208,0.098,0.168,0.642
12:53:00,0.276,0.13,0.114,0.276,0.092,0.338,0.294,0.488,0.078,0.21,0.186,0.182,0.17,0.47,0.13,0.19,0.514,0.368,0.132,0.57,0.112,0.224,0.174,0.346,0.068,0.126,0.06,0.26,0.192,0.188,0.264,0.0,0.202,0.05,0.244,0.296,0.208,0.098,0.168,0.642
12:54:00,0.276,0.13,0.114,0.276,0.092,0.338,0.294,0.488,0.078,0.21,0.186,0.182,0.17,0.47,0.13,0.19,0.514,0.368,0.132,0.57,0.112,0.224,0.174,0.346,0.068,0.126,0.06,0.26,0.192,0.188,0.264,0.0,0.202,0.05,0.244,0.296,0.208,0.098,0.168,0.642
12:55:00,0.276,0.13,0.114,0.276,0.092,0.338,0.294,0.488,0.078,0.21,0.186,0.182,0.17,0.47,0.13,0.19,0.514,0.368,0.132,0.57,0.112,0.224,0.174,0.346,0.068,0.126,0.06,0.26,0.192,0.188,0.264,0.0,0.202,0.05,0.244,0.296,0.208,0.098,0.168,0.642
12:56:00,0.276,0.13,0.114,0.276,0.092,0.338,0.294,0.488,0.078,0.21,0.186,0.182,0.17,0.47,0.13,0.19,0.514,0.368,0.132,0.57,0.112,0.224,0.174,0.346,0.068,0.126,0.06,0.26,0.192,0.188,0.264,0.0,0.202,0.05,0.244,0.296,0.208,0.098,0.168,0.642
12:57:00,0.276,0.13,0.114,0.276,0.092,0.338,0.294,0.488,0.078,0.21,0.186,0.182,0.17,0.47,0.13,0.19,0.514,0.368,0.132,0.57,0.112,0.224,0.174,0.346,0.068,0.126,0.06,0.26,0.192,0.188,0.264,0.0,0.202,0.05,0.244,0.296,0.208,0.098,0.168,0.642
12:58:00,0.276,0.13,0.114,0.276,0.092,0.338,0.294,0.488,0.078,0.21,0.186,0.182,0.17,0.47,0.13,0.19,0.514,0.368,0.132,0.57,0.112,0.224,0.174,0.346,0.068,0.126,0.06,0.26,0.192,0.188,0.264,0.0,0.202,0.05,0.244,0.296,0.208,0.098,0.168,0.642
12:59:00,0.276,0.13,0.114,0.276,0.092,0.338,0.294,0.488,0.078,0.21,0.186,0.182,0.17,0.47,0.13,0.19,0.514,0.368,0.132,0.57,0.112,0.224,0.174,0.346,0.068,0.126,0.06,0.26,0.192,0.188,0.264,0.0,0.202,0.05,0.244,0.296,0.208,0.098,0.168,0.642
13:00:00,0.562,0.298,0.054,0.34,0.092,0.172,0.202,0.736,0.646,0.134,0.288,0.258,0.214,0.122,0.206,0.226,0.624,0.136,0.138,0.308,0.056,0.732,0.148,0.348,0.118,0.072,0.422,0.17,0.444,0.138,0.342,0.192,0.258,0.052,0.988,0.1,0.17,0.098,0.106,1.156
13:01:00,0.562,0.298,0.054,0.34,0.092,0.172,0.202,0.736,0.646,0.134,0.288,0.258,0.214,0.122,0.206,0.226,0.624,0.136,0.138,0.308,0.056,0.732,0.148,0.348,0.118,0.072,0.422,0.17,0.444,0.138,0.342,0.192,0.258,0.052,0.988,0.1,0.17,0.098,0.106,1.156
13:02:00,0.562,0.298,0.054,0.34,0.092,0.172,0.202,0.736,0.646,0.134,0.288,0.258,0.214,0.122,0.206,0.226,0.624,0.136,0.138,0.308,0.056,0.732,0.148,0.348,0.118,0.072,0.422,0.17,0.444,0.138,0.342,0.192,0.258,0.052,0.988,0.1,0.17,0.098,0.106,1.156
13:03:00,0.562,0.298,0.054,0.34,0.092,0.172,0.202,0.736,0.646,0.134,0.288,0.258,0.214,0.122,0.206,0.226,0.624,0.136,0.138,0.308,0.056,0.732,0.148,0.348,0.118,0.072,0.422,0.17,0.444,0.138,0.342,0.192,0.258,0.052,0.988,0.1,0.17,0.098,0.106,1.156
13:04:00,0.562,0.298,0.054,0.34,0.092,0.172,0.202,0.736,0.646,0.134,0.288,0.258,0.214,0.122,0.206,0.226,0.624,0.136,0.138,0.308,0.056,0.732,0.148,0.348,0.118,0.072,0.422,0.17,0.444,0.138,0.342,0.192,0.258,0.052,0.988,0.1,0.17,0.098,0.106,1.156
13:05:00,0.562,0.298,0.054,0.34,0.092,0.172,0.202,0.736,0.646,0.134,0.288,0.258,0.214,0.122,0.206,0.226,0.624,0.136,0.138,0.308,0.056,0.732,0.148,0.348,0.118,0.072,0.422,0.17,0.444,0.138,0.342,0.192,0.258,0.052,0.988,0.1,0.17,0.098,0.106,1.156
13:06:00,0.562,0.298,0.054,0.34,0.092,0.172,0.202,0.736,0.646,0.134,0.288,0.258,0.214,0.122,0.206,0.226,0.624,0.136,0.138,0.308,0.056,0.732,0.148,0.348,0.118,0.072,0.422,0.17,0.444,0.138,0.342,0.192,0.258,0.052,0.988,0.1,0.17,0.098,0.106,1.156
13:07:00,0.562,0.298,0.054,0.34,0.092,0.172,0.202,0.736,0.646,0.134,0.288,0.258,0.214,0.122,0.206,0.226,0.624,0.136,0.138,0.308,0.056,0.732,0.148,0.348,0.118,0.072,0.422,0.17,0.444,0.138,0.342,0.192,0.258,0.052,0.988,0.1,0.17,0.098,0.106,1.156
13:08:00,0.562,0.298,0.054,0.34,0.092,0.172,0.202,0.736,0.646,0.134,0.288,0.258,0.214,0.122,0.206,0.226,0.624,0.136,0.138,0.308,0.056,0.732,0.148,0.348,0.118,0.072,0.422,0.17,0.444,0.138,0.342,0.192,0.258,0.052,0.988,0.1,0.17,0.098,0.106,1.156
13:09:00,0.562,0.298,0.054,0.34,0.092,0.172,0.202,0.736,0.646,0.134,0.288,0.258,0.214,0.122,0.206,0.226,0.624,0.136,0.138,0.308,0.056,0.732,0.148,0.348,0.118,0.072,0.422,0.17,0.444,0.138,0.342,0.192,0.258,0.052,0.988,0.1,0.17,0.098,0.106,1.156
13:10:00,0.562,0.298,0.054,0.34,0.092,0.172,0.202,0.736,0.646,0.134,0.288,0.258,0.214,0.122,0.206,0.226,0.624,0.136,0.138,0.308,0.056,0.732,0.148,0.348,0.118,0.072,0.422,0.17,0.444,0.138,0.342,0.192,0.258,0.052,0.988,0.1,0.17,0.098,0.106,1.156
13:11:00,0.562,0.298,0.054,0.34,0.092,0.172,0.202,0.736,0.646,0.134,0.288,0.258,0.214,0.122,0.206,0.226,0.624,0.136,0.138,0.308,0.056,0.732,0.148,0.348,0.118,0.072,0.422,0.17,0.444,0.138,0.342,0.192,0.258,0.052,0.988,0.1,0.17,0.098,0.106,1.156
13:12:00,0.562,0.298,0.054,0.34,0.092,0.172,0.202,0.736,0.646,0.134,0.288,0.258,0.214,0.122,0.206,0.226,0.624,0.136,0.138,0.308,0.056,0.732,0.148,0.348,0.118,0.072,0.422,0.17,0.444,0.138,0.342,0.192,0.258,0.052,0.988,0.1,0.17,0.098,0.106,1.156
13:13:00,0.562,0.298,0.054,0.34,0.092,0.172,0.202,0.736,0.646,0.134,0.288,0.258,0.214,0.122,0.206,0.226,0.624,0.136,0.138,0.308,0.056,0.732,0.148,0.348,0.118,0.072,0.422,0.17,0.444,0.138,0.342,0.192,0.258,0.052,0.988,0.1,0.17,0.098,0.106,1.156
13:14:00,0.562,0.298,0.054,0.34,0.092,0.172,0.202,0.736,0.646,0.134,0.288,0.258,0.214,0.122,0.206,0.226,0.624,0.136,0.138,0.308,0.056,0.732,0.148,0.348,0.118,0.072,0.422,0.17,0.444,0.138,0.342,0.192,0.258,0.052,0.988,0.1,0.17,0.098,0.106,1.156
13:15:00,0.562,0.298,0.054,0.34,0.092,0.172,0.202,0.736,0.646,0.134,0.288,0.258,0.214,0.122,0.206,0.226,0.624,0.136,0.138,0.308,0.056,0.732,0.148,0.348,0.118,0.072,0.422,0.17,0.444,0.138,0.342,0.192,0.258,0.052,0.988,0.1,0.17,0.098,0.106,1.156
13:16:00,0.562,0.298,0.054,0.34,0.092,0.172,0.202,0.736,0.646,0.134,0.288,0.258,0.214,0.122,0.206,0.226,0.624,0.136,0.138,0.308,0.056,0.732,0.148,0.348,0.118,0.072,0.422,0.17,0.444,0.138,0.342,0.192,0.258,0.052,0.988,0.1,0.17,0.098,0.106,1.156
13:17:00,0.562,0.298,0.054,0.34,0.092,0.172,0.202,0.736,0.646,0.134,0.288,0.258,0.214,0.122,0.206,0.226,0.624,0.136,0.138,0.308,0.056,0.732,0.148,0.348,0.118,0.072,0.422,0.17,0.444,0.138,0.342,0.192,0.258,0.052,0.988,0.1,0.17,0.098,0.106,1.156
13:18:00,0.562,0.298,0.054,0.34,0.092,0.172,0.202,0.736,0.646,0.134,0.288,0.258,0.214,0.122,0.206,0.226,0.624,0.136,0.138,0.308,0.056,0.732,0.148,0.348,0.118,0.072,0.422,0.17,0.444,0.138,0.342,0.192,0.258,0.052,0.988,0.1,0.17,0.098,0.106,1.156
13:19:00,0.562,0.298,0.054,0.34,0.092,0.172,0.202,0.736,0.646,0.134,0.288,0.258,0.214,0.122,0.206,0.226,0.624,0.136,0.138,0.308,0.056,0.732,0.148,0.348,0.118,0.072,0.422,0.17,0.444,0.138,0.342,0.192,0.258,0.052,0.988,0.1,0.17,0.098,0.106,1.156
13:20:00,0.562,0.298,0.054,0.34,0.092,0.172,0.202,0.736,0.646,0.134,0.288,0.258,0.214,0.122,0.206,0.226,0.624,0.136,0.138,0.308,0.056,0.732,0.148,0.348,0.118,0.072,0.422,0.17,0.444,0.138,0.342,0.192,0.258,0.052,0.988,0.1,0.17,0.098,0.106,1.156
13:21:00,0.562,0.298,0.054,0.34,0.092,0.172,0.202,0.736,0.646,0.134,0.288,0.258,0.214,0.122,0.206,0.226,0.624,0.136,0.138,0.308,0.056,0.732,0.148,0.348,0.118,0.072,0.422,0.17,0.444,0.138,0.342,0.192,0.258,0.052,0.988,0.1,0.17,0.098,0.106,1.156
13:22:00,0.562,0.298,0.054,0.34,0.092,0.172,0.202,0.736,0.646,0.134,0.288,0.258,0.214,0.122,0.206,0.226,0.624,0.136,0.138,0.308,0.056,0.732,0.148,0.348,0.118,0.072,0.422,0.17,0.444,0.138,0.342,0.192,0.258,0.052,0.988,0.1,0.17,0.098,0.106,1.156
13:23:00,0.562,0.298,0.054,0.34,0.092,0.172,0.202,0.736,0.646,0.134,0.288,0.258,0.214,0.122,0.206,0.226,0.624,0.136,0.138,0.308,0.056,0.732,0.148,0.348,0.118,0.072,0.422,0.17,0.444,0.138,0.342,0.192,0.258,0.052,0.988,0.1,0.17,0.098,0.106,1.156
13:24:00,0.562,0.298,0.054,0.34,0.092,0.172,0.202,0.736,0.646,0.134,0.288,0.258,0.214,0.122,0.206,0.226,0.624,0.136,0.138,0.308,0.056,0.732,0.148,0.348,0.118,0.072,0.422,0.17,0.444,0.138,0.342,0.192,0.258,0.052,0.988,0.1,0.17,0.098,0.106,1.156
13:25:00,0.562,0.298,0.054,0.34,0.092,0.172,0.202,0.736,0.646,0.134,0.288,0.258,0.214,0.122,0.206,0.226,0.624,0.136,0.138,0.308,0.056,0.732,0.148,0.348,0.118,0.072,0.422,0.17,0.444,0.138,0.342,0.192,0.258,0.052,0.988,0.1,0.17,0.098,0.106,1.156
13:26:00,0.562,0.298,0.054,0.34,0.092,0.172,0.202,0.736,0.646,0.134,0.288,0.258,0.214,0.122,0.206,0.226,0.624,0.136,0.138,0.308,0.056,0.732,0.148,0.348,0.118,0.072,0.422,0.17,0.444,0.138,0.342,0.192,0.258,0.052,0.988,0.1,0.17,0.098,0.106,1.156
13:27:00,0.562,0.298,0.054,0.34,0.092,0.172,0.202,0.736,0.646,0.134,0.288,0.258,0.214,0.122,0.206,0.226,0.624,0.136,0.138,0.308,0.056,0.732,0.148,0.348,0.118,0.072,0.422,0.17,0.444,0.138,0.342,0.192,0.258,0.052,0.988,0.1,0.17,0.098,0.106,1.156
13:28:00,0.562,0.298,0.054,0.34,0.092,0.172,0.202,0.736,0.646,0.134,0.288,0.258,0.214,0.122,0.206,0.226,0.624,0.136,0.138,0.308,0.056,0.732,0.148,0.348,0.118,0.072,0.422,0.17,0.444,0.138,0.342,0.192,0.258,0.052,0.988,0.1,0.17,0.098,0.106,1.156
13:29:00,0.562,0.298,0.054,0.34,0.092,0.172,0.202,0.736,0.646,0.134,0.288,0.258,0.214,0.122,0.206,0.226,0.624,0.136,0.138,0.308,0.056,0.732,0.148,0.348,0.118,0.072,0.422,0.17,0.444,0.138,0.342,0.192,0.258,0.052,0.988,0.1,0.17,0.098,0.106,1.156
13:30:00,0.36,0.314,0.208,0.586,0.092,0.2,0.216,0.894,0.258,0.136,0.302,0.272,0.288,0.14,0.19,0.216,0.396,0.414,0.502,0.188,0.104,0.434,0.196,0.406,2.116,0.134,0.118,0.144,0.248,0.254,0.426,0.426,0.202,0.094,0.354,0.226,0.21,0.096,0.094,1.504
13:31:00,0.36,0.314,0.208,0.586,0.092,0.2,0.216,0.894,0.258,0.136,0.302,0.272,0.288,0.14,0.19,0.216,0.396,0.414,0.502,0.188,0.104,0.434,0.196,0.406,2.116,0.134,0.118,0.144,0.248,0.254,0.426,0.426,0.202,0.094,0.354,0.226,0.21,0.096,0.094,1.504
13:32:00,0.36,0.314,0.208,0.586,0.092,0.2,0.216,0.894,0.258,0.136,0.302,0.272,0.288,0.14,0.19,0.216,0.396,0.414,0.502,0.188,0.104,0.434,0.196,0.406,2.116,0.134,0.118,0.144,0.248,0.254,0.426,0.426,0.202,0.094,0.354,0.226,0.21,0.096,0.094,1.504
13:33:00,0.36,0.314,0.208,0.586,0.092,0.2,0.216,0.894,0.258,0.136,0.302,0.272,0.288,0.14,0.19,0.216,0.396,0.414,0.502,0.188,0.104,0.434,0.196,0.406,2.116,0.134,0.118,0.144,0.248,0.254,0.426,0.426,0.202,0.094,0.354,0.226,0.21,0.096,0.094,1.504
13:34:00,0.36,0.314,0.208,0.586,0.092,0.2,0.216,0.894,0.258,0.136,0.302,0.272,0.288,0.14,0.19,0.216,0.396,0.414,0.502,0.188,0.104,0.434,0.196,0.406,2.116,0.134,0.118,0.144,0.248,0.254,0.426,0.426,0.202,0.094,0.354,0.226,0.21,0.096,0.094,1.504
13:35:00,0.36,0.314,0.208,0.586,0.092,0.2,0.216,0.894,0.258,0.136,0.302,0.272,0.288,0.14,0.19,0.216,0.396,0.414,0.502,0.188,0.104,0.434,0.196,0.406,2.116,0.134,0.118,0.144,0.248,0.254,0.426,0.426,0.202,0.094,0.354,0.226,0.21,0.096,0.094,1.504
13:36:00,0.36,0.314,0.208,0.586,0.092,0.2,0.216,0.894,0.258,0.136,0.302,0.272,0.288,0.14,0.19,0.216,0.396,0.414,0.502,0.188,0.104,0.434,0.196,0.406,2.116,0.134,0.118,0.144,0.248,0.254,0.426,0.426,0.202,0.094,0.354,0.226,0.21,0.096,0.094,1.504
13:37:00,0.36,0.314,0.208,0.586,0.092,0.2,0.216,0.894,0.258,0.136,0.302,0.272,0.288,0.14,0.19,0.216,0.396,0.414,0.502,0.188,0.104,0.434,0.196,0.406,2.116,0.134,0.118,0.144,0.248,0.254,0.426,0.426,0.202,0.094,0.354,0.226,0.21,0.096,0.094,1.504
13:38:00,0.36,0.314,0.208,0.586,0.092,0.2,0.216,0.894,0.258,0.136,0.302,0.272,0.288,0.14,0.19,0.216,0.396,0.414,0.502,0.188,0.104,0.434,0.196,0.406,2.116,0.134,0.118,0.144,0.248,0.254,0.426,0.426,0.202,0.094,0.354,0.226,0.21,0.096,0.094,1.504
13:39:00,0.36,0.314,0.208,0.586,0.092,0.2,0.216,0.894,0.258,0.136,0.302,0.272,0.288,0.14,0.19,0.216,0.396,0.414,0.502,0.188,0.104,0.434,0.196,0.406,2.116,0.134,0.118,0.144,0.248,0.254,0.426,0.426,0.202,0.094,0.354,0.226,0.21,0.096,0.094,1.504
13:40:00,0.36,0.314,0.208,0.586,0.092,0.2,0.216,0.894,0.258,0.136,0.302,0.272,0.288,0.14,0.19,0.216,0.396,0.414,0.502,0.188,0.104,0.434,0.196,0.406,2.116,0.134,0.118,0.144,0.248,0.254,0.426,0.426,0.202,0.094,0.354,0.226,0.21,0.096,0.094,1.504
13:41:00,0.36,0.314,0.208,0.586,0.092,0.2,0.216,0.894,0.258,0.136,0.302,0.272,0.288,0.14,0.19,0.216,0.396,0.414,0.502,0.188,0.104,0.434,0.196,0.406,2.116,0.134,0.118,0.144,0.248,0.254,0.426,0.426,0.202,0.094,0.354,0.226,0.21,0.096,0.094,1.504
13:42:00,0.36,0.314,0.208,0.586,0.092,0.2,0.216,0.894,0.258,0.136,0.302,0.272,0.288,0.14,0.19,0.216,0.396,0.414,0.502,0.188,0.104,0.434,0.196,0.406,2.116,0.134,0.118,0.144,0.248,0.254,0.426,0.426,0.202,0.094,0.354,0.226,0.21,0.096,0.094,1.504
13:43:00,0.36,0.314,0.208,0.586,0.092,0.2,0.216,0.894,0.258,0.136,0.302,0.272,0.288,0.14,0.19,0.216,0.396,0.414,0.502,0.188,0.104,0.434,0.196,0.406,2.116,0.134,0.118,0.144,0.248,0.254,0.426,0.426,0.202,0.094,0.354,0.226,0.21,0.096,0.094,1.504
13:44:00,0.36,0.314,0.208,0.586,0.092,0.2,0.216,0.894,0.258,0.136,0.302,0.272,0.288,0.14,0.19,0.216,0.396,0.414,0.502,0.188,0.104,0.434,0.196,0.406,2.116,0.134,0.118,0.144,0.248,0.254,0.426,0.426,0.202,0.094,0.354,0.226,0.21,0.096,0.094,1.504
13:45:00,0.36,0.314,0.208,0.586,0.092,0.2,0.216,0.894,0.258,0.136,0.302,0.272,0.288,0.14,0.19,0.216,0.396,0.414,0.502,0.188,0.104,0.434,0.196,0.406,2.116,0.134,0.118,0.144,0.248,0.254,0.426,0.426,0.202,0.094,0.354,0.226,0.21,0.096,0.094,1.504
13:46:00,0.36,0.314,0.208,0.586,0.092,0.2,0.216,0.894,0.258,0.136,0.302,0.272,0.288,0.14,0.19,0.216,0.396,0.414,0.502,0.188,0.104,0.434,0.196,0.406,2.116,0.134,0.118,0.144,0.248,0.254,0.426,0.426,0.202,0.094,0.354,0.226,0.21,0.096,0.094,1.504
13:47:00,0.36,0.314,0.208,0.586,0.092,0.2,0.216,0.894,0.258,0.136,0.302,0.272,0.288,0.14,0.19,0.216,0.396,0.414,0.502,0.188,0.104,0.434,0.196,0.406,2.116,0.134,0.118,0.144,0.248,0.254,0.426,0.426,0.202,0.094,0.354,0.226,0.21,0.096,0.094,1.504
13:48:00,0.36,0.314,0.208,0.586,0.092,0.2,0.216,0.894,0.258,0.136,0.302,0.272,0.288,0.14,0.19,0.216,0.396,0.414,0.502,0.188,0.104,0.434,0.196,0.406,2.116,0.134,0.118,0.144,0.248,0.254,0.426,0.426,0.202,0.094,0.354,0.226,0.21,0.096,0.094,1.504
13:49:00,0.36,0.314,0.208,0.586,0.092,0.2,0.216,0.894,0.258,0.136,0.302,0.272,0.288,0.14,0.19,0.216,0.396,0.414,0.502,0.188,0.104,0.434,0.196,0.406,2.116,0.134,0.118,0.144,0.248,0.254,0.426,0.426,0.202,0.094,0.354,0.226,0.21,0.096,0.094,1.504
13:50:00,0.36,0.314,0.208,0.586,0.092,0.2,0.216,0.894,0.258,0.136,0.302,0.272,0.288,0.14,0.19,0.216,0.396,0.414,0.502,0.188,0.104,0.434,0.196,0.406,2.116,0.134,0.118,0.144,0.248,0.254,0.426,0.426,0.202,0.094,0.354,0.226,0.21,0.096,0.094,1.504
13:51:00,0.36,0.314,0.208,0.586,0.092,0.2,0.216,0.894,0.258,0.136,0.302,0.272,0.288,0.14,0.19,0.216,0.396,0.414,0.502,0.188,0.104,0.434,0.196,0.406,2.116,0.134,0.118,0.144,0.248,0.254,0.426,0.426,0.202,0.094,0.354,0.226,0.21,0.096,0.094,1.504
13:52:00,0.36,0.314,0.208,0.586,0.092,0.2,0.216,0.894,0.258,0.136,0.302,0.272,0.288,0.14,0.19,0.216,0.396,0.414,0.502,0.188,0.104,0.434,0.196,0.406,2.116,0.134,0.118,0.144,0.248,0.254,0.426,0.426,0.202,0.094,0.354,0.226,0.21,0.096,0.094,1.504
13:53:00,0.36,0.314,0.208,0.586,0.092,0.2,0.216,0.894,0.258,0.136,0.302,0.272,0.288,0.14,0.19,0.216,0.396,0.414,0.502,0.188,0.104,0.434,0.196,0.406,2.116,0.134,0.118,0.144,0.248,0.254,0.426,0.426,0.202,0.094,0.354,0.226,0.21,0.096,0.094,1.504
13:54:00,0.36,0.314,0.208,0.586,0.092,0.2,0.216,0.894,0.258,0.136,0.302,0.272,0.288,0.14,0.19,0.216,0.396,0.414,0.502,0.188,0.104,0.434,0.196,0.406,2.116,0.134,0.118,0.144,0.248,0.254,0.426,0.426,0.202,0.094,0.354,0.226,0.21,0.096,0.094,1.504
13:55:00,0.36,0.314,0.208,0.586,0.092,0.2,0.216,0.894,0.258,0.136,0.302,0.272,0.288,0.14,0.19,0.216,0.396,0.414,0.502,0.188,0.104,0.434,0.196,0.406,2.116,0.134,0.118,0.144,0.248,0.254,0.426,0.426,0.202,0.094,0.354,0.226,0.21,0.096,0.094,1.504
13:56:00,0.36,0.314,0.208,0.586,0.092,0.2,0.216,0.894,0.258,0.136,0.302,0.272,0.288,0.14,0.19,0.216,0.396,0.414,0.502,0.188,0.104,0.434,0.196,0.406,2.116,0.134,0.118,0.144,0.248,0.254,0.426,0.426,0.202,0.094,0.354,0.226,0.21,0.096,0.094,1.504
13:57:00,0.36,0.314,0.208,0.586,0.092,0.2,0.216,0.894,0.258,0.136,0.302,0.272,0.288,0.14,0.19,0.216,0.396,0.414,0.502,0.188,0.104,0.434,0.196,0.406,2.116,0.134,0.118,0.144,0.248,0.254,0.426,0.426,0.202,0.094,0.354,0.226,0.21,0.096,0.094,1.504
13:58:00,0.36,0.314,0.208,0.586,0.092,0.2,0.216,0.894,0.258,0.136,0.302,0.272,0.288,0.14,0.19,0.216,0.396,0.414,0.502,0.188,0.104,0.434,0.196,0.406,2.116,0.134,0.118,0.144,0.248,0.254,0.426,0.426,0.202,0.094,0.354,0.226,0.21,0.096,0.094,1.504
13:59:00,0.36,0.314,0.208,0.586,0.092,0.2,0.216,0.894,0.258,0.136,0.302,0.272,0.288,0.14,0.19,0.216,0.396,0.414,0.502,0.188,0.104,0.434,0.196,0.406,2.116,0.134,0.118,0.144,0.248,0.254,0.426,0.426,0.202,0.094,0.354,0.226,0.21,0.096,0.094,1.504
14:00:00,0.428,0.26,0.454,0.354,0.254,0.272,0.116,0.734,0.118,0.138,0.144,0.426,0.234,0.204,0.18,0.206,0.208,0.144,0.234,0.462,0.046,0.5,0.27,0.49,1.718,0.07,0.306,0.378,0.292,0.326,0.394,0.596,0.196,0.124,0.126,0.168,0.224,0.078,0.086,1.35
14:01:00,0.428,0.26,0.454,0.354,0.254,0.272,0.116,0.734,0.118,0.138,0.144,0.426,0.234,0.204,0.18,0.206,0.208,0.144,0.234,0.462,0.046,0.5,0.27,0.49,1.718,0.07,0.306,0.378,0.292,0.326,0.394,0.596,0.196,0.124,0.126,0.168,0.224,0.078,0.086,1.35
14:02:00,0.428,0.26,0.454,0.354,0.254,0.272,0.116,0.734,0.118,0.138,0.144,0.426,0.234,0.204,0.18,0.206,0.208,0.144,0.234,0.462,0.046,0.5,0.27,0.49,1.718,0.07,0.306,0.378,0.292,0.326,0.394,0.596,0.196,0.124,0.126,0.168,0.224,0.078,0.086,1.35
14:03:00,0.428,0.26,0.454,0.354,0.254,0.272,0.116,0.734,0.118,0.138,0.144,0.426,0.234,0.204,0.18,0.206,0.208,0.144,0.234,0.462,0.046,0.5,0.27,0.49,1.718,0.07,0.306,0.378,0.292,0.326,0.394,0.596,0.196,0.124,0.126,0.168,0.224,0.078,0.086,1.35
14:04:00,0.428,0.26,0.454,0.354,0.254,0.272,0.116,0.734,0.118,0.138,0.144,0.426,0.234,0.204,0.18,0.206,0.208,0.144,0.234,0.462,0.046,0.5,0.27,0.49,1.718,0.07,0.306,0.378,0.292,0.326,0.394,0.596,0.196,0.124,0.126,0.168,0.224,0.078,0.086,1.35
14:05:00,0.428,0.26,0.454,0.354,0.254,0.272,0.116,0.734,0.118,0.138,0.144,0.426,0.234,0.204,0.18,0.206,0.208,0.144,0.234,0.462,0.046,0.5,0.27,0.49,1.718,0.07,0.306,0.378,0.292,0.326,0.394,0.596,0.196,0.124,0.126,0.168,0.224,0.078,0.086,1.35
14:06:00,0.428,0.26,0.454,0.354,0.254,0.272,0.116,0.734,0.118,0.138,0.144,0.426,0.234,0.204,0.18,0.206,0.208,0.144,0.234,0.462,0.046,0.5,0.27,0.49,1.718,0.07,0.306,0.378,0.292,0.326,0.394,0.596,0.196,0.124,0.126,0.168,0.224,0.078,0.086,1.35
14:07:00,0.428,0.26,0.454,0.354,0.254,0.272,0.116,0.734,0.118,0.138,0.144,0.426,0.234,0.204,0.18,0.206,0.208,0.144,0.234,0.462,0.046,0.5,0.27,0.49,1.718,0.07,0.306,0.378,0.292,0.326,0.394,0.596,0.196,0.124,0.126,0.168,0.224,0.078,0.086,1.35
14:08:00,0.428,0.26,0.454,0.354,0.254,0.272,0.116,0.734,0.118,0.138,0.144,0.426,0.234,0.204,0.18,0.206,0.208,0.144,0.234,0.462,0.046,0.5,0.27,0.49,1.718,0.07,0.306,0.378,0.292,0.326,0.394,0.596,0.196,0.124,0.126,0.168,0.224,0.078,0.086,1.35
14:09:00,0.428,0.26,0.454,0.354,0.254,0.272,0.116,0.734,0.118,0.138,0.144,0.426,0.234,0.204,0.18,0.206,0.208,0.144,0.234,0.462,0.046,0.5,0.27,0.49,1.718,0.07,0.306,0.378,0.292,0.326,0.394,0.596,0.196,0.124,0.126,0.168,0.224,0.078,0.086,1.35
14:10:00,0.428,0.26,0.454,0.354,0.254,0.272,0.116,0.734,0.118,0.138,0.144,0.426,0.234,0.204,0.18,0.206,0.208,0.144,0.234,0.462,0.046,0.5,0.27,0.49,1.718,0.07,0.306,0.378,0.292,0.326,0.394,0.596,0.196,0.124,0.126,0.168,0.224,0.078,0.086,1.35
14:11:00,0.428,0.26,0.454,0.354,0.254,0.272,0.116,0.734,0.118,0.138,0.144,0.426,0.234,0.204,0.18,0.206,0.208,0.144,0.234,0.462,0.046,0.5,0.27,0.49,1.718,0.07,0.306,0.378,0.292,0.326,0.394,0.596,0.196,0.124,0.126,0.168,0.224,0.078,0.086,1.35
14:12:00,0.428,0.26,0.454,0.354,0.254,0.272,0.116,0.734,0.118,0.138,0.144,0.426,0.234,0.204,0.18,0.206,0.208,0.144,0.234,0.462,0.046,0.5,0.27,0.49,1.718,0.07,0.306,0.378,0.292,0.326,0.394,0.596,0.196,0.124,0.126,0.168,0.224,0.078,0.086,1.35
14:13:00,0.428,0.26,0.454,0.354,0.254,0.272,0.116,0.734,0.118,0.138,0.144,0.426,0.234,0.204,0.18,0.206,0.208,0.144,0.234,0.462,0.046,0.5,0.27,0.49,1.718,0.07,0.306,0.378,0.292,0.326,0.394,0.596,0.196,0.124,0.126,0.168,0.224,0.078,0.086,1.35
14:14:00,0.428,0.26,0.454,0.354,0.254,0.272,0.116,0.734,0.118,0.138,0.144,0.426,0.234,0.204,0.18,0.206,0.208,0.144,0.234,0.462,0.046,0.5,0.27,0.49,1.718,0.07,0.306,0.378,0.292,0.326,0.394,0.596,0.196,0.124,0.126,0.168,0.224,0.078,0.086,1.35
14:15:00,0.428,0.26,0.454,0.354,0.254,0.272,0.116,0.734,0.118,0.138,0.144,0.426,0.234,0.204,0.18,0.206,0.208,0.144,0.234,0.462,0.046,0.5,0.27,0.49,1.718,0.07,0.306,0.378,0.292,0.326,0.394,0.596,0.196,0.124,0.126,0.168,0.224,0.078,0.086,1.35
14:16:00,0.428,0.26,0.454,0.354,0.254,0.272,0.116,0.734,0.118,0.138,0.144,0.426,0.234,0.204,0.18,0.206,0.208,0.144,0.234,0.462,0.046,0.5,0.27,0.49,1.718,0.07,0.306,0.378,0.292,0.326,0.394,0.596,0.196,0.124,0.126,0.168,0.224,0.078,0.086,1.35
14:17:00,0.428,0.26,0.454,0.354,0.254,0.272,0.116,0.734,0.118,0.138,0.144,0.426,0.234,0.204,0.18,0.206,0.208,0.144,0.234,0.462,0.046,0.5,0.27,0.49,1.718,0.07,0.306,0.378,0.292,0.326,0.394,0.596,0.196,0.124,0.126,0.168,0.224,0.078,0.086,1.35
14:18:00,0.428,0.26,0.454,0.354,0.254,0.272,0.116,0.734,0.118,0.138,0.144,0.426,0.234,0.204,0.18,0.206,0.208,0.144,0.234,0.462,0.046,0.5,0.27,0.49,1.718,0.07,0.306,0.378,0.292,0.326,0.394,0.596,0.196,0.124,0.126,0.168,0.224,0.078,0.086,1.35
14:19:00,0.428,0.26,0.454,0.354,0.254,0.272,0.116,0.734,0.118,0.138,0.144,0.426,0.234,0.204,0.18,0.206,0.208,0.144,0.234,0.462,0.046,0.5,0.27,0.49,1.718,0.07,0.306,0.378,0.292,0.326,0.394,0.596,0.196,0.124,0.126,0.168,0.224,0.078,0.086,1.35
14:20:00,0.428,0.26,0.454,0.354,0.254,0.272,0.116,0.734,0.118,0.138,0.144,0.426,0.234,0.204,0.18,0.206,0.208,0.144,0.234,0.462,0.046,0.5,0.27,0.49,1.718,0.07,0.306,0.378,0.292,0.326,0.394,0.596,0.196,0.124,0.126,0.168,0.224,0.078,0.086,1.35
14:21:00,0.428,0.26,0.454,0.354,0.254,0.272,0.116,0.734,0.118,0.138,0.144,0.426,0.234,0.204,0.18,0.206,0.208,0.144,0.234,0.462,0.046,0.5,0.27,0.49,1.718,0.07,0.306,0.378,0.292,0.326,0.394,0.596,0.196,0.124,0.126,0.168,0.224,0.078,0.086,1.35
14:22:00,0.428,0.26,0.454,0.354,0.254,0.272,0.116,0.734,0.118,0.138,0.144,0.426,0.234,0.204,0.18,0.206,0.208,0.144,0.234,0.462,0.046,0.5,0.27,0.49,1.718,0.07,0.306,0.378,0.292,0.326,0.394,0.596,0.196,0.124,0.126,0.168,0.224,0.078,0.086,1.35
14:23:00,0.428,0.26,0.454,0.354,0.254,0.272,0.116,0.734,0.118,0.138,0.144,0.426,0.234,0.204,0.18,0.206,0.208,0.144,0.234,0.462,0.046,0.5,0.27,0.49,1.718,0.07,0.306,0.378,0.292,0.326,0.394,0.596,0.196,0.124,0.126,0.168,0.224,0.078,0.086,1.35
14:24:00,0.428,0.26,0.454,0.354,0.254,0.272,0.116,0.734,0.118,0.138,0.144,0.426,0.234,0.204,0.18,0.206,0.208,0.144,0.234,0.462,0.046,0.5,0.27,0.49,1.718,0.07,0.306,0.378,0.292,0.326,0.394,0.596,0.196,0.124,0.126,0.168,0.224,0.078,0.086,1.35
14:25:00,0.428,0.26,0.454,0.354,0.254,0.272,0.116,0.734,0.118,0.138,0.144,0.426,0.234,0.204,0.18,0.206,0.208,0.144,0.234,0.462,0.046,0.5,0.27,0.49,1.718,0.07,0.306,0.378,0.292,0.326,0.394,0.596,0.196,0.124,0.126,0.168,0.224,0.078,0.086,1.35
14:26:00,0.428,0.26,0.454,0.354,0.254,0.272,0.116,0.734,0.118,0.138,0.144,0.426,0.234,0.204,0.18,0.206,0.208,0.144,0.234,0.462,0.046,0.5,0.27,0.49,1.718,0.07,0.306,0.378,0.292,0.326,0.394,0.596,0.196,0.124,0.126,0.168,0.224,0.078,0.086,1.35
14:27:00,0.428,0.26,0.454,0.354,0.254,0.272,0.116,0.734,0.118,0.138,0.144,0.426,0.234,0.204,0.18,0.206,0.208,0.144,0.234,0.462,0.046,0.5,0.27,0.49,1.718,0.07,0.306,0.378,0.292,0.326,0.394,0.596,0.196,0.124,0.126,0.168,0.224,0.078,0.086,1.35
14:28:00,0.428,0.26,0.454,0.354,0.254,0.272,0.116,0.734,0.118,0.138,0.144,0.426,0.234,0.204,0.18,0.206,0.208,0.144,0.234,0.462,0.046,0.5,0.27,0.49,1.718,0.07,0.306,0.378,0.292,0.326,0.394,0.596,0.196,0.124,0.126,0.168,0.224,0.078,0.086,1.35
14:29:00,0.428,0.26,0.454,0.354,0.254,0.272,0.116,0.734,0.118,0.138,0.144,0.426,0.234,0.204,0.18,0.206,0.208,0.144,0.234,0.462,0.046,0.5,0.27,0.49,1.718,0.07,0.306,0.378,0.292,0.326,0.394,0.596,0.196,0.124,0.126,0.168,0.224,0.078,0.086,1.35
14:30:00,0.272,0.47,0.24,0.262,0.16,0.268,0.328,1.052,0.168,0.162,0.114,0.24,0.17,0.638,0.206,0.426,0.194,0.102,0.252,0.31,0.142,0.328,0.25,0.806,0.96,0.136,0.114,0.156,0.1,0.136,0.288,0.09,0.202,0.126,0.072,0.16,0.186,0.09,0.088,0.2
14:31:00,0.272,0.47,0.24,0.262,0.16,0.268,0.328,1.052,0.168,0.162,0.114,0.24,0.17,0.638,0.206,0.426,0.194,0.102,0.252,0.31,0.142,0.328,0.25,0.806,0.96,0.136,0.114,0.156,0.1,0.136,0.288,0.09,0.202,0.126,0.072,0.16,0.186,0.09,0.088,0.2
14:32:00,0.272,0.47,0.24,0.262,0.16,0.268,0.328,1.052,0.168,0.162,0.114,0.24,0.17,0.638,0.206,0.426,0.194,0.102,0.252,0.31,0.142,0.328,0.25,0.806,0.96,0.136,0.114,0.156,0.1,0.136,0.288,0.09,0.202,0.126,0.072,0.16,0.186,0.09,0.088,0.2
14:33:00,0.272,0.47,0.24,0.262,0.16,0.268,0.328,1.052,0.168,0.162,0.114,0.24,0.17,0.638,0.206,0.426,0.194,0.102,0.252,0.31,0.142,0.328,0.25,0.806,0.96,0.136,0.114,0.156,0.1,0.136,0.288,0.09,0.202,0.126,0.072,0.16,0.186,0.09,0.088,0.2
14:34:00,0.272,0.47,0.24,0.262,0.16,0.268,0.328,1.052,0.168,0.162,0.114,0.24,0.17,0.638,0.206,0.426,0.194,0.102,0.252,0.31,0.142,0.328,0.25,0.806,0.96,0.136,0.114,0.156,0.1,0.136,0.288,0.09,0.202,0.126,0.072,0.16,0.186,0.09,0.088,0.2
14:35:00,0.272,0.47,0.24,0.262,0.16,0.268,0.328,1.052,0.168,0.162,0.114,0.24,0.17,0.638,0.206,0.426,0.194,0.102,0.252,0.31,0.142,0.328,0.25,0.806,0.96,0.136,0.114,0.156,0.1,0.136,0.288,0.09,0.202,0.126,0.072,0.16,0.186,0.09,0.088,0.2
14:36:00,0.272,0.47,0.24,0.262,0.16,0.268,0.328,1.052,0.168,0.162,0.114,0.24,0.17,0.638,0.206,0.426,0.194,0.102,0.252,0.31,0.142,0.328,0.25,0.806,0.96,0.136,0.114,0.156,0.1,0.136,0.288,0.09,0.202,0.126,0.072,0.16,0.186,0.09,0.088,0.2
14:37:00,0.272,0.47,0.24,0.262,0.16,0.268,0.328,1.052,0.168,0.162,0.114,0.24,0.17,0.638,0.206,0.426,0.194,0.102,0.252,0.31,0.142,0.328,0.25,0.806,0.96,0.136,0.114,0.156,0.1,0.136,0.288,0.09,0.202,0.126,0.072,0.16,0.186,0.09,0.088,0.2
14:38:00,0.272,0.47,0.24,0.262,0.16,0.268,0.328,1.052,0.168,0.162,0.114,0.24,0.17,0.638,0.206,0.426,0.194,0.102,0.252,0.31,0.142,0.328,0.25,0.806,0.96,0.136,0.114,0.156,0.1,0.136,0.288,0.09,0.202,0.126,0.072,0.16,0.186,0.09,0.088,0.2
14:39:00,0.272,0.47,0.24,0.262,0.16,0.268,0.328,1.052,0.168,0.162,0.114,0.24,0.17,0.638,0.206,0.426,0.194,0.102,0.252,0.31,0.142,0.328,0.25,0.806,0.96,0.136,0.114,0.156,0.1,0.136,0.288,0.09,0.202,0.126,0.072,0.16,0.186,0.09,0.088,0.2
14:40:00,0.272,0.47,0.24,0.262,0.16,0.268,0.328,1.052,0.168,0.162,0.114,0.24,0.17,0.638,0.206,0.426,0.194,0.102,0.252,0.31,0.142,0.328,0.25,0.806,0.96,0.136,0.114,0.156,0.1,0.136,0.288,0.09,0.202,0.126,0.072,0.16,0.186,0.09,0.088,0.2
14:41:00,0.272,0.47,0.24,0.262,0.16,0.268,0.328,1.052,0.168,0.162,0.114,0.24,0.17,0.638,0.206,0.426,0.194,0.102,0.252,0.31,0.142,0.328,0.25,0.806,0.96,0.136,0.114,0.156,0.1,0.136,0.288,0.09,0.202,0.126,0.072,0.16,0.186,0.09,0.088,0.2
14:42:00,0.272,0.47,0.24,0.262,0.16,0.268,0.328,1.052,0.168,0.162,0.114,0.24,0.17,0.638,0.206,0.426,0.194,0.102,0.252,0.31,0.142,0.328,0.25,0.806,0.96,0.136,0.114,0.156,0.1,0.136,0.288,0.09,0.202,0.126,0.072,0.16,0.186,0.09,0.088,0.2
14:43:00,0.272,0.47,0.24,0.262,0.16,0.268,0.328,1.052,0.168,0.162,0.114,0.24,0.17,0.638,0.206,0.426,0.194,0.102,0.252,0.31,0.142,0.328,0.25,0.806,0.96,0.136,0.114,0.156,0.1,0.136,0.288,0.09,0.202,0.126,0.072,0.16,0.186,0.09,0.088,0.2
14:44:00,0.272,0.47,0.24,0.262,0.16,0.268,0.328,1.052,0.168,0.162,0.114,0.24,0.17,0.638,0.206,0.426,0.194,0.102,0.252,0.31,0.142,0.328,0.25,0.806,0.96,0.136,0.114,0.156,0.1,0.136,0.288,0.09,0.202,0.126,0.072,0.16,0.186,0.09,0.088,0.2
14:45:00,0.272,0.47,0.24,0.262,0.16,0.268,0.328,1.052,0.168,0.162,0.114,0.24,0.17,0.638,0.206,0.426,0.194,0.102,0.252,0.31,0.142,0.328,0.25,0.806,0.96,0.136,0.114,0.156,0.1,0.136,0.288,0.09,0.202,0.126,0.072,0.16,0.186,0.09,0.088,0.2
14:46:00,0.272,0.47,0.24,0.262,0.16,0.268,0.328,1.052,0.168,0.162,0.114,0.24,0.17,0.638,0.206,0.426,0.194,0.102,0.252,0.31,0.142,0.328,0.25,0.806,0.96,0.136,0.114,0.156,0.1,0.136,0.288,0.09,0.202,0.126,0.072,0.16,0.186,0.09,0.088,0.2
14:47:00,0.272,0.47,0.24,0.262,0.16,0.268,0.328,1.052,0.168,0.162,0.114,0.24,0.17,0.638,0.206,0.426,0.194,0.102,0.252,0.31,0.142,0.328,0.25,0.806,0.96,0.136,0.114,0.156,0.1,0.136,0.288,0.09,0.202,0.126,0.072,0.16,0.186,0.09,0.088,0.2
14:48:00,0.272,0.47,0.24,0.262,0.16,0.268,0.328,1.052,0.168,0.162,0.114,0.24,0.17,0.638,0.206,0.426,0.194,0.102,0.252,0.31,0.142,0.328,0.25,0.806,0.96,0.136,0.114,0.156,0.1,0.136,0.288,0.09,0.202,0.126,0.072,0.16,0.186,0.09,0.088,0.2
14:49:00,0.272,0.47,0.24,0.262,0.16,0.268,0.328,1.052,0.168,0.162,0.114,0.24,0.17,0.638,0.206,0.426,0.194,0.102,0.252,0.31,0.142,0.328,0.25,0.806,0.96,0.136,0.114,0.156,0.1,0.136,0.288,0.09,0.202,0.126,0.072,0.16,0.186,0.09,0.088,0.2
14:50:00,0.272,0.47,0.24,0.262,0.16,0.268,0.328,1.052,0.168,0.162,0.114,0.24,0.17,0.638,0.206,0.426,0.194,0.102,0.252,0.31,0.142,0.328,0.25,0.806,0.96,0.136,0.114,0.156,0.1,0.136,0.288,0.09,0.202,0.126,0.072,0.16,0.186,0.09,0.088,0.2
14:51:00,0.272,0.47,0.24,0.262,0.16,0.268,0.328,1.052,0.168,0.162,0.114,0.24,0.17,0.638,0.206,0.426,0.194,0.102,0.252,0.31,0.142,0.328,0.25,0.806,0.96,0.136,0.114,0.156,0.1,0.136,0.288,0.09,0.202,0.126,0.072,0.16,0.186,0.09,0.088,0.2
14:52:00,0.272,0.47,0.24,0.262,0.16,0.268,0.328,1.052,0.168,0.162,0.114,0.24,0.17,0.638,0.206,0.426,0.194,0.102,0.252,0.31,0.142,0.328,0.25,0.806,0.96,0.136,0.114,0.156,0.1,0.136,0.288,0.09,0.202,0.126,0.072,0.16,0.186,0.09,0.088,0.2
14:53:00,0.272,0.47,0.24,0.262,0.16,0.268,0.328,1.052,0.168,0.162,0.114,0.24,0.17,0.638,0.206,0.426,0.194,0.102,0.252,0.31,0.142,0.328,0.25,0.806,0.96,0.136,0.114,0.156,0.1,0.136,0.288,0.09,0.202,0.126,0.072,0.16,0.186,0.09,0.088,0.2
14:54:00,0.272,0.47,0.24,0.262,0.16,0.268,0.328,1.052,0.168,0.162,0.114,0.24,0.17,0.638,0.206,0.426,0.194,0.102,0.252,0.31,0.142,0.328,0.25,0.806,0.96,0.136,0.114,0.156,0.1,0.136,0.288,0.09,0.202,0.126,0.072,0.16,0.186,0.09,0.088,0.2
14:55:00,0.272,0.47,0.24,0.262,0.16,0.268,0.328,1.052,0.168,0.162,0.114,0.24,0.17,0.638,0.206,0.426,0.194,0.102,0.252,0.31,0.142,0.328,0.25,0.806,0.96,0.136,0.114,0.156,0.1,0.136,0.288,0.09,0.202,0.126,0.072,0.16,0.186,0.09,0.088,0.2
14:56:00,0.272,0.47,0.24,0.262,0.16,0.268,0.328,1.052,0.168,0.162,0.114,0.24,0.17,0.638,0.206,0.426,0.194,0.102,0.252,0.31,0.142,0.328,0.25,0.806,0.96,0.136,0.114,0.156,0.1,0.136,0.288,0.09,0.202,0.126,0.072,0.16,0.186,0.09,0.088,0.2
14:57:00,0.272,0.47,0.24,0.262,0.16,0.268,0.328,1.052,0.168,0.162,0.114,0.24,0.17,0.638,0.206,0.426,0.194,0.102,0.252,0.31,0.142,0.328,0.25,0.806,0.96,0.136,0.114,0.156,0.1,0.136,0.288,0.09,0.202,0.126,0.072,0.16,0.186,0.09,0.088,0.2
14:58:00,0.272,0.47,0.24,0.262,0.16,0.268,0.328,1.052,0.168,0.162,0.114,0.24,0.17,0.638,0.206,0.426,0.194,0.102,0.252,0.31,0.142,0.328,0.25,0.806,0.96,0.136,0.114,0.156,0.1,0.136,0.288,0.09,0.202,0.126,0.072,0.16,0.186,0.09,0.088,0.2
14:59:00,0.272,0.47,0.24,0.262,0.16,0.268,0.328,1.052,0.168,0.162,0.114,0.24,0.17,0.638,0.206,0.426,0.194,0.102,0.252,0.31,0.142,0.328,0.25,0.806,0.96,0.136,0.114,0.156,0.1,0.136,0.288,0.09,0.202,0.126,0.072,0.16,0.186,0.09,0.088,0.2
15:00:00,0.524,0.31,0.558,0.726,0.102,0.228,0.112,0.49,0.132,0.224,0.058,0.226,0.118,0.564,0.188,0.384,0.928,0.134,0.218,0.358,0.298,0.292,0.18,0.652,0.764,0.072,0.226,0.164,0.57,0.526,0.326,0.954,0.202,0.06,0.092,0.184,0.194,0.1,0.092,0.122
15:01:00,0.524,0.31,0.558,0.726,0.102,0.228,0.112,0.49,0.132,0.224,0.058,0.226,0.118,0.564,0.188,0.384,0.928,0.134,0.218,0.358,0.298,0.292,0.18,0.652,0.764,0.072,0.226,0.164,0.57,0.526,0.326,0.954,0.202,0.06,0.092,0.184,0.194,0.1,0.092,0.122
15:02:00,0.524,0.31,0.558,0.726,0.102,0.228,0.112,0.49,0.132,0.224,0.058,0.226,0.118,0.564,0.188,0.384,0.928,0.134,0.218,0.358,0.298,0.292,0.18,0.652,0.764,0.072,0.226,0.164,0.57,0.526,0.326,0.954,0.202,0.06,0.092,0.184,0.194,0.1,0.092,0.122
15:03:00,0.524,0.31,0.558,0.726,0.102,0.228,0.112,0.49,0.132,0.224,0.058,0.226,0.118,0.564,0.188,0.384,0.928,0.134,0.218,0.358,0.298,0.292,0.18,0.652,0.764,0.072,0.226,0.164,0.57,0.526,0.326,0.954,0.202,0.06,0.092,0.184,0.194,0.1,0.092,0.122
15:04:00,0.524,0.31,0.558,0.726,0.102,0.228,0.112,0.49,0.132,0.224,0.058,0.226,0.118,0.564,0.188,0.384,0.928,0.134,0.218,0.358,0.298,0.292,0.18,0.652,0.764,0.072,0.226,0.164,0.57,0.526,0.326,0.954,0.202,0.06,0.092,0.184,0.194,0.1,0.092,0.122
15:05:00,0.524,0.31,0.558,0.726,0.102,0.228,0.112,0.49,0.132,0.224,0.058,0.226,0.118,0.564,0.188,0.384,0.928,0.134,0.218,0.358,0.298,0.292,0.18,0.652,0.764,0.072,0.226,0.164,0.57,0.526,0.326,0.954,0.202,0.06,0.092,0.184,0.194,0.1,0.092,0.122
15:06:00,0.524,0.31,0.558,0.726,0.102,0.228,0.112,0.49,0.132,0.224,0.058,0.226,0.118,0.564,0.188,0.384,0.928,0.134,0.218,0.358,0.298,0.292,0.18,0.652,0.764,0.072,0.226,0.164,0.57,0.526,0.326,0.954,0.202,0.06,0.092,0.184,0.194,0.1,0.092,0.122
15:07:00,0.524,0.31,0.558,0.726,0.102,0.228,0.112,0.49,0.132,0.224,0.058,0.226,0.118,0.564,0.188,0.384,0.928,0.134,0.218,0.358,0.298,0.292,0.18,0.652,0.764,0.072,0.226,0.164,0.57,0.526,0.326,0.954,0.202,0.06,0.092,0.184,0.194,0.1,0.092,0.122
15:08:00,0.524,0.31,0.558,0.726,0.102,0.228,0.112,0.49,0.132,0.224,0.058,0.226,0.118,0.564,0.188,0.384,0.928,0.134,0.218,0.358,0.298,0.292,0.18,0.652,0.764,0.072,0.226,0.164,0.57,0.526,0.326,0.954,0.202,0.06,0.092,0.184,0.194,0.1,0.092,0.122
15:09:00,0.524,0.31,0.558,0.726,0.102,0.228,0.112,0.49,0.132,0.224,0.058,0.226,0.118,0.564,0.188,0.384,0.928,0.134,0.218,0.358,0.298,0.292,0.18,0.652,0.764,0.072,0.226,0.164,0.57,0.526,0.326,0.954,0.202,0.06,0.092,0.184,0.194,0.1,0.092,0.122
15:10:00,0.524,0.31,0.558,0.726,0.102,0.228,0.112,0.49,0.132,0.224,0.058,0.226,0.118,0.564,0.188,0.384,0.928,0.134,0.218,0.358,0.298,0.292,0.18,0.652,0.764,0.072,0.226,0.164,0.57,0.526,0.326,0.954,0.202,0.06,0.092,0.184,0.194,0.1,0.092,0.122
15:11:00,0.524,0.31,0.558,0.726,0.102,0.228,0.112,0.49,0.132,0.224,0.058,0.226,0.118,0.564,0.188,0.384,0.928,0.134,0.218,0.358,0.298,0.292,0.18,0.652,0.764,0.072,0.226,0.164,0.57,0.526,0.326,0.954,0.202,0.06,0.092,0.184,0.194,0.1,0.092,0.122
15:12:00,0.524,0.31,0.558,0.726,0.102,0.228,0.112,0.49,0.132,0.224,0.058,0.226,0.118,0.564,0.188,0.384,0.928,0.134,0.218,0.358,0.298,0.292,0.18,0.652,0.764,0.072,0.226,0.164,0.57,0.526,0.326,0.954,0.202,0.06,0.092,0.184,0.194,0.1,0.092,0.122
15:13:00,0.524,0.31,0.558,0.726,0.102,0.228,0.112,0.49,0.132,0.224,0.058,0.226,0.118,0.564,0.188,0.384,0.928,0.134,0.218,0.358,0.298,0.292,0.18,0.652,0.764,0.072,0.226,0.164,0.57,0.526,0.326,0.954,0.202,0.06,0.092,0.184,0.194,0.1,0.092,0.122
15:14:00,0.524,0.31,0.558,0.726,0.102,0.228,0.112,0.49,0.132,0.224,0.058,0.226,0.118,0.564,0.188,0.384,0.928,0.134,0.218,0.358,0.298,0.292,0.18,0.652,0.764,0.072,0.226,0.164,0.57,0.526,0.326,0.954,0.202,0.06,0.092,0.184,0.194,0.1,0.092,0.122
15:15:00,0.524,0.31,0.558,0.726,0.102,0.228,0.112,0.49,0.132,0.224,0.058,0.226,0.118,0.564,0.188,0.384,0.928,0.134,0.218,0.358,0.298,0.292,0.18,0.652,0.764,0.072,0.226,0.164,0.57,0.526,0.326,0.954,0.202,0.06,0.092,0.184,0.194,0.1,0.092,0.122
15:16:00,0.524,0.31,0.558,0.726,0.102,0.228,0.112,0.49,0.132,0.224,0.058,0.226,0.118,0.564,0.188,0.384,0.928,0.134,0.218,0.358,0.298,0.292,0.18,0.652,0.764,0.072,0.226,0.164,0.57,0.526,0.326,0.954,0.202,0.06,0.092,0.184,0.194,0.1,0.092,0.122
15:17:00,0.524,0.31,0.558,0.726,0.102,0.228,0.112,0.49,0.132,0.224,0.058,0.226,0.118,0.564,0.188,0.384,0.928,0.134,0.218,0.358,0.298,0.292,0.18,0.652,0.764,0.072,0.226,0.164,0.57,0.526,0.326,0.954,0.202,0.06,0.092,0.184,0.194,0.1,0.092,0.122
15:18:00,0.524,0.31,0.558,0.726,0.102,0.228,0.112,0.49,0.132,0.224,0.058,0.226,0.118,0.564,0.188,0.384,0.928,0.134,0.218,0.358,0.298,0.292,0.18,0.652,0.764,0.072,0.226,0.164,0.57,0.526,0.326,0.954,0.202,0.06,0.092,0.184,0.194,0.1,0.092,0.122
15:19:00,0.524,0.31,0.558,0.726,0.102,0.228,0.112,0.49,0.132,0.224,0.058,0.226,0.118,0.564,0.188,0.384,0.928,0.134,0.218,0.358,0.298,0.292,0.18,0.652,0.764,0.072,0.226,0.164,0.57,0.526,0.326,0.954,0.202,0.06,0.092,0.184,0.194,0.1,0.092,0.122
15:20:00,0.524,0.31,0.558,0.726,0.102,0.228,0.112,0.49,0.132,0.224,0.058,0.226,0.118,0.564,0.188,0.384,0.928,0.134,0.218,0.358,0.298,0.292,0.18,0.652,0.764,0.072,0.226,0.164,0.57,0.526,0.326,0.954,0.202,0.06,0.092,0.184,0.194,0.1,0.092,0.122
15:21:00,0.524,0.31,0.558,0.726,0.102,0.228,0.112,0.49,0.132,0.224,0.058,0.226,0.118,0.564,0.188,0.384,0.928,0.134,0.218,0.358,0.298,0.292,0.18,0.652,0.764,0.072,0.226,0.164,0.57,0.526,0.326,0.954,0.202,0.06,0.092,0.184,0.194,0.1,0.092,0.122
15:22:00,0.524,0.31,0.558,0.726,0.102,0.228,0.112,0.49,0.132,0.224,0.058,0.226,0.118,0.564,0.188,0.384,0.928,0.134,0.218,0.358,0.298,0.292,0.18,0.652,0.764,0.072,0.226,0.164,0.57,0.526,0.326,0.954,0.202,0.06,0.092,0.184,0.194,0.1,0.092,0.122
15:23:00,0.524,0.31,0.558,0.726,0.102,0.228,0.112,0.49,0.132,0.224,0.058,0.226,0.118,0.564,0.188,0.384,0.928,0.134,0.218,0.358,0.298,0.292,0.18,0.652,0.764,0.072,0.226,0.164,0.57,0.526,0.326,0.954,0.202,0.06,0.092,0.184,0.194,0.1,0.092,0.122
15:24:00,0.524,0.31,0.558,0.726,0.102,0.228,0.112,0.49,0.132,0.224,0.058,0.226,0.118,0.564,0.188,0.384,0.928,0.134,0.218,0.358,0.298,0.292,0.18,0.652,0.764,0.072,0.226,0.164,0.57,0.526,0.326,0.954,0.202,0.06,0.092,0.184,0.194,0.1,0.092,0.122
15:25:00,0.524,0.31,0.558,0.726,0.102,0.228,0.112,0.49,0.132,0.224,0.058,0.226,0.118,0.564,0.188,0.384,0.928,0.134,0.218,0.358,0.298,0.292,0.18,0.652,0.764,0.072,0.226,0.164,0.57,0.526,0.326,0.954,0.202,0.06,0.092,0.184,0.194,0.1,0.092,0.122
15:26:00,0.524,0.31,0.558,0.726,0.102,0.228,0.112,0.49,0.132,0.224,0.058,0.226,0.118,0.564,0.188,0.384,0.928,0.134,0.218,0.358,0.298,0.292,0.18,0.652,0.764,0.072,0.226,0.164,0.57,0.526,0.326,0.954,0.202,0.06,0.092,0.184,0.194,0.1,0.092,0.122
15:27:00,0.524,0.31,0.558,0.726,0.102,0.228,0.112,0.49,0.132,0.224,0.058,0.226,0.118,0.564,0.188,0.384,0.928,0.134,0.218,0.358,0.298,0.292,0.18,0.652,0.764,0.072,0.226,0.164,0.57,0.526,0.326,0.954,0.202,0.06,0.092,0.184,0.194,0.1,0.092,0.122
15:28:00,0.524,0.31,0.558,0.726,0.102,0.228,0.112,0.49,0.132,0.224,0.058,0.226,0.118,0.564,0.188,0.384,0.928,0.134,0.218,0.358,0.298,0.292,0.18,0.652,0.764,0.072,0.226,0.164,0.57,0.526,0.326,0.954,0.202,0.06,0.092,0.184,0.194,0.1,0.092,0.122
15:29:00,0.524,0.31,0.558,0.726,0.102,0.228,0.112,0.49,0.132,0.224,0.058,0.226,0.118,0.564,0.188,0.384,0.928,0.134,0.218,0.358,0.298,0.292,0.18,0.652,0.764,0.072,0.226,0.164,0.57,0.526,0.326,0.954,0.202,0.06,0.092,0.184,0.194,0.1,0.092,0.122
15:30:00,0.472,0.316,0.236,0.224,0.1,0.174,0.112,0.612,0.144,0.154,0.5,0.246,0.594,0.262,0.188,0.33,1.422,0.192,0.166,0.292,0.19,0.778,0.152,0.522,0.572,0.132,0.428,0.162,0.202,0.31,0.27,1.948,0.19,0.048,0.08,0.042,0.172,0.102,1.392,0.118
15:31:00,0.472,0.316,0.236,0.224,0.1,0.174,0.112,0.612,0.144,0.154,0.5,0.246,0.594,0.262,0.188,0.33,1.422,0.192,0.166,0.292,0.19,0.778,0.152,0.522,0.572,0.132,0.428,0.162,0.202,0.31,0.27,1.948,0.19,0.048,0.08,0.042,0.172,0.102,1.392,0.118
15:32:00,0.472,0.316,0.236,0.224,0.1,0.174,0.112,0.612,0.144,0.154,0.5,0.246,0.594,0.262,0.188,0.33,1.422,0.192,0.166,0.292,0.19,0.778,0.152,0.522,0.572,0.132,0.428,0.162,0.202,0.31,0.27,1.948,0.19,0.048,0.08,0.042,0.172,0.102,1.392,0.118
15:33:00,0.472,0.316,0.236,0.224,0.1,0.174,0.112,0.612,0.144,0.154,0.5,0.246,0.594,0.262,0.188,0.33,1.422,0.192,0.166,0.292,0.19,0.778,0.152,0.522,0.572,0.132,0.428,0.162,0.202,0.31,0.27,1.948,0.19,0.048,0.08,0.042,0.172,0.102,1.392,0.118
15:34:00,0.472,0.316,0.236,0.224,0.1,0.174,0.112,0.612,0.144,0.154,0.5,0.246,0.594,0.262,0.188,0.33,1.422,0.192,0.166,0.292,0.19,0.778,0.152,0.522,0.572,0.132,0.428,0.162,0.202,0.31,0.27,1.948,0.19,0.048,0.08,0.042,0.172,0.102,1.392,0.118
15:35:00,0.472,0.316,0.236,0.224,0.1,0.174,0.112,0.612,0.144,0.154,0.5,0.246,0.594,0.262,0.188,0.33,1.422,0.192,0.166,0.292,0.19,0.778,0.152,0.522,0.572,0.132,0.428,0.162,0.202,0.31,0.27,1.948,0.19,0.048,0.08,0.042,0.172,0.102,1.392,0.118
15:36:00,0.472,0.316,0.236,0.224,0.1,0.174,0.112,0.612,0.144,0.154,0.5,0.246,0.594,0.262,0.188,0.33,1.422,0.192,0.166,0.292,0.19,0.778,0.152,0.522,0.572,0.132,0.428,0.162,0.202,0.31,0.27,1.948,0.19,0.048,0.08,0.042,0.172,0.102,1.392,0.118
15:37:00,0.472,0.316,0.236,0.224,0.1,0.174,0.112,0.612,0.144,0.154,0.5,0.246,0.594,0.262,0.188,0.33,1.422,0.192,0.166,0.292,0.19,0.778,0.152,0.522,0.572,0.132,0.428,0.162,0.202,0.31,0.27,1.948,0.19,0.048,0.08,0.042,0.172,0.102,1.392,0.118
15:38:00,0.472,0.316,0.236,0.224,0.1,0.174,0.112,0.612,0.144,0.154,0.5,0.246,0.594,0.262,0.188,0.33,1.422,0.192,0.166,0.292,0.19,0.778,0.152,0.522,0.572,0.132,0.428,0.162,0.202,0.31,0.27,1.948,0.19,0.048,0.08,0.042,0.172,0.102,1.392,0.118
15:39:00,0.472,0.316,0.236,0.224,0.1,0.174,0.112,0.612,0.144,0.154,0.5,0.246,0.594,0.262,0.188,0.33,1.422,0.192,0.166,0.292,0.19,0.778,0.152,0.522,0.572,0.132,0.428,0.162,0.202,0.31,0.27,1.948,0.19,0.048,0.08,0.042,0.172,0.102,1.392,0.118
15:40:00,0.472,0.316,0.236,0.224,0.1,0.174,0.112,0.612,0.144,0.154,0.5,0.246,0.594,0.262,0.188,0.33,1.422,0.192,0.166,0.292,0.19,0.778,0.152,0.522,0.572,0.132,0.428,0.162,0.202,0.31,0.27,1.948,0.19,0.048,0.08,0.042,0.172,0.102,1.392,0.118
15:41:00,0.472,0.316,0.236,0.224,0.1,0.174,0.112,0.612,0.144,0.154,0.5,0.246,0.594,0.262,0.188,0.33,1.422,0.192,0.166,0.292,0.19,0.778,0.152,0.522,0.572,0.132,0.428,0.162,0.202,0.31,0.27,1.948,0.19,0.048,0.08,0.042,0.172,0.102,1.392,0.118
15:42:00,0.472,0.316,0.236,0.224,0.1,0.174,0.112,0.612,0.144,0.154,0.5,0.246,0.594,0.262,0.188,0.33,1.422,0.192,0.166,0.292,0.19,0.778,0.152,0.522,0.572,0.132,0.428,0.162,0.202,0.31,0.27,1.948,0.19,0.048,0.08,0.042,0.172,0.102,1.392,0.118
15:43:00,0.472,0.316,0.236,0.224,0.1,0.174,0.112,0.612,0.144,0.154,0.5,0.246,0.594,0.262,0.188,0.33,1.422,0.192,0.166,0.292,0.19,0.778,0.152,0.522,0.572,0.132,0.428,0.162,0.202,0.31,0.27,1.948,0.19,0.048,0.08,0.042,0.172,0.102,1.392,0.118
15:44:00,0.472,0.316,0.236,0.224,0.1,0.174,0.112,0.612,0.144,0.154,0.5,0.246,0.594,0.262,0.188,0.33,1.422,0.192,0.166,0.292,0.19,0.778,0.152,0.522,0.572,0.132,0.428,0.162,0.202,0.31,0.27,1.948,0.19,0.048,0.08,0.042,0.172,0.102,1.392,0.118
15:45:00,0.472,0.316,0.236,0.224,0.1,0.174,0.112,0.612,0.144,0.154,0.5,0.246,0.594,0.262,0.188,0.33,1.422,0.192,0.166,0.292,0.19,0.778,0.152,0.522,0.572,0.132,0.428,0.162,0.202,0.31,0.27,1.948,0.19,0.048,0.08,0.042,0.172,0.102,1.392,0.118
15:46:00,0.472,0.316,0.236,0.224,0.1,0.174,0.112,0.612,0.144,0.154,0.5,0.246,0.594,0.262,0.188,0.33,1.422,0.192,0.166,0.292,0.19,0.778,0.152,0.522,0.572,0.132,0.428,0.162,0.202,0.31,0.27,1.948,0.19,0.048,0.08,0.042,0.172,0.102,1.392,0.118
15:47:00,0.472,0.316,0.236,0.224,0.1,0.174,0.112,0.612,0.144,0.154,0.5,0.246,0.594,0.262,0.188,0.33,1.422,0.192,0.166,0.292,0.19,0.778,0.152,0.522,0.572,0.132,0.428,0.162,0.202,0.31,0.27,1.948,0.19,0.048,0.08,0.042,0.172,0.102,1.392,0.118
15:48:00,0.472,0.316,0.236,0.224,0.1,0.174,0.112,0.612,0.144,0.154,0.5,0.246,0.594,0.262,0.188,0.33,1.422,0.192,0.166,0.292,0.19,0.778,0.152,0.522,0.572,0.132,0.428,0.162,0.202,0.31,0.27,1.948,0.19,0.048,0.08,0.042,0.172,0.102,1.392,0.118
15:49:00,0.472,0.316,0.236,0.224,0.1,0.174,0.112,0.612,0.144,0.154,0.5,0.246,0.594,0.262,0.188,0.33,1.422,0.192,0.166,0.292,0.19,0.778,0.152,0.522,0.572,0.132,0.428,0.162,0.202,0.31,0.27,1.948,0.19,0.048,0.08,0.042,0.172,0.102,1.392,0.118
15:50:00,0.472,0.316,0.236,0.224,0.1,0.174,0.112,0.612,0.144,0.154,0.5,0.246,0.594,0.262,0.188,0.33,1.422,0.192,0.166,0.292,0.19,0.778,0.152,0.522,0.572,0.132,0.428,0.162,0.202,0.31,0.27,1.948,0.19,0.048,0.08,0.042,0.172,0.102,1.392,0.118
15:51:00,0.472,0.316,0.236,0.224,0.1,0.174,0.112,0.612,0.144,0.154,0.5,0.246,0.594,0.262,0.188,0.33,1.422,0.192,0.166,0.292,0.19,0.778,0.152,0.522,0.572,0.132,0.428,0.162,0.202,0.31,0.27,1.948,0.19,0.048,0.08,0.042,0.172,0.102,1.392,0.118
15:52:00,0.472,0.316,0.236,0.224,0.1,0.174,0.112,0.612,0.144,0.154,0.5,0.246,0.594,0.262,0.188,0.33,1.422,0.192,0.166,0.292,0.19,0.778,0.152,0.522,0.572,0.132,0.428,0.162,0.202,0.31,0.27,1.948,0.19,0.048,0.08,0.042,0.172,0.102,1.392,0.118
15:53:00,0.472,0.316,0.236,0.224,0.1,0.174,0.112,0.612,0.144,0.154,0.5,0.246,0.594,0.262,0.188,0.33,1.422,0.192,0.166,0.292,0.19,0.778,0.152,0.522,0.572,0.132,0.428,0.162,0.202,0.31,0.27,1.948,0.19,0.048,0.08,0.042,0.172,0.102,1.392,0.118
15:54:00,0.472,0.316,0.236,0.224,0.1,0.174,0.112,0.612,0.144,0.154,0.5,0.246,0.594,0.262,0.188,0.33,1.422,0.192,0.166,0.292,0.19,0.778,0.152,0.522,0.572,0.132,0.428,0.162,0.202,0.31,0.27,1.948,0.19,0.048,0.08,0.042,0.172,0.102,1.392,0.118
15:55:00,0.472,0.316,0.236,0.224,0.1,0.174,0.112,0.612,0.144,0.154,0.5,0.246,0.594,0.262,0.188,0.33,1.422,0.192,0.166,0.292,0.19,0.778,0.152,0.522,0.572,0.132,0.428,0.162,0.202,0.31,0.27,1.948,0.19,0.048,0.08,0.042,0.172,0.102,1.392,0.118
15:56:00,0.472,0.316,0.236,0.224,0.1,0.174,0.112,0.612,0.144,0.154,0.5,0.246,0.594,0.262,0.188,0.33,1.422,0.192,0.166,0.292,0.19,0.778,0.152,0.522,0.572,0.132,0.428,0.162,0.202,0.31,0.27,1.948,0.19,0.048,0.08,0.042,0.172,0.102,1.392,0.118
15:57:00,0.472,0.316,0.236,0.224,0.1,0.174,0.112,0.612,0.144,0.154,0.5,0.246,0.594,0.262,0.188,0.33,1.422,0.192,0.166,0.292,0.19,0.778,0.152,0.522,0.572,0.132,0.428,0.162,0.202,0.31,0.27,1.948,0.19,0.048,0.08,0.042,0.172,0.102,1.392,0.118
15:58:00,0.472,0.316,0.236,0.224,0.1,0.174,0.112,0.612,0.144,0.154,0.5,0.246,0.594,0.262,0.188,0.33,1.422,0.192,0.166,0.292,0.19,0.778,0.152,0.522,0.572,0.132,0.428,0.162,0.202,0.31,0.27,1.948,0.19,0.048,0.08,0.042,0.172,0.102,1.392,0.118
15:59:00,0.472,0.316,0.236,0.224,0.1,0.174,0.112,0.612,0.144,0.154,0.5,0.246,0.594,0.262,0.188,0.33,1.422,0.192,0.166,0.292,0.19,0.778,0.152,0.522,0.572,0.132,0.428,0.162,0.202,0.31,0.27,1.948,0.19,0.048,0.08,0.042,0.172,0.102,1.392,0.118
16:00:00,0.246,0.874,0.188,0.088,0.102,0.206,0.144,0.534,0.134,0.13,1.186,0.166,0.582,0.172,0.196,0.278,1.338,0.186,0.346,0.206,0.148,0.948,0.314,0.472,0.652,0.068,0.44,0.17,0.48,0.502,0.254,0.616,0.286,0.05,0.048,0.264,0.248,0.09,0.646,0.176
16:01:00,0.246,0.874,0.188,0.088,0.102,0.206,0.144,0.534,0.134,0.13,1.186,0.166,0.582,0.172,0.196,0.278,1.338,0.186,0.346,0.206,0.148,0.948,0.314,0.472,0.652,0.068,0.44,0.17,0.48,0.502,0.254,0.616,0.286,0.05,0.048,0.264,0.248,0.09,0.646,0.176
16:02:00,0.246,0.874,0.188,0.088,0.102,0.206,0.144,0.534,0.134,0.13,1.186,0.166,0.582,0.172,0.196,0.278,1.338,0.186,0.346,0.206,0.148,0.948,0.314,0.472,0.652,0.068,0.44,0.17,0.48,0.502,0.254,0.616,0.286,0.05,0.048,0.264,0.248,0.09,0.646,0.176
16:03:00,0.246,0.874,0.188,0.088,0.102,0.206,0.144,0.534,0.134,0.13,1.186,0.166,0.582,0.172,0.196,0.278,1.338,0.186,0.346,0.206,0.148,0.948,0.314,0.472,0.652,0.068,0.44,0.17,0.48,0.502,0.254,0.616,0.286,0.05,0.048,0.264,0.248,0.09,0.646,0.176
16:04:00,0.246,0.874,0.188,0.088,0.102,0.206,0.144,0.534,0.134,0.13,1.186,0.166,0.582,0.172,0.196,0.278,1.338,0.186,0.346,0.206,0.148,0.948,0.314,0.472,0.652,0.068,0.44,0.17,0.48,0.502,0.254,0.616,0.286,0.05,0.048,0.264,0.248,0.09,0.646,0.176
16:05:00,0.246,0.874,0.188,0.088,0.102,0.206,0.144,0.534,0.134,0.13,1.186,0.166,0.582,0.172,0.196,0.278,1.338,0.186,0.346,0.206,0.148,0.948,0.314,0.472,0.652,0.068,0.44,0.17,0.48,0.502,0.254,0.616,0.286,0.05,0.048,0.264,0.248,0.09,0.646,0.176
16:06:00,0.246,0.874,0.188,0.088,0.102,0.206,0.144,0.534,0.134,0.13,1.186,0.166,0.582,0.172,0.196,0.278,1.338,0.186,0.346,0.206,0.148,0.948,0.314,0.472,0.652,0.068,0.44,0.17,0.48,0.502,0.254,0.616,0.286,0.05,0.048,0.264,0.248,0.09,0.646,0.176
16:07:00,0.246,0.874,0.188,0.088,0.102,0.206,0.144,0.534,0.134,0.13,1.186,0.166,0.582,0.172,0.196,0.278,1.338,0.186,0.346,0.206,0.148,0.948,0.314,0.472,0.652,0.068,0.44,0.17,0.48,0.502,0.254,0.616,0.286,0.05,0.048,0.264,0.248,0.09,0.646,0.176
16:08:00,0.246,0.874,0.188,0.088,0.102,0.206,0.144,0.534,0.134,0.13,1.186,0.166,0.582,0.172,0.196,0.278,1.338,0.186,0.346,0.206,0.148,0.948,0.314,0.472,0.652,0.068,0.44,0.17,0.48,0.502,0.254,0.616,0.286,0.05,0.048,0.264,0.248,0.09,0.646,0.176
16:09:00,0.246,0.874,0.188,0.088,0.102,0.206,0.144,0.534,0.134,0.13,1.186,0.166,0.582,0.172,0.196,0.278,1.338,0.186,0.346,0.206,0.148,0.948,0.314,0.472,0.652,0.068,0.44,0.17,0.48,0.502,0.254,0.616,0.286,0.05,0.048,0.264,0.248,0.09,0.646,0.176
16:10:00,0.246,0.874,0.188,0.088,0.102,0.206,0.144,0.534,0.134,0.13,1.186,0.166,0.582,0.172,0.196,0.278,1.338,0.186,0.346,0.206,0.148,0.948,0.314,0.472,0.652,0.068,0.44,0.17,0.48,0.502,0.254,0.616,0.286,0.05,0.048,0.264,0.248,0.09,0.646,0.176
16:11:00,0.246,0.874,0.188,0.088,0.102,0.206,0.144,0.534,0.134,0.13,1.186,0.166,0.582,0.172,0.196,0.278,1.338,0.186,0.346,0.206,0.148,0.948,0.314,0.472,0.652,0.068,0.44,0.17,0.48,0.502,0.254,0.616,0.286,0.05,0.048,0.264,0.248,0.09,0.646,0.176
16:12:00,0.246,0.874,0.188,0.088,0.102,0.206,0.144,0.534,0.134,0.13,1.186,0.166,0.582,0.172,0.196,0.278,1.338,0.186,0.346,0.206,0.148,0.948,0.314,0.472,0.652,0.068,0.44,0.17,0.48,0.502,0.254,0.616,0.286,0.05,0.048,0.264,0.248,0.09,0.646,0.176
16:13:00,0.246,0.874,0.188,0.088,0.102,0.206,0.144,0.534,0.134,0.13,1.186,0.166,0.582,0.172,0.196,0.278,1.338,0.186,0.346,0.206,0.148,0.948,0.314,0.472,0.652,0.068,0.44,0.17,0.48,0.502,0.254,0.616,0.286,0.05,0.048,0.264,0.248,0.09,0.646,0.176
16:14:00,0.246,0.874,0.188,0.088,0.102,0.206,0.144,0.534,0.134,0.13,1.186,0.166,0.582,0.172,0.196,0.278,1.338,0.186,0.346,0.206,0.148,0.948,0.314,0.472,0.652,0.068,0.44,0.17,0.48,0.502,0.254,0.616,0.286,0.05,0.048,0.264,0.248,0.09,0.646,0.176
16:15:00,0.246,0.874,0.188,0.088,0.102,0.206,0.144,0.534,0.134,0.13,1.186,0.166,0.582,0.172,0.196,0.278,1.338,0.186,0.346,0.206,0.148,0.948,0.314,0.472,0.652,0.068,0.44,0.17,0.48,0.502,0.254,0.616,0.286,0.05,0.048,0.264,0.248,0.09,0.646,0.176
16:16:00,0.246,0.874,0.188,0.088,0.102,0.206,0.144,0.534,0.134,0.13,1.186,0.166,0.582,0.172,0.196,0.278,1.338,0.186,0.346,0.206,0.148,0.948,0.314,0.472,0.652,0.068,0.44,0.17,0.48,0.502,0.254,0.616,0.286,0.05,0.048,0.264,0.248,0.09,0.646,0.176
16:17:00,0.246,0.874,0.188,0.088,0.102,0.206,0.144,0.534,0.134,0.13,1.186,0.166,0.582,0.172,0.196,0.278,1.338,0.186,0.346,0.206,0.148,0.948,0.314,0.472,0.652,0.068,0.44,0.17,0.48,0.502,0.254,0.616,0.286,0.05,0.048,0.264,0.248,0.09,0.646,0.176
16:18:00,0.246,0.874,0.188,0.088,0.102,0.206,0.144,0.534,0.134,0.13,1.186,0.166,0.582,0.172,0.196,0.278,1.338,0.186,0.346,0.206,0.148,0.948,0.314,0.472,0.652,0.068,0.44,0.17,0.48,0.502,0.254,0.616,0.286,0.05,0.048,0.264,0.248,0.09,0.646,0.176
16:19:00,0.246,0.874,0.188,0.088,0.102,0.206,0.144,0.534,0.134,0.13,1.186,0.166,0.582,0.172,0.196,0.278,1.338,0.186,0.346,0.206,0.148,0.948,0.314,0.472,0.652,0.068,0.44,0.17,0.48,0.502,0.254,0.616,0.286,0.05,0.048,0.264,0.248,0.09,0.646,0.176
16:20:00,0.246,0.874,0.188,0.088,0.102,0.206,0.144,0.534,0.134,0.13,1.186,0.166,0.582,0.172,0.196,0.278,1.338,0.186,0.346,0.206,0.148,0.948,0.314,0.472,0.652,0.068,0.44,0.17,0.48,0.502,0.254,0.616,0.286,0.05,0.048,0.264,0.248,0.09,0.646,0.176
16:21:00,0.246,0.874,0.188,0.088,0.102,0.206,0.144,0.534,0.134,0.13,1.186,0.166,0.582,0.172,0.196,0.278,1.338,0.186,0.346,0.206,0.148,0.948,0.314,0.472,0.652,0.068,0.44,0.17,0.48,0.502,0.254,0.616,0.286,0.05,0.048,0.264,0.248,0.09,0.646,0.176
16:22:00,0.246,0.874,0.188,0.088,0.102,0.206,0.144,0.534,0.134,0.13,1.186,0.166,0.582,0.172,0.196,0.278,1.338,0.186,0.346,0.206,0.148,0.948,0.314,0.472,0.652,0.068,0.44,0.17,0.48,0.502,0.254,0.616,0.286,0.05,0.048,0.264,0.248,0.09,0.646,0.176
16:23:00,0.246,0.874,0.188,0.088,0.102,0.206,0.144,0.534,0.134,0.13,1.186,0.166,0.582,0.172,0.196,0.278,1.338,0.186,0.346,0.206,0.148,0.948,0.314,0.472,0.652,0.068,0.44,0.17,0.48,0.502,0.254,0.616,0.286,0.05,0.048,0.264,0.248,0.09,0.646,0.176
16:24:00,0.246,0.874,0.188,0.088,0.102,0.206,0.144,0.534,0.134,0.13,1.186,0.166,0.582,0.172,0.196,0.278,1.338,0.186,0.346,0.206,0.148,0.948,0.314,0.472,0.652,0.068,0.44,0.17,0.48,0.502,0.254,0.616,0.286,0.05,0.048,0.264,0.248,0.09,0.646,0.176
16:25:00,0.246,0.874,0.188,0.088,0.102,0.206,0.144,0.534,0.134,0.13,1.186,0.166,0.582,0.172,0.196,0.278,1.338,0.186,0.346,0.206,0.148,0.948,0.314,0.472,0.652,0.068,0.44,0.17,0.48,0.502,0.254,0.616,0.286,0.05,0.048,0.264,0.248,0.09,0.646,0.176
16:26:00,0.246,0.874,0.188,0.088,0.102,0.206,0.144,0.534,0.134,0.13,1.186,0.166,0.582,0.172,0.196,0.278,1.338,0.186,0.346,0.206,0.148,0.948,0.314,0.472,0.652,0.068,0.44,0.17,0.48,0.502,0.254,0.616,0.286,0.05,0.048,0.264,0.248,0.09,0.646,0.176
16:27:00,0.246,0.874,0.188,0.088,0.102,0.206,0.144,0.534,0.134,0.13,1.186,0.166,0.582,0.172,0.196,0.278,1.338,0.186,0.346,0.206,0.148,0.948,0.314,0.472,0.652,0.068,0.44,0.17,0.48,0.502,0.254,0.616,0.286,0.05,0.048,0.264,0.248,0.09,0.646,0.176
16:28:00,0.246,0.874,0.188,0.088,0.102,0.206,0.144,0.534,0.134,0.13,1.186,0.166,0.582,0.172,0.196,0.278,1.338,0.186,0.346,0.206,0.148,0.948,0.314,0.472,0.652,0.068,0.44,0.17,0.48,0.502,0.254,0.616,0.286,0.05,0.048,0.264,0.248,0.09,0.646,0.176
16:29:00,0.246,0.874,0.188,0.088,0.102,0.206,0.144,0.534,0.134,0.13,1.186,0.166,0.582,0.172,0.196,0.278,1.338,0.186,0.346,0.206,0.148,0.948,0.314,0.472,0.652,0.068,0.44,0.17,0.48,0.502,0.254,0.616,0.286,0.05,0.048,0.264,0.248,0.09,0.646,0.176
16:30:00,0.28,0.352,0.426,0.252,0.1,0.504,0.372,0.334,0.114,0.194,0.66,0.134,0.508,0.49,0.13,0.324,1.384,0.072,0.314,0.316,0.692,0.374,0.222,0.458,0.518,0.206,0.41,0.27,0.322,0.352,0.288,2.03,0.238,0.092,0.728,0.142,0.18,0.076,0.452,0.312
16:31:00,0.28,0.352,0.426,0.252,0.1,0.504,0.372,0.334,0.114,0.194,0.66,0.134,0.508,0.49,0.13,0.324,1.384,0.072,0.314,0.316,0.692,0.374,0.222,0.458,0.518,0.206,0.41,0.27,0.322,0.352,0.288,2.03,0.238,0.092,0.728,0.142,0.18,0.076,0.452,0.312
16:32:00,0.28,0.352,0.426,0.252,0.1,0.504,0.372,0.334,0.114,0.194,0.66,0.134,0.508,0.49,0.13,0.324,1.384,0.072,0.314,0.316,0.692,0.374,0.222,0.458,0.518,0.206,0.41,0.27,0.322,0.352,0.288,2.03,0.238,0.092,0.728,0.142,0.18,0.076,0.452,0.312
16:33:00,0.28,0.352,0.426,0.252,0.1,0.504,0.372,0.334,0.114,0.194,0.66,0.134,0.508,0.49,0.13,0.324,1.384,0.072,0.314,0.316,0.692,0.374,0.222,0.458,0.518,0.206,0.41,0.27,0.322,0.352,0.288,2.03,0.238,0.092,0.728,0.142,0.18,0.076,0.452,0.312
16:34:00,0.28,0.352,0.426,0.252,0.1,0.504,0.372,0.334,0.114,0.194,0.66,0.134,0.508,0.49,0.13,0.324,1.384,0.072,0.314,0.316,0.692,0.374,0.222,0.458,0.518,0.206,0.41,0.27,0.322,0.352,0.288,2.03,0.238,0.092,0.728,0.142,0.18,0.076,0.452,0.312
16:35:00,0.28,0.352,0.426,0.252,0.1,0.504,0.372,0.334,0.114,0.194,0.66,0.134,0.508,0.49,0.13,0.324,1.384,0.072,0.314,0.316,0.692,0.374,0.222,0.458,0.518,0.206,0.41,0.27,0.322,0.352,0.288,2.03,0.238,0.092,0.728,0.142,0.18,0.076,0.452,0.312
16:36:00,0.28,0.352,0.426,0.252,0.1,0.504,0.372,0.334,0.114,0.194,0.66,0.134,0.508,0.49,0.13,0.324,1.384,0.072,0.314,0.316,0.692,0.374,0.222,0.458,0.518,0.206,0.41,0.27,0.322,0.352,0.288,2.03,0.238,0.092,0.728,0.142,0.18,0.076,0.452,0.312
16:37:00,0.28,0.352,0.426,0.252,0.1,0.504,0.372,0.334,0.114,0.194,0.66,0.134,0.508,0.49,0.13,0.324,1.384,0.072,0.314,0.316,0.692,0.374,0.222,0.458,0.518,0.206,0.41,0.27,0.322,0.352,0.288,2.03,0.238,0.092,0.728,0.142,0.18,0.076,0.452,0.312
16:38:00,0.28,0.352,0.426,0.252,0.1,0.504,0.372,0.334,0.114,0.194,0.66,0.134,0.508,0.49,0.13,0.324,1.384,0.072,0.314,0.316,0.692,0.374,0.222,0.458,0.518,0.206,0.41,0.27,0.322,0.352,0.288,2.03,0.238,0.092,0.728,0.142,0.18,0.076,0.452,0.312
16:39:00,0.28,0.352,0.426,0.252,0.1,0.504,0.372,0.334,0.114,0.194,0.66,0.134,0.508,0.49,0.13,0.324,1.384,0.072,0.314,0.316,0.692,0.374,0.222,0.458,0.518,0.206,0.41,0.27,0.322,0.352,0.288,2.03,0.238,0.092,0.728,0.142,0.18,0.076,0.452,0.312
16:40:00,0.28,0.352,0.426,0.252,0.1,0.504,0.372,0.334,0.114,0.194,0.66,0.134,0.508,0.49,0.13,0.324,1.384,0.072,0.314,0.316,0.692,0.374,0.222,0.458,0.518,0.206,0.41,0.27,0.322,0.352,0.288,2.03,0.238,0.092,0.728,0.142,0.18,0.076,0.452,0.312
16:41:00,0.28,0.352,0.426,0.252,0.1,0.504,0.372,0.334,0.114,0.194,0.66,0.134,0.508,0.49,0.13,0.324,1.384,0.072,0.314,0.316,0.692,0.374,0.222,0.458,0.518,0.206,0.41,0.27,0.322,0.352,0.288,2.03,0.238,0.092,0.728,0.142,0.18,0.076,0.452,0.312
16:42:00,0.28,0.352,0.426,0.252,0.1,0.504,0.372,0.334,0.114,0.194,0.66,0.134,0.508,0.49,0.13,0.324,1.384,0.072,0.314,0.316,0.692,0.374,0.222,0.458,0.518,0.206,0.41,0.27,0.322,0.352,0.288,2.03,0.238,0.092,0.728,0.142,0.18,0.076,0.452,0.312
16:43:00,0.28,0.352,0.426,0.252,0.1,0.504,0.372,0.334,0.114,0.194,0.66,0.134,0.508,0.49,0.13,0.324,1.384,0.072,0.314,0.316,0.692,0.374,0.222,0.458,0.518,0.206,0.41,0.27,0.322,0.352,0.288,2.03,0.238,0.092,0.728,0.142,0.18,0.076,0.452,0.312
16:44:00,0.28,0.352,0.426,0.252,0.1,0.504,0.372,0.334,0.114,0.194,0.66,0.134,0.508,0.49,0.13,0.324,1.384,0.072,0.314,0.316,0.692,0.374,0.222,0.458,0.518,0.206,0.41,0.27,0.322,0.352,0.288,2.03,0.238,0.092,0.728,0.142,0.18,0.076,0.452,0.312
16:45:00,0.28,0.352,0.426,0.252,0.1,0.504,0.372,0.334,0.114,0.194,0.66,0.134,0.508,0.49,0.13,0.324,1.384,0.072,0.314,0.316,0.692,0.374,0.222,0.458,0.518,0.206,0.41,0.27,0.322,0.352,0.288,2.03,0.238,0.092,0.728,0.142,0.18,0.076,0.452,0.312
16:46:00,0.28,0.352,0.426,0.252,0.1,0.504,0.372,0.334,0.114,0.194,0.66,0.134,0.508,0.49,0.13,0.324,1.384,0.072,0.314,0.316,0.692,0.374,0.222,0.458,0.518,0.206,0.41,0.27,0.322,0.352,0.288,2.03,0.238,0.092,0.728,0.142,0.18,0.076,0.452,0.312
16:47:00,0.28,0.352,0.426,0.252,0.1,0.504,0.372,0.334,0.114,0.194,0.66,0.134,0.508,0.49,0.13,0.324,1.384,0.072,0.314,0.316,0.692,0.374,0.222,0.458,0.518,0.206,0.41,0.27,0.322,0.352,0.288,2.03,0.238,0.092,0.728,0.142,0.18,0.076,0.452,0.312
16:48:00,0.28,0.352,0.426,0.252,0.1,0.504,0.372,0.334,0.114,0.194,0.66,0.134,0.508,0.49,0.13,0.324,1.384,0.072,0.314,0.316,0.692,0.374,0.222,0.458,0.518,0.206,0.41,0.27,0.322,0.352,0.288,2.03,0.238,0.092,0.728,0.142,0.18,0.076,0.452,0.312
16:49:00,0.28,0.352,0.426,0.252,0.1,0.504,0.372,0.334,0.114,0.194,0.66,0.134,0.508,0.49,0.13,0.324,1.384,0.072,0.314,0.316,0.692,0.374,0.222,0.458,0.518,0.206,0.41,0.27,0.322,0.352,0.288,2.03,0.238,0.092,0.728,0.142,0.18,0.076,0.452,0.312
16:50:00,0.28,0.352,0.426,0.252,0.1,0.504,0.372,0.334,0.114,0.194,0.66,0.134,0.508,0.49,0.13,0.324,1.384,0.072,0.314,0.316,0.692,0.374,0.222,0.458,0.518,0.206,0.41,0.27,0.322,0.352,0.288,2.03,0.238,0.092,0.728,0.142,0.18,0.076,0.452,0.312
16:51:00,0.28,0.352,0.426,0.252,0.1,0.504,0.372,0.334,0.114,0.194,0.66,0.134,0.508,0.49,0.13,0.324,1.384,0.072,0.314,0.316,0.692,0.374,0.222,0.458,0.518,0.206,0.41,0.27,0.322,0.352,0.288,2.03,0.238,0.092,0.728,0.142,0.18,0.076,0.452,0.312
16:52:00,0.28,0.352,0.426,0.252,0.1,0.504,0.372,0.334,0.114,0.194,0.66,0.134,0.508,0.49,0.13,0.324,1.384,0.072,0.314,0.316,0.692,0.374,0.222,0.458,0.518,0.206,0.41,0.27,0.322,0.352,0.288,2.03,0.238,0.092,0.728,0.142,0.18,0.076,0.452,0.312
16:53:00,0.28,0.352,0.426,0.252,0.1,0.504,0.372,0.334,0.114,0.194,0.66,0.134,0.508,0.49,0.13,0.324,1.384,0.072,0.314,0.316,0.692,0.374,0.222,0.458,0.518,0.206,0.41,0.27,0.322,0.352,0.288,2.03,0.238,0.092,0.728,0.142,0.18,0.076,0.452,0.312
16:54:00,0.28,0.352,0.426,0.252,0.1,0.504,0.372,0.334,0.114,0.194,0.66,0.134,0.508,0.49,0.13,0.324,1.384,0.072,0.314,0.316,0.692,0.374,0.222,0.458,0.518,0.206,0.41,0.27,0.322,0.352,0.288,2.03,0.238,0.092,0.728,0.142,0.18,0.076,0.452,0.312
16:55:00,0.28,0.352,0.426,0.252,0.1,0.504,0.372,0.334,0.114,0.194,0.66,0.134,0.508,0.49,0.13,0.324,1.384,0.072,0.314,0.316,0.692,0.374,0.222,0.458,0.518,0.206,0.41,0.27,0.322,0.352,0.288,2.03,0.238,0.092,0.728,0.142,0.18,0.076,0.452,0.312
16:56:00,0.28,0.352,0.426,0.252,0.1,0.504,0.372,0.334,0.114,0.194,0.66,0.134,0.508,0.49,0.13,0.324,1.384,0.072,0.314,0.316,0.692,0.374,0.222,0.458,0.518,0.206,0.41,0.27,0.322,0.352,0.288,2.03,0.238,0.092,0.728,0.142,0.18,0.076,0.452,0.312
16:57:00,0.28,0.352,0.426,0.252,0.1,0.504,0.372,0.334,0.114,0.194,0.66,0.134,0.508,0.49,0.13,0.324,1.384,0.072,0.314,0.316,0.692,0.374,0.222,0.458,0.518,0.206,0.41,0.27,0.322,0.352,0.288,2.03,0.238,0.092,0.728,0.142,0.18,0.076,0.452,0.312
16:58:00,0.28,0.352,0.426,0.252,0.1,0.504,0.372,0.334,0.114,0.194,0.66,0.134,0.508,0.49,0.13,0.324,1.384,0.072,0.314,0.316,0.692,0.374,0.222,0.458,0.518,0.206,0.41,0.27,0.322,0.352,0.288,2.03,0.238,0.092,0.728,0.142,0.18,0.076,0.452,0.312
16:59:00,0.28,0.352,0.426,0.252,0.1,0.504,0.372,0.334,0.114,0.194,0.66,0.134,0.508,0.49,0.13,0.324,1.384,0.072,0.314,0.316,0.692,0.374,0.222,0.458,0.518,0.206,0.41,0.27,0.322,0.352,0.288,2.03,0.238,0.092,0.728,0.142,0.18,0.076,0.452,0.312
17:00:00,0.288,0.17,0.376,0.278,0.096,0.542,0.604,1.266,0.196,0.45,0.578,0.104,0.184,0.254,0.19,0.444,0.786,0.176,1.744,0.9,0.476,1.184,0.266,0.352,0.506,0.182,0.5,0.34,0.846,0.338,1.244,0.242,0.24,0.122,0.858,0.288,0.22,0.098,0.442,0.334
17:01:00,0.288,0.17,0.376,0.278,0.096,0.542,0.604,1.266,0.196,0.45,0.578,0.104,0.184,0.254,0.19,0.444,0.786,0.176,1.744,0.9,0.476,1.184,0.266,0.352,0.506,0.182,0.5,0.34,0.846,0.338,1.244,0.242,0.24,0.122,0.858,0.288,0.22,0.098,0.442,0.334
17:02:00,0.288,0.17,0.376,0.278,0.096,0.542,0.604,1.266,0.196,0.45,0.578,0.104,0.184,0.254,0.19,0.444,0.786,0.176,1.744,0.9,0.476,1.184,0.266,0.352,0.506,0.182,0.5,0.34,0.846,0.338,1.244,0.242,0.24,0.122,0.858,0.288,0.22,0.098,0.442,0.334
17:03:00,0.288,0.17,0.376,0.278,0.096,0.542,0.604,1.266,0.196,0.45,0.578,0.104,0.184,0.254,0.19,0.444,0.786,0.176,1.744,0.9,0.476,1.184,0.266,0.352,0.506,0.182,0.5,0.34,0.846,0.338,1.244,0.242,0.24,0.122,0.858,0.288,0.22,0.098,0.442,0.334
17:04:00,0.288,0.17,0.376,0.278,0.096,0.542,0.604,1.266,0.196,0.45,0.578,0.104,0.184,0.254,0.19,0.444,0.786,0.176,1.744,0.9,0.476,1.184,0.266,0.352,0.506,0.182,0.5,0.34,0.846,0.338,1.244,0.242,0.24,0.122,0.858,0.288,0.22,0.098,0.442,0.334
17:05:00,0.288,0.17,0.376,0.278,0.096,0.542,0.604,1.266,0.196,0.45,0.578,0.104,0.184,0.254,0.19,0.444,0.786,0.176,1.744,0.9,0.476,1.184,0.266,0.352,0.506,0.182,0.5,0.34,0.846,0.338,1.244,0.242,0.24,0.122,0.858,0.288,0.22,0.098,0.442,0.334
17:06:00,0.288,0.17,0.376,0.278,0.096,0.542,0.604,1.266,0.196,0.45,0.578,0.104,0.184,0.254,0.19,0.444,0.786,0.176,1.744,0.9,0.476,1.184,0.266,0.352,0.506,0.182,0.5,0.34,0.846,0.338,1.244,0.242,0.24,0.122,0.858,0.288,0.22,0.098,0.442,0.334
17:07:00,0.288,0.17,0.376,0.278,0.096,0.542,0.604,1.266,0.196,0.45,0.578,0.104,0.184,0.254,0.19,0.444,0.786,0.176,1.744,0.9,0.476,1.184,0.266,0.352,0.506,0.182,0.5,0.34,0.846,0.338,1.244,0.242,0.24,0.122,0.858,0.288,0.22,0.098,0.442,0.334
17:08:00,0.288,0.17,0.376,0.278,0.096,0.542,0.604,1.266,0.196,0.45,0.578,0.104,0.184,0.254,0.19,0.444,0.786,0.176,1.744,0.9,0.476,1.184,0.266,0.352,0.506,0.182,0.5,0.34,0.846,0.338,1.244,0.242,0.24,0.122,0.858,0.288,0.22,0.098,0.442,0.334
17:09:00,0.288,0.17,0.376,0.278,0.096,0.542,0.604,1.266,0.196,0.45,0.578,0.104,0.184,0.254,0.19,0.444,0.786,0.176,1.744,0.9,0.476,1.184,0.266,0.352,0.506,0.182,0.5,0.34,0.846,0.338,1.244,0.242,0.24,0.122,0.858,0.288,0.22,0.098,0.442,0.334
17:10:00,0.288,0.17,0.376,0.278,0.096,0.542,0.604,1.266,0.196,0.45,0.578,0.104,0.184,0.254,0.19,0.444,0.786,0.176,1.744,0.9,0.476,1.184,0.266,0.352,0.506,0.182,0.5,0.34,0.846,0.338,1.244,0.242,0.24,0.122,0.858,0.288,0.22,0.098,0.442,0.334
17:11:00,0.288,0.17,0.376,0.278,0.096,0.542,0.604,1.266,0.196,0.45,0.578,0.104,0.184,0.254,0.19,0.444,0.786,0.176,1.744,0.9,0.476,1.184,0.266,0.352,0.506,0.182,0.5,0.34,0.846,0.338,1.244,0.242,0.24,0.122,0.858,0.288,0.22,0.098,0.442,0.334
17:12:00,0.288,0.17,0.376,0.278,0.096,0.542,0.604,1.266,0.196,0.45,0.578,0.104,0.184,0.254,0.19,0.444,0.786,0.176,1.744,0.9,0.476,1.184,0.266,0.352,0.506,0.182,0.5,0.34,0.846,0.338,1.244,0.242,0.24,0.122,0.858,0.288,0.22,0.098,0.442,0.334
17:13:00,0.288,0.17,0.376,0.278,0.096,0.542,0.604,1.266,0.196,0.45,0.578,0.104,0.184,0.254,0.19,0.444,0.786,0.176,1.744,0.9,0.476,1.184,0.266,0.352,0.506,0.182,0.5,0.34,0.846,0.338,1.244,0.242,0.24,0.122,0.858,0.288,0.22,0.098,0.442,0.334
17:14:00,0.288,0.17,0.376,0.278,0.096,0.542,0.604,1.266,0.196,0.45,0.578,0.104,0.184,0.254,0.19,0.444,0.786,0.176,1.744,0.9,0.476,1.184,0.266,0.352,0.506,0.182,0.5,0.34,0.846,0.338,1.244,0.242,0.24,0.122,0.858,0.288,0.22,0.098,0.442,0.334
17:15:00,0.288,0.17,0.376,0.278,0.096,0.542,0.604,1.266,0.196,0.45,0.578,0.104,0.184,0.254,0.19,0.444,0.786,0.176,1.744,0.9,0.476,1.184,0.266,0.352,0.506,0.182,0.5,0.34,0.846,0.338,1.244,0.242,0.24,0.122,0.858,0.288,0.22,0.098,0.442,0.334
17:16:00,0.288,0.17,0.376,0.278,0.096,0.542,0.604,1.266,0.196,0.45,0.578,0.104,0.184,0.254,0.19,0.444,0.786,0.176,1.744,0.9,0.476,1.184,0.266,0.352,0.506,0.182,0.5,0.34,0.846,0.338,1.244,0.242,0.24,0.122,0.858,0.288,0.22,0.098,0.442,0.334
17:17:00,0.288,0.17,0.376,0.278,0.096,0.542,0.604,1.266,0.196,0.45,0.578,0.104,0.184,0.254,0.19,0.444,0.786,0.176,1.744,0.9,0.476,1.184,0.266,0.352,0.506,0.182,0.5,0.34,0.846,0.338,1.244,0.242,0.24,0.122,0.858,0.288,0.22,0.098,0.442,0.334
17:18:00,0.288,0.17,0.376,0.278,0.096,0.542,0.604,1.266,0.196,0.45,0.578,0.104,0.184,0.254,0.19,0.444,0.786,0.176,1.744,0.9,0.476,1.184,0.266,0.352,0.506,0.182,0.5,0.34,0.846,0.338,1.244,0.242,0.24,0.122,0.858,0.288,0.22,0.098,0.442,0.334
17:19:00,0.288,0.17,0.376,0.278,0.096,0.542,0.604,1.266,0.196,0.45,0.578,0.104,0.184,0.254,0.19,0.444,0.786,0.176,1.744,0.9,0.476,1.184,0.266,0.352,0.506,0.182,0.5,0.34,0.846,0.338,1.244,0.242,0.24,0.122,0.858,0.288,0.22,0.098,0.442,0.334
17:20:00,0.288,0.17,0.376,0.278,0.096,0.542,0.604,1.266,0.196,0.45,0.578,0.104,0.184,0.254,0.19,0.444,0.786,0.176,1.744,0.9,0.476,1.184,0.266,0.352,0.506,0.182,0.5,0.34,0.846,0.338,1.244,0.242,0.24,0.122,0.858,0.288,0.22,0.098,0.442,0.334
17:21:00,0.288,0.17,0.376,0.278,0.096,0.542,0.604,1.266,0.196,0.45,0.578,0.104,0.184,0.254,0.19,0.444,0.786,0.176,1.744,0.9,0.476,1.184,0.266,0.352,0.506,0.182,0.5,0.34,0.846,0.338,1.244,0.242,0.24,0.122,0.858,0.288,0.22,0.098,0.442,0.334
17:22:00,0.288,0.17,0.376,0.278,0.096,0.542,0.604,1.266,0.196,0.45,0.578,0.104,0.184,0.254,0.19,0.444,0.786,0.176,1.744,0.9,0.476,1.184,0.266,0.352,0.506,0.182,0.5,0.34,0.846,0.338,1.244,0.242,0.24,0.122,0.858,0.288,0.22,0.098,0.442,0.334
17:23:00,0.288,0.17,0.376,0.278,0.096,0.542,0.604,1.266,0.196,0.45,0.578,0.104,0.184,0.254,0.19,0.444,0.786,0.176,1.744,0.9,0.476,1.184,0.266,0.352,0.506,0.182,0.5,0.34,0.846,0.338,1.244,0.242,0.24,0.122,0.858,0.288,0.22,0.098,0.442,0.334
17:24:00,0.288,0.17,0.376,0.278,0.096,0.542,0.604,1.266,0.196,0.45,0.578,0.104,0.184,0.254,0.19,0.444,0.786,0.176,1.744,0.9,0.476,1.184,0.266,0.352,0.506,0.182,0.5,0.34,0.846,0.338,1.244,0.242,0.24,0.122,0.858,0.288,0.22,0.098,0.442,0.334
17:25:00,0.288,0.17,0.376,0.278,0.096,0.542,0.604,1.266,0.196,0.45,0.578,0.104,0.184,0.254,0.19,0.444,0.786,0.176,1.744,0.9,0.476,1.184,0.266,0.352,0.506,0.182,0.5,0.34,0.846,0.338,1.244,0.242,0.24,0.122,0.858,0.288,0.22,0.098,0.442,0.334
17:26:00,0.288,0.17,0.376,0.278,0.096,0.542,0.604,1.266,0.196,0.45,0.578,0.104,0.184,0.254,0.19,0.444,0.786,0.176,1.744,0.9,0.476,1.184,0.266,0.352,0.506,0.182,0.5,0.34,0.846,0.338,1.244,0.242,0.24,0.122,0.858,0.288,0.22,0.098,0.442,0.334
17:27:00,0.288,0.17,0.376,0.278,0.096,0.542,0.604,1.266,0.196,0.45,0.578,0.104,0.184,0.254,0.19,0.444,0.786,0.176,1.744,0.9,0.476,1.184,0.266,0.352,0.506,0.182,0.5,0.34,0.846,0.338,1.244,0.242,0.24,0.122,0.858,0.288,0.22,0.098,0.442,0.334
17:28:00,0.288,0.17,0.376,0.278,0.096,0.542,0.604,1.266,0.196,0.45,0.578,0.104,0.184,0.254,0.19,0.444,0.786,0.176,1.744,0.9,0.476,1.184,0.266,0.352,0.506,0.182,0.5,0.34,0.846,0.338,1.244,0.242,0.24,0.122,0.858,0.288,0.22,0.098,0.442,0.334
17:29:00,0.288,0.17,0.376,0.278,0.096,0.542,0.604,1.266,0.196,0.45,0.578,0.104,0.184,0.254,0.19,0.444,0.786,0.176,1.744,0.9,0.476,1.184,0.266,0.352,0.506,0.182,0.5,0.34,0.846,0.338,1.244,0.242,0.24,0.122,0.858,0.288,0.22,0.098,0.442,0.334
17:30:00,0.284,0.1,0.47,0.184,0.096,0.634,0.492,0.34,0.624,0.284,0.448,0.17,0.174,0.136,0.204,0.556,0.322,0.458,1.512,0.746,0.462,0.106,0.282,0.298,0.544,0.158,0.278,0.336,1.256,0.216,0.77,0.016,0.286,0.268,0.488,0.276,0.158,0.096,0.78,0.256
17:31:00,0.284,0.1,0.47,0.184,0.096,0.634,0.492,0.34,0.624,0.284,0.448,0.17,0.174,0.136,0.204,0.556,0.322,0.458,1.512,0.746,0.462,0.106,0.282,0.298,0.544,0.158,0.278,0.336,1.256,0.216,0.77,0.016,0.286,0.268,0.488,0.276,0.158,0.096,0.78,0.256
17:32:00,0.284,0.1,0.47,0.184,0.096,0.634,0.492,0.34,0.624,0.284,0.448,0.17,0.174,0.136,0.204,0.556,0.322,0.458,1.512,0.746,0.462,0.106,0.282,0.298,0.544,0.158,0.278,0.336,1.256,0.216,0.77,0.016,0.286,0.268,0.488,0.276,0.158,0.096,0.78,0.256
17:33:00,0.284,0.1,0.47,0.184,0.096,0.634,0.492,0.34,0.624,0.284,0.448,0.17,0.174,0.136,0.204,0.556,0.322,0.458,1.512,0.746,0.462,0.106,0.282,0.298,0.544,0.158,0.278,0.336,1.256,0.216,0.77,0.016,0.286,0.268,0.488,0.276,0.158,0.096,0.78,0.256
17:34:00,0.284,0.1,0.47,0.184,0.096,0.634,0.492,0.34,0.624,0.284,0.448,0.17,0.174,0.136,0.204,0.556,0.322,0.458,1.512,0.746,0.462,0.106,0.282,0.298,0.544,0.158,0.278,0.336,1.256,0.216,0.77,0.016,0.286,0.268,0.488,0.276,0.158,0.096,0.78,0.256
17:35:00,0.284,0.1,0.47,0.184,0.096,0.634,0.492,0.34,0.624,0.284,0.448,0.17,0.174,0.136,0.204,0.556,0.322,0.458,1.512,0.746,0.462,0.106,0.282,0.298,0.544,0.158,0.278,0.336,1.256,0.216,0.77,0.016,0.286,0.268,0.488,0.276,0.158,0.096,0.78,0.256
17:36:00,0.284,0.1,0.47,0.184,0.096,0.634,0.492,0.34,0.624,0.284,0.448,0.17,0.174,0.136,0.204,0.556,0.322,0.458,1.512,0.746,0.462,0.106,0.282,0.298,0.544,0.158,0.278,0.336,1.256,0.216,0.77,0.016,0.286,0.268,0.488,0.276,0.158,0.096,0.78,0.256
17:37:00,0.284,0.1,0.47,0.184,0.096,0.634,0.492,0.34,0.624,0.284,0.448,0.17,0.174,0.136,0.204,0.556,0.322,0.458,1.512,0.746,0.462,0.106,0.282,0.298,0.544,0.158,0.278,0.336,1.256,0.216,0.77,0.016,0.286,0.268,0.488,0.276,0.158,0.096,0.78,0.256
17:38:00,0.284,0.1,0.47,0.184,0.096,0.634,0.492,0.34,0.624,0.284,0.448,0.17,0.174,0.136,0.204,0.556,0.322,0.458,1.512,0.746,0.462,0.106,0.282,0.298,0.544,0.158,0.278,0.336,1.256,0.216,0.77,0.016,0.286,0.268,0.488,0.276,0.158,0.096,0.78,0.256
17:39:00,0.284,0.1,0.47,0.184,0.096,0.634,0.492,0.34,0.624,0.284,0.448,0.17,0.174,0.136,0.204,0.556,0.322,0.458,1.512,0.746,0.462,0.106,0.282,0.298,0.544,0.158,0.278,0.336,1.256,0.216,0.77,0.016,0.286,0.268,0.488,0.276,0.158,0.096,0.78,0.256
17:40:00,0.284,0.1,0.47,0.184,0.096,0.634,0.492,0.34,0.624,0.284,0.448,0.17,0.174,0.136,0.204,0.556,0.322,0.458,1.512,0.746,0.462,0.106,0.282,0.298,0.544,0.158,0.278,0.336,1.256,0.216,0.77,0.016,0.286,0.268,0.488,0.276,0.158,0.096,0.78,0.256
17:41:00,0.284,0.1,0.47,0.184,0.096,0.634,0.492,0.34,0.624,0.284,0.448,0.17,0.174,0.136,0.204,0.556,0.322,0.458,1.512,0.746,0.462,0.106,0.282,0.298,0.544,0.158,0.278,0.336,1.256,0.216,0.77,0.016,0.286,0.268,0.488,0.276,0.158,0.096,0.78,0.256
17:42:00,0.284,0.1,0.47,0.184,0.096,0.634,0.492,0.34,0.624,0.284,0.448,0.17,0.174,0.136,0.204,0.556,0.322,0.458,1.512,0.746,0.462,0.106,0.282,0.298,0.544,0.158,0.278,0.336,1.256,0.216,0.77,0.016,0.286,0.268,0.488,0.276,0.158,0.096,0.78,0.256
17:43:00,0.284,0.1,0.47,0.184,0.096,0.634,0.492,0.34,0.624,0.284,0.448,0.17,0.174,0.136,0.204,0.556,0.322,0.458,1.512,0.746,0.462,0.106,0.282,0.298,0.544,0.158,0.278,0.336,1.256,0.216,0.77,0.016,0.286,0.268,0.488,0.276,0.158,0.096,0.78,0.256
17:44:00,0.284,0.1,0.47,0.184,0.096,0.634,0.492,0.34,0.624,0.284,0.448,0.17,0.174,0.136,0.204,0.556,0.322,0.458,1.512,0.746,0.462,0.106,0.282,0.298,0.544,0.158,0.278,0.336,1.256,0.216,0.77,0.016,0.286,0.268,0.488,0.276,0.158,0.096,0.78,0.256
17:45:00,0.284,0.1,0.47,0.184,0.096,0.634,0.492,0.34,0.624,0.284,0.448,0.17,0.174,0.136,0.204,0.556,0.322,0.458,1.512,0.746,0.462,0.106,0.282,0.298,0.544,0.158,0.278,0.336,1.256,0.216,0.77,0.016,0.286,0.268,0.488,0.276,0.158,0.096,0.78,0.256
17:46:00,0.284,0.1,0.47,0.184,0.096,0.634,0.492,0.34,0.624,0.284,0.448,0.17,0.174,0.136,0.204,0.556,0.322,0.458,1.512,0.746,0.462,0.106,0.282,0.298,0.544,0.158,0.278,0.336,1.256,0.216,0.77,0.016,0.286,0.268,0.488,0.276,0.158,0.096,0.78,0.256
17:47:00,0.284,0.1,0.47,0.184,0.096,0.634,0.492,0.34,0.624,0.284,0.448,0.17,0.174,0.136,0.204,0.556,0.322,0.458,1.512,0.746,0.462,0.106,0.282,0.298,0.544,0.158,0.278,0.336,1.256,0.216,0.77,0.016,0.286,0.268,0.488,0.276,0.158,0.096,0.78,0.256
17:48:00,0.284,0.1,0.47,0.184,0.096,0.634,0.492,0.34,0.624,0.284,0.448,0.17,0.174,0.136,0.204,0.556,0.322,0.458,1.512,0.746,0.462,0.106,0.282,0.298,0.544,0.158,0.278,0.336,1.256,0.216,0.77,0.016,0.286,0.268,0.488,0.276,0.158,0.096,0.78,0.256
17:49:00,0.284,0.1,0.47,0.184,0.096,0.634,0.492,0.34,0.624,0.284,0.448,0.17,0.174,0.136,0.204,0.556,0.322,0.458,1.512,0.746,0.462,0.106,0.282,0.298,0.544,0.158,0.278,0.336,1.256,0.216,0.77,0.016,0.286,0.268,0.488,0.276,0.158,0.096,0.78,0.256
17:50:00,0.284,0.1,0.47,0.184,0.096,0.634,0.492,0.34,0.624,0.284,0.448,0.17,0.174,0.136,0.204,0.556,0.322,0.458,1.512,0.746,0.462,0.106,0.282,0.298,0.544,0.158,0.278,0.336,1.256,0.216,0.77,0.016,0.286,0.268,0.488,0.276,0.158,0.096,0.78,0.256
17:51:00,0.284,0.1,0.47,0.184,0.096,0.634,0.492,0.34,0.624,0.284,0.448,0.17,0.174,0.136,0.204,0.556,0.322,0.458,1.512,0.746,0.462,0.106,0.282,0.298,0.544,0.158,0.278,0.336,1.256,0.216,0.77,0.016,0.286,0.268,0.488,0.276,0.158,0.096,0.78,0.256
17:52:00,0.284,0.1,0.47,0.184,0.096,0.634,0.492,0.34,0.624,0.284,0.448,0.17,0.174,0.136,0.204,0.556,0.322,0.458,1.512,0.746,0.462,0.106,0.282,0.298,0.544,0.158,0.278,0.336,1.256,0.216,0.77,0.016,0.286,0.268,0.488,0.276,0.158,0.096,0.78,0.256
17:53:00,0.284,0.1,0.47,0.184,0.096,0.634,0.492,0.34,0.624,0.284,0.448,0.17,0.174,0.136,0.204,0.556,0.322,0.458,1.512,0.746,0.462,0.106,0.282,0.298,0.544,0.158,0.278,0.336,1.256,0.216,0.77,0.016,0.286,0.268,0.488,0.276,0.158,0.096,0.78,0.256
17:54:00,0.284,0.1,0.47,0.184,0.096,0.634,0.492,0.34,0.624,0.284,0.448,0.17,0.174,0.136,0.204,0.556,0.322,0.458,1.512,0.746,0.462,0.106,0.282,0.298,0.544,0.158,0.278,0.336,1.256,0.216,0.77,0.016,0.286,0.268,0.488,0.276,0.158,0.096,0.78,0.256
17:55:00,0.284,0.1,0.47,0.184,0.096,0.634,0.492,0.34,0.624,0.284,0.448,0.17,0.174,0.136,0.204,0.556,0.322,0.458,1.512,0.746,0.462,0.106,0.282,0.298,0.544,0.158,0.278,0.336,1.256,0.216,0.77,0.016,0.286,0.268,0.488,0.276,0.158,0.096,0.78,0.256
17:56:00,0.284,0.1,0.47,0.184,0.096,0.634,0.492,0.34,0.624,0.284,0.448,0.17,0.174,0.136,0.204,0.556,0.322,0.458,1.512,0.746,0.462,0.106,0.282,0.298,0.544,0.158,0.278,0.336,1.256,0.216,0.77,0.016,0.286,0.268,0.488,0.276,0.158,0.096,0.78,0.256
17:57:00,0.284,0.1,0.47,0.184,0.096,0.634,0.492,0.34,0.624,0.284,0.448,0.17,0.174,0.136,0.204,0.556,0.322,0.458,1.512,0.746,0.462,0.106,0.282,0.298,0.544,0.158,0.278,0.336,1.256,0.216,0.77,0.016,0.286,0.268,0.488,0.276,0.158,0.096,0.78,0.256
17:58:00,0.284,0.1,0.47,0.184,0.096,0.634,0.492,0.34,0.624,0.284,0.448,0.17,0.174,0.136,0.204,0.556,0.322,0.458,1.512,0.746,0.462,0.106,0.282,0.298,0.544,0.158,0.278,0.336,1.256,0.216,0.77,0.016,0.286,0.268,0.488,0.276,0.158,0.096,0.78,0.256
17:59:00,0.284,0.1,0.47,0.184,0.096,0.634,0.492,0.34,0.624,0.284,0.448,0.17,0.174,0.136,0.204,0.556,0.322,0.458,1.512,0.746,0.462,0.106,0.282,0.298,0.544,0.158,0.278,0.336,1.256,0.216,0.77,0.016,0.286,0.268,0.488,0.276,0.158,0.096,0.78,0.256
18:00:00,0.256,0.066,0.668,0.272,0.094,0.682,0.556,0.502,0.28,0.246,0.348,0.282,0.272,0.072,0.188,0.412,0.284,0.348,1.14,0.538,0.386,0.116,0.526,0.386,0.478,0.1,0.34,0.392,0.668,0.364,0.734,0.124,0.47,0.428,0.392,0.23,0.238,0.096,0.308,0.124
18:01:00,0.256,0.066,0.668,0.272,0.094,0.682,0.556,0.502,0.28,0.246,0.348,0.282,0.272,0.072,0.188,0.412,0.284,0.348,1.14,0.538,0.386,0.116,0.526,0.386,0.478,0.1,0.34,0.392,0.668,0.364,0.734,0.124,0.47,0.428,0.392,0.23,0.238,0.096,0.308,0.124
18:02:00,0.256,0.066,0.668,0.272,0.094,0.682,0.556,0.502,0.28,0.246,0.348,0.282,0.272,0.072,0.188,0.412,0.284,0.348,1.14,0.538,0.386,0.116,0.526,0.386,0.478,0.1,0.34,0.392,0.668,0.364,0.734,0.124,0.47,0.428,0.392,0.23,0.238,0.096,0.308,0.124
18:03:00,0.256,0.066,0.668,0.272,0.094,0.682,0.556,0.502,0.28,0.246,0.348,0.282,0.272,0.072,0.188,0.412,0.284,0.348,1.14,0.538,0.386,0.116,0.526,0.386,0.478,0.1,0.34,0.392,0.668,0.364,0.734,0.124,0.47,0.428,0.392,0.23,0.238,0.096,0.308,0.124
18:04:00,0.256,0.066,0.668,0.272,0.094,0.682,0.556,0.502,0.28,0.246,0.348,0.282,0.272,0.072,0.188,0.412,0.284,0.348,1.14,0.538,0.386,0.116,0.526,0.386,0.478,0.1,0.34,0.392,0.668,0.364,0.734,0.124,0.47,0.428,0.392,0.23,0.238,0.096,0.308,0.124
18:05:00,0.256,0.066,0.668,0.272,0.094,0.682,0.556,0.502,0.28,0.246,0.348,0.282,0.272,0.072,0.188,0.412,0.284,0.348,1.14,0.538,0.386,0.116,0.526,0.386,0.478,0.1,0.34,0.392,0.668,0.364,0.734,0.124,0.47,0.428,0.392,0.23,0.238,0.096,0.308,0.124
18:06:00,0.256,0.066,0.668,0.272,0.094,0.682,0.556,0.502,0.28,0.246,0.348,0.282,0.272,0.072,0.188,0.412,0.284,0.348,1.14,0.538,0.386,0.116,0.526,0.386,0.478,0.1,0.34,0.392,0.668,0.364,0.734,0.124,0.47,0.428,0.392,0.23,0.238,0.096,0.308,0.124
18:07:00,0.256,0.066,0.668,0.272,0.094,0.682,0.556,0.502,0.28,0.246,0.348,0.282,0.272,0.072,0.188,0.412,0.284,0.348,1.14,0.538,0.386,0.116,0.526,0.386,0.478,0.1,0.34,0.392,0.668,0.364,0.734,0.124,0.47,0.428,0.392,0.23,0.238,0.096,0.308,0.124
18:08:00,0.256,0.066,0.668,0.272,0.094,0.682,0.556,0.502,0.28,0.246,0.348,0.282,0.272,0.072,0.188,0.412,0.284,0.348,1.14,0.538,0.386,0.116,0.526,0.386,0.478,0.1,0.34,0.392,0.668,0.364,0.734,0.124,0.47,0.428,0.392,0.23,0.238,0.096,0.308,0.124
18:09:00,0.256,0.066,0.668,0.272,0.094,0.682,0.556,0.502,0.28,0.246,0.348,0.282,0.272,0.072,0.188,0.412,0.284,0.348,1.14,0.538,0.386,0.116,0.526,0.386,0.478,0.1,0.34,0.392,0.668,0.364,0.734,0.124,0.47,0.428,0.392,0.23,0.238,0.096,0.308,0.124
18:10:00,0.256,0.066,0.668,0.272,0.094,0.682,0.556,0.502,0.28,0.246,0.348,0.282,0.272,0.072,0.188,0.412,0.284,0.348,1.14,0.538,0.386,0.116,0.526,0.386,0.478,0.1,0.34,0.392,0.668,0.364,0.734,0.124,0.47,0.428,0.392,0.23,0.238,0.096,0.308,0.124
18:11:00,0.256,0.066,0.668,0.272,0.094,0.682,0.556,0.502,0.28,0.246,0.348,0.282,0.272,0.072,0.188,0.412,0.284,0.348,1.14,0.538,0.386,0.116,0.526,0.386,0.478,0.1,0.34,0.392,0.668,0.364,0.734,0.124,0.47,0.428,0.392,0.23,0.238,0.096,0.308,0.124
18:12:00,0.256,0.066,0.668,0.272,0.094,0.682,0.556,0.502,0.28,0.246,0.348,0.282,0.272,0.072,0.188,0.412,0.284,0.348,1.14,0.538,0.386,0.116,0.526,0.386,0.478,0.1,0.34,0.392,0.668,0.364,0.734,0.124,0.47,0.428,0.392,0.23,0.238,0.096,0.308,0.124
18:13:00,0.256,0.066,0.668,0.272,0.094,0.682,0.556,0.502,0.28,0.246,0.348,0.282,0.272,0.072,0.188,0.412,0.284,0.348,1.14,0.538,0.386,0.116,0.526,0.386,0.478,0.1,0.34,0.392,0.668,0.364,0.734,0.124,0.47,0.428,0.392,0.23,0.238,0.096,0.308,0.124
18:14:00,0.256,0.066,0.668,0.272,0.094,0.682,0.556,0.502,0.28,0.246,0.348,0.282,0.272,0.072,0.188,0.412,0.284,0.348,1.14,0.538,0.386,0.116,0.526,0.386,0.478,0.1,0.34,0.392,0.668,0.364,0.734,0.124,0.47,0.428,0.392,0.23,0.238,0.096,0.308,0.124
18:15:00,0.256,0.066,0.668,0.272,0.094,0.682,0.556,0.502,0.28,0.246,0.348,0.282,0.272,0.072,0.188,0.412,0.284,0.348,1.14,0.538,0.386,0.116,0.526,0.386,0.478,0.1,0.34,0.392,0.668,0.364,0.734,0.124,0.47,0.428,0.392,0.23,0.238,0.096,0.308,0.124
18:16:00,0.256,0.066,0.668,0.272,0.094,0.682,0.556,0.502,0.28,0.246,0.348,0.282,0.272,0.072,0.188,0.412,0.284,0.348,1.14,0.538,0.386,0.116,0.526,0.386,0.478,0.1,0.34,0.392,0.668,0.364,0.734,0.124,0.47,0.428,0.392,0.23,0.238,0.096,0.308,0.124
18:17:00,0.256,0.066,0.668,0.272,0.094,0.682,0.556,0.502,0.28,0.246,0.348,0.282,0.272,0.072,0.188,0.412,0.284,0.348,1.14,0.538,0.386,0.116,0.526,0.386,0.478,0.1,0.34,0.392,0.668,0.364,0.734,0.124,0.47,0.428,0.392,0.23,0.238,0.096,0.308,0.124
18:18:00,0.256,0.066,0.668,0.272,0.094,0.682,0.556,0.502,0.28,0.246,0.348,0.282,0.272,0.072,0.188,0.412,0.284,0.348,1.14,0.538,0.386,0.116,0.526,0.386,0.478,0.1,0.34,0.392,0.668,0.364,0.734,0.124,0.47,0.428,0.392,0.23,0.238,0.096,0.308,0.124
18:19:00,0.256,0.066,0.668,0.272,0.094,0.682,0.556,0.502,0.28,0.246,0.348,0.282,0.272,0.072,0.188,0.412,0.284,0.348,1.14,0.538,0.386,0.116,0.526,0.386,0.478,0.1,0.34,0.392,0.668,0.364,0.734,0.124,0.47,0.428,0.392,0.23,0.238,0.096,0.308,0.124
18:20:00,0.256,0.066,0.668,0.272,0.094,0.682,0.556,0.502,0.28,0.246,0.348,0.282,0.272,0.072,0.188,0.412,0.284,0.348,1.14,0.538,0.386,0.116,0.526,0.386,0.478,0.1,0.34,0.392,0.668,0.364,0.734,0.124,0.47,0.428,0.392,0.23,0.238,0.096,0.308,0.124
18:21:00,0.256,0.066,0.668,0.272,0.094,0.682,0.556,0.502,0.28,0.246,0.348,0.282,0.272,0.072,0.188,0.412,0.284,0.348,1.14,0.538,0.386,0.116,0.526,0.386,0.478,0.1,0.34,0.392,0.668,0.364,0.734,0.124,0.47,0.428,0.392,0.23,0.238,0.096,0.308,0.124
18:22:00,0.256,0.066,0.668,0.272,0.094,0.682,0.556,0.502,0.28,0.246,0.348,0.282,0.272,0.072,0.188,0.412,0.284,0.348,1.14,0.538,0.386,0.116,0.526,0.386,0.478,0.1,0.34,0.392,0.668,0.364,0.734,0.124,0.47,0.428,0.392,0.23,0.238,0.096,0.308,0.124
18:23:00,0.256,0.066,0.668,0.272,0.094,0.682,0.556,0.502,0.28,0.246,0.348,0.282,0.272,0.072,0.188,0.412,0.284,0.348,1.14,0.538,0.386,0.116,0.526,0.386,0.478,0.1,0.34,0.392,0.668,0.364,0.734,0.124,0.47,0.428,0.392,0.23,0.238,0.096,0.308,0.124
18:24:00,0.256,0.066,0.668,0.272,0.094,0.682,0.556,0.502,0.28,0.246,0.348,0.282,0.272,0.072,0.188,0.412,0.284,0.348,1.14,0.538,0.386,0.116,0.526,0.386,0.478,0.1,0.34,0.392,0.668,0.364,0.734,0.124,0.47,0.428,0.392,0.23,0.238,0.096,0.308,0.124
18:25:00,0.256,0.066,0.668,0.272,0.094,0.682,0.556,0.502,0.28,0.246,0.348,0.282,0.272,0.072,0.188,0.412,0.284,0.348,1.14,0.538,0.386,0.116,0.526,0.386,0.478,0.1,0.34,0.392,0.668,0.364,0.734,0.124,0.47,0.428,0.392,0.23,0.238,0.096,0.308,0.124
18:26:00,0.256,0.066,0.668,0.272,0.094,0.682,0.556,0.502,0.28,0.246,0.348,0.282,0.272,0.072,0.188,0.412,0.284,0.348,1.14,0.538,0.386,0.116,0.526,0.386,0.478,0.1,0.34,0.392,0.668,0.364,0.734,0.124,0.47,0.428,0.392,0.23,0.238,0.096,0.308,0.124
18:27:00,0.256,0.066,0.668,0.272,0.094,0.682,0.556,0.502,0.28,0.246,0.348,0.282,0.272,0.072,0.188,0.412,0.284,0.348,1.14,0.538,0.386,0.116,0.526,0.386,0.478,0.1,0.34,0.392,0.668,0.364,0.734,0.124,0.47,0.428,0.392,0.23,0.238,0.096,0.308,0.124
18:28:00,0.256,0.066,0.668,0.272,0.094,0.682,0.556,0.502,0.28,0.246,0.348,0.282,0.272,0.072,0.188,0.412,0.284,0.348,1.14,0.538,0.386,0.116,0.526,0.386,0.478,0.1,0.34,0.392,0.668,0.364,0.734,0.124,0.47,0.428,0.392,0.23,0.238,0.096,0.308,0.124
18:29:00,0.256,0.066,0.668,0.272,0.094,0.682,0.556,0.502,0.28,0.246,0.348,0.282,0.272,0.072,0.188,0.412,0.284,0.348,1.14,0.538,0.386,0.116,0.526,0.386,0.478,0.1,0.34,0.392,0.668,0.364,0.734,0.124,0.47,0.428,0.392,0.23,0.238,0.096,0.308,0.124
18:30:00,0.2,0.248,1.48,0.566,0.126,0.782,0.484,0.442,0.206,0.19,0.34,0.198,0.25,0.122,0.186,0.554,0.288,0.336,1.418,0.646,0.432,0.02,0.404,0.238,0.54,0.092,0.38,0.396,0.678,0.468,0.582,0.202,0.44,0.54,0.366,0.346,0.204,0.078,0.42,0.132
18:31:00,0.2,0.248,1.48,0.566,0.126,0.782,0.484,0.442,0.206,0.19,0.34,0.198,0.25,0.122,0.186,0.554,0.288,0.336,1.418,0.646,0.432,0.02,0.404,0.238,0.54,0.092,0.38,0.396,0.678,0.468,0.582,0.202,0.44,0.54,0.366,0.346,0.204,0.078,0.42,0.132
18:32:00,0.2,0.248,1.48,0.566,0.126,0.782,0.484,0.442,0.206,0.19,0.34,0.198,0.25,0.122,0.186,0.554,0.288,0.336,1.418,0.646,0.432,0.02,0.404,0.238,0.54,0.092,0.38,0.396,0.678,0.468,0.582,0.202,0.44,0.54,0.366,0.346,0.204,0.078,0.42,0.132
18:33:00,0.2,0.248,1.48,0.566,0.126,0.782,0.484,0.442,0.206,0.19,0.34,0.198,0.25,0.122,0.186,0.554,0.288,0.336,1.418,0.646,0.432,0.02,0.404,0.238,0.54,0.092,0.38,0.396,0.678,0.468,0.582,0.202,0.44,0.54,0.366,0.346,0.204,0.078,0.42,0.132
18:34:00,0.2,0.248,1.48,0.566,0.126,0.782,0.484,0.442,0.206,0.19,0.34,0.198,0.25,0.122,0.186,0.554,0.288,0.336,1.418,0.646,0.432,0.02,0.404,0.238,0.54,0.092,0.38,0.396,0.678,0.468,0.582,0.202,0.44,0.54,0.366,0.346,0.204,0.078,0.42,0.132
18:35:00,0.2,0.248,1.48,0.566,0.126,0.782,0.484,0.442,0.206,0.19,0.34,0.198,0.25,0.122,0.186,0.554,0.288,0.336,1.418,0.646,0.432,0.02,0.404,0.238,0.54,0.092,0.38,0.396,0.678,0.468,0.582,0.202,0.44,0.54,0.366,0.346,0.204,0.078,0.42,0.132
18:36:00,0.2,0.248,1.48,0.566,0.126,0.782,0.484,0.442,0.206,0.19,0.34,0.198,0.25,0.122,0.186,0.554,0.288,0.336,1.418,0.646,0.432,0.02,0.404,0.238,0.54,0.092,0.38,0.396,0.678,0.468,0.582,0.202,0.44,0.54,0.366,0.346,0.204,0.078,0.42,0.132
18:37:00,0.2,0.248,1.48,0.566,0.126,0.782,0.484,0.442,0.206,0.19,0.34,0.198,0.25,0.122,0.186,0.554,0.288,0.336,1.418,0.646,0.432,0.02,0.404,0.238,0.54,0.092,0.38,0.396,0.678,0.468,0.582,0.202,0.44,0.54,0.366,0.346,0.204,0.078,0.42,0.132
18:38:00,0.2,0.248,1.48,0.566,0.126,0.782,0.484,0.442,0.206,0.19,0.34,0.198,0.25,0.122,0.186,0.554,0.288,0.336,1.418,0.646,0.432,0.02,0.404,0.238,0.54,0.092,0.38,0.396,0.678,0.468,0.582,0.202,0.44,0.54,0.366,0.346,0.204,0.078,0.42,0.132
18:39:00,0.2,0.248,1.48,0.566,0.126,0.782,0.484,0.442,0.206,0.19,0.34,0.198,0.25,0.122,0.186,0.554,0.288,0.336,1.418,0.646,0.432,0.02,0.404,0.238,0.54,0.092,0.38,0.396,0.678,0.468,0.582,0.202,0.44,0.54,0.366,0.346,0.204,0.078,0.42,0.132
18:40:00,0.2,0.248,1.48,0.566,0.126,0.782,0.484,0.442,0.206,0.19,0.34,0.198,0.25,0.122,0.186,0.554,0.288,0.336,1.418,0.646,0.432,0.02,0.404,0.238,0.54,0.092,0.38,0.396,0.678,0.468,0.582,0.202,0.44,0.54,0.366,0.346,0.204,0.078,0.42,0.132
18:41:00,0.2,0.248,1.48,0.566,0.126,0.782,0.484,0.442,0.206,0.19,0.34,0.198,0.25,0.122,0.186,0.554,0.288,0.336,1.418,0.646,0.432,0.02,0.404,0.238,0.54,0.092,0.38,0.396,0.678,0.468,0.582,0.202,0.44,0.54,0.366,0.346,0.204,0.078,0.42,0.132
18:42:00,0.2,0.248,1.48,0.566,0.126,0.782,0.484,0.442,0.206,0.19,0.34,0.198,0.25,0.122,0.186,0.554,0.288,0.336,1.418,0.646,0.432,0.02,0.404,0.238,0.54,0.092,0.38,0.396,0.678,0.468,0.582,0.202,0.44,0.54,0.366,0.346,0.204,0.078,0.42,0.132
18:43:00,0.2,0.248,1.48,0.566,0.126,0.782,0.484,0.442,0.206,0.19,0.34,0.198,0.25,0.122,0.186,0.554,0.288,0.336,1.418,0.646,0.432,0.02,0.404,0.238,0.54,0.092,0.38,0.396,0.678,0.468,0.582,0.202,0.44,0.54,0.366,0.346,0.204,0.078,0.42,0.132
18:44:00,0.2,0.248,1.48,0.566,0.126,0.782,0.484,0.442,0.206,0.19,0.34,0.198,0.25,0.122,0.186,0.554,0.288,0.336,1.418,0.646,0.432,0.02,0.404,0.238,0.54,0.092,0.38,0.396,0.678,0.468,0.582,0.202,0.44,0.54,0.366,0.346,0.204,0.078,0.42,0.132
18:45:00,0.2,0.248,1.48,0.566,0.126,0.782,0.484,0.442,0.206,0.19,0.34,0.198,0.25,0.122,0.186,0.554,0.288,0.336,1.418,0.646,0.432,0.02,0.404,0.238,0.54,0.092,0.38,0.396,0.678,0.468,0.582,0.202,0.44,0.54,0.366,0.346,0.204,0.078,0.42,0.132
18:46:00,0.2,0.248,1.48,0.566,0.126,0.782,0.484,0.442,0.206,0.19,0.34,0.198,0.25,0.122,0.186,0.554,0.288,0.336,1.418,0.646,0.432,0.02,0.404,0.238,0.54,0.092,0.38,0.396,0.678,0.468,0.582,0.202,0.44,0.54,0.366,0.346,0.204,0.078,0.42,0.132
18:47:00,0.2,0.248,1.48,0.566,0.126,0.782,0.484,0.442,0.206,0.19,0.34,0.198,0.25,0.122,0.186,0.554,0.288,0.336,1.418,0.646,0.432,0.02,0.404,0.238,0.54,0.092,0.38,0.396,0.678,0.468,0.582,0.202,0.44,0.54,0.366,0.346,0.204,0.078,0.42,0.132
18:48:00,0.2,0.248,1.48,0.566,0.126,0.782,0.484,0.442,0.206,0.19,0.34,0.198,0.25,0.122,0.186,0.554,0.288,0.336,1.418,0.646,0.432,0.02,0.404,0.238,0.54,0.092,0.38,0.396,0.678,0.468,0.582,0.202,0.44,0.54,0.366,0.346,0.204,0.078,0.42,0.132
18:49:00,0.2,0.248,1.48,0.566,0.126,0.782,0.484,0.442,0.206,0.19,0.34,0.198,0.25,0.122,0.186,0.554,0.288,0.336,1.418,0.646,0.432,0.02,0.404,0.238,0.54,0.092,0.38,0.396,0.678,0.468,0.582,0.202,0.44,0.54,0.366,0.346,0.204,0.078,0.42,0.132
18:50:00,0.2,0.248,1.48,0.566,0.126,0.782,0.484,0.442,0.206,0.19,0.34,0.198,0.25,0.122,0.186,0.554,0.288,0.336,1.418,0.646,0.432,0.02,0.404,0.238,0.54,0.092,0.38,0.396,0.678,0.468,0.582,0.202,0.44,0.54,0.366,0.346,0.204,0.078,0.42,0.132
18:51:00,0.2,0.248,1.48,0.566,0.126,0.782,0.484,0.442,0.206,0.19,0.34,0.198,0.25,0.122,0.186,0.554,0.288,0.336,1.418,0.646,0.432,0.02,0.404,0.238,0.54,0.092,0.38,0.396,0.678,0.468,0.582,0.202,0.44,0.54,0.366,0.346,0.204,0.078,0.42,0.132
18:52:00,0.2,0.248,1.48,0.566,0.126,0.782,0.484,0.442,0.206,0.19,0.34,0.198,0.25,0.122,0.186,0.554,0.288,0.336,1.418,0.646,0.432,0.02,0.404,0.238,0.54,0.092,0.38,0.396,0.678,0.468,0.582,0.202,0.44,0.54,0.366,0.346,0.204,0.078,0.42,0.132
18:53:00,0.2,0.248,1.48,0.566,0.126,0.782,0.484,0.442,0.206,0.19,0.34,0.198,0.25,0.122,0.186,0.554,0.288,0.336,1.418,0.646,0.432,0.02,0.404,0.238,0.54,0.092,0.38,0.396,0.678,0.468,0.582,0.202,0.44,0.54,0.366,0.346,0.204,0.078,0.42,0.132
18:54:00,0.2,0.248,1.48,0.566,0.126,0.782,0.484,0.442,0.206,0.19,0.34,0.198,0.25,0.122,0.186,0.554,0.288,0.336,1.418,0.646,0.432,0.02,0.404,0.238,0.54,0.092,0.38,0.396,0.678,0.468,0.582,0.202,0.44,0.54,0.366,0.346,0.204,0.078,0.42,0.132
18:55:00,0.2,0.248,1.48,0.566,0.126,0.782,0.484,0.442,0.206,0.19,0.34,0.198,0.25,0.122,0.186,0.554,0.288,0.336,1.418,0.646,0.432,0.02,0.404,0.238,0.54,0.092,0.38,0.396,0.678,0.468,0.582,0.202,0.44,0.54,0.366,0.346,0.204,0.078,0.42,0.132
18:56:00,0.2,0.248,1.48,0.566,0.126,0.782,0.484,0.442,0.206,0.19,0.34,0.198,0.25,0.122,0.186,0.554,0.288,0.336,1.418,0.646,0.432,0.02,0.404,0.238,0.54,0.092,0.38,0.396,0.678,0.468,0.582,0.202,0.44,0.54,0.366,0.346,0.204,0.078,0.42,0.132
18:57:00,0.2,0.248,1.48,0.566,0.126,0.782,0.484,0.442,0.206,0.19,0.34,0.198,0.25,0.122,0.186,0.554,0.288,0.336,1.418,0.646,0.432,0.02,0.404,0.238,0.54,0.092,0.38,0.396,0.678,0.468,0.582,0.202,0.44,0.54,0.366,0.346,0.204,0.078,0.42,0.132
18:58:00,0.2,0.248,1.48,0.566,0.126,0.782,0.484,0.442,0.206,0.19,0.34,0.198,0.25,0.122,0.186,0.554,0.288,0.336,1.418,0.646,0.432,0.02,0.404,0.238,0.54,0.092,0.38,0.396,0.678,0.468,0.582,0.202,0.44,0.54,0.366,0.346,0.204,0.078,0.42,0.132
18:59:00,0.2,0.248,1.48,0.566,0.126,0.782,0.484,0.442,0.206,0.19,0.34,0.198,0.25,0.122,0.186,0.554,0.288,0.336,1.418,0.646,0.432,0.02,0.404,0.238,0.54,0.092,0.38,0.396,0.678,0.468,0.582,0.202,0.44,0.54,0.366,0.346,0.204,0.078,0.42,0.132
19:00:00,0.278,0.284,0.708,0.828,0.16,0.686,0.668,0.364,0.248,0.192,0.714,0.21,1.482,0.222,0.242,1.76,0.368,0.776,0.44,0.654,0.564,0.072,0.352,0.328,0.516,0.112,0.316,0.402,0.846,1.496,0.61,0.02,0.38,0.572,0.642,0.19,0.256,0.178,0.54,0.138
19:01:00,0.278,0.284,0.708,0.828,0.16,0.686,0.668,0.364,0.248,0.192,0.714,0.21,1.482,0.222,0.242,1.76,0.368,0.776,0.44,0.654,0.564,0.072,0.352,0.328,0.516,0.112,0.316,0.402,0.846,1.496,0.61,0.02,0.38,0.572,0.642,0.19,0.256,0.178,0.54,0.138
19:02:00,0.278,0.284,0.708,0.828,0.16,0.686,0.668,0.364,0.248,0.192,0.714,0.21,1.482,0.222,0.242,1.76,0.368,0.776,0.44,0.654,0.564,0.072,0.352,0.328,0.516,0.112,0.316,0.402,0.846,1.496,0.61,0.02,0.38,0.572,0.642,0.19,0.256,0.178,0.54,0.138
19:03:00,0.278,0.284,0.708,0.828,0.16,0.686,0.668,0.364,0.248,0.192,0.714,0.21,1.482,0.222,0.242,1.76,0.368,0.776,0.44,0.654,0.564,0.072,0.352,0.328,0.516,0.112,0.316,0.402,0.846,1.496,0.61,0.02,0.38,0.572,0.642,0.19,0.256,0.178,0.54,0.138
19:04:00,0.278,0.284,0.708,0.828,0.16,0.686,0.668,0.364,0.248,0.192,0.714,0.21,1.482,0.222,0.242,1.76,0.368,0.776,0.44,0.654,0.564,0.072,0.352,0.328,0.516,0.112,0.316,0.402,0.846,1.496,0.61,0.02,0.38,0.572,0.642,0.19,0.256,0.178,0.54,0.138
19:05:00,0.278,0.284,0.708,0.828,0.16,0.686,0.668,0.364,0.248,0.192,0.714,0.21,1.482,0.222,0.242,1.76,0.368,0.776,0.44,0.654,0.564,0.072,0.352,0.328,0.516,0.112,0.316,0.402,0.846,1.496,0.61,0.02,0.38,0.572,0.642,0.19,0.256,0.178,0.54,0.138
19:06:00,0.278,0.284,0.708,0.828,0.16,0.686,0.668,0.364,0.248,0.192,0.714,0.21,1.482,0.222,0.242,1.76,0.368,0.776,0.44,0.654,0.564,0.072,0.352,0.328,0.516,0.112,0.316,0.402,0.846,1.496,0.61,0.02,0.38,0.572,0.642,0.19,0.256,0.178,0.54,0.138
19:07:00,0.278,0.284,0.708,0.828,0.16,0.686,0.668,0.364,0.248,0.192,0.714,0.21,1.482,0.222,0.242,1.76,0.368,0.776,0.44,0.654,0.564,0.072,0.352,0.328,0.516,0.112,0.316,0.402,0.846,1.496,0.61,0.02,0.38,0.572,0.642,0.19,0.256,0.178,0.54,0.138
19:08:00,0.278,0.284,0.708,0.828,0.16,0.686,0.668,0.364,0.248,0.192,0.714,0.21,1.482,0.222,0.242,1.76,0.368,0.776,0.44,0.654,0.564,0.072,0.352,0.328,0.516,0.112,0.316,0.402,0.846,1.496,0.61,0.02,0.38,0.572,0.642,0.19,0.256,0.178,0.54,0.138
19:09:00,0.278,0.284,0.708,0.828,0.16,0.686,0.668,0.364,0.248,0.192,0.714,0.21,1.482,0.222,0.242,1.76,0.368,0.776,0.44,0.654,0.564,0.072,0.352,0.328,0.516,0.112,0.316,0.402,0.846,1.496,0.61,0.02,0.38,0.572,0.642,0.19,0.256,0.178,0.54,0.138
19:10:00,0.278,0.284,0.708,0.828,0.16,0.686,0.668,0.364,0.248,0.192,0.714,0.21,1.482,0.222,0.242,1.76,0.368,0.776,0.44,0.654,0.564,0.072,0.352,0.328,0.516,0.112,0.316,0.402,0.846,1.496,0.61,0.02,0.38,0.572,0.642,0.19,0.256,0.178,0.54,0.138
19:11:00,0.278,0.284,0.708,0.828,0.16,0.686,0.668,0.364,0.248,0.192,0.714,0.21,1.482,0.222,0.242,1.76,0.368,0.776,0.44,0.654,0.564,0.072,0.352,0.328,0.516,0.112,0.316,0.402,0.846,1.496,0.61,0.02,0.38,0.572,0.642,0.19,0.256,0.178,0.54,0.138
19:12:00,0.278,0.284,0.708,0.828,0.16,0.686,0.668,0.364,0.248,0.192,0.714,0.21,1.482,0.222,0.242,1.76,0.368,0.776,0.44,0.654,0.564,0.072,0.352,0.328,0.516,0.112,0.316,0.402,0.846,1.496,0.61,0.02,0.38,0.572,0.642,0.19,0.256,0.178,0.54,0.138
19:13:00,0.278,0.284,0.708,0.828,0.16,0.686,0.668,0.364,0.248,0.192,0.714,0.21,1.482,0.222,0.242,1.76,0.368,0.776,0.44,0.654,0.564,0.072,0.352,0.328,0.516,0.112,0.316,0.402,0.846,1.496,0.61,0.02,0.38,0.572,0.642,0.19,0.256,0.178,0.54,0.138
19:14:00,0.278,0.284,0.708,0.828,0.16,0.686,0.668,0.364,0.248,0.192,0.714,0.21,1.482,0.222,0.242,1.76,0.368,0.776,0.44,0.654,0.564,0.072,0.352,0.328,0.516,0.112,0.316,0.402,0.846,1.496,0.61,0.02,0.38,0.572,0.642,0.19,0.256,0.178,0.54,0.138
19:15:00,0.278,0.284,0.708,0.828,0.16,0.686,0.668,0.364,0.248,0.192,0.714,0.21,1.482,0.222,0.242,1.76,0.368,0.776,0.44,0.654,0.564,0.072,0.352,0.328,0.516,0.112,0.316,0.402,0.846,1.496,0.61,0.02,0.38,0.572,0.642,0.19,0.256,0.178,0.54,0.138
19:16:00,0.278,0.284,0.708,0.828,0.16,0.686,0.668,0.364,0.248,0.192,0.714,0.21,1.482,0.222,0.242,1.76,0.368,0.776,0.44,0.654,0.564,0.072,0.352,0.328,0.516,0.112,0.316,0.402,0.846,1.496,0.61,0.02,0.38,0.572,0.642,0.19,0.256,0.178,0.54,0.138
19:17:00,0.278,0.284,0.708,0.828,0.16,0.686,0.668,0.364,0.248,0.192,0.714,0.21,1.482,0.222,0.242,1.76,0.368,0.776,0.44,0.654,0.564,0.072,0.352,0.328,0.516,0.112,0.316,0.402,0.846,1.496,0.61,0.02,0.38,0.572,0.642,0.19,0.256,0.178,0.54,0.138
19:18:00,0.278,0.284,0.708,0.828,0.16,0.686,0.668,0.364,0.248,0.192,0.714,0.21,1.482,0.222,0.242,1.76,0.368,0.776,0.44,0.654,0.564,0.072,0.352,0.328,0.516,0.112,0.316,0.402,0.846,1.496,0.61,0.02,0.38,0.572,0.642,0.19,0.256,0.178,0.54,0.138
19:19:00,0.278,0.284,0.708,0.828,0.16,0.686,0.668,0.364,0.248,0.192,0.714,0.21,1.482,0.222,0.242,1.76,0.368,0.776,0.44,0.654,0.564,0.072,0.352,0.328,0.516,0.112,0.316,0.402,0.846,1.496,0.61,0.02,0.38,0.572,0.642,0.19,0.256,0.178,0.54,0.138
19:20:00,0.278,0.284,0.708,0.828,0.16,0.686,0.668,0.364,0.248,0.192,0.714,0.21,1.482,0.222,0.242,1.76,0.368,0.776,0.44,0.654,0.564,0.072,0.352,0.328,0.516,0.112,0.316,0.402,0.846,1.496,0.61,0.02,0.38,0.572,0.642,0.19,0.256,0.178,0.54,0.138
19:21:00,0.278,0.284,0.708,0.828,0.16,0.686,0.668,0.364,0.248,0.192,0.714,0.21,1.482,0.222,0.242,1.76,0.368,0.776,0.44,0.654,0.564,0.072,0.352,0.328,0.516,0.112,0.316,0.402,0.846,1.496,0.61,0.02,0.38,0.572,0.642,0.19,0.256,0.178,0.54,0.138
19:22:00,0.278,0.284,0.708,0.828,0.16,0.686,0.668,0.364,0.248,0.192,0.714,0.21,1.482,0.222,0.242,1.76,0.368,0.776,0.44,0.654,0.564,0.072,0.352,0.328,0.516,0.112,0.316,0.402,0.846,1.496,0.61,0.02,0.38,0.572,0.642,0.19,0.256,0.178,0.54,0.138
19:23:00,0.278,0.284,0.708,0.828,0.16,0.686,0.668,0.364,0.248,0.192,0.714,0.21,1.482,0.222,0.242,1.76,0.368,0.776,0.44,0.654,0.564,0.072,0.352,0.328,0.516,0.112,0.316,0.402,0.846,1.496,0.61,0.02,0.38,0.572,0.642,0.19,0.256,0.178,0.54,0.138
19:24:00,0.278,0.284,0.708,0.828,0.16,0.686,0.668,0.364,0.248,0.192,0.714,0.21,1.482,0.222,0.242,1.76,0.368,0.776,0.44,0.654,0.564,0.072,0.352,0.328,0.516,0.112,0.316,0.402,0.846,1.496,0.61,0.02,0.38,0.572,0.642,0.19,0.256,0.178,0.54,0.138
19:25:00,0.278,0.284,0.708,0.828,0.16,0.686,0.668,0.364,0.248,0.192,0.714,0.21,1.482,0.222,0.242,1.76,0.368,0.776,0.44,0.654,0.564,0.072,0.352,0.328,0.516,0.112,0.316,0.402,0.846,1.496,0.61,0.02,0.38,0.572,0.642,0.19,0.256,0.178,0.54,0.138
19:26:00,0.278,0.284,0.708,0.828,0.16,0.686,0.668,0.364,0.248,0.192,0.714,0.21,1.482,0.222,0.242,1.76,0.368,0.776,0.44,0.654,0.564,0.072,0.352,0.328,0.516,0.112,0.316,0.402,0.846,1.496,0.61,0.02,0.38,0.572,0.642,0.19,0.256,0.178,0.54,0.138
19:27:00,0.278,0.284,0.708,0.828,0.16,0.686,0.668,0.364,0.248,0.192,0.714,0.21,1.482,0.222,0.242,1.76,0.368,0.776,0.44,0.654,0.564,0.072,0.352,0.328,0.516,0.112,0.316,0.402,0.846,1.496,0.61,0.02,0.38,0.572,0.642,0.19,0.256,0.178,0.54,0.138
19:28:00,0.278,0.284,0.708,0.828,0.16,0.686,0.668,0.364,0.248,0.192,0.714,0.21,1.482,0.222,0.242,1.76,0.368,0.776,0.44,0.654,0.564,0.072,0.352,0.328,0.516,0.112,0.316,0.402,0.846,1.496,0.61,0.02,0.38,0.572,0.642,0.19,0.256,0.178,0.54,0.138
19:29:00,0.278,0.284,0.708,0.828,0.16,0.686,0.668,0.364,0.248,0.192,0.714,0.21,1.482,0.222,0.242,1.76,0.368,0.776,0.44,0.654,0.564,0.072,0.352,0.328,0.516,0.112,0.316,0.402,0.846,1.496,0.61,0.02,0.38,0.572,0.642,0.19,0.256,0.178,0.54,0.138
19:30:00,0.328,0.356,0.254,0.408,0.544,0.746,0.528,0.396,0.384,0.972,0.654,0.472,1.472,0.45,0.222,0.436,0.296,0.408,0.794,1.038,0.48,0.876,0.304,0.216,0.492,0.122,0.35,0.39,0.302,2.684,0.672,0.016,0.374,1.866,0.406,0.344,0.464,0.2,0.462,0.132
19:31:00,0.328,0.356,0.254,0.408,0.544,0.746,0.528,0.396,0.384,0.972,0.654,0.472,1.472,0.45,0.222,0.436,0.296,0.408,0.794,1.038,0.48,0.876,0.304,0.216,0.492,0.122,0.35,0.39,0.302,2.684,0.672,0.016,0.374,1.866,0.406,0.344,0.464,0.2,0.462,0.132
19:32:00,0.328,0.356,0.254,0.408,0.544,0.746,0.528,0.396,0.384,0.972,0.654,0.472,1.472,0.45,0.222,0.436,0.296,0.408,0.794,1.038,0.48,0.876,0.304,0.216,0.492,0.122,0.35,0.39,0.302,2.684,0.672,0.016,0.374,1.866,0.406,0.344,0.464,0.2,0.462,0.132
19:33:00,0.328,0.356,0.254,0.408,0.544,0.746,0.528,0.396,0.384,0.972,0.654,0.472,1.472,0.45,0.222,0.436,0.296,0.408,0.794,1.038,0.48,0.876,0.304,0.216,0.492,0.122,0.35,0.39,0.302,2.684,0.672,0.016,0.374,1.866,0.406,0.344,0.464,0.2,0.462,0.132
19:34:00,0.328,0.356,0.254,0.408,0.544,0.746,0.528,0.396,0.384,0.972,0.654,0.472,1.472,0.45,0.222,0.436,0.296,0.408,0.794,1.038,0.48,0.876,0.304,0.216,0.492,0.122,0.35,0.39,0.302,2.684,0.672,0.016,0.374,1.866,0.406,0.344,0.464,0.2,0.462,0.132
19:35:00,0.328,0.356,0.254,0.408,0.544,0.746,0.528,0.396,0.384,0.972,0.654,0.472,1.472,0.45,0.222,0.436,0.296,0.408,0.794,1.038,0.48,0.876,0.304,0.216,0.492,0.122,0.35,0.39,0.302,2.684,0.672,0.016,0.374,1.866,0.406,0.344,0.464,0.2,0.462,0.132
19:36:00,0.328,0.356,0.254,0.408,0.544,0.746,0.528,0.396,0.384,0.972,0.654,0.472,1.472,0.45,0.222,0.436,0.296,0.408,0.794,1.038,0.48,0.876,0.304,0.216,0.492,0.122,0.35,0.39,0.302,2.684,0.672,0.016,0.374,1.866,0.406,0.344,0.464,0.2,0.462,0.132
19:37:00,0.328,0.356,0.254,0.408,0.544,0.746,0.528,0.396,0.384,0.972,0.654,0.472,1.472,0.45,0.222,0.436,0.296,0.408,0.794,1.038,0.48,0.876,0.304,0.216,0.492,0.122,0.35,0.39,0.302,2.684,0.672,0.016,0.374,1.866,0.406,0.344,0.464,0.2,0.462,0.132
19:38:00,0.328,0.356,0.254,0.408,0.544,0.746,0.528,0.396,0.384,0.972,0.654,0.472,1.472,0.45,0.222,0.436,0.296,0.408,0.794,1.038,0.48,0.876,0.304,0.216,0.492,0.122,0.35,0.39,0.302,2.684,0.672,0.016,0.374,1.866,0.406,0.344,0.464,0.2,0.462,0.132
19:39:00,0.328,0.356,0.254,0.408,0.544,0.746,0.528,0.396,0.384,0.972,0.654,0.472,1.472,0.45,0.222,0.436,0.296,0.408,0.794,1.038,0.48,0.876,0.304,0.216,0.492,0.122,0.35,0.39,0.302,2.684,0.672,0.016,0.374,1.866,0.406,0.344,0.464,0.2,0.462,0.132
19:40:00,0.328,0.356,0.254,0.408,0.544,0.746,0.528,0.396,0.384,0.972,0.654,0.472,1.472,0.45,0.222,0.436,0.296,0.408,0.794,1.038,0.48,0.876,0.304,0.216,0.492,0.122,0.35,0.39,0.302,2.684,0.672,0.016,0.374,1.866,0.406,0.344,0.464,0.2,0.462,0.132
19:41:00,0.328,0.356,0.254,0.408,0.544,0.746,0.528,0.396,0.384,0.972,0.654,0.472,1.472,0.45,0.222,0.436,0.296,0.408,0.794,1.038,0.48,0.876,0.304,0.216,0.492,0.122,0.35,0.39,0.302,2.684,0.672,0.016,0.374,1.866,0.406,0.344,0.464,0.2,0.462,0.132
19:42:00,0.328,0.356,0.254,0.408,0.544,0.746,0.528,0.396,0.384,0.972,0.654,0.472,1.472,0.45,0.222,0.436,0.296,0.408,0.794,1.038,0.48,0.876,0.304,0.216,0.492,0.122,0.35,0.39,0.302,2.684,0.672,0.016,0.374,1.866,0.406,0.344,0.464,0.2,0.462,0.132
19:43:00,0.328,0.356,0.254,0.408,0.544,0.746,0.528,0.396,0.384,0.972,0.654,0.472,1.472,0.45,0.222,0.436,0.296,0.408,0.794,1.038,0.48,0.876,0.304,0.216,0.492,0.122,0.35,0.39,0.302,2.684,0.672,0.016,0.374,1.866,0.406,0.344,0.464,0.2,0.462,0.132
19:44:00,0.328,0.356,0.254,0.408,0.544,0.746,0.528,0.396,0.384,0.972,0.654,0.472,1.472,0.45,0.222,0.436,0.296,0.408,0.794,1.038,0.48,0.876,0.304,0.216,0.492,0.122,0.35,0.39,0.302,2.684,0.672,0.016,0.374,1.866,0.406,0.344,0.464,0.2,0.462,0.132
19:45:00,0.328,0.356,0.254,0.408,0.544,0.746,0.528,0.396,0.384,0.972,0.654,0.472,1.472,0.45,0.222,0.436,0.296,0.408,0.794,1.038,0.48,0.876,0.304,0.216,0.492,0.122,0.35,0.39,0.302,2.684,0.672,0.016,0.374,1.866,0.406,0.344,0.464,0.2,0.462,0.132
19:46:00,0.328,0.356,0.254,0.408,0.544,0.746,0.528,0.396,0.384,0.972,0.654,0.472,1.472,0.45,0.222,0.436,0.296,0.408,0.794,1.038,0.48,0.876,0.304,0.216,0.492,0.122,0.35,0.39,0.302,2.684,0.672,0.016,0.374,1.866,0.406,0.344,0.464,0.2,0.462,0.132
19:47:00,0.328,0.356,0.254,0.408,0.544,0.746,0.528,0.396,0.384,0.972,0.654,0.472,1.472,0.45,0.222,0.436,0.296,0.408,0.794,1.038,0.48,0.876,0.304,0.216,0.492,0.122,0.35,0.39,0.302,2.684,0.672,0.016,0.374,1.866,0.406,0.344,0.464,0.2,0.462,0.132
19:48:00,0.328,0.356,0.254,0.408,0.544,0.746,0.528,0.396,0.384,0.972,0.654,0.472,1.472,0.45,0.222,0.436,0.296,0.408,0.794,1.038,0.48,0.876,0.304,0.216,0.492,0.122,0.35,0.39,0.302,2.684,0.672,0.016,0.374,1.866,0.406,0.344,0.464,0.2,0.462,0.132
19:49:00,0.328,0.356,0.254,0.408,0.544,0.746,0.528,0.396,0.384,0.972,0.654,0.472,1.472,0.45,0.222,0.436,0.296,0.408,0.794,1.038,0.48,0.876,0.304,0.216,0.492,0.122,0.35,0.39,0.302,2.684,0.672,0.016,0.374,1.866,0.406,0.344,0.464,0.2,0.462,0.132
19:50:00,0.328,0.356,0.254,0.408,0.544,0.746,0.528,0.396,0.384,0.972,0.654,0.472,1.472,0.45,0.222,0.436,0.296,0.408,0.794,1.038,0.48,0.876,0.304,0.216,0.492,0.122,0.35,0.39,0.302,2.684,0.672,0.016,0.374,1.866,0.406,0.344,0.464,0.2,0.462,0.132
19:51:00,0.328,0.356,0.254,0.408,0.544,0.746,0.528,0.396,0.384,0.972,0.654,0.472,1.472,0.45,0.222,0.436,0.296,0.408,0.794,1.038,0.48,0.876,0.304,0.216,0.492,0.122,0.35,0.39,0.302,2.684,0.672,0.016,0.374,1.866,0.406,0.344,0.464,0.2,0.462,0.132
19:52:00,0.328,0.356,0.254,0.408,0.544,0.746,0.528,0.396,0.384,0.972,0.654,0.472,1.472,0.45,0.222,0.436,0.296,0.408,0.794,1.038,0.48,0.876,0.304,0.216,0.492,0.122,0.35,0.39,0.302,2.684,0.672,0.016,0.374,1.866,0.406,0.344,0.464,0.2,0.462,0.132
19:53:00,0.328,0.356,0.254,0.408,0.544,0.746,0.528,0.396,0.384,0.972,0.654,0.472,1.472,0.45,0.222,0.436,0.296,0.408,0.794,1.038,0.48,0.876,0.304,0.216,0.492,0.122,0.35,0.39,0.302,2.684,0.672,0.016,0.374,1.866,0.406,0.344,0.464,0.2,0.462,0.132
19:54:00,0.328,0.356,0.254,0.408,0.544,0.746,0.528,0.396,0.384,0.972,0.654,0.472,1.472,0.45,0.222,0.436,0.296,0.408,0.794,1.038,0.48,0.876,0.304,0.216,0.492,0.122,0.35,0.39,0.302,2.684,0.672,0.016,0.374,1.866,0.406,0.344,0.464,0.2,0.462,0.132
19:55:00,0.328,0.356,0.254,0.408,0.544,0.746,0.528,0.396,0.384,0.972,0.654,0.472,1.472,0.45,0.222,0.436,0.296,0.408,0.794,1.038,0.48,0.876,0.304,0.216,0.492,0.122,0.35,0.39,0.302,2.684,0.672,0.016,0.374,1.866,0.406,0.344,0.464,0.2,0.462,0.132
19:56:00,0.328,0.356,0.254,0.408,0.544,0.746,0.528,0.396,0.384,0.972,0.654,0.472,1.472,0.45,0.222,0.436,0.296,0.408,0.794,1.038,0.48,0.876,0.304,0.216,0.492,0.122,0.35,0.39,0.302,2.684,0.672,0.016,0.374,1.866,0.406,0.344,0.464,0.2,0.462,0.132
19:57:00,0.328,0.356,0.254,0.408,0.544,0.746,0.528,0.396,0.384,0.972,0.654,0.472,1.472,0.45,0.222,0.436,0.296,0.408,0.794,1.038,0.48,0.876,0.304,0.216,0.492,0.122,0.35,0.39,0.302,2.684,0.672,0.016,0.374,1.866,0.406,0.344,0.464,0.2,0.462,0.132
19:58:00,0.328,0.356,0.254,0.408,0.544,0.746,0.528,0.396,0.384,0.972,0.654,0.472,1.472,0.45,0.222,0.436,0.296,0.408,0.794,1.038,0.48,0.876,0.304,0.216,0.492,0.122,0.35,0.39,0.302,2.684,0.672,0.016,0.374,1.866,0.406,0.344,0.464,0.2,0.462,0.132
19:59:00,0.328,0.356,0.254,0.408,0.544,0.746,0.528,0.396,0.384,0.972,0.654,0.472,1.472,0.45,0.222,0.436,0.296,0.408,0.794,1.038,0.48,0.876,0.304,0.216,0.492,0.122,0.35,0.39,0.302,2.684,0.672,0.016,0.374,1.866,0.406,0.344,0.464,0.2,0.462,0.132
20:00:00,0.236,0.416,0.146,0.438,0.578,0.6,0.616,0.39,0.402,0.642,0.86,0.262,1.5,0.294,0.176,0.412,0.276,0.34,0.362,0.538,0.438,0.64,0.36,0.198,0.534,0.742,0.24,0.372,0.394,0.914,0.464,0.258,0.37,1.452,0.41,0.23,0.302,0.27,0.518,0.118
20:01:00,0.236,0.416,0.146,0.438,0.578,0.6,0.616,0.39,0.402,0.642,0.86,0.262,1.5,0.294,0.176,0.412,0.276,0.34,0.362,0.538,0.438,0.64,0.36,0.198,0.534,0.742,0.24,0.372,0.394,0.914,0.464,0.258,0.37,1.452,0.41,0.23,0.302,0.27,0.518,0.118
20:02:00,0.236,0.416,0.146,0.438,0.578,0.6,0.616,0.39,0.402,0.642,0.86,0.262,1.5,0.294,0.176,0.412,0.276,0.34,0.362,0.538,0.438,0.64,0.36,0.198,0.534,0.742,0.24,0.372,0.394,0.914,0.464,0.258,0.37,1.452,0.41,0.23,0.302,0.27,0.518,0.118
20:03:00,0.236,0.416,0.146,0.438,0.578,0.6,0.616,0.39,0.402,0.642,0.86,0.262,1.5,0.294,0.176,0.412,0.276,0.34,0.362,0.538,0.438,0.64,0.36,0.198,0.534,0.742,0.24,0.372,0.394,0.914,0.464,0.258,0.37,1.452,0.41,0.23,0.302,0.27,0.518,0.118
20:04:00,0.236,0.416,0.146,0.438,0.578,0.6,0.616,0.39,0.402,0.642,0.86,0.262,1.5,0.294,0.176,0.412,0.276,0.34,0.362,0.538,0.438,0.64,0.36,0.198,0.534,0.742,0.24,0.372,0.394,0.914,0.464,0.258,0.37,1.452,0.41,0.23,0.302,0.27,0.518,0.118
20:05:00,0.236,0.416,0.146,0.438,0.578,0.6,0.616,0.39,0.402,0.642,0.86,0.262,1.5,0.294,0.176,0.412,0.276,0.34,0.362,0.538,0.438,0.64,0.36,0.198,0.534,0.742,0.24,0.372,0.394,0.914,0.464,0.258,0.37,1.452,0.41,0.23,0.302,0.27,0.518,0.118
20:06:00,0.236,0.416,0.146,0.438,0.578,0.6,0.616,0.39,0.402,0.642,0.86,0.262,1.5,0.294,0.176,0.412,0.276,0.34,0.362,0.538,0.438,0.64,0.36,0.198,0.534,0.742,0.24,0.372,0.394,0.914,0.464,0.258,0.37,1.452,0.41,0.23,0.302,0.27,0.518,0.118
20:07:00,0.236,0.416,0.146,0.438,0.578,0.6,0.616,0.39,0.402,0.642,0.86,0.262,1.5,0.294,0.176,0.412,0.276,0.34,0.362,0.538,0.438,0.64,0.36,0.198,0.534,0.742,0.24,0.372,0.394,0.914,0.464,0.258,0.37,1.452,0.41,0.23,0.302,0.27,0.518,0.118
20:08:00,0.236,0.416,0.146,0.438,0.578,0.6,0.616,0.39,0.402,0.642,0.86,0.262,1.5,0.294,0.176,0.412,0.276,0.34,0.362,0.538,0.438,0.64,0.36,0.198,0.534,0.742,0.24,0.372,0.394,0.914,0.464,0.258,0.37,1.452,0.41,0.23,0.302,0.27,0.518,0.118
20:09:00,0.236,0.416,0.146,0.438,0.578,0.6,0.616,0.39,0.402,0.642,0.86,0.262,1.5,0.294,0.176,0.412,0.276,0.34,0.362,0.538,0.438,0.64,0.36,0.198,0.534,0.742,0.24,0.372,0.394,0.914,0.464,0.258,0.37,1.452,0.41,0.23,0.302,0.27,0.518,0.118
20:10:00,0.236,0.416,0.146,0.438,0.578,0.6,0.616,0.39,0.402,0.642,0.86,0.262,1.5,0.294,0.176,0.412,0.276,0.34,0.362,0.538,0.438,0.64,0.36,0.198,0.534,0.742,0.24,0.372,0.394,0.914,0.464,0.258,0.37,1.452,0.41,0.23,0.302,0.27,0.518,0.118
20:11:00,0.236,0.416,0.146,0.438,0.578,0.6,0.616,0.39,0.402,0.642,0.86,0.262,1.5,0.294,0.176,0.412,0.276,0.34,0.362,0.538,0.438,0.64,0.36,0.198,0.534,0.742,0.24,0.372,0.394,0.914,0.464,0.258,0.37,1.452,0.41,0.23,0.302,0.27,0.518,0.118
20:12:00,0.236,0.416,0.146,0.438,0.578,0.6,0.616,0.39,0.402,0.642,0.86,0.262,1.5,0.294,0.176,0.412,0.276,0.34,0.362,0.538,0.438,0.64,0.36,0.198,0.534,0.742,0.24,0.372,0.394,0.914,0.464,0.258,0.37,1.452,0.41,0.23,0.302,0.27,0.518,0.118
20:13:00,0.236,0.416,0.146,0.438,0.578,0.6,0.616,0.39,0.402,0.642,0.86,0.262,1.5,0.294,0.176,0.412,0.276,0.34,0.362,0.538,0.438,0.64,0.36,0.198,0.534,0.742,0.24,0.372,0.394,0.914,0.464,0.258,0.37,1.452,0.41,0.23,0.302,0.27,0.518,0.118
20:14:00,0.236,0.416,0.146,0.438,0.578,0.6,0.616,0.39,0.402,0.642,0.86,0.262,1.5,0.294,0.176,0.412,0.276,0.34,0.362,0.538,0.438,0.64,0.36,0.198,0.534,0.742,0.24,0.372,0.394,0.914,0.464,0.258,0.37,1.452,0.41,0.23,0.302,0.27,0.518,0.118
20:15:00,0.236,0.416,0.146,0.438,0.578,0.6,0.616,0.39,0.402,0.642,0.86,0.262,1.5,0.294,0.176,0.412,0.276,0.34,0.362,0.538,0.438,0.64,0.36,0.198,0.534,0.742,0.24,0.372,0.394,0.914,0.464,0.258,0.37,1.452,0.41,0.23,0.302,0.27,0.518,0.118
20:16:00,0.236,0.416,0.146,0.438,0.578,0.6,0.616,0.39,0.402,0.642,0.86,0.262,1.5,0.294,0.176,0.412,0.276,0.34,0.362,0.538,0.438,0.64,0.36,0.198,0.534,0.742,0.24,0.372,0.394,0.914,0.464,0.258,0.37,1.452,0.41,0.23,0.302,0.27,0.518,0.118
20:17:00,0.236,0.416,0.146,0.438,0.578,0.6,0.616,0.39,0.402,0.642,0.86,0.262,1.5,0.294,0.176,0.412,0.276,0.34,0.362,0.538,0.438,0.64,0.36,0.198,0.534,0.742,0.24,0.372,0.394,0.914,0.464,0.258,0.37,1.452,0.41,0.23,0.302,0.27,0.518,0.118
20:18:00,0.236,0.416,0.146,0.438,0.578,0.6,0.616,0.39,0.402,0.642,0.86,0.262,1.5,0.294,0.176,0.412,0.276,0.34,0.362,0.538,0.438,0.64,0.36,0.198,0.534,0.742,0.24,0.372,0.394,0.914,0.464,0.258,0.37,1.452,0.41,0.23,0.302,0.27,0.518,0.118
20:19:00,0.236,0.416,0.146,0.438,0.578,0.6,0.616,0.39,0.402,0.642,0.86,0.262,1.5,0.294,0.176,0.412,0.276,0.34,0.362,0.538,0.438,0.64,0.36,0.198,0.534,0.742,0.24,0.372,0.394,0.914,0.464,0.258,0.37,1.452,0.41,0.23,0.302,0.27,0.518,0.118
20:20:00,0.236,0.416,0.146,0.438,0.578,0.6,0.616,0.39,0.402,0.642,0.86,0.262,1.5,0.294,0.176,0.412,0.276,0.34,0.362,0.538,0.438,0.64,0.36,0.198,0.534,0.742,0.24,0.372,0.394,0.914,0.464,0.258,0.37,1.452,0.41,0.23,0.302,0.27,0.518,0.118
20:21:00,0.236,0.416,0.146,0.438,0.578,0.6,0.616,0.39,0.402,0.642,0.86,0.262,1.5,0.294,0.176,0.412,0.276,0.34,0.362,0.538,0.438,0.64,0.36,0.198,0.534,0.742,0.24,0.372,0.394,0.914,0.464,0.258,0.37,1.452,0.41,0.23,0.302,0.27,0.518,0.118
20:22:00,0.236,0.416,0.146,0.438,0.578,0.6,0.616,0.39,0.402,0.642,0.86,0.262,1.5,0.294,0.176,0.412,0.276,0.34,0.362,0.538,0.438,0.64,0.36,0.198,0.534,0.742,0.24,0.372,0.394,0.914,0.464,0.258,0.37,1.452,0.41,0.23,0.302,0.27,0.518,0.118
20:23:00,0.236,0.416,0.146,0.438,0.578,0.6,0.616,0.39,0.402,0.642,0.86,0.262,1.5,0.294,0.176,0.412,0.276,0.34,0.362,0.538,0.438,0.64,0.36,0.198,0.534,0.742,0.24,0.372,0.394,0.914,0.464,0.258,0.37,1.452,0.41,0.23,0.302,0.27,0.518,0.118
20:24:00,0.236,0.416,0.146,0.438,0.578,0.6,0.616,0.39,0.402,0.642,0.86,0.262,1.5,0.294,0.176,0.412,0.276,0.34,0.362,0.538,0.438,0.64,0.36,0.198,0.534,0.742,0.24,0.372,0.394,0.914,0.464,0.258,0.37,1.452,0.41,0.23,0.302,0.27,0.518,0.118
20:25:00,0.236,0.416,0.146,0.438,0.578,0.6,0.616,0.39,0.402,0.642,0.86,0.262,1.5,0.294,0.176,0.412,0.276,0.34,0.362,0.538,0.438,0.64,0.36,0.198,0.534,0.742,0.24,0.372,0.394,0.914,0.464,0.258,0.37,1.452,0.41,0.23,0.302,0.27,0.518,0.118
20:26:00,0.236,0.416,0.146,0.438,0.578,0.6,0.616,0.39,0.402,0.642,0.86,0.262,1.5,0.294,0.176,0.412,0.276,0.34,0.362,0.538,0.438,0.64,0.36,0.198,0.534,0.742,0.24,0.372,0.394,0.914,0.464,0.258,0.37,1.452,0.41,0.23,0.302,0.27,0.518,0.118
20:27:00,0.236,0.416,0.146,0.438,0.578,0.6,0.616,0.39,0.402,0.642,0.86,0.262,1.5,0.294,0.176,0.412,0.276,0.34,0.362,0.538,0.438,0.64,0.36,0.198,0.534,0.742,0.24,0.372,0.394,0.914,0.464,0.258,0.37,1.452,0.41,0.23,0.302,0.27,0.518,0.118
20:28:00,0.236,0.416,0.146,0.438,0.578,0.6,0.616,0.39,0.402,0.642,0.86,0.262,1.5,0.294,0.176,0.412,0.276,0.34,0.362,0.538,0.438,0.64,0.36,0.198,0.534,0.742,0.24,0.372,0.394,0.914,0.464,0.258,0.37,1.452,0.41,0.23,0.302,0.27,0.518,0.118
20:29:00,0.236,0.416,0.146,0.438,0.578,0.6,0.616,0.39,0.402,0.642,0.86,0.262,1.5,0.294,0.176,0.412,0.276,0.34,0.362,0.538,0.438,0.64,0.36,0.198,0.534,0.742,0.24,0.372,0.394,0.914,0.464,0.258,0.37,1.452,0.41,0.23,0.302,0.27,0.518,0.118
20:30:00,0.224,0.74,0.438,0.466,0.624,0.33,0.454,0.41,0.43,0.62,0.666,0.254,0.464,1.356,0.18,0.486,0.332,0.34,0.478,0.696,0.72,0.544,0.264,0.23,0.474,1.388,0.282,0.376,0.706,0.54,0.824,0.11,0.314,0.65,0.526,0.272,0.302,0.492,0.548,0.118
20:31:00,0.224,0.74,0.438,0.466,0.624,0.33,0.454,0.41,0.43,0.62,0.666,0.254,0.464,1.356,0.18,0.486,0.332,0.34,0.478,0.696,0.72,0.544,0.264,0.23,0.474,1.388,0.282,0.376,0.706,0.54,0.824,0.11,0.314,0.65,0.526,0.272,0.302,0.492,0.548,0.118
20:32:00,0.224,0.74,0.438,0.466,0.624,0.33,0.454,0.41,0.43,0.62,0.666,0.254,0.464,1.356,0.18,0.486,0.332,0.34,0.478,0.696,0.72,0.544,0.264,0.23,0.474,1.388,0.282,0.376,0.706,0.54,0.824,0.11,0.314,0.65,0.526,0.272,0.302,0.492,0.548,0.118
20:33:00,0.224,0.74,0.438,0.466,0.624,0.33,0.454,0.41,0.43,0.62,0.666,0.254,0.464,1.356,0.18,0.486,0.332,0.34,0.478,0.696,0.72,0.544,0.264,0.23,0.474,1.388,0.282,0.376,0.706,0.54,0.824,0.11,0.314,0.65,0.526,0.272,0.302,0.492,0.548,0.118
20:34:00,0.224,0.74,0.438,0.466,0.624,0.33,0.454,0.41,0.43,0.62,0.666,0.254,0.464,1.356,0.18,0.486,0.332,0.34,0.478,0.696,0.72,0.544,0.264,0.23,0.474,1.388,0.282,0.376,0.706,0.54,0.824,0.11,0.314,0.65,0.526,0.272,0.302,0.492,0.548,0.118
20:35:00,0.224,0.74,0.438,0.466,0.624,0.33,0.454,0.41,0.43,0.62,0.666,0.254,0.464,1.356,0.18,0.486,0.332,0.34,0.478,0.696,0.72,0.544,0.264,0.23,0.474,1.388,0.282,0.376,0.706,0.54,0.824,0.11,0.314,0.65,0.526,0.272,0.302,0.492,0.548,0.118
20:36:00,0.224,0.74,0.438,0.466,0.624,0.33,0.454,0.41,0.43,0.62,0.666,0.254,0.464,1.356,0.18,0.486,0.332,0.34,0.478,0.696,0.72,0.544,0.264,0.23,0.474,1.388,0.282,0.376,0.706,0.54,0.824,0.11,0.314,0.65,0.526,0.272,0.302,0.492,0.548,0.118
20:37:00,0.224,0.74,0.438,0.466,0.624,0.33,0.454,0.41,0.43,0.62,0.666,0.254,0.464,1.356,0.18,0.486,0.332,0.34,0.478,0.696,0.72,0.544,0.264,0.23,0.474,1.388,0.282,0.376,0.706,0.54,0.824,0.11,0.314,0.65,0.526,0.272,0.302,0.492,0.548,0.118
20:38:00,0.224,0.74,0.438,0.466,0.624,0.33,0.454,0.41,0.43,0.62,0.666,0.254,0.464,1.356,0.18,0.486,0.332,0.34,0.478,0.696,0.72,0.544,0.264,0.23,0.474,1.388,0.282,0.376,0.706,0.54,0.824,0.11,0.314,0.65,0.526,0.272,0.302,0.492,0.548,0.118
20:39:00,0.224,0.74,0.438,0.466,0.624,0.33,0.454,0.41,0.43,0.62,0.666,0.254,0.464,1.356,0.18,0.486,0.332,0.34,0.478,0.696,0.72,0.544,0.264,0.23,0.474,1.388,0.282,0.376,0.706,0.54,0.824,0.11,0.314,0.65,0.526,0.272,0.302,0.492,0.548,0.118
20:40:00,0.224,0.74,0.438,0.466,0.624,0.33,0.454,0.41,0.43,0.62,0.666,0.254,0.464,1.356,0.18,0.486,0.332,0.34,0.478,0.696,0.72,0.544,0.264,0.23,0.474,1.388,0.282,0.376,0.706,0.54,0.824,0.11,0.314,0.65,0.526,0.272,0.302,0.492,0.548,0.118
20:41:00,0.224,0.74,0.438,0.466,0.624,0.33,0.454,0.41,0.43,0.62,0.666,0.254,0.464,1.356,0.18,0.486,0.332,0.34,0.478,0.696,0.72,0.544,0.264,0.23,0.474,1.388,0.282,0.376,0.706,0.54,0.824,0.11,0.314,0.65,0.526,0.272,0.302,0.492,0.548,0.118
20:42:00,0.224,0.74,0.438,0.466,0.624,0.33,0.454,0.41,0.43,0.62,0.666,0.254,0.464,1.356,0.18,0.486,0.332,0.34,0.478,0.696,0.72,0.544,0.264,0.23,0.474,1.388,0.282,0.376,0.706,0.54,0.824,0.11,0.314,0.65,0.526,0.272,0.302,0.492,0.548,0.118
20:43:00,0.224,0.74,0.438,0.466,0.624,0.33,0.454,0.41,0.43,0.62,0.666,0.254,0.464,1.356,0.18,0.486,0.332,0.34,0.478,0.696,0.72,0.544,0.264,0.23,0.474,1.388,0.282,0.376,0.706,0.54,0.824,0.11,0.314,0.65,0.526,0.272,0.302,0.492,0.548,0.118
20:44:00,0.224,0.74,0.438,0.466,0.624,0.33,0.454,0.41,0.43,0.62,0.666,0.254,0.464,1.356,0.18,0.486,0.332,0.34,0.478,0.696,0.72,0.544,0.264,0.23,0.474,1.388,0.282,0.376,0.706,0.54,0.824,0.11,0.314,0.65,0.526,0.272,0.302,0.492,0.548,0.118
20:45:00,0.224,0.74,0.438,0.466,0.624,0.33,0.454,0.41,0.43,0.62,0.666,0.254,0.464,1.356,0.18,0.486,0.332,0.34,0.478,0.696,0.72,0.544,0.264,0.23,0.474,1.388,0.282,0.376,0.706,0.54,0.824,0.11,0.314,0.65,0.526,0.272,0.302,0.492,0.548,0.118
20:46:00,0.224,0.74,0.438,0.466,0.624,0.33,0.454,0.41,0.43,0.62,0.666,0.254,0.464,1.356,0.18,0.486,0.332,0.34,0.478,0.696,0.72,0.544,0.264,0.23,0.474,1.388,0.282,0.376,0.706,0.54,0.824,0.11,0.314,0.65,0.526,0.272,0.302,0.492,0.548,0.118
20:47:00,0.224,0.74,0.438,0.466,0.624,0.33,0.454,0.41,0.43,0.62,0.666,0.254,0.464,1.356,0.18,0.486,0.332,0.34,0.478,0.696,0.72,0.544,0.264,0.23,0.474,1.388,0.282,0.376,0.706,0.54,0.824,0.11,0.314,0.65,0.526,0.272,0.302,0.492,0.548,0.118
20:48:00,0.224,0.74,0.438,0.466,0.624,0.33,0.454,0.41,0.43,0.62,0.666,0.254,0.464,1.356,0.18,0.486,0.332,0.34,0.478,0.696,0.72,0.544,0.264,0.23,0.474,1.388,0.282,0.376,0.706,0.54,0.824,0.11,0.314,0.65,0.526,0.272,0.302,0.492,0.548,0.118
20:49:00,0.224,0.74,0.438,0.466,0.624,0.33,0.454,0.41,0.43,0.62,0.666,0.254,0.464,1.356,0.18,0.486,0.332,0.34,0.478,0.696,0.72,0.544,0.264,0.23,0.474,1.388,0.282,0.376,0.706,0.54,0.824,0.11,0.314,0.65,0.526,0.272,0.302,0.492,0.548,0.118
20:50:00,0.224,0.74,0.438,0.466,0.624,0.33,0.454,0.41,0.43,0.62,0.666,0.254,0.464,1.356,0.18,0.486,0.332,0.34,0.478,0.696,0.72,0.544,0.264,0.23,0.474,1.388,0.282,0.376,0.706,0.54,0.824,0.11,0.314,0.65,0.526,0.272,0.302,0.492,0.548,0.118
20:51:00,0.224,0.74,0.438,0.466,0.624,0.33,0.454,0.41,0.43,0.62,0.666,0.254,0.464,1.356,0.18,0.486,0.332,0.34,0.478,0.696,0.72,0.544,0.264,0.23,0.474,1.388,0.282,0.376,0.706,0.54,0.824,0.11,0.314,0.65,0.526,0.272,0.302,0.492,0.548,0.118
20:52:00,0.224,0.74,0.438,0.466,0.624,0.33,0.454,0.41,0.43,0.62,0.666,0.254,0.464,1.356,0.18,0.486,0.332,0.34,0.478,0.696,0.72,0.544,0.264,0.23,0.474,1.388,0.282,0.376,0.706,0.54,0.824,0.11,0.314,0.65,0.526,0.272,0.302,0.492,0.548,0.118
20:53:00,0.224,0.74,0.438,0.466,0.624,0.33,0.454,0.41,0.43,0.62,0.666,0.254,0.464,1.356,0.18,0.486,0.332,0.34,0.478,0.696,0.72,0.544,0.264,0.23,0.474,1.388,0.282,0.376,0.706,0.54,0.824,0.11,0.314,0.65,0.526,0.272,0.302,0.492,0.548,0.118
20:54:00,0.224,0.74,0.438,0.466,0.624,0.33,0.454,0.41,0.43,0.62,0.666,0.254,0.464,1.356,0.18,0.486,0.332,0.34,0.478,0.696,0.72,0.544,0.264,0.23,0.474,1.388,0.282,0.376,0.706,0.54,0.824,0.11,0.314,0.65,0.526,0.272,0.302,0.492,0.548,0.118
20:55:00,0.224,0.74,0.438,0.466,0.624,0.33,0.454,0.41,0.43,0.62,0.666,0.254,0.464,1.356,0.18,0.486,0.332,0.34,0.478,0.696,0.72,0.544,0.264,0.23,0.474,1.388,0.282,0.376,0.706,0.54,0.824,0.11,0.314,0.65,0.526,0.272,0.302,0.492,0.548,0.118
20:56:00,0.224,0.74,0.438,0.466,0.624,0.33,0.454,0.41,0.43,0.62,0.666,0.254,0.464,1.356,0.18,0.486,0.332,0.34,0.478,0.696,0.72,0.544,0.264,0.23,0.474,1.388,0.282,0.376,0.706,0.54,0.824,0.11,0.314,0.65,0.526,0.272,0.302,0.492,0.548,0.118
20:57:00,0.224,0.74,0.438,0.466,0.624,0.33,0.454,0.41,0.43,0.62,0.666,0.254,0.464,1.356,0.18,0.486,0.332,0.34,0.478,0.696,0.72,0.544,0.264,0.23,0.474,1.388,0.282,0.376,0.706,0.54,0.824,0.11,0.314,0.65,0.526,0.272,0.302,0.492,0.548,0.118
20:58:00,0.224,0.74,0.438,0.466,0.624,0.33,0.454,0.41,0.43,0.62,0.666,0.254,0.464,1.356,0.18,0.486,0.332,0.34,0.478,0.696,0.72,0.544,0.264,0.23,0.474,1.388,0.282,0.376,0.706,0.54,0.824,0.11,0.314,0.65,0.526,0.272,0.302,0.492,0.548,0.118
20:59:00,0.224,0.74,0.438,0.466,0.624,0.33,0.454,0.41,0.43,0.62,0.666,0.254,0.464,1.356,0.18,0.486,0.332,0.34,0.478,0.696,0.72,0.544,0.264,0.23,0.474,1.388,0.282,0.376,0.706,0.54,0.824,0.11,0.314,0.65,0.526,0.272,0.302,0.492,0.548,0.118
21:00:00,0.312,0.506,0.586,0.358,0.718,0.312,0.312,0.404,0.514,0.446,0.714,0.306,0.338,0.964,0.192,0.604,0.332,0.434,0.382,2.48,0.47,0.466,0.364,0.294,0.286,1.316,0.28,0.566,0.328,0.348,0.346,0.112,0.316,0.692,0.384,0.298,0.342,1.446,0.566,0.136
21:01:00,0.312,0.506,0.586,0.358,0.718,0.312,0.312,0.404,0.514,0.446,0.714,0.306,0.338,0.964,0.192,0.604,0.332,0.434,0.382,2.48,0.47,0.466,0.364,0.294,0.286,1.316,0.28,0.566,0.328,0.348,0.346,0.112,0.316,0.692,0.384,0.298,0.342,1.446,0.566,0.136
21:02:00,0.312,0.506,0.586,0.358,0.718,0.312,0.312,0.404,0.514,0.446,0.714,0.306,0.338,0.964,0.192,0.604,0.332,0.434,0.382,2.48,0.47,0.466,0.364,0.294,0.286,1.316,0.28,0.566,0.328,0.348,0.346,0.112,0.316,0.692,0.384,0.298,0.342,1.446,0.566,0.136
21:03:00,0.312,0.506,0.586,0.358,0.718,0.312,0.312,0.404,0.514,0.446,0.714,0.306,0.338,0.964,0.192,0.604,0.332,0.434,0.382,2.48,0.47,0.466,0.364,0.294,0.286,1.316,0.28,0.566,0.328,0.348,0.346,0.112,0.316,0.692,0.384,0.298,0.342,1.446,0.566,0.136
21:04:00,0.312,0.506,0.586,0.358,0.718,0.312,0.312,0.404,0.514,0.446,0.714,0.306,0.338,0.964,0.192,0.604,0.332,0.434,0.382,2.48,0.47,0.466,0.364,0.294,0.286,1.316,0.28,0.566,0.328,0.348,0.346,0.112,0.316,0.692,0.384,0.298,0.342,1.446,0.566,0.136
21:05:00,0.312,0.506,0.586,0.358,0.718,0.312,0.312,0.404,0.514,0.446,0.714,0.306,0.338,0.964,0.192,0.604,0.332,0.434,0.382,2.48,0.47,0.466,0.364,0.294,0.286,1.316,0.28,0.566,0.328,0.348,0.346,0.112,0.316,0.692,0.384,0.298,0.342,1.446,0.566,0.136
21:06:00,0.312,0.506,0.586,0.358,0.718,0.312,0.312,0.404,0.514,0.446,0.714,0.306,0.338,0.964,0.192,0.604,0.332,0.434,0.382,2.48,0.47,0.466,0.364,0.294,0.286,1.316,0.28,0.566,0.328,0.348,0.346,0.112,0.316,0.692,0.384,0.298,0.342,1.446,0.566,0.136
21:07:00,0.312,0.506,0.586,0.358,0.718,0.312,0.312,0.404,0.514,0.446,0.714,0.306,0.338,0.964,0.192,0.604,0.332,0.434,0.382,2.48,0.47,0.466,0.364,0.294,0.286,1.316,0.28,0.566,0.328,0.348,0.346,0.112,0.316,0.692,0.384,0.298,0.342,1.446,0.566,0.136
21:08:00,0.312,0.506,0.586,0.358,0.718,0.312,0.312,0.404,0.514,0.446,0.714,0.306,0.338,0.964,0.192,0.604,0.332,0.434,0.382,2.48,0.47,0.466,0.364,0.294,0.286,1.316,0.28,0.566,0.328,0.348,0.346,0.112,0.316,0.692,0.384,0.298,0.342,1.446,0.566,0.136
21:09:00,0.312,0.506,0.586,0.358,0.718,0.312,0.312,0.404,0.514,0.446,0.714,0.306,0.338,0.964,0.192,0.604,0.332,0.434,0.382,2.48,0.47,0.466,0.364,0.294,0.286,1.316,0.28,0.566,0.328,0.348,0.346,0.112,0.316,0.692,0.384,0.298,0.342,1.446,0.566,0.136
21:10:00,0.312,0.506,0.586,0.358,0.718,0.312,0.312,0.404,0.514,0.446,0.714,0.306,0.338,0.964,0.192,0.604,0.332,0.434,0.382,2.48,0.47,0.466,0.364,0.294,0.286,1.316,0.28,0.566,0.328,0.348,0.346,0.112,0.316,0.692,0.384,0.298,0.342,1.446,0.566,0.136
21:11:00,0.312,0.506,0.586,0.358,0.718,0.312,0.312,0.404,0.514,0.446,0.714,0.306,0.338,0.964,0.192,0.604,0.332,0.434,0.382,2.48,0.47,0.466,0.364,0.294,0.286,1.316,0.28,0.566,0.328,0.348,0.346,0.112,0.316,0.692,0.384,0.298,0.342,1.446,0.566,0.136
21:12:00,0.312,0.506,0.586,0.358,0.718,0.312,0.312,0.404,0.514,0.446,0.714,0.306,0.338,0.964,0.192,0.604,0.332,0.434,0.382,2.48,0.47,0.466,0.364,0.294,0.286,1.316,0.28,0.566,0.328,0.348,0.346,0.112,0.316,0.692,0.384,0.298,0.342,1.446,0.566,0.136
21:13:00,0.312,0.506,0.586,0.358,0.718,0.312,0.312,0.404,0.514,0.446,0.714,0.306,0.338,0.964,0.192,0.604,0.332,0.434,0.382,2.48,0.47,0.466,0.364,0.294,0.286,1.316,0.28,0.566,0.328,0.348,0.346,0.112,0.316,0.692,0.384,0.298,0.342,1.446,0.566,0.136
21:14:00,0.312,0.506,0.586,0.358,0.718,0.312,0.312,0.404,0.514,0.446,0.714,0.306,0.338,0.964,0.192,0.604,0.332,0.434,0.382,2.48,0.47,0.466,0.364,0.294,0.286,1.316,0.28,0.566,0.328,0.348,0.346,0.112,0.316,0.692,0.384,0.298,0.342,1.446,0.566,0.136
21:15:00,0.312,0.506,0.586,0.358,0.718,0.312,0.312,0.404,0.514,0.446,0.714,0.306,0.338,0.964,0.192,0.604,0.332,0.434,0.382,2.48,0.47,0.466,0.364,0.294,0.286,1.316,0.28,0.566,0.328,0.348,0.346,0.112,0.316,0.692,0.384,0.298,0.342,1.446,0.566,0.136
21:16:00,0.312,0.506,0.586,0.358,0.718,0.312,0.312,0.404,0.514,0.446,0.714,0.306,0.338,0.964,0.192,0.604,0.332,0.434,0.382,2.48,0.47,0.466,0.364,0.294,0.286,1.316,0.28,0.566,0.328,0.348,0.346,0.112,0.316,0.692,0.384,0.298,0.342,1.446,0.566,0.136
21:17:00,0.312,0.506,0.586,0.358,0.718,0.312,0.312,0.404,0.514,0.446,0.714,0.306,0.338,0.964,0.192,0.604,0.332,0.434,0.382,2.48,0.47,0.466,0.364,0.294,0.286,1.316,0.28,0.566,0.328,0.348,0.346,0.112,0.316,0.692,0.384,0.298,0.342,1.446,0.566,0.136
21:18:00,0.312,0.506,0.586,0.358,0.718,0.312,0.312,0.404,0.514,0.446,0.714,0.306,0.338,0.964,0.192,0.604,0.332,0.434,0.382,2.48,0.47,0.466,0.364,0.294,0.286,1.316,0.28,0.566,0.328,0.348,0.346,0.112,0.316,0.692,0.384,0.298,0.342,1.446,0.566,0.136
21:19:00,0.312,0.506,0.586,0.358,0.718,0.312,0.312,0.404,0.514,0.446,0.714,0.306,0.338,0.964,0.192,0.604,0.332,0.434,0.382,2.48,0.47,0.466,0.364,0.294,0.286,1.316,0.28,0.566,0.328,0.348,0.346,0.112,0.316,0.692,0.384,0.298,0.342,1.446,0.566,0.136
21:20:00,0.312,0.506,0.586,0.358,0.718,0.312,0.312,0.404,0.514,0.446,0.714,0.306,0.338,0.964,0.192,0.604,0.332,0.434,0.382,2.48,0.47,0.466,0.364,0.294,0.286,1.316,0.28,0.566,0.328,0.348,0.346,0.112,0.316,0.692,0.384,0.298,0.342,1.446,0.566,0.136
21:21:00,0.312,0.506,0.586,0.358,0.718,0.312,0.312,0.404,0.514,0.446,0.714,0.306,0.338,0.964,0.192,0.604,0.332,0.434,0.382,2.48,0.47,0.466,0.364,0.294,0.286,1.316,0.28,0.566,0.328,0.348,0.346,0.112,0.316,0.692,0.384,0.298,0.342,1.446,0.566,0.136
21:22:00,0.312,0.506,0.586,0.358,0.718,0.312,0.312,0.404,0.514,0.446,0.714,0.306,0.338,0.964,0.192,0.604,0.332,0.434,0.382,2.48,0.47,0.466,0.364,0.294,0.286,1.316,0.28,0.566,0.328,0.348,0.346,0.112,0.316,0.692,0.384,0.298,0.342,1.446,0.566,0.136
21:23:00,0.312,0.506,0.586,0.358,0.718,0.312,0.312,0.404,0.514,0.446,0.714,0.306,0.338,0.964,0.192,0.604,0.332,0.434,0.382,2.48,0.47,0.466,0.364,0.294,0.286,1.316,0.28,0.566,0.328,0.348,0.346,0.112,0.316,0.692,0.384,0.298,0.342,1.446,0.566,0.136
21:24:00,0.312,0.506,0.586,0.358,0.718,0.312,0.312,0.404,0.514,0.446,0.714,0.306,0.338,0.964,0.192,0.604,0.332,0.434,0.382,2.48,0.47,0.466,0.364,0.294,0.286,1.316,0.28,0.566,0.328,0.348,0.346,0.112,0.316,0.692,0.384,0.298,0.342,1.446,0.566,0.136
21:25:00,0.312,0.506,0.586,0.358,0.718,0.312,0.312,0.404,0.514,0.446,0.714,0.306,0.338,0.964,0.192,0.604,0.332,0.434,0.382,2.48,0.47,0.466,0.364,0.294,0.286,1.316,0.28,0.566,0.328,0.348,0.346,0.112,0.316,0.692,0.384,0.298,0.342,1.446,0.566,0.136
21:26:00,0.312,0.506,0.586,0.358,0.718,0.312,0.312,0.404,0.514,0.446,0.714,0.306,0.338,0.964,0.192,0.604,0.332,0.434,0.382,2.48,0.47,0.466,0.364,0.294,0.286,1.316,0.28,0.566,0.328,0.348,0.346,0.112,0.316,0.692,0.384,0.298,0.342,1.446,0.566,0.136
21:27:00,0.312,0.506,0.586,0.358,0.718,0.312,0.312,0.404,0.514,0.446,0.714,0.306,0.338,0.964,0.192,0.604,0.332,0.434,0.382,2.48,0.47,0.466,0.364,0.294,0.286,1.316,0.28,0.566,0.328,0.348,0.346,0.112,0.316,0.692,0.384,0.298,0.342,1.446,0.566,0.136
21:28:00,0.312,0.506,0.586,0.358,0.718,0.312,0.312,0.404,0.514,0.446,0.714,0.306,0.338,0.964,0.192,0.604,0.332,0.434,0.382,2.48,0.47,0.466,0.364,0.294,0.286,1.316,0.28,0.566,0.328,0.348,0.346,0.112,0.316,0.692,0.384,0.298,0.342,1.446,0.566,0.136
21:29:00,0.312,0.506,0.586,0.358,0.718,0.312,0.312,0.404,0.514,0.446,0.714,0.306,0.338,0.964,0.192,0.604,0.332,0.434,0.382,2.48,0.47,0.466,0.364,0.294,0.286,1.316,0.28,0.566,0.328,0.348,0.346,0.112,0.316,0.692,0.384,0.298,0.342,1.446,0.566,0.136
21:30:00,0.336,0.356,0.418,0.356,0.618,0.366,0.352,0.372,0.426,0.42,1.028,0.292,0.318,0.226,0.194,0.478,0.28,0.638,0.424,0.874,0.708,0.612,0.362,0.4,0.062,1.24,0.314,0.358,0.882,0.414,0.43,0.11,0.314,0.81,0.262,0.212,0.432,1.242,0.818,0.13
21:31:00,0.336,0.356,0.418,0.356,0.618,0.366,0.352,0.372,0.426,0.42,1.028,0.292,0.318,0.226,0.194,0.478,0.28,0.638,0.424,0.874,0.708,0.612,0.362,0.4,0.062,1.24,0.314,0.358,0.882,0.414,0.43,0.11,0.314,0.81,0.262,0.212,0.432,1.242,0.818,0.13
21:32:00,0.336,0.356,0.418,0.356,0.618,0.366,0.352,0.372,0.426,0.42,1.028,0.292,0.318,0.226,0.194,0.478,0.28,0.638,0.424,0.874,0.708,0.612,0.362,0.4,0.062,1.24,0.314,0.358,0.882,0.414,0.43,0.11,0.314,0.81,0.262,0.212,0.432,1.242,0.818,0.13
21:33:00,0.336,0.356,0.418,0.356,0.618,0.366,0.352,0.372,0.426,0.42,1.028,0.292,0.318,0.226,0.194,0.478,0.28,0.638,0.424,0.874,0.708,0.612,0.362,0.4,0.062,1.24,0.314,0.358,0.882,0.414,0.43,0.11,0.314,0.81,0.262,0.212,0.432,1.242,0.818,0.13
21:34:00,0.336,0.356,0.418,0.356,0.618,0.366,0.352,0.372,0.426,0.42,1.028,0.292,0.318,0.226,0.194,0.478,0.28,0.638,0.424,0.874,0.708,0.612,0.362,0.4,0.062,1.24,0.314,0.358,0.882,0.414,0.43,0.11,0.314,0.81,0.262,0.212,0.432,1.242,0.818,0.13
21:35:00,0.336,0.356,0.418,0.356,0.618,0.366,0.352,0.372,0.426,0.42,1.028,0.292,0.318,0.226,0.194,0.478,0.28,0.638,0.424,0.874,0.708,0.612,0.362,0.4,0.062,1.24,0.314,0.358,0.882,0.414,0.43,0.11,0.314,0.81,0.262,0.212,0.432,1.242,0.818,0.13
21:36:00,0.336,0.356,0.418,0.356,0.618,0.366,0.352,0.372,0.426,0.42,1.028,0.292,0.318,0.226,0.194,0.478,0.28,0.638,0.424,0.874,0.708,0.612,0.362,0.4,0.062,1.24,0.314,0.358,0.882,0.414,0.43,0.11,0.314,0.81,0.262,0.212,0.432,1.242,0.818,0.13
21:37:00,0.336,0.356,0.418,0.356,0.618,0.366,0.352,0.372,0.426,0.42,1.028,0.292,0.318,0.226,0.194,0.478,0.28,0.638,0.424,0.874,0.708,0.612,0.362,0.4,0.062,1.24,0.314,0.358,0.882,0.414,0.43,0.11,0.314,0.81,0.262,0.212,0.432,1.242,0.818,0.13
21:38:00,0.336,0.356,0.418,0.356,0.618,0.366,0.352,0.372,0.426,0.42,1.028,0.292,0.318,0.226,0.194,0.478,0.28,0.638,0.424,0.874,0.708,0.612,0.362,0.4,0.062,1.24,0.314,0.358,0.882,0.414,0.43,0.11,0.314,0.81,0.262,0.212,0.432,1.242,0.818,0.13
21:39:00,0.336,0.356,0.418,0.356,0.618,0.366,0.352,0.372,0.426,0.42,1.028,0.292,0.318,0.226,0.194,0.478,0.28,0.638,0.424,0.874,0.708,0.612,0.362,0.4,0.062,1.24,0.314,0.358,0.882,0.414,0.43,0.11,0.314,0.81,0.262,0.212,0.432,1.242,0.818,0.13
21:40:00,0.336,0.356,0.418,0.356,0.618,0.366,0.352,0.372,0.426,0.42,1.028,0.292,0.318,0.226,0.194,0.478,0.28,0.638,0.424,0.874,0.708,0.612,0.362,0.4,0.062,1.24,0.314,0.358,0.882,0.414,0.43,0.11,0.314,0.81,0.262,0.212,0.432,1.242,0.818,0.13
21:41:00,0.336,0.356,0.418,0.356,0.618,0.366,0.352,0.372,0.426,0.42,1.028,0.292,0.318,0.226,0.194,0.478,0.28,0.638,0.424,0.874,0.708,0.612,0.362,0.4,0.062,1.24,0.314,0.358,0.882,0.414,0.43,0.11,0.314,0.81,0.262,0.212,0.432,1.242,0.818,0.13
21:42:00,0.336,0.356,0.418,0.356,0.618,0.366,0.352,0.372,0.426,0.42,1.028,0.292,0.318,0.226,0.194,0.478,0.28,0.638,0.424,0.874,0.708,0.612,0.362,0.4,0.062,1.24,0.314,0.358,0.882,0.414,0.43,0.11,0.314,0.81,0.262,0.212,0.432,1.242,0.818,0.13
21:43:00,0.336,0.356,0.418,0.356,0.618,0.366,0.352,0.372,0.426,0.42,1.028,0.292,0.318,0.226,0.194,0.478,0.28,0.638,0.424,0.874,0.708,0.612,0.362,0.4,0.062,1.24,0.314,0.358,0.882,0.414,0.43,0.11,0.314,0.81,0.262,0.212,0.432,1.242,0.818,0.13
21:44:00,0.336,0.356,0.418,0.356,0.618,0.366,0.352,0.372,0.426,0.42,1.028,0.292,0.318,0.226,0.194,0.478,0.28,0.638,0.424,0.874,0.708,0.612,0.362,0.4,0.062,1.24,0.314,0.358,0.882,0.414,0.43,0.11,0.314,0.81,0.262,0.212,0.432,1.242,0.818,0.13
21:45:00,0.336,0.356,0.418,0.356,0.618,0.366,0.352,0.372,0.426,0.42,1.028,0.292,0.318,0.226,0.194,0.478,0.28,0.638,0.424,0.874,0.708,0.612,0.362,0.4,0.062,1.24,0.314,0.358,0.882,0.414,0.43,0.11,0.314,0.81,0.262,0.212,0.432,1.242,0.818,0.13
21:46:00,0.336,0.356,0.418,0.356,0.618,0.366,0.352,0.372,0.426,0.42,1.028,0.292,0.318,0.226,0.194,0.478,0.28,0.638,0.424,0.874,0.708,0.612,0.362,0.4,0.062,1.24,0.314,0.358,0.882,0.414,0.43,0.11,0.314,0.81,0.262,0.212,0.432,1.242,0.818,0.13
21:47:00,0.336,0.356,0.418,0.356,0.618,0.366,0.352,0.372,0.426,0.42,1.028,0.292,0.318,0.226,0.194,0.478,0.28,0.638,0.424,0.874,0.708,0.612,0.362,0.4,0.062,1.24,0.314,0.358,0.882,0.414,0.43,0.11,0.314,0.81,0.262,0.212,0.432,1.242,0.818,0.13
21:48:00,0.336,0.356,0.418,0.356,0.618,0.366,0.352,0.372,0.426,0.42,1.028,0.292,0.318,0.226,0.194,0.478,0.28,0.638,0.424,0.874,0.708,0.612,0.362,0.4,0.062,1.24,0.314,0.358,0.882,0.414,0.43,0.11,0.314,0.81,0.262,0.212,0.432,1.242,0.818,0.13
21:49:00,0.336,0.356,0.418,0.356,0.618,0.366,0.352,0.372,0.426,0.42,1.028,0.292,0.318,0.226,0.194,0.478,0.28,0.638,0.424,0.874,0.708,0.612,0.362,0.4,0.062,1.24,0.314,0.358,0.882,0.414,0.43,0.11,0.314,0.81,0.262,0.212,0.432,1.242,0.818,0.13
21:50:00,0.336,0.356,0.418,0.356,0.618,0.366,0.352,0.372,0.426,0.42,1.028,0.292,0.318,0.226,0.194,0.478,0.28,0.638,0.424,0.874,0.708,0.612,0.362,0.4,0.062,1.24,0.314,0.358,0.882,0.414,0.43,0.11,0.314,0.81,0.262,0.212,0.432,1.242,0.818,0.13
21:51:00,0.336,0.356,0.418,0.356,0.618,0.366,0.352,0.372,0.426,0.42,1.028,0.292,0.318,0.226,0.194,0.478,0.28,0.638,0.424,0.874,0.708,0.612,0.362,0.4,0.062,1.24,0.314,0.358,0.882,0.414,0.43,0.11,0.314,0.81,0.262,0.212,0.432,1.242,0.818,0.13
21:52:00,0.336,0.356,0.418,0.356,0.618,0.366,0.352,0.372,0.426,0.42,1.028,0.292,0.318,0.226,0.194,0.478,0.28,0.638,0.424,0.874,0.708,0.612,0.362,0.4,0.062,1.24,0.314,0.358,0.882,0.414,0.43,0.11,0.314,0.81,0.262,0.212,0.432,1.242,0.818,0.13
21:53:00,0.336,0.356,0.418,0.356,0.618,0.366,0.352,0.372,0.426,0.42,1.028,0.292,0.318,0.226,0.194,0.478,0.28,0.638,0.424,0.874,0.708,0.612,0.362,0.4,0.062,1.24,0.314,0.358,0.882,0.414,0.43,0.11,0.314,0.81,0.262,0.212,0.432,1.242,0.818,0.13
21:54:00,0.336,0.356,0.418,0.356,0.618,0.366,0.352,0.372,0.426,0.42,1.028,0.292,0.318,0.226,0.194,0.478,0.28,0.638,0.424,0.874,0.708,0.612,0.362,0.4,0.062,1.24,0.314,0.358,0.882,0.414,0.43,0.11,0.314,0.81,0.262,0.212,0.432,1.242,0.818,0.13
21:55:00,0.336,0.356,0.418,0.356,0.618,0.366,0.352,0.372,0.426,0.42,1.028,0.292,0.318,0.226,0.194,0.478,0.28,0.638,0.424,0.874,0.708,0.612,0.362,0.4,0.062,1.24,0.314,0.358,0.882,0.414,0.43,0.11,0.314,0.81,0.262,0.212,0.432,1.242,0.818,0.13
21:56:00,0.336,0.356,0.418,0.356,0.618,0.366,0.352,0.372,0.426,0.42,1.028,0.292,0.318,0.226,0.194,0.478,0.28,0.638,0.424,0.874,0.708,0.612,0.362,0.4,0.062,1.24,0.314,0.358,0.882,0.414,0.43,0.11,0.314,0.81,0.262,0.212,0.432,1.242,0.818,0.13
21:57:00,0.336,0.356,0.418,0.356,0.618,0.366,0.352,0.372,0.426,0.42,1.028,0.292,0.318,0.226,0.194,0.478,0.28,0.638,0.424,0.874,0.708,0.612,0.362,0.4,0.062,1.24,0.314,0.358,0.882,0.414,0.43,0.11,0.314,0.81,0.262,0.212,0.432,1.242,0.818,0.13
21:58:00,0.336,0.356,0.418,0.356,0.618,0.366,0.352,0.372,0.426,0.42,1.028,0.292,0.318,0.226,0.194,0.478,0.28,0.638,0.424,0.874,0.708,0.612,0.362,0.4,0.062,1.24,0.314,0.358,0.882,0.414,0.43,0.11,0.314,0.81,0.262,0.212,0.432,1.242,0.818,0.13
21:59:00,0.336,0.356,0.418,0.356,0.618,0.366,0.352,0.372,0.426,0.42,1.028,0.292,0.318,0.226,0.194,0.478,0.28,0.638,0.424,0.874,0.708,0.612,0.362,0.4,0.062,1.24,0.314,0.358,0.882,0.414,0.43,0.11,0.314,0.81,0.262,0.212,0.432,1.242,0.818,0.13
22:00:00,0.212,0.326,0.434,1.626,0.634,0.28,0.35,0.424,0.342,0.42,0.644,0.226,0.362,0.326,0.302,0.386,0.306,0.262,0.342,0.63,0.448,0.428,0.446,0.422,0.118,1.188,0.336,0.36,0.182,0.87,0.53,0.306,0.266,0.784,0.304,0.588,0.61,0.332,0.612,0.132
22:01:00,0.212,0.326,0.434,1.626,0.634,0.28,0.35,0.424,0.342,0.42,0.644,0.226,0.362,0.326,0.302,0.386,0.306,0.262,0.342,0.63,0.448,0.428,0.446,0.422,0.118,1.188,0.336,0.36,0.182,0.87,0.53,0.306,0.266,0.784,0.304,0.588,0.61,0.332,0.612,0.132
22:02:00,0.212,0.326,0.434,1.626,0.634,0.28,0.35,0.424,0.342,0.42,0.644,0.226,0.362,0.326,0.302,0.386,0.306,0.262,0.342,0.63,0.448,0.428,0.446,0.422,0.118,1.188,0.336,0.36,0.182,0.87,0.53,0.306,0.266,0.784,0.304,0.588,0.61,0.332,0.612,0.132
22:03:00,0.212,0.326,0.434,1.626,0.634,0.28,0.35,0.424,0.342,0.42,0.644,0.226,0.362,0.326,0.302,0.386,0.306,0.262,0.342,0.63,0.448,0.428,0.446,0.422,0.118,1.188,0.336,0.36,0.182,0.87,0.53,0.306,0.266,0.784,0.304,0.588,0.61,0.332,0.612,0.132
22:04:00,0.212,0.326,0.434,1.626,0.634,0.28,0.35,0.424,0.342,0.42,0.644,0.226,0.362,0.326,0.302,0.386,0.306,0.262,0.342,0.63,0.448,0.428,0.446,0.422,0.118,1.188,0.336,0.36,0.182,0.87,0.53,0.306,0.266,0.784,0.304,0.588,0.61,0.332,0.612,0.132
22:05:00,0.212,0.326,0.434,1.626,0.634,0.28,0.35,0.424,0.342,0.42,0.644,0.226,0.362,0.326,0.302,0.386,0.306,0.262,0.342,0.63,0.448,0.428,0.446,0.422,0.118,1.188,0.336,0.36,0.182,0.87,0.53,0.306,0.266,0.784,0.304,0.588,0.61,0.332,0.612,0.132
22:06:00,0.212,0.326,0.434,1.626,0.634,0.28,0.35,0.424,0.342,0.42,0.644,0.226,0.362,0.326,0.302,0.386,0.306,0.262,0.342,0.63,0.448,0.428,0.446,0.422,0.118,1.188,0.336,0.36,0.182,0.87,0.53,0.306,0.266,0.784,0.304,0.588,0.61,0.332,0.612,0.132
22:07:00,0.212,0.326,0.434,1.626,0.634,0.28,0.35,0.424,0.342,0.42,0.644,0.226,0.362,0.326,0.302,0.386,0.306,0.262,0.342,0.63,0.448,0.428,0.446,0.422,0.118,1.188,0.336,0.36,0.182,0.87,0.53,0.306,0.266,0.784,0.304,0.588,0.61,0.332,0.612,0.132
22:08:00,0.212,0.326,0.434,1.626,0.634,0.28,0.35,0.424,0.342,0.42,0.644,0.226,0.362,0.326,0.302,0.386,0.306,0.262,0.342,0.63,0.448,0.428,0.446,0.422,0.118,1.188,0.336,0.36,0.182,0.87,0.53,0.306,0.266,0.784,0.304,0.588,0.61,0.332,0.612,0.132
22:09:00,0.212,0.326,0.434,1.626,0.634,0.28,0.35,0.424,0.342,0.42,0.644,0.226,0.362,0.326,0.302,0.386,0.306,0.262,0.342,0.63,0.448,0.428,0.446,0.422,0.118,1.188,0.336,0.36,0.182,0.87,0.53,0.306,0.266,0.784,0.304,0.588,0.61,0.332,0.612,0.132
22:10:00,0.212,0.326,0.434,1.626,0.634,0.28,0.35,0.424,0.342,0.42,0.644,0.226,0.362,0.326,0.302,0.386,0.306,0.262,0.342,0.63,0.448,0.428,0.446,0.422,0.118,1.188,0.336,0.36,0.182,0.87,0.53,0.306,0.266,0.784,0.304,0.588,0.61,0.332,0.612,0.132
22:11:00,0.212,0.326,0.434,1.626,0.634,0.28,0.35,0.424,0.342,0.42,0.644,0.226,0.362,0.326,0.302,0.386,0.306,0.262,0.342,0.63,0.448,0.428,0.446,0.422,0.118,1.188,0.336,0.36,0.182,0.87,0.53,0.306,0.266,0.784,0.304,0.588,0.61,0.332,0.612,0.132
22:12:00,0.212,0.326,0.434,1.626,0.634,0.28,0.35,0.424,0.342,0.42,0.644,0.226,0.362,0.326,0.302,0.386,0.306,0.262,0.342,0.63,0.448,0.428,0.446,0.422,0.118,1.188,0.336,0.36,0.182,0.87,0.53,0.306,0.266,0.784,0.304,0.588,0.61,0.332,0.612,0.132
22:13:00,0.212,0.326,0.434,1.626,0.634,0.28,0.35,0.424,0.342,0.42,0.644,0.226,0.362,0.326,0.302,0.386,0.306,0.262,0.342,0.63,0.448,0.428,0.446,0.422,0.118,1.188,0.336,0.36,0.182,0.87,0.53,0.306,0.266,0.784,0.304,0.588,0.61,0.332,0.612,0.132
22:14:00,0.212,0.326,0.434,1.626,0.634,0.28,0.35,0.424,0.342,0.42,0.644,0.226,0.362,0.326,0.302,0.386,0.306,0.262,0.342,0.63,0.448,0.428,0.446,0.422,0.118,1.188,0.336,0.36,0.182,0.87,0.53,0.306,0.266,0.784,0.304,0.588,0.61,0.332,0.612,0.132
22:15:00,0.212,0.326,0.434,1.626,0.634,0.28,0.35,0.424,0.342,0.42,0.644,0.226,0.362,0.326,0.302,0.386,0.306,0.262,0.342,0.63,0.448,0.428,0.446,0.422,0.118,1.188,0.336,0.36,0.182,0.87,0.53,0.306,0.266,0.784,0.304,0.588,0.61,0.332,0.612,0.132
22:16:00,0.212,0.326,0.434,1.626,0.634,0.28,0.35,0.424,0.342,0.42,0.644,0.226,0.362,0.326,0.302,0.386,0.306,0.262,0.342,0.63,0.448,0.428,0.446,0.422,0.118,1.188,0.336,0.36,0.182,0.87,0.53,0.306,0.266,0.784,0.304,0.588,0.61,0.332,0.612,0.132
22:17:00,0.212,0.326,0.434,1.626,0.634,0.28,0.35,0.424,0.342,0.42,0.644,0.226,0.362,0.326,0.302,0.386,0.306,0.262,0.342,0.63,0.448,0.428,0.446,0.422,0.118,1.188,0.336,0.36,0.182,0.87,0.53,0.306,0.266,0.784,0.304,0.588,0.61,0.332,0.612,0.132
22:18:00,0.212,0.326,0.434,1.626,0.634,0.28,0.35,0.424,0.342,0.42,0.644,0.226,0.362,0.326,0.302,0.386,0.306,0.262,0.342,0.63,0.448,0.428,0.446,0.422,0.118,1.188,0.336,0.36,0.182,0.87,0.53,0.306,0.266,0.784,0.304,0.588,0.61,0.332,0.612,0.132
22:19:00,0.212,0.326,0.434,1.626,0.634,0.28,0.35,0.424,0.342,0.42,0.644,0.226,0.362,0.326,0.302,0.386,0.306,0.262,0.342,0.63,0.448,0.428,0.446,0.422,0.118,1.188,0.336,0.36,0.182,0.87,0.53,0.306,0.266,0.784,0.304,0.588,0.61,0.332,0.612,0.132
22:20:00,0.212,0.326,0.434,1.626,0.634,0.28,0.35,0.424,0.342,0.42,0.644,0.226,0.362,0.326,0.302,0.386,0.306,0.262,0.342,0.63,0.448,0.428,0.446,0.422,0.118,1.188,0.336,0.36,0.182,0.87,0.53,0.306,0.266,0.784,0.304,0.588,0.61,0.332,0.612,0.132
22:21:00,0.212,0.326,0.434,1.626,0.634,0.28,0.35,0.424,0.342,0.42,0.644,0.226,0.362,0.326,0.302,0.386,0.306,0.262,0.342,0.63,0.448,0.428,0.446,0.422,0.118,1.188,0.336,0.36,0.182,0.87,0.53,0.306,0.266,0.784,0.304,0.588,0.61,0.332,0.612,0.132
22:22:00,0.212,0.326,0.434,1.626,0.634,0.28,0.35,0.424,0.342,0.42,0.644,0.226,0.362,0.326,0.302,0.386,0.306,0.262,0.342,0.63,0.448,0.428,0.446,0.422,0.118,1.188,0.336,0.36,0.182,0.87,0.53,0.306,0.266,0.784,0.304,0.588,0.61,0.332,0.612,0.132
22:23:00,0.212,0.326,0.434,1.626,0.634,0.28,0.35,0.424,0.342,0.42,0.644,0.226,0.362,0.326,0.302,0.386,0.306,0.262,0.342,0.63,0.448,0.428,0.446,0.422,0.118,1.188,0.336,0.36,0.182,0.87,0.53,0.306,0.266,0.784,0.304,0.588,0.61,0.332,0.612,0.132
22:24:00,0.212,0.326,0.434,1.626,0.634,0.28,0.35,0.424,0.342,0.42,0.644,0.226,0.362,0.326,0.302,0.386,0.306,0.262,0.342,0.63,0.448,0.428,0.446,0.422,0.118,1.188,0.336,0.36,0.182,0.87,0.53,0.306,0.266,0.784,0.304,0.588,0.61,0.332,0.612,0.132
22:25:00,0.212,0.326,0.434,1.626,0.634,0.28,0.35,0.424,0.342,0.42,0.644,0.226,0.362,0.326,0.302,0.386,0.306,0.262,0.342,0.63,0.448,0.428,0.446,0.422,0.118,1.188,0.336,0.36,0.182,0.87,0.53,0.306,0.266,0.784,0.304,0.588,0.61,0.332,0.612,0.132
22:26:00,0.212,0.326,0.434,1.626,0.634,0.28,0.35,0.424,0.342,0.42,0.644,0.226,0.362,0.326,0.302,0.386,0.306,0.262,0.342,0.63,0.448,0.428,0.446,0.422,0.118,1.188,0.336,0.36,0.182,0.87,0.53,0.306,0.266,0.784,0.304,0.588,0.61,0.332,0.612,0.132
22:27:00,0.212,0.326,0.434,1.626,0.634,0.28,0.35,0.424,0.342,0.42,0.644,0.226,0.362,0.326,0.302,0.386,0.306,0.262,0.342,0.63,0.448,0.428,0.446,0.422,0.118,1.188,0.336,0.36,0.182,0.87,0.53,0.306,0.266,0.784,0.304,0.588,0.61,0.332,0.612,0.132
22:28:00,0.212,0.326,0.434,1.626,0.634,0.28,0.35,0.424,0.342,0.42,0.644,0.226,0.362,0.326,0.302,0.386,0.306,0.262,0.342,0.63,0.448,0.428,0.446,0.422,0.118,1.188,0.336,0.36,0.182,0.87,0.53,0.306,0.266,0.784,0.304,0.588,0.61,0.332,0.612,0.132
22:29:00,0.212,0.326,0.434,1.626,0.634,0.28,0.35,0.424,0.342,0.42,0.644,0.226,0.362,0.326,0.302,0.386,0.306,0.262,0.342,0.63,0.448,0.428,0.446,0.422,0.118,1.188,0.336,0.36,0.182,0.87,0.53,0.306,0.266,0.784,0.304,0.588,0.61,0.332,0.612,0.132
22:30:00,0.246,0.218,0.644,0.374,0.602,0.346,0.436,0.504,0.378,0.47,0.426,0.294,0.398,0.308,0.47,0.34,0.358,0.632,0.362,0.798,0.442,0.458,0.42,0.37,0.078,1.174,0.232,0.364,0.102,0.476,0.36,0.052,0.128,0.72,0.264,0.474,0.506,0.352,0.812,0.124
22:31:00,0.246,0.218,0.644,0.374,0.602,0.346,0.436,0.504,0.378,0.47,0.426,0.294,0.398,0.308,0.47,0.34,0.358,0.632,0.362,0.798,0.442,0.458,0.42,0.37,0.078,1.174,0.232,0.364,0.102,0.476,0.36,0.052,0.128,0.72,0.264,0.474,0.506,0.352,0.812,0.124
22:32:00,0.246,0.218,0.644,0.374,0.602,0.346,0.436,0.504,0.378,0.47,0.426,0.294,0.398,0.308,0.47,0.34,0.358,0.632,0.362,0.798,0.442,0.458,0.42,0.37,0.078,1.174,0.232,0.364,0.102,0.476,0.36,0.052,0.128,0.72,0.264,0.474,0.506,0.352,0.812,0.124
22:33:00,0.246,0.218,0.644,0.374,0.602,0.346,0.436,0.504,0.378,0.47,0.426,0.294,0.398,0.308,0.47,0.34,0.358,0.632,0.362,0.798,0.442,0.458,0.42,0.37,0.078,1.174,0.232,0.364,0.102,0.476,0.36,0.052,0.128,0.72,0.264,0.474,0.506,0.352,0.812,0.124
22:34:00,0.246,0.218,0.644,0.374,0.602,0.346,0.436,0.504,0.378,0.47,0.426,0.294,0.398,0.308,0.47,0.34,0.358,0.632,0.362,0.798,0.442,0.458,0.42,0.37,0.078,1.174,0.232,0.364,0.102,0.476,0.36,0.052,0.128,0.72,0.264,0.474,0.506,0.352,0.812,0.124
22:35:00,0.246,0.218,0.644,0.374,0.602,0.346,0.436,0.504,0.378,0.47,0.426,0.294,0.398,0.308,0.47,0.34,0.358,0.632,0.362,0.798,0.442,0.458,0.42,0.37,0.078,1.174,0.232,0.364,0.102,0.476,0.36,0.052,0.128,0.72,0.264,0.474,0.506,0.352,0.812,0.124
22:36:00,0.246,0.218,0.644,0.374,0.602,0.346,0.436,0.504,0.378,0.47,0.426,0.294,0.398,0.308,0.47,0.34,0.358,0.632,0.362,0.798,0.442,0.458,0.42,0.37,0.078,1.174,0.232,0.364,0.102,0.476,0.36,0.052,0.128,0.72,0.264,0.474,0.506,0.352,0.812,0.124
22:37:00,0.246,0.218,0.644,0.374,0.602,0.346,0.436,0.504,0.378,0.47,0.426,0.294,0.398,0.308,0.47,0.34,0.358,0.632,0.362,0.798,0.442,0.458,0.42,0.37,0.078,1.174,0.232,0.364,0.102,0.476,0.36,0.052,0.128,0.72,0.264,0.474,0.506,0.352,0.812,0.124
22:38:00,0.246,0.218,0.644,0.374,0.602,0.346,0.436,0.504,0.378,0.47,0.426,0.294,0.398,0.308,0.47,0.34,0.358,0.632,0.362,0.798,0.442,0.458,0.42,0.37,0.078,1.174,0.232,0.364,0.102,0.476,0.36,0.052,0.128,0.72,0.264,0.474,0.506,0.352,0.812,0.124
22:39:00,0.246,0.218,0.644,0.374,0.602,0.346,0.436,0.504,0.378,0.47,0.426,0.294,0.398,0.308,0.47,0.34,0.358,0.632,0.362,0.798,0.442,0.458,0.42,0.37,0.078,1.174,0.232,0.364,0.102,0.476,0.36,0.052,0.128,0.72,0.264,0.474,0.506,0.352,0.812,0.124
22:40:00,0.246,0.218,0.644,0.374,0.602,0.346,0.436,0.504,0.378,0.47,0.426,0.294,0.398,0.308,0.47,0.34,0.358,0.632,0.362,0.798,0.442,0.458,0.42,0.37,0.078,1.174,0.232,0.364,0.102,0.476,0.36,0.052,0.128,0.72,0.264,0.474,0.506,0.352,0.812,0.124
22:41:00,0.246,0.218,0.644,0.374,0.602,0.346,0.436,0.504,0.378,0.47,0.426,0.294,0.398,0.308,0.47,0.34,0.358,0.632,0.362,0.798,0.442,0.458,0.42,0.37,0.078,1.174,0.232,0.364,0.102,0.476,0.36,0.052,0.128,0.72,0.264,0.474,0.506,0.352,0.812,0.124
22:42:00,0.246,0.218,0.644,0.374,0.602,0.346,0.436,0.504,0.378,0.47,0.426,0.294,0.398,0.308,0.47,0.34,0.358,0.632,0.362,0.798,0.442,0.458,0.42,0.37,0.078,1.174,0.232,0.364,0.102,0.476,0.36,0.052,0.128,0.72,0.264,0.474,0.506,0.352,0.812,0.124
22:43:00,0.246,0.218,0.644,0.374,0.602,0.346,0.436,0.504,0.378,0.47,0.426,0.294,0.398,0.308,0.47,0.34,0.358,0.632,0.362,0.798,0.442,0.458,0.42,0.37,0.078,1.174,0.232,0.364,0.102,0.476,0.36,0.052,0.128,0.72,0.264,0.474,0.506,0.352,0.812,0.124
22:44:00,0.246,0.218,0.644,0.374,0.602,0.346,0.436,0.504,0.378,0.47,0.426,0.294,0.398,0.308,0.47,0.34,0.358,0.632,0.362,0.798,0.442,0.458,0.42,0.37,0.078,1.174,0.232,0.364,0.102,0.476,0.36,0.052,0.128,0.72,0.264,0.474,0.506,0.352,0.812,0.124
22:45:00,0.246,0.218,0.644,0.374,0.602,0.346,0.436,0.504,0.378,0.47,0.426,0.294,0.398,0.308,0.47,0.34,0.358,0.632,0.362,0.798,0.442,0.458,0.42,0.37,0.078,1.174,0.232,0.364,0.102,0.476,0.36,0.052,0.128,0.72,0.264,0.474,0.506,0.352,0.812,0.124
22:46:00,0.246,0.218,0.644,0.374,0.602,0.346,0.436,0.504,0.378,0.47,0.426,0.294,0.398,0.308,0.47,0.34,0.358,0.632,0.362,0.798,0.442,0.458,0.42,0.37,0.078,1.174,0.232,0.364,0.102,0.476,0.36,0.052,0.128,0.72,0.264,0.474,0.506,0.352,0.812,0.124
22:47:00,0.246,0.218,0.644,0.374,0.602,0.346,0.436,0.504,0.378,0.47,0.426,0.294,0.398,0.308,0.47,0.34,0.358,0.632,0.362,0.798,0.442,0.458,0.42,0.37,0.078,1.174,0.232,0.364,0.102,0.476,0.36,0.052,0.128,0.72,0.264,0.474,0.506,0.352,0.812,0.124
22:48:00,0.246,0.218,0.644,0.374,0.602,0.346,0.436,0.504,0.378,0.47,0.426,0.294,0.398,0.308,0.47,0.34,0.358,0.632,0.362,0.798,0.442,0.458,0.42,0.37,0.078,1.174,0.232,0.364,0.102,0.476,0.36,0.052,0.128,0.72,0.264,0.474,0.506,0.352,0.812,0.124
22:49:00,0.246,0.218,0.644,0.374,0.602,0.346,0.436,0.504,0.378,0.47,0.426,0.294,0.398,0.308,0.47,0.34,0.358,0.632,0.362,0.798,0.442,0.458,0.42,0.37,0.078,1.174,0.232,0.364,0.102,0.476,0.36,0.052,0.128,0.72,0.264,0.474,0.506,0.352,0.812,0.124
22:50:00,0.246,0.218,0.644,0.374,0.602,0.346,0.436,0.504,0.378,0.47,0.426,0.294,0.398,0.308,0.47,0.34,0.358,0.632,0.362,0.798,0.442,0.458,0.42,0.37,0.078,1.174,0.232,0.364,0.102,0.476,0.36,0.052,0.128,0.72,0.264,0.474,0.506,0.352,0.812,0.124
22:51:00,0.246,0.218,0.644,0.374,0.602,0.346,0.436,0.504,0.378,0.47,0.426,0.294,0.398,0.308,0.47,0.34,0.358,0.632,0.362,0.798,0.442,0.458,0.42,0.37,0.078,1.174,0.232,0.364,0.102,0.476,0.36,0.052,0.128,0.72,0.264,0.474,0.506,0.352,0.812,0.124
22:52:00,0.246,0.218,0.644,0.374,0.602,0.346,0.436,0.504,0.378,0.47,0.426,0.294,0.398,0.308,0.47,0.34,0.358,0.632,0.362,0.798,0.442,0.458,0.42,0.37,0.078,1.174,0.232,0.364,0.102,0.476,0.36,0.052,0.128,0.72,0.264,0.474,0.506,0.352,0.812,0.124
22:53:00,0.246,0.218,0.644,0.374,0.602,0.346,0.436,0.504,0.378,0.47,0.426,0.294,0.398,0.308,0.47,0.34,0.358,0.632,0.362,0.798,0.442,0.458,0.42,0.37,0.078,1.174,0.232,0.364,0.102,0.476,0.36,0.052,0.128,0.72,0.264,0.474,0.506,0.352,0.812,0.124
22:54:00,0.246,0.218,0.644,0.374,0.602,0.346,0.436,0.504,0.378,0.47,0.426,0.294,0.398,0.308,0.47,0.34,0.358,0.632,0.362,0.798,0.442,0.458,0.42,0.37,0.078,1.174,0.232,0.364,0.102,0.476,0.36,0.052,0.128,0.72,0.264,0.474,0.506,0.352,0.812,0.124
22:55:00,0.246,0.218,0.644,0.374,0.602,0.346,0.436,0.504,0.378,0.47,0.426,0.294,0.398,0.308,0.47,0.34,0.358,0.632,0.362,0.798,0.442,0.458,0.42,0.37,0.078,1.174,0.232,0.364,0.102,0.476,0.36,0.052,0.128,0.72,0.264,0.474,0.506,0.352,0.812,0.124
22:56:00,0.246,0.218,0.644,0.374,0.602,0.346,0.436,0.504,0.378,0.47,0.426,0.294,0.398,0.308,0.47,0.34,0.358,0.632,0.362,0.798,0.442,0.458,0.42,0.37,0.078,1.174,0.232,0.364,0.102,0.476,0.36,0.052,0.128,0.72,0.264,0.474,0.506,0.352,0.812,0.124
22:57:00,0.246,0.218,0.644,0.374,0.602,0.346,0.436,0.504,0.378,0.47,0.426,0.294,0.398,0.308,0.47,0.34,0.358,0.632,0.362,0.798,0.442,0.458,0.42,0.37,0.078,1.174,0.232,0.364,0.102,0.476,0.36,0.052,0.128,0.72,0.264,0.474,0.506,0.352,0.812,0.124
22:58:00,0.246,0.218,0.644,0.374,0.602,0.346,0.436,0.504,0.378,0.47,0.426,0.294,0.398,0.308,0.47,0.34,0.358,0.632,0.362,0.798,0.442,0.458,0.42,0.37,0.078,1.174,0.232,0.364,0.102,0.476,0.36,0.052,0.128,0.72,0.264,0.474,0.506,0.352,0.812,0.124
22:59:00,0.246,0.218,0.644,0.374,0.602,0.346,0.436,0.504,0.378,0.47,0.426,0.294,0.398,0.308,0.47,0.34,0.358,0.632,0.362,0.798,0.442,0.458,0.42,0.37,0.078,1.174,0.232,0.364,0.102,0.476,0.36,0.052,0.128,0.72,0.264,0.474,0.506,0.352,0.812,0.124
23:00:00,0.892,0.17,0.336,0.494,0.536,0.168,0.358,0.396,0.358,0.488,0.332,0.31,1.004,0.188,0.626,0.2,0.214,0.352,0.312,0.764,0.278,0.538,0.51,0.186,0.104,1.212,0.302,0.356,0.09,0.216,0.282,1.354,0.106,0.754,0.128,0.676,0.486,0.298,0.832,0.12
23:01:00,0.892,0.17,0.336,0.494,0.536,0.168,0.358,0.396,0.358,0.488,0.332,0.31,1.004,0.188,0.626,0.2,0.214,0.352,0.312,0.764,0.278,0.538,0.51,0.186,0.104,1.212,0.302,0.356,0.09,0.216,0.282,1.354,0.106,0.754,0.128,0.676,0.486,0.298,0.832,0.12
23:02:00,0.892,0.17,0.336,0.494,0.536,0.168,0.358,0.396,0.358,0.488,0.332,0.31,1.004,0.188,0.626,0.2,0.214,0.352,0.312,0.764,0.278,0.538,0.51,0.186,0.104,1.212,0.302,0.356,0.09,0.216,0.282,1.354,0.106,0.754,0.128,0.676,0.486,0.298,0.832,0.12
23:03:00,0.892,0.17,0.336,0.494,0.536,0.168,0.358,0.396,0.358,0.488,0.332,0.31,1.004,0.188,0.626,0.2,0.214,0.352,0.312,0.764,0.278,0.538,0.51,0.186,0.104,1.212,0.302,0.356,0.09,0.216,0.282,1.354,0.106,0.754,0.128,0.676,0.486,0.298,0.832,0.12
23:04:00,0.892,0.17,0.336,0.494,0.536,0.168,0.358,0.396,0.358,0.488,0.332,0.31,1.004,0.188,0.626,0.2,0.214,0.352,0.312,0.764,0.278,0.538,0.51,0.186,0.104,1.212,0.302,0.356,0.09,0.216,0.282,1.354,0.106,0.754,0.128,0.676,0.486,0.298,0.832,0.12
23:05:00,0.892,0.17,0.336,0.494,0.536,0.168,0.358,0.396,0.358,0.488,0.332,0.31,1.004,0.188,0.626,0.2,0.214,0.352,0.312,0.764,0.278,0.538,0.51,0.186,0.104,1.212,0.302,0.356,0.09,0.216,0.282,1.354,0.106,0.754,0.128,0.676,0.486,0.298,0.832,0.12
23:06:00,0.892,0.17,0.336,0.494,0.536,0.168,0.358,0.396,0.358,0.488,0.332,0.31,1.004,0.188,0.626,0.2,0.214,0.352,0.312,0.764,0.278,0.538,0.51,0.186,0.104,1.212,0.302,0.356,0.09,0.216,0.282,1.354,0.106,0.754,0.128,0.676,0.486,0.298,0.832,0.12
23:07:00,0.892,0.17,0.336,0.494,0.536,0.168,0.358,0.396,0.358,0.488,0.332,0.31,1.004,0.188,0.626,0.2,0.214,0.352,0.312,0.764,0.278,0.538,0.51,0.186,0.104,1.212,0.302,0.356,0.09,0.216,0.282,1.354,0.106,0.754,0.128,0.676,0.486,0.298,0.832,0.12
23:08:00,0.892,0.17,0.336,0.494,0.536,0.168,0.358,0.396,0.358,0.488,0.332,0.31,1.004,0.188,0.626,0.2,0.214,0.352,0.312,0.764,0.278,0.538,0.51,0.186,0.104,1.212,0.302,0.356,0.09,0.216,0.282,1.354,0.106,0.754,0.128,0.676,0.486,0.298,0.832,0.12
23:09:00,0.892,0.17,0.336,0.494,0.536,0.168,0.358,0.396,0.358,0.488,0.332,0.31,1.004,0.188,0.626,0.2,0.214,0.352,0.312,0.764,0.278,0.538,0.51,0.186,0.104,1.212,0.302,0.356,0.09,0.216,0.282,1.354,0.106,0.754,0.128,0.676,0.486,0.298,0.832,0.12
23:10:00,0.892,0.17,0.336,0.494,0.536,0.168,0.358,0.396,0.358,0.488,0.332,0.31,1.004,0.188,0.626,0.2,0.214,0.352,0.312,0.764,0.278,0.538,0.51,0.186,0.104,1.212,0.302,0.356,0.09,0.216,0.282,1.354,0.106,0.754,0.128,0.676,0.486,0.298,0.832,0.12
23:11:00,0.892,0.17,0.336,0.494,0.536,0.168,0.358,0.396,0.358,0.488,0.332,0.31,1.004,0.188,0.626,0.2,0.214,0.352,0.312,0.764,0.278,0.538,0.51,0.186,0.104,1.212,0.302,0.356,0.09,0.216,0.282,1.354,0.106,0.754,0.128,0.676,0.486,0.298,0.832,0.12
23:12:00,0.892,0.17,0.336,0.494,0.536,0.168,0.358,0.396,0.358,0.488,0.332,0.31,1.004,0.188,0.626,0.2,0.214,0.352,0.312,0.764,0.278,0.538,0.51,0.186,0.104,1.212,0.302,0.356,0.09,0.216,0.282,1.354,0.106,0.754,0.128,0.676,0.486,0.298,0.832,0.12
23:13:00,0.892,0.17,0.336,0.494,0.536,0.168,0.358,0.396,0.358,0.488,0.332,0.31,1.004,0.188,0.626,0.2,0.214,0.352,0.312,0.764,0.278,0.538,0.51,0.186,0.104,1.212,0.302,0.356,0.09,0.216,0.282,1.354,0.106,0.754,0.128,0.676,0.486,0.298,0.832,0.12
23:14:00,0.892,0.17,0.336,0.494,0.536,0.168,0.358,0.396,0.358,0.488,0.332,0.31,1.004,0.188,0.626,0.2,0.214,0.352,0.312,0.764,0.278,0.538,0.51,0.186,0.104,1.212,0.302,0.356,0.09,0.216,0.282,1.354,0.106,0.754,0.128,0.676,0.486,0.298,0.832,0.12
23:15:00,0.892,0.17,0.336,0.494,0.536,0.168,0.358,0.396,0.358,0.488,0.332,0.31,1.004,0.188,0.626,0.2,0.214,0.352,0.312,0.764,0.278,0.538,0.51,0.186,0.104,1.212,0.302,0.356,0.09,0.216,0.282,1.354,0.106,0.754,0.128,0.676,0.486,0.298,0.832,0.12
23:16:00,0.892,0.17,0.336,0.494,0.536,0.168,0.358,0.396,0.358,0.488,0.332,0.31,1.004,0.188,0.626,0.2,0.214,0.352,0.312,0.764,0.278,0.538,0.51,0.186,0.104,1.212,0.302,0.356,0.09,0.216,0.282,1.354,0.106,0.754,0.128,0.676,0.486,0.298,0.832,0.12
23:17:00,0.892,0.17,0.336,0.494,0.536,0.168,0.358,0.396,0.358,0.488,0.332,0.31,1.004,0.188,0.626,0.2,0.214,0.352,0.312,0.764,0.278,0.538,0.51,0.186,0.104,1.212,0.302,0.356,0.09,0.216,0.282,1.354,0.106,0.754,0.128,0.676,0.486,0.298,0.832,0.12
23:18:00,0.892,0.17,0.336,0.494,0.536,0.168,0.358,0.396,0.358,0.488,0.332,0.31,1.004,0.188,0.626,0.2,0.214,0.352,0.312,0.764,0.278,0.538,0.51,0.186,0.104,1.212,0.302,0.356,0.09,0.216,0.282,1.354,0.106,0.754,0.128,0.676,0.486,0.298,0.832,0.12
23:19:00,0.892,0.17,0.336,0.494,0.536,0.168,0.358,0.396,0.358,0.488,0.332,0.31,1.004,0.188,0.626,0.2,0.214,0.352,0.312,0.764,0.278,0.538,0.51,0.186,0.104,1.212,0.302,0.356,0.09,0.216,0.282,1.354,0.106,0.754,0.128,0.676,0.486,0.298,0.832,0.12
23:20:00,0.892,0.17,0.336,0.494,0.536,0.168,0.358,0.396,0.358,0.488,0.332,0.31,1.004,0.188,0.626,0.2,0.214,0.352,0.312,0.764,0.278,0.538,0.51,0.186,0.104,1.212,0.302,0.356,0.09,0.216,0.282,1.354,0.106,0.754,0.128,0.676,0.486,0.298,0.832,0.12
23:21:00,0.892,0.17,0.336,0.494,0.536,0.168,0.358,0.396,0.358,0.488,0.332,0.31,1.004,0.188,0.626,0.2,0.214,0.352,0.312,0.764,0.278,0.538,0.51,0.186,0.104,1.212,0.302,0.356,0.09,0.216,0.282,1.354,0.106,0.754,0.128,0.676,0.486,0.298,0.832,0.12
23:22:00,0.892,0.17,0.336,0.494,0.536,0.168,0.358,0.396,0.358,0.488,0.332,0.31,1.004,0.188,0.626,0.2,0.214,0.352,0.312,0.764,0.278,0.538,0.51,0.186,0.104,1.212,0.302,0.356,0.09,0.216,0.282,1.354,0.106,0.754,0.128,0.676,0.486,0.298,0.832,0.12
23:23:00,0.892,0.17,0.336,0.494,0.536,0.168,0.358,0.396,0.358,0.488,0.332,0.31,1.004,0.188,0.626,0.2,0.214,0.352,0.312,0.764,0.278,0.538,0.51,0.186,0.104,1.212,0.302,0.356,0.09,0.216,0.282,1.354,0.106,0.754,0.128,0.676,0.486,0.298,0.832,0.12
23:24:00,0.892,0.17,0.336,0.494,0.536,0.168,0.358,0.396,0.358,0.488,0.332,0.31,1.004,0.188,0.626,0.2,0.214,0.352,0.312,0.764,0.278,0.538,0.51,0.186,0.104,1.212,0.302,0.356,0.09,0.216,0.282,1.354,0.106,0.754,0.128,0.676,0.486,0.298,0.832,0.12
23:25:00,0.892,0.17,0.336,0.494,0.536,0.168,0.358,0.396,0.358,0.488,0.332,0.31,1.004,0.188,0.626,0.2,0.214,0.352,0.312,0.764,0.278,0.538,0.51,0.186,0.104,1.212,0.302,0.356,0.09,0.216,0.282,1.354,0.106,0.754,0.128,0.676,0.486,0.298,0.832,0.12
23:26:00,0.892,0.17,0.336,0.494,0.536,0.168,0.358,0.396,0.358,0.488,0.332,0.31,1.004,0.188,0.626,0.2,0.214,0.352,0.312,0.764,0.278,0.538,0.51,0.186,0.104,1.212,0.302,0.356,0.09,0.216,0.282,1.354,0.106,0.754,0.128,0.676,0.486,0.298,0.832,0.12
23:27:00,0.892,0.17,0.336,0.494,0.536,0.168,0.358,0.396,0.358,0.488,0.332,0.31,1.004,0.188,0.626,0.2,0.214,0.352,0.312,0.764,0.278,0.538,0.51,0.186,0.104,1.212,0.302,0.356,0.09,0.216,0.282,1.354,0.106,0.754,0.128,0.676,0.486,0.298,0.832,0.12
23:28:00,0.892,0.17,0.336,0.494,0.536,0.168,0.358,0.396,0.358,0.488,0.332,0.31,1.004,0.188,0.626,0.2,0.214,0.352,0.312,0.764,0.278,0.538,0.51,0.186,0.104,1.212,0.302,0.356,0.09,0.216,0.282,1.354,0.106,0.754,0.128,0.676,0.486,0.298,0.832,0.12
23:29:00,0.892,0.17,0.336,0.494,0.536,0.168,0.358,0.396,0.358,0.488,0.332,0.31,1.004,0.188,0.626,0.2,0.214,0.352,0.312,0.764,0.278,0.538,0.51,0.186,0.104,1.212,0.302,0.356,0.09,0.216,0.282,1.354,0.106,0.754,0.128,0.676,0.486,0.298,0.832,0.12
23:30:00,0.58,0.204,0.328,0.324,0.536,0.112,0.36,0.366,0.666,0.312,0.292,0.244,0.218,0.236,0.474,0.174,0.206,0.05,0.37,0.47,0.354,0.326,0.188,0.06,0.098,1.242,0.228,0.374,0.128,0.142,0.482,0.278,0.098,0.584,0.086,0.34,0.514,0.154,0.426,0.122
23:31:00,0.58,0.204,0.328,0.324,0.536,0.112,0.36,0.366,0.666,0.312,0.292,0.244,0.218,0.236,0.474,0.174,0.206,0.05,0.37,0.47,0.354,0.326,0.188,0.06,0.098,1.242,0.228,0.374,0.128,0.142,0.482,0.278,0.098,0.584,0.086,0.34,0.514,0.154,0.426,0.122
23:32:00,0.58,0.204,0.328,0.324,0.536,0.112,0.36,0.366,0.666,0.312,0.292,0.244,0.218,0.236,0.474,0.174,0.206,0.05,0.37,0.47,0.354,0.326,0.188,0.06,0.098,1.242,0.228,0.374,0.128,0.142,0.482,0.278,0.098,0.584,0.086,0.34,0.514,0.154,0.426,0.122
23:33:00,0.58,0.204,0.328,0.324,0.536,0.112,0.36,0.366,0.666,0.312,0.292,0.244,0.218,0.236,0.474,0.174,0.206,0.05,0.37,0.47,0.354,0.326,0.188,0.06,0.098,1.242,0.228,0.374,0.128,0.142,0.482,0.278,0.098,0.584,0.086,0.34,0.514,0.154,0.426,0.122
23:34:00,0.58,0.204,0.328,0.324,0.536,0.112,0.36,0.366,0.666,0.312,0.292,0.244,0.218,0.236,0.474,0.174,0.206,0.05,0.37,0.47,0.354,0.326,0.188,0.06,0.098,1.242,0.228,0.374,0.128,0.142,0.482,0.278,0.098,0.584,0.086,0.34,0.514,0.154,0.426,0.122
23:35:00,0.58,0.204,0.328,0.324,0.536,0.112,0.36,0.366,0.666,0.312,0.292,0.244,0.218,0.236,0.474,0.174,0.206,0.05,0.37,0.47,0.354,0.326,0.188,0.06,0.098,1.242,0.228,0.374,0.128,0.142,0.482,0.278,0.098,0.584,0.086,0.34,0.514,0.154,0.426,0.122
23:36:00,0.58,0.204,0.328,0.324,0.536,0.112,0.36,0.366,0.666,0.312,0.292,0.244,0.218,0.236,0.474,0.174,0.206,0.05,0.37,0.47,0.354,0.326,0.188,0.06,0.098,1.242,0.228,0.374,0.128,0.142,0.482,0.278,0.098,0.584,0.086,0.34,0.514,0.154,0.426,0.122
23:37:00,0.58,0.204,0.328,0.324,0.536,0.112,0.36,0.366,0.666,0.312,0.292,0.244,0.218,0.236,0.474,0.174,0.206,0.05,0.37,0.47,0.354,0.326,0.188,0.06,0.098,1.242,0.228,0.374,0.128,0.142,0.482,0.278,0.098,0.584,0.086,0.34,0.514,0.154,0.426,0.122
23:38:00,0.58,0.204,0.328,0.324,0.536,0.112,0.36,0.366,0.666,0.312,0.292,0.244,0.218,0.236,0.474,0.174,0.206,0.05,0.37,0.47,0.354,0.326,0.188,0.06,0.098,1.242,0.228,0.374,0.128,0.142,0.482,0.278,0.098,0.584,0.086,0.34,0.514,0.154,0.426,0.122
23:39:00,0.58,0.204,0.328,0.324,0.536,0.112,0.36,0.366,0.666,0.312,0.292,0.244,0.218,0.236,0.474,0.174,0.206,0.05,0.37,0.47,0.354,0.326,0.188,0.06,0.098,1.242,0.228,0.374,0.128,0.142,0.482,0.278,0.098,0.584,0.086,0.34,0.514,0.154,0.426,0.122
23:40:00,0.58,0.204,0.328,0.324,0.536,0.112,0.36,0.366,0.666,0.312,0.292,0.244,0.218,0.236,0.474,0.174,0.206,0.05,0.37,0.47,0.354,0.326,0.188,0.06,0.098,1.242,0.228,0.374,0.128,0.142,0.482,0.278,0.098,0.584,0.086,0.34,0.514,0.154,0.426,0.122
23:41:00,0.58,0.204,0.328,0.324,0.536,0.112,0.36,0.366,0.666,0.312,0.292,0.244,0.218,0.236,0.474,0.174,0.206,0.05,0.37,0.47,0.354,0.326,0.188,0.06,0.098,1.242,0.228,0.374,0.128,0.142,0.482,0.278,0.098,0.584,0.086,0.34,0.514,0.154,0.426,0.122
23:42:00,0.58,0.204,0.328,0.324,0.536,0.112,0.36,0.366,0.666,0.312,0.292,0.244,0.218,0.236,0.474,0.174,0.206,0.05,0.37,0.47,0.354,0.326,0.188,0.06,0.098,1.242,0.228,0.374,0.128,0.142,0.482,0.278,0.098,0.584,0.086,0.34,0.514,0.154,0.426,0.122
23:43:00,0.58,0.204,0.328,0.324,0.536,0.112,0.36,0.366,0.666,0.312,0.292,0.244,0.218,0.236,0.474,0.174,0.206,0.05,0.37,0.47,0.354,0.326,0.188,0.06,0.098,1.242,0.228,0.374,0.128,0.142,0.482,0.278,0.098,0.584,0.086,0.34,0.514,0.154,0.426,0.122
23:44:00,0.58,0.204,0.328,0.324,0.536,0.112,0.36,0.366,0.666,0.312,0.292,0.244,0.218,0.236,0.474,0.174,0.206,0.05,0.37,0.47,0.354,0.326,0.188,0.06,0.098,1.242,0.228,0.374,0.128,0.142,0.482,0.278,0.098,0.584,0.086,0.34,0.514,0.154,0.426,0.122
23:45:00,0.58,0.204,0.328,0.324,0.536,0.112,0.36,0.366,0.666,0.312,0.292,0.244,0.218,0.236,0.474,0.174,0.206,0.05,0.37,0.47,0.354,0.326,0.188,0.06,0.098,1.242,0.228,0.374,0.128,0.142,0.482,0.278,0.098,0.584,0.086,0.34,0.514,0.154,0.426,0.122
23:46:00,0.58,0.204,0.328,0.324,0.536,0.112,0.36,0.366,0.666,0.312,0.292,0.244,0.218,0.236,0.474,0.174,0.206,0.05,0.37,0.47,0.354,0.326,0.188,0.06,0.098,1.242,0.228,0.374,0.128,0.142,0.482,0.278,0.098,0.584,0.086,0.34,0.514,0.154,0.426,0.122
23:47:00,0.58,0.204,0.328,0.324,0.536,0.112,0.36,0.366,0.666,0.312,0.292,0.244,0.218,0.236,0.474,0.174,0.206,0.05,0.37,0.47,0.354,0.326,0.188,0.06,0.098,1.242,0.228,0.374,0.128,0.142,0.482,0.278,0.098,0.584,0.086,0.34,0.514,0.154,0.426,0.122
23:48:00,0.58,0.204,0.328,0.324,0.536,0.112,0.36,0.366,0.666,0.312,0.292,0.244,0.218,0.236,0.474,0.174,0.206,0.05,0.37,0.47,0.354,0.326,0.188,0.06,0.098,1.242,0.228,0.374,0.128,0.142,0.482,0.278,0.098,0.584,0.086,0.34,0.514,0.154,0.426,0.122
23:49:00,0.58,0.204,0.328,0.324,0.536,0.112,0.36,0.366,0.666,0.312,0.292,0.244,0.218,0.236,0.474,0.174,0.206,0.05,0.37,0.47,0.354,0.326,0.188,0.06,0.098,1.242,0.228,0.374,0.128,0.142,0.482,0.278,0.098,0.584,0.086,0.34,0.514,0.154,0.426,0.122
23:50:00,0.58,0.204,0.328,0.324,0.536,0.112,0.36,0.366,0.666,0.312,0.292,0.244,0.218,0.236,0.474,0.174,0.206,0.05,0.37,0.47,0.354,0.326,0.188,0.06,0.098,1.242,0.228,0.374,0.128,0.142,0.482,0.278,0.098,0.584,0.086,0.34,0.514,0.154,0.426,0.122
23:51:00,0.58,0.204,0.328,0.324,0.536,0.112,0.36,0.366,0.666,0.312,0.292,0.244,0.218,0.236,0.474,0.174,0.206,0.05,0.37,0.47,0.354,0.326,0.188,0.06,0.098,1.242,0.228,0.374,0.128,0.142,0.482,0.278,0.098,0.584,0.086,0.34,0.514,0.154,0.426,0.122
23:52:00,0.58,0.204,0.328,0.324,0.536,0.112,0.36,0.366,0.666,0.312,0.292,0.244,0.218,0.236,0.474,0.174,0.206,0.05,0.37,0.47,0.354,0.326,0.188,0.06,0.098,1.242,0.228,0.374,0.128,0.142,0.482,0.278,0.098,0.584,0.086,0.34,0.514,0.154,0.426,0.122
23:53:00,0.58,0.204,0.328,0.324,0.536,0.112,0.36,0.366,0.666,0.312,0.292,0.244,0.218,0.236,0.474,0.174,0.206,0.05,0.37,0.47,0.354,0.326,0.188,0.06,0.098,1.242,0.228,0.374,0.128,0.142,0.482,0.278,0.098,0.584,0.086,0.34,0.514,0.154,0.426,0.122
23:54:00,0.58,0.204,0.328,0.324,0.536,0.112,0.36,0.366,0.666,0.312,0.292,0.244,0.218,0.236,0.474,0.174,0.206,0.05,0.37,0.47,0.354,0.326,0.188,0.06,0.098,1.242,0.228,0.374,0.128,0.142,0.482,0.278,0.098,0.584,0.086,0.34,0.514,0.154,0.426,0.122
23:55:00,0.58,0.204,0.328,0.324,0.536,0.112,0.36,0.366,0.666,0.312,0.292,0.244,0.218,0.236,0.474,0.174,0.206,0.05,0.37,0.47,0.354,0.326,0.188,0.06,0.098,1.242,0.228,0.374,0.128,0.142,0.482,0.278,0.098,0.584,0.086,0.34,0.514,0.154,0.426,0.122
23:56:00,0.58,0.204,0.328,0.324,0.536,0.112,0.36,0.366,0.666,0.312,0.292,0.244,0.218,0.236,0.474,0.174,0.206,0.05,0.37,0.47,0.354,0.326,0.188,0.06,0.098,1.242,0.228,0.374,0.128,0.142,0.482,0.278,0.098,0.584,0.086,0.34,0.514,0.154,0.426,0.122
23:57:00,0.58,0.204,0.328,0.324,0.536,0.112,0.36,0.366,0.666,0.312,0.292,0.244,0.218,0.236,0.474,0.174,0.206,0.05,0.37,0.47,0.354,0.326,0.188,0.06,0.098,1.242,0.228,0.374,0.128,0.142,0.482,0.278,0.098,0.584,0.086,0.34,0.514,0.154,0.426,0.122
23:58:00,0.58,0.204,0.328,0.324,0.536,0.112,0.36,0.366,0.666,0.312,0.292,0.244,0.218,0.236,0.474,0.174,0.206,0.05,0.37,0.47,0.354,0.326,0.188,0.06,0.098,1.242,0.228,0.374,0.128,0.142,0.482,0.278,0.098,0.584,0.086,0.34,0.514,0.154,0.426,0.122
23:59:00,0.58,0.204,0.328,0.324,0.536,0.112,0.36,0.366,0.666,0.312,0.292,0.244,0.218,0.236,0.474,0.174,0.206,0.05,0.37,0.47,0.354,0.326,0.188,0.06,0.098,1.242,0.228,0.374,0.128,0.142,0.482,0.278,0.098,0.584,0.086,0.34,0.514,0.154,0.426,0.122
