timestamp,EV_1,EV_2,EV_3,EV_4,EV_5,EV_6,EV_7,EV_8,EV_9,EV_10
2025-09-26 00:00:00,0.0,0.0,0.0,0.0,0.0,0.0,0.0,0.0,0.0,0.0
2025-09-26 00:01:00,0.0,0.0,0.0,0.0,0.0,0.0,0.0,0.0,0.0,0.0
2025-09-26 00:02:00,0.0,0.0,0.0,0.0,0.0,0.0,0.0,0.0,0.0,0.0
2025-09-26 00:03:00,0.0,0.0,0.0,0.0,0.0,0.0,0.0,0.0,0.0,0.0
2025-09-26 00:04:00,0.0,0.0,0.0,0.0,0.0,0.0,0.0,0.0,0.0,0.0
2025-09-26 00:05:00,0.0,0.0,0.0,0.0,0.0,0.0,0.0,0.0,0.0,0.0
2025-09-26 00:06:00,0.0,0.0,0.0,0.0,0.0,0.0,0.0,0.0,0.0,0.0
2025-09-26 00:07:00,0.0,0.0,0.0,0.0,0.0,0.0,0.0,0.0,0.0,0.0
2025-09-26 00:08:00,0.0,0.0,0.0,0.0,0.0,0.0,0.0,0.0,0.0,0.0
2025-09-26 00:09:00,0.0,0.0,0.0,0.0,0.0,0.0,0.0,0.0,0.0,0.0
2025-09-26 00:10:00,0.0,0.0,0.0,0.0,0.0,0.0,0.0,0.0,0.0,0.0
2025-09-26 00:11:00,0.0,0.0,0.0,0.0,0.0,0.0,0.0,0.0,0.0,0.0
2025-09-26 00:12:00,0.0,0.0,0.0,0.0,0.0,0.0,0.0,0.0,0.0,0.0
2025-09-26 00:13:00,0.0,0.0,0.0,0.0,0.0,0.0,0.0,0.0,0.0,0.0
2025-09-26 00:14:00,0.0,0.0,0.0,0.0,0.0,0.0,0.0,0.0,0.0,0.0
2025-09-26 00:15:00,0.0,0.0,0.0,0.0,0.0,0.0,0.0,0.0,0.0,0.0
2025-09-26 00:16:00,0.0,0.0,0.0,0.0,0.0,0.0,0.0,0.0,0.0,0.0
2025-09-26 00:17:00,0.0,0.0,0.0,0.0,0.0,0.0,0.0,0.0,0.0,0.0
2025-09-26 00:18:00,0.0,0.0,0.0,0.0,0.0,0.0,0.0,0.0,0.0,0.0
2025-09-26 00:19:00,0.0,0.0,0.0,0.0,0.0,0.0,0.0,0.0,0.0,0.0
2025-09-26 00:20:00,0.0,0.0,0.0,0.0,0.0,0.0,0.0,0.0,0.0,0.0
2025-09-26 00:21:00,0.0,0.0,0.0,0.0,0.0,0.0,0.0,0.0,0.0,0.0
2025-09-26 00:22:00,0.0,0.0,0.0,0.0,0.0,0.0,0.0,0.0,0.0,0.0
2025-09-26 00:23:00,0.0,0.0,0.0,0.0,0.0,0.0,0.0,0.0,0.0,0.0
2025-09-26 00:24:00,0.0,0.0,0.0,0.0,0.0,0.0,0.0,0.0,0.0,0.0
2025-09-26 00:25:00,0.0,0.0,0.0,0.0,0.0,0.0,0.0,0.0,0.0,0.0
2025-09-26 00:26:00,0.0,0.0,0.0,0.0,0.0,0.0,0.0,0.0,0.0,0.0
2025-09-26 00:27:00,0.0,0.0,0.0,0.0,0.0,0.0,0.0,0.0,0.0,0.0
2025-09-26 00:28:00,0.0,0.0,0.0,0.0,0.0,0.0,0.0,0.0,0.0,0.0
2025-09-26 00:29:00,0.0,0.0,0.0,0.0,0.0,0.0,0.0,0.0,0.0,0.0
2025-09-26 00:30:00,0.0,0.0,0.0,0.0,0.0,0.0,0.0,0.0,0.0,0.0
2025-09-26 00:31:00,0.0,0.0,0.0,0.0,0.0,0.0,0.0,0.0,0.0,0.0
2025-09-26 00:32:00,0.0,0.0,0.0,0.0,0.0,0.0,0.0,0.0,0.0,0.0
2025-09-26 00:33:00,0.0,0.0,0.0,0.0,0.0,0.0,0.0,0.0,0.0,0.0
2025-09-26 00:34:00,0.0,0.0,0.0,0.0,0.0,0.0,0.0,0.0,0.0,0.0
2025-09-26 00:35:00,0.0,0.0,0.0,0.0,0.0,0.0,0.0,0.0,0.0,0.0
2025-09-26 00:36:00,0.0,0.0,0.0,0.0,0.0,0.0,0.0,0.0,0.0,0.0
2025-09-26 00:37:00,0.0,0.0,0.0,0.0,0.0,0.0,0.0,0.0,0.0,0.0
2025-09-26 00:38:00,0.0,0.0,0.0,0.0,0.0,0.0,0.0,0.0,0.0,0.0
2025-09-26 00:39:00,0.0,0.0,0.0,0.0,0.0,0.0,0.0,0.0,0.0,0.0
2025-09-26 00:40:00,0.0,0.0,0.0,0.0,0.0,0.0,0.0,0.0,0.0,0.0
2025-09-26 00:41:00,0.0,0.0,0.0,0.0,0.0,0.0,0.0,0.0,0.0,0.0
2025-09-26 00:42:00,0.0,0.0,0.0,0.0,0.0,0.0,0.0,0.0,0.0,0.0
2025-09-26 00:43:00,0.0,0.0,0.0,0.0,0.0,0.0,0.0,0.0,0.0,0.0
2025-09-26 00:44:00,0.0,0.0,0.0,0.0,0.0,0.0,0.0,0.0,0.0,0.0
2025-09-26 00:45:00,0.0,0.0,0.0,0.0,0.0,0.0,0.0,0.0,0.0,0.0
2025-09-26 00:46:00,0.0,0.0,0.0,0.0,0.0,0.0,0.0,0.0,0.0,0.0
2025-09-26 00:47:00,0.0,0.0,0.0,0.0,0.0,0.0,0.0,0.0,0.0,0.0
2025-09-26 00:48:00,0.0,0.0,0.0,0.0,0.0,0.0,0.0,0.0,0.0,0.0
2025-09-26 00:49:00,0.0,0.0,0.0,0.0,0.0,0.0,0.0,0.0,0.0,0.0
2025-09-26 00:50:00,0.0,0.0,0.0,0.0,0.0,0.0,0.0,0.0,0.0,0.0
2025-09-26 00:51:00,0.0,0.0,0.0,0.0,0.0,0.0,0.0,0.0,0.0,0.0
2025-09-26 00:52:00,0.0,0.0,0.0,0.0,0.0,0.0,0.0,0.0,0.0,0.0
2025-09-26 00:53:00,0.0,0.0,0.0,0.0,0.0,0.0,0.0,0.0,0.0,0.0
2025-09-26 00:54:00,0.0,0.0,0.0,0.0,0.0,0.0,0.0,0.0,0.0,0.0
2025-09-26 00:55:00,0.0,0.0,0.0,0.0,0.0,0.0,0.0,0.0,0.0,0.0
2025-09-26 00:56:00,0.0,0.0,0.0,0.0,0.0,0.0,0.0,0.0,0.0,0.0
2025-09-26 00:57:00,0.0,0.0,0.0,0.0,0.0,0.0,0.0,0.0,0.0,0.0
2025-09-26 00:58:00,0.0,0.0,0.0,0.0,0.0,0.0,0.0,0.0,0.0,0.0
2025-09-26 00:59:00,0.0,0.0,0.0,0.0,0.0,0.0,0.0,0.0,0.0,0.0
2025-09-26 01:00:00,0.0,0.0,0.0,0.0,0.0,0.0,0.0,0.0,0.0,0.0
2025-09-26 01:01:00,0.0,0.0,0.0,0.0,0.0,0.0,0.0,0.0,0.0,0.0
2025-09-26 01:02:00,0.0,0.0,0.0,0.0,0.0,0.0,0.0,0.0,0.0,0.0
2025-09-26 01:03:00,0.0,0.0,0.0,0.0,0.0,0.0,0.0,0.0,0.0,0.0
2025-09-26 01:04:00,0.0,0.0,0.0,0.0,0.0,0.0,0.0,0.0,0.0,0.0
2025-09-26 01:05:00,0.0,0.0,0.0,0.0,0.0,0.0,0.0,0.0,0.0,0.0
2025-09-26 01:06:00,0.0,0.0,0.0,0.0,0.0,0.0,0.0,0.0,0.0,0.0
2025-09-26 01:07:00,0.0,0.0,0.0,0.0,0.0,0.0,0.0,0.0,0.0,0.0
2025-09-26 01:08:00,0.0,0.0,0.0,0.0,0.0,0.0,0.0,0.0,0.0,0.0
2025-09-26 01:09:00,0.0,0.0,0.0,0.0,0.0,0.0,0.0,0.0,0.0,0.0
2025-09-26 01:10:00,0.0,0.0,0.0,0.0,0.0,0.0,0.0,0.0,0.0,0.0
2025-09-26 01:11:00,0.0,0.0,0.0,0.0,0.0,0.0,0.0,0.0,0.0,0.0
2025-09-26 01:12:00,0.0,0.0,0.0,0.0,0.0,0.0,0.0,0.0,0.0,0.0
2025-09-26 01:13:00,0.0,0.0,0.0,0.0,0.0,0.0,0.0,0.0,0.0,0.0
2025-09-26 01:14:00,0.0,0.0,0.0,0.0,0.0,0.0,0.0,0.0,0.0,0.0
2025-09-26 01:15:00,0.0,0.0,0.0,0.0,0.0,0.0,0.0,0.0,0.0,0.0
2025-09-26 01:16:00,0.0,0.0,0.0,0.0,0.0,0.0,0.0,0.0,0.0,0.0
2025-09-26 01:17:00,0.0,0.0,0.0,0.0,0.0,0.0,0.0,0.0,0.0,0.0
2025-09-26 01:18:00,0.0,0.0,0.0,0.0,0.0,0.0,0.0,0.0,0.0,0.0
2025-09-26 01:19:00,0.0,0.0,0.0,0.0,0.0,0.0,0.0,0.0,0.0,0.0
2025-09-26 01:20:00,0.0,0.0,0.0,0.0,0.0,0.0,0.0,0.0,0.0,0.0
2025-09-26 01:21:00,0.0,0.0,0.0,0.0,0.0,0.0,0.0,0.0,0.0,0.0
2025-09-26 01:22:00,0.0,0.0,0.0,0.0,0.0,0.0,0.0,0.0,0.0,0.0
2025-09-26 01:23:00,0.0,0.0,0.0,0.0,0.0,0.0,0.0,0.0,0.0,0.0
2025-09-26 01:24:00,0.0,0.0,0.0,0.0,0.0,0.0,0.0,0.0,0.0,0.0
2025-09-26 01:25:00,0.0,0.0,0.0,0.0,0.0,0.0,0.0,0.0,0.0,0.0
2025-09-26 01:26:00,0.0,0.0,0.0,0.0,0.0,0.0,0.0,0.0,0.0,0.0
2025-09-26 01:27:00,0.0,0.0,0.0,0.0,0.0,0.0,0.0,0.0,0.0,0.0
2025-09-26 01:28:00,0.0,0.0,0.0,0.0,0.0,0.0,0.0,0.0,0.0,0.0
2025-09-26 01:29:00,0.0,0.0,0.0,0.0,0.0,0.0,0.0,0.0,0.0,0.0
2025-09-26 01:30:00,0.0,0.0,0.0,0.0,0.0,0.0,0.0,0.0,0.0,0.0
2025-09-26 01:31:00,0.0,0.0,0.0,0.0,0.0,0.0,0.0,0.0,0.0,0.0
2025-09-26 01:32:00,0.0,0.0,0.0,0.0,0.0,0.0,0.0,0.0,0.0,0.0
2025-09-26 01:33:00,0.0,0.0,0.0,0.0,0.0,0.0,0.0,0.0,0.0,0.0
2025-09-26 01:34:00,0.0,0.0,0.0,0.0,0.0,0.0,0.0,0.0,0.0,0.0
2025-09-26 01:35:00,0.0,0.0,0.0,0.0,0.0,0.0,0.0,0.0,0.0,0.0
2025-09-26 01:36:00,0.0,0.0,0.0,0.0,0.0,0.0,0.0,0.0,0.0,0.0
2025-09-26 01:37:00,0.0,0.0,0.0,0.0,0.0,0.0,0.0,0.0,0.0,0.0
2025-09-26 01:38:00,0.0,0.0,0.0,0.0,0.0,0.0,0.0,0.0,0.0,0.0
2025-09-26 01:39:00,0.0,0.0,0.0,0.0,0.0,0.0,0.0,0.0,0.0,0.0
2025-09-26 01:40:00,0.0,0.0,0.0,0.0,0.0,0.0,0.0,0.0,0.0,0.0
2025-09-26 01:41:00,0.0,0.0,0.0,0.0,0.0,0.0,0.0,0.0,0.0,0.0
2025-09-26 01:42:00,0.0,0.0,0.0,0.0,0.0,0.0,0.0,0.0,0.0,0.0
2025-09-26 01:43:00,0.0,0.0,0.0,0.0,0.0,0.0,0.0,0.0,0.0,0.0
2025-09-26 01:44:00,0.0,0.0,0.0,0.0,0.0,0.0,0.0,0.0,0.0,0.0
2025-09-26 01:45:00,0.0,0.0,0.0,0.0,0.0,0.0,0.0,0.0,0.0,0.0
2025-09-26 01:46:00,0.0,0.0,0.0,0.0,0.0,0.0,0.0,0.0,0.0,0.0
2025-09-26 01:47:00,0.0,0.0,0.0,0.0,0.0,0.0,0.0,0.0,0.0,0.0
2025-09-26 01:48:00,0.0,0.0,0.0,0.0,0.0,0.0,0.0,0.0,0.0,0.0
2025-09-26 01:49:00,0.0,0.0,0.0,0.0,0.0,0.0,0.0,0.0,0.0,0.0
2025-09-26 01:50:00,0.0,0.0,0.0,0.0,0.0,0.0,0.0,0.0,0.0,0.0
2025-09-26 01:51:00,0.0,0.0,0.0,0.0,0.0,0.0,0.0,0.0,0.0,0.0
2025-09-26 01:52:00,0.0,0.0,0.0,0.0,0.0,0.0,0.0,0.0,0.0,0.0
2025-09-26 01:53:00,0.0,0.0,0.0,0.0,0.0,0.0,0.0,0.0,0.0,0.0
2025-09-26 01:54:00,0.0,0.0,0.0,0.0,0.0,0.0,0.0,0.0,0.0,0.0
2025-09-26 01:55:00,0.0,0.0,0.0,0.0,0.0,0.0,0.0,0.0,0.0,0.0
2025-09-26 01:56:00,0.0,0.0,0.0,0.0,0.0,0.0,0.0,0.0,0.0,0.0
2025-09-26 01:57:00,0.0,0.0,0.0,0.0,0.0,0.0,0.0,0.0,0.0,0.0
2025-09-26 01:58:00,0.0,0.0,0.0,0.0,0.0,0.0,0.0,0.0,0.0,0.0
2025-09-26 01:59:00,0.0,0.0,0.0,0.0,0.0,0.0,0.0,0.0,0.0,0.0
2025-09-26 02:00:00,0.0,0.0,0.0,0.0,0.0,0.0,0.0,0.0,0.0,0.0
2025-09-26 02:01:00,0.0,0.0,0.0,0.0,0.0,0.0,0.0,0.0,0.0,0.0
2025-09-26 02:02:00,0.0,0.0,0.0,0.0,0.0,0.0,0.0,0.0,0.0,0.0
2025-09-26 02:03:00,0.0,0.0,0.0,0.0,0.0,0.0,0.0,0.0,0.0,0.0
2025-09-26 02:04:00,0.0,0.0,0.0,0.0,0.0,0.0,0.0,0.0,0.0,0.0
2025-09-26 02:05:00,0.0,0.0,0.0,0.0,0.0,0.0,0.0,0.0,0.0,0.0
2025-09-26 02:06:00,0.0,0.0,0.0,0.0,0.0,0.0,0.0,0.0,0.0,0.0
2025-09-26 02:07:00,0.0,0.0,0.0,0.0,0.0,0.0,0.0,0.0,0.0,0.0
2025-09-26 02:08:00,0.0,0.0,0.0,0.0,0.0,0.0,0.0,0.0,0.0,0.0
2025-09-26 02:09:00,0.0,0.0,0.0,0.0,0.0,0.0,0.0,0.0,0.0,0.0
2025-09-26 02:10:00,0.0,0.0,0.0,0.0,0.0,0.0,0.0,0.0,0.0,0.0
2025-09-26 02:11:00,0.0,0.0,0.0,0.0,0.0,0.0,0.0,0.0,0.0,0.0
2025-09-26 02:12:00,0.0,0.0,0.0,0.0,0.0,0.0,0.0,0.0,0.0,0.0
2025-09-26 02:13:00,0.0,0.0,0.0,0.0,0.0,0.0,0.0,0.0,0.0,0.0
2025-09-26 02:14:00,0.0,0.0,0.0,0.0,0.0,0.0,0.0,0.0,0.0,0.0
2025-09-26 02:15:00,0.0,0.0,0.0,0.0,0.0,0.0,0.0,0.0,0.0,0.0
2025-09-26 02:16:00,0.0,0.0,0.0,0.0,0.0,0.0,0.0,0.0,0.0,0.0
2025-09-26 02:17:00,0.0,0.0,0.0,0.0,0.0,0.0,0.0,0.0,0.0,0.0
2025-09-26 02:18:00,0.0,0.0,0.0,0.0,0.0,0.0,0.0,0.0,0.0,0.0
2025-09-26 02:19:00,0.0,0.0,0.0,0.0,0.0,0.0,0.0,0.0,0.0,0.0
2025-09-26 02:20:00,0.0,0.0,0.0,0.0,0.0,0.0,0.0,0.0,0.0,0.0
2025-09-26 02:21:00,0.0,0.0,0.0,0.0,0.0,0.0,0.0,0.0,0.0,0.0
2025-09-26 02:22:00,0.0,0.0,0.0,0.0,0.0,0.0,0.0,0.0,0.0,0.0
2025-09-26 02:23:00,0.0,0.0,0.0,0.0,0.0,0.0,0.0,0.0,0.0,0.0
2025-09-26 02:24:00,0.0,0.0,0.0,0.0,0.0,0.0,0.0,0.0,0.0,0.0
2025-09-26 02:25:00,0.0,0.0,0.0,0.0,0.0,0.0,0.0,0.0,0.0,0.0
2025-09-26 02:26:00,0.0,0.0,0.0,0.0,0.0,0.0,0.0,0.0,0.0,0.0
2025-09-26 02:27:00,0.0,0.0,0.0,0.0,0.0,0.0,0.0,0.0,0.0,0.0
2025-09-26 02:28:00,0.0,0.0,0.0,0.0,0.0,0.0,0.0,0.0,0.0,0.0
2025-09-26 02:29:00,0.0,0.0,0.0,0.0,0.0,0.0,0.0,0.0,0.0,0.0
2025-09-26 02:30:00,0.0,0.0,0.0,0.0,0.0,0.0,0.0,0.0,0.0,0.0
2025-09-26 02:31:00,0.0,0.0,0.0,0.0,0.0,0.0,0.0,0.0,0.0,0.0
2025-09-26 02:32:00,0.0,0.0,0.0,0.0,0.0,0.0,0.0,0.0,0.0,0.0
2025-09-26 02:33:00,0.0,0.0,0.0,0.0,0.0,0.0,0.0,0.0,0.0,0.0
2025-09-26 02:34:00,0.0,0.0,0.0,0.0,0.0,0.0,0.0,0.0,0.0,0.0
2025-09-26 02:35:00,0.0,0.0,0.0,0.0,0.0,0.0,0.0,0.0,0.0,0.0
2025-09-26 02:36:00,0.0,0.0,0.0,0.0,0.0,0.0,0.0,0.0,0.0,0.0
2025-09-26 02:37:00,0.0,0.0,0.0,0.0,0.0,0.0,0.0,0.0,0.0,0.0
2025-09-26 02:38:00,0.0,0.0,0.0,0.0,0.0,0.0,0.0,0.0,0.0,0.0
2025-09-26 02:39:00,0.0,0.0,0.0,0.0,0.0,0.0,0.0,0.0,0.0,0.0
2025-09-26 02:40:00,0.0,0.0,0.0,0.0,0.0,0.0,0.0,0.0,0.0,0.0
2025-09-26 02:41:00,0.0,0.0,0.0,0.0,0.0,0.0,0.0,0.0,0.0,0.0
2025-09-26 02:42:00,0.0,0.0,0.0,0.0,0.0,0.0,0.0,0.0,0.0,0.0
2025-09-26 02:43:00,0.0,0.0,0.0,0.0,0.0,0.0,0.0,0.0,0.0,0.0
2025-09-26 02:44:00,0.0,0.0,0.0,0.0,0.0,0.0,0.0,0.0,0.0,0.0
2025-09-26 02:45:00,0.0,0.0,0.0,0.0,0.0,0.0,0.0,0.0,0.0,0.0
2025-09-26 02:46:00,0.0,0.0,0.0,0.0,0.0,0.0,0.0,0.0,0.0,0.0
2025-09-26 02:47:00,0.0,0.0,0.0,0.0,0.0,0.0,0.0,0.0,0.0,0.0
2025-09-26 02:48:00,0.0,0.0,0.0,0.0,0.0,0.0,0.0,0.0,0.0,0.0
2025-09-26 02:49:00,0.0,0.0,0.0,0.0,0.0,0.0,0.0,0.0,0.0,0.0
2025-09-26 02:50:00,0.0,0.0,0.0,0.0,0.0,0.0,0.0,0.0,0.0,0.0
2025-09-26 02:51:00,0.0,0.0,0.0,0.0,0.0,0.0,0.0,0.0,0.0,0.0
2025-09-26 02:52:00,0.0,0.0,0.0,0.0,0.0,0.0,0.0,0.0,0.0,0.0
2025-09-26 02:53:00,0.0,0.0,0.0,0.0,0.0,0.0,0.0,0.0,0.0,0.0
2025-09-26 02:54:00,0.0,0.0,0.0,0.0,0.0,0.0,0.0,0.0,0.0,0.0
2025-09-26 02:55:00,0.0,0.0,0.0,0.0,0.0,0.0,0.0,0.0,0.0,0.0
2025-09-26 02:56:00,0.0,0.0,0.0,0.0,0.0,0.0,0.0,0.0,0.0,0.0
2025-09-26 02:57:00,0.0,0.0,0.0,0.0,0.0,0.0,0.0,0.0,0.0,0.0
2025-09-26 02:58:00,0.0,0.0,0.0,0.0,0.0,0.0,0.0,0.0,0.0,0.0
2025-09-26 02:59:00,0.0,0.0,0.0,0.0,0.0,0.0,0.0,0.0,0.0,0.0
2025-09-26 03:00:00,0.0,0.0,0.0,0.0,0.0,0.0,0.0,0.0,0.0,0.0
2025-09-26 03:01:00,0.0,0.0,0.0,0.0,0.0,0.0,0.0,0.0,0.0,0.0
2025-09-26 03:02:00,0.0,0.0,0.0,0.0,0.0,0.0,0.0,0.0,0.0,0.0
2025-09-26 03:03:00,0.0,0.0,0.0,0.0,0.0,0.0,0.0,0.0,0.0,0.0
2025-09-26 03:04:00,0.0,0.0,0.0,0.0,0.0,0.0,0.0,0.0,0.0,0.0
2025-09-26 03:05:00,0.0,0.0,0.0,0.0,0.0,0.0,0.0,0.0,0.0,0.0
2025-09-26 03:06:00,0.0,0.0,0.0,0.0,0.0,0.0,0.0,0.0,0.0,0.0
2025-09-26 03:07:00,0.0,0.0,0.0,0.0,0.0,0.0,0.0,0.0,0.0,0.0
2025-09-26 03:08:00,0.0,0.0,0.0,0.0,0.0,0.0,0.0,0.0,0.0,0.0
2025-09-26 03:09:00,0.0,0.0,0.0,0.0,0.0,0.0,0.0,0.0,0.0,0.0
2025-09-26 03:10:00,0.0,0.0,0.0,0.0,0.0,0.0,0.0,0.0,0.0,0.0
2025-09-26 03:11:00,0.0,0.0,0.0,0.0,0.0,0.0,0.0,0.0,0.0,0.0
2025-09-26 03:12:00,0.0,0.0,0.0,0.0,0.0,0.0,0.0,0.0,0.0,0.0
2025-09-26 03:13:00,0.0,0.0,0.0,0.0,0.0,0.0,0.0,0.0,0.0,0.0
2025-09-26 03:14:00,0.0,0.0,0.0,0.0,0.0,0.0,0.0,0.0,0.0,0.0
2025-09-26 03:15:00,0.0,0.0,0.0,0.0,0.0,0.0,0.0,0.0,0.0,0.0
2025-09-26 03:16:00,0.0,0.0,0.0,0.0,0.0,0.0,0.0,0.0,0.0,0.0
2025-09-26 03:17:00,0.0,0.0,0.0,0.0,0.0,0.0,0.0,0.0,0.0,0.0
2025-09-26 03:18:00,0.0,0.0,0.0,0.0,0.0,0.0,0.0,0.0,0.0,0.0
2025-09-26 03:19:00,0.0,0.0,0.0,0.0,0.0,0.0,0.0,0.0,0.0,0.0
2025-09-26 03:20:00,0.0,0.0,0.0,0.0,0.0,0.0,0.0,0.0,0.0,0.0
2025-09-26 03:21:00,0.0,0.0,0.0,0.0,0.0,0.0,0.0,0.0,0.0,0.0
2025-09-26 03:22:00,0.0,0.0,0.0,0.0,0.0,0.0,0.0,0.0,0.0,0.0
2025-09-26 03:23:00,0.0,0.0,0.0,0.0,0.0,0.0,0.0,0.0,0.0,0.0
2025-09-26 03:24:00,0.0,0.0,0.0,0.0,0.0,0.0,0.0,0.0,0.0,0.0
2025-09-26 03:25:00,0.0,0.0,0.0,0.0,0.0,0.0,0.0,0.0,0.0,0.0
2025-09-26 03:26:00,0.0,0.0,0.0,0.0,0.0,0.0,0.0,0.0,0.0,0.0
2025-09-26 03:27:00,0.0,0.0,0.0,0.0,0.0,0.0,0.0,0.0,0.0,0.0
2025-09-26 03:28:00,0.0,0.0,0.0,0.0,0.0,0.0,0.0,0.0,0.0,0.0
2025-09-26 03:29:00,0.0,0.0,0.0,0.0,0.0,0.0,0.0,0.0,0.0,0.0
2025-09-26 03:30:00,0.0,0.0,0.0,0.0,0.0,0.0,0.0,0.0,0.0,0.0
2025-09-26 03:31:00,0.0,0.0,0.0,0.0,0.0,0.0,0.0,0.0,0.0,0.0
2025-09-26 03:32:00,0.0,0.0,0.0,0.0,0.0,0.0,0.0,0.0,0.0,0.0
2025-09-26 03:33:00,0.0,0.0,0.0,0.0,0.0,0.0,0.0,0.0,0.0,0.0
2025-09-26 03:34:00,0.0,0.0,0.0,0.0,0.0,0.0,0.0,0.0,0.0,0.0
2025-09-26 03:35:00,0.0,0.0,0.0,0.0,0.0,0.0,0.0,0.0,0.0,0.0
2025-09-26 03:36:00,0.0,0.0,0.0,0.0,0.0,0.0,0.0,0.0,0.0,0.0
2025-09-26 03:37:00,0.0,0.0,0.0,0.0,0.0,0.0,0.0,0.0,0.0,0.0
2025-09-26 03:38:00,0.0,0.0,0.0,0.0,0.0,0.0,0.0,0.0,0.0,0.0
2025-09-26 03:39:00,0.0,0.0,0.0,0.0,0.0,0.0,0.0,0.0,0.0,0.0
2025-09-26 03:40:00,0.0,0.0,0.0,0.0,0.0,0.0,0.0,0.0,0.0,0.0
2025-09-26 03:41:00,0.0,0.0,0.0,0.0,0.0,0.0,0.0,0.0,0.0,0.0
2025-09-26 03:42:00,0.0,0.0,0.0,0.0,0.0,0.0,0.0,0.0,0.0,0.0
2025-09-26 03:43:00,0.0,0.0,0.0,0.0,0.0,0.0,0.0,0.0,0.0,0.0
2025-09-26 03:44:00,0.0,0.0,0.0,0.0,0.0,0.0,0.0,0.0,0.0,0.0
2025-09-26 03:45:00,0.0,0.0,0.0,0.0,0.0,0.0,0.0,0.0,0.0,0.0
2025-09-26 03:46:00,0.0,0.0,0.0,0.0,0.0,0.0,0.0,0.0,0.0,0.0
2025-09-26 03:47:00,0.0,0.0,0.0,0.0,0.0,0.0,0.0,0.0,0.0,0.0
2025-09-26 03:48:00,0.0,0.0,0.0,0.0,0.0,0.0,0.0,0.0,0.0,0.0
2025-09-26 03:49:00,0.0,0.0,0.0,0.0,0.0,0.0,0.0,0.0,0.0,0.0
2025-09-26 03:50:00,0.0,0.0,0.0,0.0,0.0,0.0,0.0,0.0,0.0,0.0
2025-09-26 03:51:00,0.0,0.0,0.0,0.0,0.0,0.0,0.0,0.0,0.0,0.0
2025-09-26 03:52:00,0.0,0.0,0.0,0.0,0.0,0.0,0.0,0.0,0.0,0.0
2025-09-26 03:53:00,0.0,0.0,0.0,0.0,0.0,0.0,0.0,0.0,0.0,0.0
2025-09-26 03:54:00,0.0,0.0,0.0,0.0,0.0,0.0,0.0,0.0,0.0,0.0
2025-09-26 03:55:00,0.0,0.0,0.0,0.0,0.0,0.0,0.0,0.0,0.0,0.0
2025-09-26 03:56:00,0.0,0.0,0.0,0.0,0.0,0.0,0.0,0.0,0.0,0.0
2025-09-26 03:57:00,0.0,0.0,0.0,0.0,0.0,0.0,0.0,0.0,0.0,0.0
2025-09-26 03:58:00,0.0,0.0,0.0,0.0,0.0,0.0,0.0,0.0,0.0,0.0
2025-09-26 03:59:00,0.0,0.0,0.0,0.0,0.0,0.0,0.0,0.0,0.0,0.0
2025-09-26 04:00:00,0.0,0.0,0.0,0.0,0.0,0.0,0.0,0.0,0.0,0.0
2025-09-26 04:01:00,0.0,0.0,0.0,0.0,0.0,0.0,0.0,0.0,0.0,0.0
2025-09-26 04:02:00,0.0,0.0,0.0,0.0,0.0,0.0,0.0,0.0,0.0,0.0
2025-09-26 04:03:00,0.0,0.0,0.0,0.0,0.0,0.0,0.0,0.0,0.0,0.0
2025-09-26 04:04:00,0.0,0.0,0.0,0.0,0.0,0.0,0.0,0.0,0.0,0.0
2025-09-26 04:05:00,0.0,0.0,0.0,0.0,0.0,0.0,0.0,0.0,0.0,0.0
2025-09-26 04:06:00,0.0,0.0,0.0,0.0,0.0,0.0,0.0,0.0,0.0,0.0
2025-09-26 04:07:00,0.0,0.0,0.0,0.0,0.0,0.0,0.0,0.0,0.0,0.0
2025-09-26 04:08:00,0.0,0.0,0.0,0.0,0.0,0.0,0.0,0.0,0.0,0.0
2025-09-26 04:09:00,0.0,0.0,0.0,0.0,0.0,0.0,0.0,0.0,0.0,0.0
2025-09-26 04:10:00,0.0,0.0,0.0,0.0,0.0,0.0,0.0,0.0,0.0,0.0
2025-09-26 04:11:00,0.0,0.0,0.0,0.0,0.0,0.0,0.0,0.0,0.0,0.0
2025-09-26 04:12:00,0.0,0.0,0.0,0.0,0.0,0.0,0.0,0.0,0.0,0.0
2025-09-26 04:13:00,0.0,0.0,0.0,0.0,0.0,0.0,0.0,0.0,0.0,0.0
2025-09-26 04:14:00,0.0,0.0,0.0,0.0,0.0,0.0,0.0,0.0,0.0,0.0
2025-09-26 04:15:00,0.0,0.0,0.0,0.0,0.0,0.0,0.0,0.0,0.0,0.0
2025-09-26 04:16:00,0.0,0.0,0.0,0.0,0.0,0.0,0.0,0.0,0.0,0.0
2025-09-26 04:17:00,0.0,0.0,0.0,0.0,0.0,0.0,0.0,0.0,0.0,0.0
2025-09-26 04:18:00,0.0,0.0,0.0,0.0,0.0,0.0,0.0,0.0,0.0,0.0
2025-09-26 04:19:00,0.0,0.0,0.0,0.0,0.0,0.0,0.0,0.0,0.0,0.0
2025-09-26 04:20:00,0.0,0.0,0.0,0.0,0.0,0.0,0.0,0.0,0.0,0.0
2025-09-26 04:21:00,0.0,0.0,0.0,0.0,0.0,0.0,0.0,0.0,0.0,0.0
2025-09-26 04:22:00,0.0,0.0,0.0,0.0,0.0,0.0,0.0,0.0,0.0,0.0
2025-09-26 04:23:00,0.0,0.0,0.0,0.0,0.0,0.0,0.0,0.0,0.0,0.0
2025-09-26 04:24:00,0.0,0.0,0.0,0.0,0.0,0.0,0.0,0.0,0.0,0.0
2025-09-26 04:25:00,0.0,0.0,0.0,0.0,0.0,0.0,0.0,0.0,0.0,0.0
2025-09-26 04:26:00,0.0,0.0,0.0,0.0,0.0,0.0,0.0,0.0,0.0,0.0
2025-09-26 04:27:00,0.0,0.0,0.0,0.0,0.0,0.0,0.0,0.0,0.0,0.0
2025-09-26 04:28:00,0.0,0.0,0.0,0.0,0.0,0.0,0.0,0.0,0.0,0.0
2025-09-26 04:29:00,0.0,0.0,0.0,0.0,0.0,0.0,0.0,0.0,0.0,0.0
2025-09-26 04:30:00,0.0,0.0,0.0,0.0,0.0,0.0,0.0,0.0,0.0,0.0
2025-09-26 04:31:00,0.0,0.0,0.0,0.0,0.0,0.0,0.0,0.0,0.0,0.0
2025-09-26 04:32:00,0.0,0.0,0.0,0.0,0.0,0.0,0.0,0.0,0.0,0.0
2025-09-26 04:33:00,0.0,0.0,0.0,0.0,0.0,0.0,0.0,0.0,0.0,0.0
2025-09-26 04:34:00,0.0,0.0,0.0,0.0,0.0,0.0,0.0,0.0,0.0,0.0
2025-09-26 04:35:00,0.0,0.0,0.0,0.0,0.0,0.0,0.0,0.0,0.0,0.0
2025-09-26 04:36:00,0.0,0.0,0.0,0.0,0.0,0.0,0.0,0.0,0.0,0.0
2025-09-26 04:37:00,0.0,0.0,0.0,0.0,0.0,0.0,0.0,0.0,0.0,0.0
2025-09-26 04:38:00,0.0,0.0,0.0,0.0,0.0,0.0,0.0,0.0,0.0,0.0
2025-09-26 04:39:00,0.0,0.0,0.0,0.0,0.0,0.0,0.0,0.0,0.0,0.0
2025-09-26 04:40:00,0.0,0.0,0.0,0.0,0.0,0.0,0.0,0.0,0.0,0.0
2025-09-26 04:41:00,0.0,0.0,0.0,0.0,0.0,0.0,0.0,0.0,0.0,0.0
2025-09-26 04:42:00,0.0,0.0,0.0,0.0,0.0,0.0,0.0,0.0,0.0,0.0
2025-09-26 04:43:00,0.0,0.0,0.0,0.0,0.0,0.0,0.0,0.0,0.0,0.0
2025-09-26 04:44:00,0.0,0.0,0.0,0.0,0.0,0.0,0.0,0.0,0.0,0.0
2025-09-26 04:45:00,0.0,0.0,0.0,0.0,0.0,0.0,0.0,0.0,0.0,0.0
2025-09-26 04:46:00,0.0,0.0,0.0,0.0,0.0,0.0,0.0,0.0,0.0,0.0
2025-09-26 04:47:00,0.0,0.0,0.0,0.0,0.0,0.0,0.0,0.0,0.0,0.0
2025-09-26 04:48:00,0.0,0.0,0.0,0.0,0.0,0.0,0.0,0.0,0.0,0.0
2025-09-26 04:49:00,0.0,0.0,0.0,0.0,0.0,0.0,0.0,0.0,0.0,0.0
2025-09-26 04:50:00,0.0,0.0,0.0,0.0,0.0,0.0,0.0,0.0,0.0,0.0
2025-09-26 04:51:00,0.0,0.0,0.0,0.0,0.0,0.0,0.0,0.0,0.0,0.0
2025-09-26 04:52:00,0.0,0.0,0.0,0.0,0.0,0.0,0.0,0.0,0.0,0.0
2025-09-26 04:53:00,0.0,0.0,0.0,0.0,0.0,0.0,0.0,0.0,0.0,0.0
2025-09-26 04:54:00,0.0,0.0,0.0,0.0,0.0,0.0,0.0,0.0,0.0,0.0
2025-09-26 04:55:00,0.0,0.0,0.0,0.0,0.0,0.0,0.0,0.0,0.0,0.0
2025-09-26 04:56:00,0.0,0.0,0.0,0.0,0.0,0.0,0.0,0.0,0.0,0.0
2025-09-26 04:57:00,0.0,0.0,0.0,0.0,0.0,0.0,0.0,0.0,0.0,0.0
2025-09-26 04:58:00,0.0,0.0,0.0,0.0,0.0,0.0,0.0,0.0,0.0,0.0
2025-09-26 04:59:00,0.0,0.0,0.0,0.0,0.0,0.0,0.0,0.0,0.0,0.0
2025-09-26 05:00:00,0.0,0.0,0.0,0.0,0.0,0.0,0.0,0.0,0.0,0.0
2025-09-26 05:01:00,0.0,0.0,0.0,0.0,0.0,0.0,0.0,0.0,0.0,0.0
2025-09-26 05:02:00,0.0,0.0,0.0,0.0,0.0,0.0,0.0,0.0,0.0,0.0
2025-09-26 05:03:00,0.0,0.0,0.0,0.0,0.0,0.0,0.0,0.0,0.0,0.0
2025-09-26 05:04:00,0.0,0.0,0.0,0.0,0.0,0.0,0.0,0.0,0.0,0.0
2025-09-26 05:05:00,0.0,0.0,0.0,0.0,0.0,0.0,0.0,0.0,0.0,0.0
2025-09-26 05:06:00,0.0,0.0,0.0,0.0,0.0,0.0,0.0,0.0,0.0,0.0
2025-09-26 05:07:00,0.0,0.0,0.0,0.0,0.0,0.0,0.0,0.0,0.0,0.0
2025-09-26 05:08:00,0.0,0.0,0.0,0.0,0.0,0.0,0.0,0.0,0.0,0.0
2025-09-26 05:09:00,0.0,0.0,0.0,0.0,0.0,0.0,0.0,0.0,0.0,0.0
2025-09-26 05:10:00,0.0,0.0,0.0,0.0,0.0,0.0,0.0,0.0,0.0,0.0
2025-09-26 05:11:00,0.0,0.0,0.0,0.0,0.0,0.0,0.0,0.0,0.0,0.0
2025-09-26 05:12:00,0.0,0.0,0.0,0.0,0.0,0.0,0.0,0.0,0.0,0.0
2025-09-26 05:13:00,0.0,0.0,0.0,0.0,0.0,0.0,0.0,0.0,0.0,0.0
2025-09-26 05:14:00,0.0,0.0,0.0,0.0,0.0,0.0,0.0,0.0,0.0,0.0
2025-09-26 05:15:00,0.0,0.0,0.0,0.0,0.0,0.0,0.0,0.0,0.0,0.0
2025-09-26 05:16:00,0.0,0.0,0.0,0.0,0.0,0.0,0.0,0.0,0.0,0.0
2025-09-26 05:17:00,0.0,0.0,0.0,0.0,0.0,0.0,0.0,0.0,0.0,0.0
2025-09-26 05:18:00,0.0,0.0,0.0,0.0,0.0,0.0,0.0,0.0,0.0,0.0
2025-09-26 05:19:00,0.0,0.0,0.0,0.0,0.0,0.0,0.0,0.0,0.0,0.0
2025-09-26 05:20:00,0.0,0.0,0.0,0.0,0.0,0.0,0.0,0.0,0.0,0.0
2025-09-26 05:21:00,0.0,0.0,0.0,0.0,0.0,0.0,0.0,0.0,0.0,0.0
2025-09-26 05:22:00,0.0,0.0,0.0,0.0,0.0,0.0,0.0,0.0,0.0,0.0
2025-09-26 05:23:00,0.0,0.0,0.0,0.0,0.0,0.0,0.0,0.0,0.0,0.0
2025-09-26 05:24:00,0.0,0.0,0.0,0.0,0.0,0.0,0.0,0.0,0.0,0.0
2025-09-26 05:25:00,0.0,0.0,0.0,0.0,0.0,0.0,0.0,0.0,0.0,0.0
2025-09-26 05:26:00,0.0,0.0,0.0,0.0,0.0,0.0,0.0,0.0,0.0,0.0
2025-09-26 05:27:00,0.0,0.0,0.0,0.0,0.0,0.0,0.0,0.0,0.0,0.0
2025-09-26 05:28:00,0.0,0.0,0.0,0.0,0.0,0.0,0.0,0.0,0.0,0.0
2025-09-26 05:29:00,0.0,0.0,0.0,0.0,0.0,0.0,0.0,0.0,0.0,0.0
2025-09-26 05:30:00,0.0,0.0,0.0,0.0,0.0,0.0,0.0,0.0,0.0,0.0
2025-09-26 05:31:00,0.0,0.0,0.0,0.0,0.0,0.0,0.0,0.0,0.0,0.0
2025-09-26 05:32:00,0.0,0.0,0.0,0.0,0.0,0.0,0.0,0.0,0.0,0.0
2025-09-26 05:33:00,0.0,0.0,0.0,0.0,0.0,0.0,0.0,0.0,0.0,0.0
2025-09-26 05:34:00,0.0,0.0,0.0,0.0,0.0,0.0,0.0,0.0,0.0,0.0
2025-09-26 05:35:00,0.0,0.0,0.0,0.0,0.0,0.0,0.0,0.0,0.0,0.0
2025-09-26 05:36:00,0.0,0.0,0.0,0.0,0.0,0.0,0.0,0.0,0.0,0.0
2025-09-26 05:37:00,0.0,0.0,0.0,0.0,0.0,0.0,0.0,0.0,0.0,0.0
2025-09-26 05:38:00,0.0,0.0,0.0,0.0,0.0,0.0,0.0,0.0,0.0,0.0
2025-09-26 05:39:00,0.0,0.0,0.0,0.0,0.0,0.0,0.0,0.0,0.0,0.0
2025-09-26 05:40:00,0.0,0.0,0.0,0.0,0.0,0.0,0.0,0.0,0.0,0.0
2025-09-26 05:41:00,0.0,0.0,0.0,0.0,0.0,0.0,0.0,0.0,0.0,0.0
2025-09-26 05:42:00,0.0,0.0,0.0,0.0,0.0,0.0,0.0,0.0,0.0,0.0
2025-09-26 05:43:00,0.0,0.0,0.0,0.0,0.0,0.0,0.0,0.0,0.0,0.0
2025-09-26 05:44:00,0.0,0.0,0.0,0.0,0.0,0.0,0.0,0.0,0.0,0.0
2025-09-26 05:45:00,0.0,0.0,0.0,0.0,0.0,0.0,0.0,0.0,0.0,0.0
2025-09-26 05:46:00,0.0,0.0,0.0,0.0,0.0,0.0,0.0,0.0,0.0,0.0
2025-09-26 05:47:00,0.0,0.0,0.0,0.0,0.0,0.0,0.0,0.0,0.0,0.0
2025-09-26 05:48:00,0.0,0.0,0.0,0.0,0.0,0.0,0.0,0.0,0.0,0.0
2025-09-26 05:49:00,0.0,0.0,0.0,0.0,0.0,0.0,0.0,0.0,0.0,0.0
2025-09-26 05:50:00,0.0,0.0,0.0,0.0,0.0,0.0,0.0,0.0,0.0,0.0
2025-09-26 05:51:00,0.0,0.0,0.0,0.0,0.0,0.0,0.0,0.0,0.0,0.0
2025-09-26 05:52:00,0.0,0.0,0.0,0.0,0.0,0.0,0.0,0.0,0.0,0.0
2025-09-26 05:53:00,0.0,0.0,0.0,0.0,0.0,0.0,0.0,0.0,0.0,0.0
2025-09-26 05:54:00,0.0,0.0,0.0,0.0,0.0,0.0,0.0,0.0,0.0,0.0
2025-09-26 05:55:00,0.0,0.0,0.0,0.0,0.0,0.0,0.0,0.0,0.0,0.0
2025-09-26 05:56:00,0.0,0.0,0.0,0.0,0.0,0.0,0.0,0.0,0.0,0.0
2025-09-26 05:57:00,0.0,0.0,0.0,0.0,0.0,0.0,0.0,0.0,0.0,0.0
2025-09-26 05:58:00,0.0,0.0,0.0,0.0,0.0,0.0,0.0,0.0,0.0,0.0
2025-09-26 05:59:00,0.0,0.0,0.0,0.0,0.0,0.0,0.0,0.0,0.0,0.0
2025-09-26 06:00:00,0.0,0.0,0.0,0.0,0.0,0.0,0.0,0.0,0.0,0.0
2025-09-26 06:01:00,0.0,0.0,0.0,0.0,0.0,0.0,0.0,0.0,0.0,0.0
2025-09-26 06:02:00,0.0,0.0,0.0,0.0,0.0,0.0,0.0,0.0,0.0,0.0
2025-09-26 06:03:00,0.0,0.0,0.0,0.0,0.0,0.0,0.0,0.0,0.0,0.0
2025-09-26 06:04:00,0.0,0.0,0.0,0.0,0.0,0.0,0.0,0.0,0.0,0.0
2025-09-26 06:05:00,0.0,0.0,0.0,0.0,0.0,0.0,0.0,0.0,0.0,0.0
2025-09-26 06:06:00,0.0,0.0,0.0,0.0,0.0,0.0,0.0,0.0,0.0,0.0
2025-09-26 06:07:00,0.0,0.0,0.0,0.0,0.0,0.0,0.0,0.0,0.0,0.0
2025-09-26 06:08:00,0.0,0.0,0.0,0.0,0.0,0.0,0.0,0.0,0.0,0.0
2025-09-26 06:09:00,0.0,0.0,0.0,0.0,0.0,0.0,0.0,0.0,0.0,0.0
2025-09-26 06:10:00,0.0,0.0,0.0,0.0,0.0,0.0,0.0,0.0,0.0,0.0
2025-09-26 06:11:00,0.0,0.0,0.0,0.0,0.0,0.0,0.0,0.0,0.0,0.0
2025-09-26 06:12:00,0.0,0.0,0.0,0.0,0.0,0.0,0.0,0.0,0.0,0.0
2025-09-26 06:13:00,0.0,0.0,0.0,0.0,0.0,0.0,0.0,0.0,0.0,0.0
2025-09-26 06:14:00,0.0,0.0,0.0,0.0,0.0,0.0,0.0,0.0,0.0,0.0
2025-09-26 06:15:00,0.0,0.0,0.0,0.0,0.0,0.0,0.0,0.0,0.0,0.0
2025-09-26 06:16:00,0.0,0.0,0.0,0.0,0.0,0.0,0.0,0.0,0.0,0.0
2025-09-26 06:17:00,0.0,0.0,0.0,0.0,0.0,0.0,0.0,0.0,0.0,0.0
2025-09-26 06:18:00,0.0,0.0,0.0,0.0,0.0,0.0,0.0,0.0,0.0,0.0
2025-09-26 06:19:00,0.0,0.0,0.0,0.0,0.0,0.0,0.0,0.0,0.0,0.0
2025-09-26 06:20:00,0.0,0.0,0.0,0.0,0.0,0.0,0.0,0.0,0.0,0.0
2025-09-26 06:21:00,0.0,0.0,0.0,0.0,0.0,0.0,0.0,0.0,0.0,0.0
2025-09-26 06:22:00,0.0,0.0,0.0,0.0,0.0,0.0,0.0,0.0,0.0,0.0
2025-09-26 06:23:00,0.0,0.0,0.0,0.0,0.0,0.0,0.0,0.0,0.0,0.0
2025-09-26 06:24:00,0.0,0.0,0.0,0.0,0.0,0.0,0.0,0.0,0.0,0.0
2025-09-26 06:25:00,0.0,0.0,0.0,0.0,0.0,0.0,0.0,0.0,0.0,0.0
2025-09-26 06:26:00,0.0,0.0,0.0,0.0,0.0,0.0,0.0,0.0,0.0,0.0
2025-09-26 06:27:00,0.0,0.0,0.0,0.0,0.0,0.0,0.0,0.0,0.0,0.0
2025-09-26 06:28:00,0.0,0.0,0.0,0.0,0.0,0.0,0.0,0.0,0.0,0.0
2025-09-26 06:29:00,0.0,0.0,0.0,0.0,0.0,0.0,0.0,0.0,0.0,0.0
2025-09-26 06:30:00,0.0,0.0,0.0,0.0,0.0,0.0,0.0,0.0,0.0,0.0
2025-09-26 06:31:00,0.0,0.0,0.0,0.0,0.0,0.0,0.0,0.0,0.0,0.0
2025-09-26 06:32:00,0.0,0.0,0.0,0.0,0.0,0.0,0.0,0.0,0.0,0.0
2025-09-26 06:33:00,0.0,0.0,0.0,0.0,0.0,0.0,0.0,0.0,0.0,0.0
2025-09-26 06:34:00,0.0,0.0,0.0,0.0,0.0,0.0,0.0,0.0,0.0,0.0
2025-09-26 06:35:00,0.0,0.0,0.0,0.0,0.0,0.0,0.0,0.0,0.0,0.0
2025-09-26 06:36:00,0.0,0.0,0.0,0.0,0.0,0.0,0.0,0.0,0.0,0.0
2025-09-26 06:37:00,0.0,0.0,0.0,0.0,0.0,0.0,0.0,0.0,0.0,0.0
2025-09-26 06:38:00,0.0,0.0,0.0,0.0,0.0,0.0,0.0,0.0,0.0,0.0
2025-09-26 06:39:00,0.0,0.0,0.0,0.0,0.0,0.0,0.0,0.0,0.0,0.0
2025-09-26 06:40:00,0.0,0.0,0.0,0.0,0.0,0.0,0.0,0.0,0.0,0.0
2025-09-26 06:41:00,0.0,0.0,0.0,0.0,0.0,0.0,0.0,0.0,0.0,0.0
2025-09-26 06:42:00,0.0,0.0,0.0,0.0,0.0,0.0,0.0,0.0,0.0,0.0
2025-09-26 06:43:00,0.0,0.0,0.0,0.0,0.0,0.0,0.0,0.0,0.0,0.0
2025-09-26 06:44:00,0.0,0.0,0.0,0.0,0.0,0.0,0.0,0.0,0.0,0.0
2025-09-26 06:45:00,0.0,0.0,0.0,0.0,0.0,0.0,0.0,0.0,0.0,0.0
2025-09-26 06:46:00,0.0,0.0,0.0,0.0,0.0,0.0,0.0,0.0,0.0,0.0
2025-09-26 06:47:00,0.0,0.0,0.0,0.0,0.0,0.0,0.0,0.0,0.0,0.0
2025-09-26 06:48:00,0.0,0.0,0.0,0.0,0.0,0.0,0.0,0.0,0.0,0.0
2025-09-26 06:49:00,0.0,0.0,0.0,0.0,0.0,0.0,0.0,0.0,0.0,0.0
2025-09-26 06:50:00,0.0,0.0,0.0,0.0,0.0,0.0,0.0,0.0,0.0,0.0
2025-09-26 06:51:00,0.0,0.0,0.0,0.0,0.0,0.0,0.0,0.0,0.0,0.0
2025-09-26 06:52:00,0.0,0.0,0.0,0.0,0.0,0.0,0.0,0.0,0.0,0.0
2025-09-26 06:53:00,0.0,0.0,0.0,0.0,0.0,0.0,0.0,0.0,0.0,0.0
2025-09-26 06:54:00,0.0,0.0,0.0,0.0,0.0,0.0,0.0,0.0,0.0,0.0
2025-09-26 06:55:00,0.0,0.0,0.0,0.0,0.0,0.0,0.0,0.0,0.0,0.0
2025-09-26 06:56:00,0.0,0.0,0.0,0.0,0.0,0.0,0.0,0.0,0.0,0.0
2025-09-26 06:57:00,0.0,0.0,0.0,0.0,0.0,0.0,0.0,0.0,0.0,0.0
2025-09-26 06:58:00,0.0,0.0,0.0,0.0,0.0,0.0,0.0,0.0,0.0,0.0
2025-09-26 06:59:00,0.0,0.0,0.0,0.0,0.0,0.0,0.0,0.0,0.0,0.0
2025-09-26 07:00:00,0.0,0.0,0.0,0.0,0.0,0.0,0.0,0.0,0.0,0.0
2025-09-26 07:01:00,0.0,0.0,0.0,0.0,0.0,0.0,0.0,0.0,0.0,0.0
2025-09-26 07:02:00,0.0,0.0,0.0,0.0,0.0,0.0,0.0,0.0,0.0,0.0
2025-09-26 07:03:00,0.0,0.0,0.0,0.0,0.0,0.0,0.0,0.0,0.0,0.0
2025-09-26 07:04:00,0.0,0.0,0.0,0.0,0.0,0.0,0.0,0.0,0.0,0.0
2025-09-26 07:05:00,0.0,0.0,0.0,0.0,0.0,0.0,0.0,0.0,0.0,0.0
2025-09-26 07:06:00,0.0,0.0,0.0,0.0,0.0,0.0,0.0,0.0,0.0,0.0
2025-09-26 07:07:00,0.0,0.0,0.0,0.0,0.0,0.0,0.0,0.0,0.0,0.0
2025-09-26 07:08:00,0.0,0.0,0.0,0.0,0.0,0.0,0.0,0.0,0.0,0.0
2025-09-26 07:09:00,0.0,0.0,0.0,0.0,0.0,0.0,0.0,0.0,0.0,0.0
2025-09-26 07:10:00,0.0,0.0,0.0,0.0,0.0,0.0,0.0,0.0,0.0,0.0
2025-09-26 07:11:00,0.0,0.0,0.0,0.0,0.0,0.0,0.0,0.0,0.0,0.0
2025-09-26 07:12:00,0.0,0.0,0.0,0.0,0.0,0.0,0.0,0.0,0.0,0.0
2025-09-26 07:13:00,0.0,0.0,0.0,0.0,0.0,0.0,0.0,0.0,0.0,0.0
2025-09-26 07:14:00,0.0,0.0,0.0,0.0,0.0,0.0,0.0,0.0,0.0,0.0
2025-09-26 07:15:00,0.0,0.0,0.0,0.0,0.0,0.0,0.0,0.0,0.0,0.0
2025-09-26 07:16:00,0.0,0.0,0.0,0.0,0.0,0.0,0.0,0.0,0.0,0.0
2025-09-26 07:17:00,0.0,0.0,0.0,0.0,0.0,0.0,0.0,0.0,0.0,0.0
2025-09-26 07:18:00,0.0,0.0,0.0,0.0,0.0,0.0,0.0,0.0,0.0,0.0
2025-09-26 07:19:00,0.0,0.0,0.0,0.0,0.0,0.0,0.0,0.0,0.0,0.0
2025-09-26 07:20:00,0.0,0.0,0.0,0.0,0.0,0.0,0.0,0.0,0.0,0.0
2025-09-26 07:21:00,0.0,0.0,0.0,0.0,0.0,0.0,0.0,0.0,0.0,0.0
2025-09-26 07:22:00,0.0,0.0,0.0,0.0,0.0,0.0,0.0,0.0,0.0,0.0
2025-09-26 07:23:00,0.0,0.0,0.0,0.0,0.0,0.0,0.0,0.0,0.0,0.0
2025-09-26 07:24:00,0.0,0.0,0.0,0.0,0.0,0.0,0.0,0.0,0.0,0.0
2025-09-26 07:25:00,0.0,0.0,0.0,0.0,0.0,0.0,0.0,0.0,0.0,0.0
2025-09-26 07:26:00,0.0,0.0,0.0,0.0,0.0,0.0,0.0,0.0,0.0,0.0
2025-09-26 07:27:00,0.0,0.0,0.0,0.0,0.0,0.0,0.0,0.0,0.0,0.0
2025-09-26 07:28:00,0.0,0.0,0.0,0.0,0.0,0.0,0.0,0.0,0.0,0.0
2025-09-26 07:29:00,0.0,0.0,0.0,0.0,0.0,0.0,0.0,0.0,0.0,0.0
2025-09-26 07:30:00,0.0,0.0,0.0,0.0,0.0,0.0,0.0,0.0,0.0,0.0
2025-09-26 07:31:00,0.0,0.0,0.0,0.0,0.0,0.0,0.0,0.0,0.0,0.0
2025-09-26 07:32:00,0.0,0.0,0.0,0.0,0.0,0.0,0.0,0.0,0.0,0.0
2025-09-26 07:33:00,0.0,0.0,0.0,0.0,0.0,0.0,0.0,0.0,0.0,0.0
2025-09-26 07:34:00,0.0,0.0,0.0,0.0,0.0,0.0,0.0,0.0,0.0,0.0
2025-09-26 07:35:00,0.0,0.0,0.0,0.0,0.0,0.0,0.0,0.0,0.0,0.0
2025-09-26 07:36:00,0.0,0.0,0.0,0.0,0.0,0.0,0.0,0.0,0.0,0.0
2025-09-26 07:37:00,0.0,0.0,0.0,0.0,0.0,0.0,0.0,0.0,0.0,0.0
2025-09-26 07:38:00,0.0,0.0,0.0,0.0,0.0,0.0,0.0,0.0,0.0,0.0
2025-09-26 07:39:00,0.0,0.0,0.0,0.0,0.0,0.0,0.0,0.0,0.0,0.0
2025-09-26 07:40:00,0.0,0.0,0.0,0.0,0.0,0.0,0.0,0.0,0.0,0.0
2025-09-26 07:41:00,0.0,0.0,0.0,0.0,0.0,0.0,0.0,0.0,0.0,0.0
2025-09-26 07:42:00,0.0,0.0,0.0,0.0,0.0,0.0,0.0,0.0,0.0,0.0
2025-09-26 07:43:00,0.0,0.0,0.0,0.0,0.0,0.0,0.0,0.0,0.0,0.0
2025-09-26 07:44:00,0.0,0.0,0.0,0.0,0.0,0.0,0.0,0.0,0.0,0.0
2025-09-26 07:45:00,0.0,0.0,0.0,0.0,0.0,0.0,0.0,0.0,0.0,0.0
2025-09-26 07:46:00,0.0,0.0,0.0,0.0,0.0,0.0,0.0,0.0,0.0,0.0
2025-09-26 07:47:00,0.0,0.0,0.0,0.0,0.0,0.0,0.0,0.0,0.0,0.0
2025-09-26 07:48:00,0.0,0.0,0.0,0.0,0.0,0.0,0.0,0.0,0.0,0.0
2025-09-26 07:49:00,0.0,0.0,0.0,0.0,0.0,0.0,0.0,0.0,0.0,0.0
2025-09-26 07:50:00,0.0,0.0,0.0,0.0,0.0,0.0,0.0,0.0,0.0,0.0
2025-09-26 07:51:00,0.0,0.0,0.0,0.0,0.0,0.0,0.0,0.0,0.0,0.0
2025-09-26 07:52:00,0.0,0.0,0.0,0.0,0.0,0.0,0.0,0.0,0.0,0.0
2025-09-26 07:53:00,0.0,0.0,0.0,0.0,0.0,0.0,0.0,0.0,0.0,0.0
2025-09-26 07:54:00,0.0,0.0,0.0,0.0,0.0,0.0,0.0,0.0,0.0,0.0
2025-09-26 07:55:00,0.0,0.0,0.0,0.0,0.0,0.0,0.0,0.0,0.0,0.0
2025-09-26 07:56:00,0.0,0.0,0.0,0.0,0.0,0.0,0.0,0.0,0.0,0.0
2025-09-26 07:57:00,0.0,0.0,0.0,0.0,0.0,0.0,0.0,0.0,0.0,0.0
2025-09-26 07:58:00,0.0,0.0,0.0,0.0,0.0,0.0,0.0,0.0,0.0,0.0
2025-09-26 07:59:00,0.0,0.0,0.0,0.0,0.0,0.0,0.0,0.0,0.0,0.0
2025-09-26 08:00:00,0.0,0.0,0.0,0.0,0.0,0.0,0.0,0.0,0.0,0.0
2025-09-26 08:01:00,0.0,0.0,0.0,0.0,0.0,0.0,0.0,0.0,0.0,0.0
2025-09-26 08:02:00,0.0,0.0,0.0,0.0,0.0,0.0,0.0,0.0,0.0,0.0
2025-09-26 08:03:00,0.0,0.0,0.0,0.0,0.0,0.0,0.0,0.0,0.0,0.0
2025-09-26 08:04:00,0.0,0.0,0.0,0.0,0.0,0.0,0.0,0.0,0.0,0.0
2025-09-26 08:05:00,0.0,0.0,0.0,0.0,0.0,0.0,0.0,0.0,0.0,0.0
2025-09-26 08:06:00,0.0,0.0,0.0,0.0,0.0,0.0,0.0,0.0,0.0,0.0
2025-09-26 08:07:00,0.0,0.0,0.0,0.0,0.0,0.0,0.0,0.0,0.0,0.0
2025-09-26 08:08:00,0.0,0.0,0.0,0.0,0.0,0.0,0.0,0.0,0.0,0.0
2025-09-26 08:09:00,0.0,0.0,0.0,0.0,0.0,0.0,0.0,0.0,0.0,0.0
2025-09-26 08:10:00,0.0,0.0,0.0,0.0,0.0,0.0,0.0,0.0,0.0,0.0
2025-09-26 08:11:00,0.0,0.0,0.0,0.0,0.0,0.0,0.0,0.0,0.0,0.0
2025-09-26 08:12:00,0.0,0.0,0.0,0.0,0.0,0.0,0.0,0.0,0.0,0.0
2025-09-26 08:13:00,0.0,0.0,0.0,0.0,0.0,0.0,0.0,0.0,0.0,0.0
2025-09-26 08:14:00,0.0,0.0,0.0,0.0,0.0,0.0,0.0,0.0,0.0,0.0
2025-09-26 08:15:00,0.0,0.0,0.0,0.0,0.0,0.0,0.0,0.0,0.0,0.0
2025-09-26 08:16:00,0.0,0.0,0.0,0.0,0.0,0.0,0.0,0.0,0.0,0.0
2025-09-26 08:17:00,0.0,0.0,0.0,0.0,0.0,0.0,0.0,0.0,0.0,0.0
2025-09-26 08:18:00,0.0,0.0,0.0,0.0,0.0,0.0,0.0,0.0,0.0,0.0
2025-09-26 08:19:00,0.0,0.0,0.0,0.0,0.0,0.0,0.0,0.0,0.0,0.0
2025-09-26 08:20:00,0.0,0.0,0.0,0.0,0.0,0.0,0.0,0.0,0.0,0.0
2025-09-26 08:21:00,0.0,0.0,0.0,0.0,0.0,0.0,0.0,0.0,0.0,0.0
2025-09-26 08:22:00,0.0,0.0,0.0,0.0,0.0,0.0,0.0,0.0,0.0,0.0
2025-09-26 08:23:00,0.0,0.0,0.0,0.0,0.0,0.0,0.0,0.0,0.0,0.0
2025-09-26 08:24:00,0.0,0.0,0.0,0.0,0.0,0.0,0.0,0.0,0.0,0.0
2025-09-26 08:25:00,0.0,0.0,0.0,0.0,0.0,0.0,0.0,0.0,0.0,0.0
2025-09-26 08:26:00,0.0,0.0,0.0,0.0,0.0,0.0,0.0,0.0,0.0,0.0
2025-09-26 08:27:00,0.0,0.0,0.0,0.0,0.0,0.0,0.0,0.0,0.0,0.0
2025-09-26 08:28:00,0.0,0.0,0.0,0.0,0.0,0.0,0.0,0.0,0.0,0.0
2025-09-26 08:29:00,0.0,0.0,0.0,0.0,0.0,0.0,0.0,0.0,0.0,0.0
2025-09-26 08:30:00,0.0,0.0,0.0,0.0,0.0,0.0,0.0,0.0,0.0,0.0
2025-09-26 08:31:00,0.0,0.0,0.0,0.0,0.0,0.0,0.0,0.0,0.0,0.0
2025-09-26 08:32:00,0.0,0.0,0.0,0.0,0.0,0.0,0.0,0.0,0.0,0.0
2025-09-26 08:33:00,0.0,0.0,0.0,0.0,0.0,0.0,0.0,0.0,0.0,0.0
2025-09-26 08:34:00,0.0,0.0,0.0,0.0,0.0,0.0,0.0,0.0,0.0,0.0
2025-09-26 08:35:00,0.0,0.0,0.0,0.0,0.0,0.0,0.0,0.0,0.0,0.0
2025-09-26 08:36:00,0.0,0.0,0.0,0.0,0.0,0.0,0.0,0.0,0.0,0.0
2025-09-26 08:37:00,0.0,0.0,0.0,0.0,0.0,0.0,0.0,0.0,0.0,0.0
2025-09-26 08:38:00,0.0,0.0,0.0,0.0,0.0,0.0,0.0,0.0,0.0,0.0
2025-09-26 08:39:00,0.0,0.0,0.0,0.0,0.0,0.0,0.0,0.0,0.0,0.0
2025-09-26 08:40:00,0.0,0.0,0.0,0.0,0.0,0.0,0.0,0.0,0.0,0.0
2025-09-26 08:41:00,0.0,0.0,0.0,0.0,0.0,0.0,0.0,0.0,0.0,0.0
2025-09-26 08:42:00,0.0,0.0,0.0,0.0,0.0,0.0,0.0,0.0,0.0,0.0
2025-09-26 08:43:00,0.0,0.0,0.0,0.0,0.0,0.0,0.0,0.0,0.0,0.0
2025-09-26 08:44:00,0.0,0.0,0.0,0.0,0.0,0.0,0.0,0.0,0.0,0.0
2025-09-26 08:45:00,0.0,0.0,0.0,0.0,0.0,0.0,0.0,0.0,0.0,0.0
2025-09-26 08:46:00,0.0,0.0,0.0,0.0,0.0,0.0,0.0,0.0,0.0,0.0
2025-09-26 08:47:00,0.0,0.0,0.0,0.0,0.0,0.0,0.0,0.0,0.0,0.0
2025-09-26 08:48:00,0.0,0.0,0.0,0.0,0.0,0.0,0.0,0.0,0.0,0.0
2025-09-26 08:49:00,0.0,0.0,0.0,0.0,0.0,0.0,0.0,0.0,0.0,0.0
2025-09-26 08:50:00,0.0,0.0,0.0,0.0,0.0,0.0,0.0,0.0,0.0,0.0
2025-09-26 08:51:00,0.0,0.0,0.0,0.0,0.0,0.0,0.0,0.0,0.0,0.0
2025-09-26 08:52:00,0.0,0.0,0.0,0.0,0.0,0.0,0.0,0.0,0.0,0.0
2025-09-26 08:53:00,0.0,0.0,0.0,0.0,0.0,0.0,0.0,0.0,0.0,0.0
2025-09-26 08:54:00,0.0,0.0,0.0,0.0,0.0,0.0,0.0,0.0,0.0,0.0
2025-09-26 08:55:00,0.0,0.0,0.0,0.0,0.0,0.0,0.0,0.0,0.0,0.0
2025-09-26 08:56:00,0.0,0.0,0.0,0.0,0.0,0.0,0.0,0.0,0.0,0.0
2025-09-26 08:57:00,0.0,0.0,0.0,0.0,0.0,0.0,0.0,0.0,0.0,0.0
2025-09-26 08:58:00,0.0,0.0,0.0,0.0,0.0,0.0,0.0,0.0,0.0,0.0
2025-09-26 08:59:00,0.0,0.0,0.0,0.0,0.0,0.0,0.0,0.0,0.0,0.0
2025-09-26 09:00:00,0.0,0.0,0.0,0.0,0.0,0.0,0.0,0.0,0.0,0.0
2025-09-26 09:01:00,0.0,0.0,0.0,0.0,0.0,0.0,0.0,0.0,0.0,0.0
2025-09-26 09:02:00,0.0,0.0,0.0,0.0,0.0,0.0,0.0,0.0,0.0,0.0
2025-09-26 09:03:00,0.0,0.0,0.0,0.0,0.0,0.0,0.0,0.0,0.0,0.0
2025-09-26 09:04:00,0.0,0.0,0.0,0.0,0.0,0.0,0.0,0.0,0.0,0.0
2025-09-26 09:05:00,0.0,0.0,0.0,0.0,0.0,0.0,0.0,0.0,0.0,0.0
2025-09-26 09:06:00,0.0,0.0,0.0,0.0,0.0,0.0,0.0,0.0,0.0,0.0
2025-09-26 09:07:00,0.0,0.0,0.0,0.0,0.0,0.0,0.0,0.0,0.0,0.0
2025-09-26 09:08:00,0.0,0.0,0.0,0.0,0.0,0.0,0.0,0.0,0.0,0.0
2025-09-26 09:09:00,0.0,0.0,0.0,0.0,0.0,0.0,0.0,0.0,0.0,0.0
2025-09-26 09:10:00,0.0,0.0,0.0,0.0,0.0,0.0,0.0,0.0,0.0,0.0
2025-09-26 09:11:00,0.0,0.0,0.0,0.0,0.0,0.0,0.0,0.0,0.0,0.0
2025-09-26 09:12:00,0.0,0.0,0.0,0.0,0.0,0.0,0.0,0.0,0.0,0.0
2025-09-26 09:13:00,0.0,0.0,0.0,0.0,0.0,0.0,0.0,0.0,0.0,0.0
2025-09-26 09:14:00,0.0,0.0,0.0,0.0,0.0,0.0,0.0,0.0,0.0,0.0
2025-09-26 09:15:00,0.0,0.0,0.0,0.0,0.0,0.0,0.0,0.0,0.0,0.0
2025-09-26 09:16:00,0.0,0.0,0.0,0.0,0.0,0.0,0.0,0.0,0.0,0.0
2025-09-26 09:17:00,0.0,0.0,0.0,0.0,0.0,0.0,0.0,0.0,0.0,0.0
2025-09-26 09:18:00,0.0,0.0,0.0,0.0,0.0,0.0,0.0,0.0,0.0,0.0
2025-09-26 09:19:00,0.0,0.0,0.0,0.0,0.0,0.0,0.0,0.0,0.0,0.0
2025-09-26 09:20:00,0.0,0.0,0.0,0.0,0.0,0.0,0.0,0.0,0.0,0.0
2025-09-26 09:21:00,0.0,0.0,0.0,0.0,0.0,0.0,0.0,0.0,0.0,0.0
2025-09-26 09:22:00,0.0,0.0,0.0,0.0,0.0,0.0,0.0,0.0,0.0,0.0
2025-09-26 09:23:00,0.0,0.0,0.0,0.0,0.0,0.0,0.0,0.0,0.0,0.0
2025-09-26 09:24:00,0.0,0.0,0.0,0.0,0.0,0.0,0.0,0.0,0.0,0.0
2025-09-26 09:25:00,0.0,0.0,0.0,0.0,0.0,0.0,0.0,0.0,0.0,0.0
2025-09-26 09:26:00,0.0,0.0,0.0,0.0,0.0,0.0,0.0,0.0,0.0,0.0
2025-09-26 09:27:00,0.0,0.0,0.0,0.0,0.0,0.0,0.0,0.0,0.0,0.0
2025-09-26 09:28:00,0.0,0.0,0.0,0.0,0.0,0.0,0.0,0.0,0.0,0.0
2025-09-26 09:29:00,0.0,0.0,0.0,0.0,0.0,0.0,0.0,0.0,0.0,0.0
2025-09-26 09:30:00,0.0,0.0,0.0,0.0,0.0,0.0,0.0,0.0,0.0,0.0
2025-09-26 09:31:00,0.0,0.0,0.0,0.0,0.0,0.0,0.0,0.0,0.0,0.0
2025-09-26 09:32:00,0.0,0.0,0.0,0.0,0.0,0.0,0.0,0.0,0.0,0.0
2025-09-26 09:33:00,0.0,0.0,0.0,0.0,0.0,0.0,0.0,0.0,0.0,0.0
2025-09-26 09:34:00,0.0,0.0,0.0,0.0,0.0,0.0,0.0,0.0,0.0,0.0
2025-09-26 09:35:00,0.0,0.0,0.0,0.0,0.0,0.0,0.0,0.0,0.0,0.0
2025-09-26 09:36:00,0.0,0.0,0.0,0.0,0.0,0.0,0.0,0.0,0.0,0.0
2025-09-26 09:37:00,0.0,0.0,0.0,0.0,0.0,0.0,0.0,0.0,0.0,0.0
2025-09-26 09:38:00,0.0,0.0,0.0,0.0,0.0,0.0,0.0,0.0,0.0,0.0
2025-09-26 09:39:00,0.0,0.0,0.0,0.0,0.0,0.0,0.0,0.0,0.0,0.0
2025-09-26 09:40:00,0.0,0.0,0.0,0.0,0.0,0.0,0.0,0.0,0.0,0.0
2025-09-26 09:41:00,0.0,0.0,0.0,0.0,0.0,0.0,0.0,0.0,0.0,0.0
2025-09-26 09:42:00,0.0,0.0,0.0,0.0,0.0,0.0,0.0,0.0,0.0,0.0
2025-09-26 09:43:00,0.0,0.0,0.0,0.0,0.0,0.0,0.0,0.0,0.0,0.0
2025-09-26 09:44:00,0.0,0.0,0.0,0.0,0.0,0.0,0.0,0.0,0.0,0.0
2025-09-26 09:45:00,0.0,0.0,0.0,0.0,0.0,0.0,0.0,0.0,0.0,0.0
2025-09-26 09:46:00,0.0,0.0,0.0,0.0,0.0,0.0,0.0,0.0,0.0,0.0
2025-09-26 09:47:00,0.0,0.0,0.0,0.0,0.0,0.0,0.0,0.0,0.0,0.0
2025-09-26 09:48:00,0.0,0.0,0.0,0.0,0.0,0.0,0.0,0.0,0.0,0.0
2025-09-26 09:49:00,0.0,0.0,0.0,0.0,0.0,0.0,0.0,0.0,0.0,0.0
2025-09-26 09:50:00,0.0,0.0,0.0,0.0,0.0,0.0,0.0,0.0,0.0,0.0
2025-09-26 09:51:00,0.0,0.0,0.0,0.0,0.0,0.0,0.0,0.0,0.0,0.0
2025-09-26 09:52:00,0.0,0.0,0.0,0.0,0.0,0.0,0.0,0.0,0.0,0.0
2025-09-26 09:53:00,0.0,0.0,0.0,0.0,0.0,0.0,0.0,0.0,0.0,0.0
2025-09-26 09:54:00,0.0,0.0,0.0,0.0,0.0,0.0,0.0,0.0,0.0,0.0
2025-09-26 09:55:00,0.0,0.0,0.0,0.0,0.0,0.0,0.0,0.0,0.0,0.0
2025-09-26 09:56:00,0.0,0.0,0.0,0.0,0.0,0.0,0.0,0.0,0.0,0.0
2025-09-26 09:57:00,0.0,0.0,0.0,0.0,0.0,0.0,0.0,0.0,0.0,0.0
2025-09-26 09:58:00,0.0,0.0,0.0,0.0,0.0,0.0,0.0,0.0,0.0,0.0
2025-09-26 09:59:00,0.0,0.0,0.0,0.0,0.0,0.0,0.0,0.0,0.0,0.0
2025-09-26 10:00:00,0.0,0.0,0.0,0.0,0.0,0.0,0.0,0.0,0.0,0.0
2025-09-26 10:01:00,0.0,0.0,0.0,0.0,0.0,0.0,0.0,0.0,0.0,0.0
2025-09-26 10:02:00,0.0,0.0,0.0,0.0,0.0,0.0,0.0,0.0,0.0,0.0
2025-09-26 10:03:00,0.0,0.0,0.0,0.0,0.0,0.0,0.0,0.0,0.0,0.0
2025-09-26 10:04:00,0.0,0.0,0.0,0.0,0.0,0.0,0.0,0.0,0.0,0.0
2025-09-26 10:05:00,0.0,0.0,0.0,0.0,0.0,0.0,0.0,0.0,0.0,0.0
2025-09-26 10:06:00,0.0,0.0,0.0,0.0,0.0,0.0,0.0,0.0,0.0,0.0
2025-09-26 10:07:00,0.0,0.0,0.0,0.0,0.0,0.0,0.0,0.0,0.0,0.0
2025-09-26 10:08:00,0.0,0.0,0.0,0.0,0.0,0.0,0.0,0.0,0.0,0.0
2025-09-26 10:09:00,0.0,0.0,0.0,0.0,0.0,0.0,0.0,0.0,0.0,0.0
2025-09-26 10:10:00,0.0,0.0,0.0,0.0,0.0,0.0,0.0,0.0,0.0,0.0
2025-09-26 10:11:00,0.0,0.0,0.0,0.0,0.0,0.0,0.0,0.0,0.0,0.0
2025-09-26 10:12:00,0.0,0.0,0.0,0.0,0.0,0.0,0.0,0.0,0.0,0.0
2025-09-26 10:13:00,0.0,0.0,0.0,0.0,0.0,0.0,0.0,0.0,0.0,0.0
2025-09-26 10:14:00,0.0,0.0,0.0,0.0,0.0,0.0,0.0,0.0,0.0,0.0
2025-09-26 10:15:00,0.0,0.0,0.0,0.0,0.0,0.0,0.0,0.0,0.0,0.0
2025-09-26 10:16:00,0.0,0.0,0.0,0.0,0.0,0.0,0.0,0.0,0.0,0.0
2025-09-26 10:17:00,0.0,0.0,0.0,0.0,0.0,0.0,0.0,0.0,0.0,0.0
2025-09-26 10:18:00,0.0,0.0,0.0,0.0,0.0,0.0,0.0,0.0,0.0,0.0
2025-09-26 10:19:00,0.0,0.0,0.0,0.0,0.0,0.0,0.0,0.0,0.0,0.0
2025-09-26 10:20:00,0.0,0.0,0.0,0.0,0.0,0.0,0.0,0.0,0.0,0.0
2025-09-26 10:21:00,0.0,0.0,0.0,0.0,0.0,0.0,0.0,0.0,0.0,0.0
2025-09-26 10:22:00,0.0,0.0,0.0,0.0,0.0,0.0,0.0,0.0,0.0,0.0
2025-09-26 10:23:00,0.0,0.0,0.0,0.0,0.0,0.0,0.0,0.0,0.0,0.0
2025-09-26 10:24:00,0.0,0.0,0.0,0.0,0.0,0.0,0.0,0.0,0.0,0.0
2025-09-26 10:25:00,0.0,0.0,0.0,0.0,0.0,0.0,0.0,0.0,0.0,0.0
2025-09-26 10:26:00,0.0,0.0,0.0,0.0,0.0,0.0,0.0,0.0,0.0,0.0
2025-09-26 10:27:00,0.0,0.0,0.0,0.0,0.0,0.0,0.0,0.0,0.0,0.0
2025-09-26 10:28:00,0.0,0.0,0.0,0.0,0.0,0.0,0.0,0.0,0.0,0.0
2025-09-26 10:29:00,0.0,0.0,0.0,0.0,0.0,0.0,0.0,0.0,0.0,0.0
2025-09-26 10:30:00,0.0,0.0,0.0,0.0,0.0,0.0,0.0,0.0,0.0,0.0
2025-09-26 10:31:00,0.0,0.0,0.0,0.0,0.0,0.0,0.0,0.0,0.0,0.0
2025-09-26 10:32:00,0.0,0.0,0.0,0.0,0.0,0.0,0.0,0.0,0.0,0.0
2025-09-26 10:33:00,0.0,0.0,0.0,0.0,0.0,0.0,0.0,0.0,0.0,0.0
2025-09-26 10:34:00,0.0,0.0,0.0,0.0,0.0,0.0,0.0,0.0,0.0,0.0
2025-09-26 10:35:00,0.0,0.0,0.0,0.0,0.0,0.0,0.0,0.0,0.0,0.0
2025-09-26 10:36:00,0.0,0.0,0.0,0.0,0.0,0.0,0.0,0.0,0.0,0.0
2025-09-26 10:37:00,0.0,0.0,0.0,0.0,0.0,0.0,0.0,0.0,0.0,0.0
2025-09-26 10:38:00,0.0,0.0,0.0,0.0,0.0,0.0,0.0,0.0,0.0,0.0
2025-09-26 10:39:00,0.0,0.0,0.0,0.0,0.0,0.0,0.0,0.0,0.0,0.0
2025-09-26 10:40:00,0.0,0.0,0.0,0.0,0.0,0.0,0.0,0.0,0.0,0.0
2025-09-26 10:41:00,0.0,0.0,0.0,0.0,0.0,0.0,0.0,0.0,0.0,0.0
2025-09-26 10:42:00,0.0,0.0,0.0,0.0,0.0,0.0,0.0,0.0,0.0,0.0
2025-09-26 10:43:00,0.0,0.0,0.0,0.0,0.0,0.0,0.0,0.0,0.0,0.0
2025-09-26 10:44:00,0.0,0.0,0.0,0.0,0.0,0.0,0.0,0.0,0.0,0.0
2025-09-26 10:45:00,0.0,0.0,0.0,0.0,0.0,0.0,0.0,0.0,0.0,0.0
2025-09-26 10:46:00,0.0,0.0,0.0,0.0,0.0,0.0,0.0,0.0,0.0,0.0
2025-09-26 10:47:00,0.0,0.0,0.0,0.0,0.0,0.0,0.0,0.0,0.0,0.0
2025-09-26 10:48:00,0.0,0.0,0.0,0.0,0.0,0.0,0.0,0.0,0.0,0.0
2025-09-26 10:49:00,0.0,0.0,0.0,0.0,0.0,0.0,0.0,0.0,0.0,0.0
2025-09-26 10:50:00,0.0,0.0,0.0,0.0,0.0,0.0,0.0,0.0,0.0,0.0
2025-09-26 10:51:00,0.0,0.0,0.0,0.0,0.0,0.0,0.0,0.0,0.0,0.0
2025-09-26 10:52:00,0.0,0.0,0.0,0.0,0.0,0.0,0.0,0.0,0.0,0.0
2025-09-26 10:53:00,0.0,0.0,0.0,0.0,0.0,0.0,0.0,0.0,0.0,0.0
2025-09-26 10:54:00,0.0,0.0,0.0,0.0,0.0,0.0,0.0,0.0,0.0,0.0
2025-09-26 10:55:00,0.0,0.0,0.0,0.0,0.0,0.0,0.0,0.0,0.0,0.0
2025-09-26 10:56:00,0.0,0.0,0.0,0.0,0.0,0.0,0.0,0.0,0.0,0.0
2025-09-26 10:57:00,0.0,0.0,0.0,0.0,0.0,0.0,0.0,0.0,0.0,0.0
2025-09-26 10:58:00,0.0,0.0,0.0,0.0,0.0,0.0,0.0,0.0,0.0,0.0
2025-09-26 10:59:00,0.0,0.0,0.0,0.0,0.0,0.0,0.0,0.0,0.0,0.0
2025-09-26 11:00:00,0.0,0.0,0.0,0.0,0.0,0.0,0.0,0.0,0.0,0.0
2025-09-26 11:01:00,0.0,0.0,0.0,0.0,0.0,0.0,0.0,0.0,0.0,0.0
2025-09-26 11:02:00,0.0,0.0,0.0,0.0,0.0,0.0,0.0,0.0,0.0,0.0
2025-09-26 11:03:00,0.0,0.0,0.0,0.0,0.0,0.0,0.0,0.0,0.0,0.0
2025-09-26 11:04:00,0.0,0.0,0.0,0.0,0.0,0.0,0.0,0.0,0.0,0.0
2025-09-26 11:05:00,0.0,0.0,0.0,0.0,0.0,0.0,0.0,0.0,0.0,0.0
2025-09-26 11:06:00,0.0,0.0,0.0,0.0,0.0,0.0,0.0,0.0,0.0,0.0
2025-09-26 11:07:00,0.0,0.0,0.0,0.0,0.0,0.0,0.0,0.0,0.0,0.0
2025-09-26 11:08:00,0.0,0.0,0.0,0.0,0.0,0.0,0.0,0.0,0.0,0.0
2025-09-26 11:09:00,0.0,0.0,0.0,0.0,0.0,0.0,0.0,0.0,0.0,0.0
2025-09-26 11:10:00,0.0,0.0,0.0,0.0,0.0,0.0,0.0,0.0,0.0,0.0
2025-09-26 11:11:00,0.0,0.0,0.0,0.0,0.0,0.0,0.0,0.0,0.0,0.0
2025-09-26 11:12:00,0.0,0.0,0.0,0.0,0.0,0.0,0.0,0.0,0.0,0.0
2025-09-26 11:13:00,0.0,0.0,0.0,0.0,0.0,0.0,0.0,0.0,0.0,0.0
2025-09-26 11:14:00,0.0,0.0,0.0,0.0,0.0,0.0,0.0,0.0,0.0,0.0
2025-09-26 11:15:00,0.0,0.0,0.0,0.0,0.0,0.0,0.0,0.0,0.0,0.0
2025-09-26 11:16:00,0.0,0.0,0.0,0.0,0.0,0.0,0.0,0.0,0.0,0.0
2025-09-26 11:17:00,0.0,0.0,0.0,0.0,0.0,0.0,0.0,0.0,0.0,0.0
2025-09-26 11:18:00,0.0,0.0,0.0,0.0,0.0,0.0,0.0,0.0,0.0,0.0
2025-09-26 11:19:00,0.0,0.0,0.0,0.0,0.0,0.0,0.0,0.0,0.0,0.0
2025-09-26 11:20:00,0.0,0.0,0.0,0.0,0.0,0.0,0.0,0.0,0.0,0.0
2025-09-26 11:21:00,0.0,0.0,0.0,0.0,0.0,0.0,0.0,0.0,0.0,0.0
2025-09-26 11:22:00,0.0,0.0,0.0,0.0,0.0,0.0,0.0,0.0,0.0,0.0
2025-09-26 11:23:00,0.0,0.0,0.0,0.0,0.0,0.0,0.0,0.0,0.0,0.0
2025-09-26 11:24:00,0.0,0.0,0.0,0.0,0.0,0.0,0.0,0.0,0.0,0.0
2025-09-26 11:25:00,0.0,0.0,0.0,0.0,0.0,0.0,0.0,0.0,0.0,0.0
2025-09-26 11:26:00,0.0,0.0,0.0,0.0,0.0,0.0,0.0,0.0,0.0,0.0
2025-09-26 11:27:00,0.0,0.0,0.0,0.0,0.0,0.0,0.0,0.0,0.0,0.0
2025-09-26 11:28:00,0.0,0.0,0.0,0.0,0.0,0.0,0.0,0.0,0.0,0.0
2025-09-26 11:29:00,0.0,0.0,0.0,0.0,0.0,0.0,0.0,0.0,0.0,0.0
2025-09-26 11:30:00,0.0,0.0,0.0,0.0,0.0,0.0,0.0,0.0,0.0,0.0
2025-09-26 11:31:00,0.0,0.0,0.0,0.0,0.0,0.0,0.0,0.0,0.0,0.0
2025-09-26 11:32:00,0.0,0.0,0.0,0.0,0.0,0.0,0.0,0.0,0.0,0.0
2025-09-26 11:33:00,0.0,0.0,0.0,0.0,0.0,0.0,0.0,0.0,0.0,0.0
2025-09-26 11:34:00,0.0,0.0,0.0,0.0,0.0,0.0,0.0,0.0,0.0,0.0
2025-09-26 11:35:00,0.0,0.0,0.0,0.0,0.0,0.0,0.0,0.0,0.0,0.0
2025-09-26 11:36:00,0.0,0.0,0.0,0.0,0.0,0.0,0.0,0.0,0.0,0.0
2025-09-26 11:37:00,0.0,0.0,0.0,0.0,0.0,0.0,0.0,0.0,0.0,0.0
2025-09-26 11:38:00,0.0,0.0,0.0,0.0,0.0,0.0,0.0,0.0,0.0,0.0
2025-09-26 11:39:00,0.0,0.0,0.0,0.0,0.0,0.0,0.0,0.0,0.0,0.0
2025-09-26 11:40:00,0.0,0.0,0.0,0.0,0.0,0.0,0.0,0.0,0.0,0.0
2025-09-26 11:41:00,0.0,0.0,0.0,0.0,0.0,0.0,0.0,0.0,0.0,0.0
2025-09-26 11:42:00,0.0,0.0,0.0,0.0,0.0,0.0,0.0,0.0,0.0,0.0
2025-09-26 11:43:00,0.0,0.0,0.0,0.0,0.0,0.0,0.0,0.0,0.0,0.0
2025-09-26 11:44:00,0.0,0.0,0.0,0.0,0.0,0.0,0.0,0.0,0.0,0.0
2025-09-26 11:45:00,0.0,0.0,0.0,0.0,0.0,0.0,0.0,0.0,0.0,0.0
2025-09-26 11:46:00,0.0,0.0,0.0,0.0,0.0,0.0,0.0,0.0,0.0,0.0
2025-09-26 11:47:00,0.0,0.0,0.0,0.0,0.0,0.0,0.0,0.0,0.0,0.0
2025-09-26 11:48:00,0.0,0.0,0.0,0.0,0.0,0.0,0.0,0.0,0.0,0.0
2025-09-26 11:49:00,0.0,0.0,0.0,0.0,0.0,0.0,0.0,0.0,0.0,0.0
2025-09-26 11:50:00,0.0,0.0,0.0,0.0,0.0,0.0,0.0,0.0,0.0,0.0
2025-09-26 11:51:00,0.0,0.0,0.0,0.0,0.0,0.0,0.0,0.0,0.0,0.0
2025-09-26 11:52:00,0.0,0.0,0.0,0.0,0.0,0.0,0.0,0.0,0.0,0.0
2025-09-26 11:53:00,0.0,0.0,0.0,0.0,0.0,0.0,0.0,0.0,0.0,0.0
2025-09-26 11:54:00,0.0,0.0,0.0,0.0,0.0,0.0,0.0,0.0,0.0,0.0
2025-09-26 11:55:00,0.0,0.0,0.0,0.0,0.0,0.0,0.0,0.0,0.0,0.0
2025-09-26 11:56:00,0.0,0.0,0.0,0.0,0.0,0.0,0.0,0.0,0.0,0.0
2025-09-26 11:57:00,0.0,0.0,0.0,0.0,0.0,0.0,0.0,0.0,0.0,0.0
2025-09-26 11:58:00,0.0,0.0,0.0,0.0,0.0,0.0,0.0,0.0,0.0,0.0
2025-09-26 11:59:00,0.0,0.0,0.0,0.0,0.0,0.0,0.0,0.0,0.0,0.0
2025-09-26 12:00:00,0.0,0.0,0.0,0.0,0.0,0.0,0.0,0.0,0.0,0.0
2025-09-26 12:01:00,0.0,0.0,0.0,0.0,0.0,0.0,0.0,0.0,0.0,0.0
2025-09-26 12:02:00,0.0,0.0,0.0,0.0,0.0,0.0,0.0,0.0,0.0,0.0
2025-09-26 12:03:00,0.0,0.0,0.0,0.0,0.0,0.0,0.0,0.0,0.0,0.0
2025-09-26 12:04:00,0.0,0.0,0.0,0.0,0.0,0.0,0.0,0.0,0.0,0.0
2025-09-26 12:05:00,0.0,0.0,0.0,0.0,0.0,0.0,0.0,0.0,0.0,0.0
2025-09-26 12:06:00,0.0,0.0,0.0,0.0,0.0,0.0,0.0,0.0,0.0,0.0
2025-09-26 12:07:00,0.0,0.0,0.0,0.0,0.0,0.0,0.0,0.0,0.0,0.0
2025-09-26 12:08:00,0.0,0.0,0.0,0.0,0.0,0.0,0.0,0.0,0.0,0.0
2025-09-26 12:09:00,0.0,0.0,0.0,0.0,0.0,0.0,0.0,0.0,0.0,0.0
2025-09-26 12:10:00,0.0,0.0,0.0,0.0,0.0,0.0,0.0,0.0,0.0,0.0
2025-09-26 12:11:00,0.0,0.0,0.0,0.0,0.0,0.0,0.0,0.0,0.0,0.0
2025-09-26 12:12:00,0.0,0.0,0.0,0.0,0.0,0.0,0.0,0.0,0.0,0.0
2025-09-26 12:13:00,0.0,0.0,0.0,0.0,0.0,0.0,0.0,0.0,0.0,0.0
2025-09-26 12:14:00,0.0,0.0,0.0,0.0,0.0,0.0,0.0,0.0,0.0,0.0
2025-09-26 12:15:00,0.0,0.0,0.0,0.0,0.0,0.0,0.0,0.0,0.0,0.0
2025-09-26 12:16:00,0.0,0.0,0.0,0.0,0.0,0.0,0.0,0.0,0.0,0.0
2025-09-26 12:17:00,0.0,0.0,0.0,0.0,0.0,0.0,0.0,0.0,0.0,0.0
2025-09-26 12:18:00,0.0,0.0,0.0,0.0,0.0,0.0,0.0,0.0,0.0,0.0
2025-09-26 12:19:00,0.0,0.0,0.0,0.0,0.0,0.0,0.0,0.0,0.0,0.0
2025-09-26 12:20:00,0.0,0.0,0.0,0.0,0.0,0.0,0.0,0.0,0.0,0.0
2025-09-26 12:21:00,0.0,0.0,0.0,0.0,0.0,0.0,0.0,0.0,0.0,0.0
2025-09-26 12:22:00,0.0,0.0,0.0,0.0,0.0,0.0,0.0,0.0,0.0,0.0
2025-09-26 12:23:00,0.0,0.0,0.0,0.0,0.0,0.0,0.0,0.0,0.0,0.0
2025-09-26 12:24:00,0.0,0.0,0.0,0.0,0.0,0.0,0.0,0.0,0.0,0.0
2025-09-26 12:25:00,0.0,0.0,0.0,0.0,0.0,0.0,0.0,0.0,0.0,0.0
2025-09-26 12:26:00,0.0,0.0,0.0,0.0,0.0,0.0,0.0,0.0,0.0,0.0
2025-09-26 12:27:00,0.0,0.0,0.0,0.0,0.0,0.0,0.0,0.0,0.0,0.0
2025-09-26 12:28:00,0.0,0.0,0.0,0.0,0.0,0.0,0.0,0.0,0.0,0.0
2025-09-26 12:29:00,0.0,0.0,0.0,0.0,0.0,0.0,0.0,0.0,0.0,0.0
2025-09-26 12:30:00,0.0,0.0,0.0,0.0,0.0,0.0,0.0,0.0,0.0,0.0
2025-09-26 12:31:00,0.0,0.0,0.0,0.0,0.0,0.0,0.0,0.0,0.0,0.0
2025-09-26 12:32:00,0.0,0.0,0.0,0.0,0.0,0.0,0.0,0.0,0.0,0.0
2025-09-26 12:33:00,0.0,0.0,0.0,0.0,0.0,0.0,0.0,0.0,0.0,0.0
2025-09-26 12:34:00,0.0,0.0,0.0,0.0,0.0,0.0,0.0,0.0,0.0,0.0
2025-09-26 12:35:00,0.0,0.0,0.0,0.0,0.0,0.0,0.0,0.0,0.0,0.0
2025-09-26 12:36:00,0.0,0.0,0.0,0.0,0.0,0.0,0.0,0.0,0.0,0.0
2025-09-26 12:37:00,0.0,0.0,0.0,0.0,0.0,0.0,0.0,0.0,0.0,0.0
2025-09-26 12:38:00,0.0,0.0,0.0,0.0,0.0,0.0,0.0,0.0,0.0,0.0
2025-09-26 12:39:00,0.0,0.0,0.0,0.0,0.0,0.0,0.0,0.0,0.0,0.0
2025-09-26 12:40:00,0.0,0.0,0.0,0.0,0.0,0.0,0.0,0.0,0.0,0.0
2025-09-26 12:41:00,0.0,0.0,0.0,0.0,0.0,0.0,0.0,0.0,0.0,0.0
2025-09-26 12:42:00,0.0,0.0,0.0,0.0,0.0,0.0,0.0,0.0,0.0,0.0
2025-09-26 12:43:00,0.0,0.0,0.0,0.0,0.0,0.0,0.0,0.0,0.0,0.0
2025-09-26 12:44:00,0.0,0.0,0.0,0.0,0.0,0.0,0.0,0.0,0.0,0.0
2025-09-26 12:45:00,0.0,0.0,0.0,0.0,0.0,0.0,0.0,0.0,0.0,0.0
2025-09-26 12:46:00,0.0,0.0,0.0,0.0,0.0,0.0,0.0,0.0,0.0,0.0
2025-09-26 12:47:00,0.0,0.0,0.0,0.0,0.0,0.0,0.0,0.0,0.0,0.0
2025-09-26 12:48:00,0.0,0.0,0.0,0.0,0.0,0.0,0.0,0.0,0.0,0.0
2025-09-26 12:49:00,0.0,0.0,0.0,0.0,0.0,0.0,0.0,0.0,0.0,0.0
2025-09-26 12:50:00,0.0,0.0,0.0,0.0,0.0,0.0,0.0,0.0,0.0,0.0
2025-09-26 12:51:00,0.0,0.0,0.0,0.0,0.0,0.0,0.0,0.0,0.0,0.0
2025-09-26 12:52:00,0.0,0.0,0.0,0.0,0.0,0.0,0.0,0.0,0.0,0.0
2025-09-26 12:53:00,0.0,0.0,0.0,0.0,0.0,0.0,0.0,0.0,0.0,0.0
2025-09-26 12:54:00,0.0,0.0,0.0,0.0,0.0,0.0,0.0,0.0,0.0,0.0
2025-09-26 12:55:00,0.0,0.0,0.0,0.0,0.0,0.0,0.0,0.0,0.0,0.0
2025-09-26 12:56:00,0.0,0.0,0.0,0.0,0.0,0.0,0.0,0.0,0.0,0.0
2025-09-26 12:57:00,0.0,0.0,0.0,0.0,0.0,0.0,0.0,0.0,0.0,0.0
2025-09-26 12:58:00,0.0,0.0,0.0,0.0,0.0,0.0,0.0,0.0,0.0,0.0
2025-09-26 12:59:00,0.0,0.0,0.0,0.0,0.0,0.0,0.0,0.0,0.0,0.0
2025-09-26 13:00:00,0.0,0.0,0.0,0.0,0.0,0.0,0.0,0.0,0.0,0.0
2025-09-26 13:01:00,0.0,0.0,0.0,0.0,0.0,0.0,0.0,0.0,0.0,0.0
2025-09-26 13:02:00,0.0,0.0,0.0,0.0,0.0,0.0,0.0,0.0,0.0,0.0
2025-09-26 13:03:00,0.0,0.0,0.0,0.0,0.0,0.0,0.0,0.0,0.0,0.0
2025-09-26 13:04:00,0.0,0.0,0.0,0.0,0.0,0.0,0.0,0.0,0.0,0.0
2025-09-26 13:05:00,0.0,0.0,0.0,0.0,0.0,0.0,0.0,0.0,0.0,0.0
2025-09-26 13:06:00,0.0,0.0,0.0,0.0,0.0,0.0,0.0,0.0,0.0,0.0
2025-09-26 13:07:00,0.0,0.0,0.0,0.0,0.0,0.0,0.0,0.0,0.0,0.0
2025-09-26 13:08:00,0.0,0.0,0.0,0.0,0.0,0.0,0.0,0.0,0.0,0.0
2025-09-26 13:09:00,0.0,0.0,0.0,0.0,0.0,0.0,0.0,0.0,0.0,0.0
2025-09-26 13:10:00,0.0,0.0,0.0,0.0,0.0,0.0,0.0,0.0,0.0,0.0
2025-09-26 13:11:00,0.0,0.0,0.0,0.0,0.0,0.0,0.0,0.0,0.0,0.0
2025-09-26 13:12:00,0.0,0.0,0.0,0.0,0.0,0.0,0.0,0.0,0.0,0.0
2025-09-26 13:13:00,0.0,0.0,0.0,0.0,0.0,0.0,0.0,0.0,0.0,0.0
2025-09-26 13:14:00,0.0,0.0,0.0,0.0,0.0,0.0,0.0,0.0,0.0,0.0
2025-09-26 13:15:00,0.0,0.0,0.0,0.0,0.0,0.0,0.0,0.0,0.0,0.0
2025-09-26 13:16:00,0.0,0.0,0.0,0.0,0.0,0.0,0.0,0.0,0.0,0.0
2025-09-26 13:17:00,0.0,0.0,0.0,0.0,0.0,0.0,0.0,0.0,0.0,0.0
2025-09-26 13:18:00,0.0,0.0,0.0,0.0,0.0,0.0,0.0,0.0,0.0,0.0
2025-09-26 13:19:00,0.0,0.0,0.0,0.0,0.0,0.0,0.0,0.0,0.0,0.0
2025-09-26 13:20:00,0.0,0.0,0.0,0.0,0.0,0.0,0.0,0.0,0.0,0.0
2025-09-26 13:21:00,0.0,0.0,0.0,0.0,0.0,0.0,0.0,0.0,0.0,0.0
2025-09-26 13:22:00,0.0,0.0,0.0,0.0,0.0,0.0,0.0,0.0,0.0,0.0
2025-09-26 13:23:00,0.0,0.0,0.0,0.0,0.0,0.0,0.0,0.0,0.0,0.0
2025-09-26 13:24:00,0.0,0.0,0.0,0.0,0.0,0.0,0.0,0.0,0.0,0.0
2025-09-26 13:25:00,0.0,0.0,0.0,0.0,0.0,0.0,0.0,0.0,0.0,0.0
2025-09-26 13:26:00,0.0,0.0,0.0,0.0,0.0,0.0,0.0,0.0,0.0,0.0
2025-09-26 13:27:00,0.0,0.0,0.0,0.0,0.0,0.0,0.0,0.0,0.0,0.0
2025-09-26 13:28:00,0.0,0.0,0.0,0.0,0.0,0.0,0.0,0.0,0.0,0.0
2025-09-26 13:29:00,0.0,0.0,0.0,0.0,0.0,0.0,0.0,0.0,0.0,0.0
2025-09-26 13:30:00,0.0,0.0,0.0,0.0,0.0,0.0,0.0,0.0,0.0,0.0
2025-09-26 13:31:00,0.0,0.0,0.0,0.0,0.0,0.0,0.0,0.0,0.0,0.0
2025-09-26 13:32:00,0.0,0.0,0.0,0.0,0.0,0.0,0.0,0.0,0.0,0.0
2025-09-26 13:33:00,0.0,0.0,0.0,0.0,0.0,0.0,0.0,0.0,0.0,0.0
2025-09-26 13:34:00,0.0,0.0,0.0,0.0,0.0,0.0,0.0,0.0,0.0,0.0
2025-09-26 13:35:00,0.0,0.0,0.0,0.0,0.0,0.0,0.0,0.0,0.0,0.0
2025-09-26 13:36:00,0.0,0.0,0.0,0.0,0.0,0.0,0.0,0.0,0.0,0.0
2025-09-26 13:37:00,0.0,0.0,0.0,0.0,0.0,0.0,0.0,0.0,0.0,0.0
2025-09-26 13:38:00,0.0,0.0,0.0,0.0,0.0,0.0,0.0,0.0,0.0,0.0
2025-09-26 13:39:00,0.0,0.0,0.0,0.0,0.0,0.0,0.0,0.0,0.0,0.0
2025-09-26 13:40:00,0.0,0.0,0.0,0.0,0.0,0.0,0.0,0.0,0.0,0.0
2025-09-26 13:41:00,0.0,0.0,0.0,0.0,0.0,0.0,0.0,0.0,0.0,0.0
2025-09-26 13:42:00,0.0,0.0,0.0,0.0,0.0,0.0,0.0,0.0,0.0,0.0
2025-09-26 13:43:00,0.0,0.0,0.0,0.0,0.0,0.0,0.0,0.0,0.0,0.0
2025-09-26 13:44:00,0.0,0.0,0.0,0.0,0.0,0.0,0.0,0.0,0.0,0.0
2025-09-26 13:45:00,0.0,0.0,0.0,0.0,0.0,0.0,0.0,0.0,0.0,0.0
2025-09-26 13:46:00,0.0,0.0,0.0,0.0,0.0,0.0,0.0,0.0,0.0,0.0
2025-09-26 13:47:00,0.0,0.0,0.0,0.0,0.0,0.0,0.0,0.0,0.0,0.0
2025-09-26 13:48:00,0.0,0.0,0.0,0.0,0.0,0.0,0.0,0.0,0.0,0.0
2025-09-26 13:49:00,0.0,0.0,0.0,0.0,0.0,0.0,0.0,0.0,0.0,0.0
2025-09-26 13:50:00,0.0,0.0,0.0,0.0,0.0,0.0,0.0,0.0,0.0,0.0
2025-09-26 13:51:00,0.0,0.0,0.0,0.0,0.0,0.0,0.0,0.0,0.0,0.0
2025-09-26 13:52:00,0.0,0.0,0.0,0.0,0.0,0.0,0.0,0.0,0.0,0.0
2025-09-26 13:53:00,0.0,0.0,0.0,0.0,0.0,0.0,0.0,0.0,0.0,0.0
2025-09-26 13:54:00,0.0,0.0,0.0,0.0,0.0,0.0,0.0,0.0,0.0,0.0
2025-09-26 13:55:00,0.0,0.0,0.0,0.0,0.0,0.0,0.0,0.0,0.0,0.0
2025-09-26 13:56:00,0.0,0.0,0.0,0.0,0.0,0.0,0.0,0.0,0.0,0.0
2025-09-26 13:57:00,0.0,0.0,0.0,0.0,0.0,0.0,0.0,0.0,0.0,0.0
2025-09-26 13:58:00,0.0,0.0,0.0,0.0,0.0,0.0,0.0,0.0,0.0,0.0
2025-09-26 13:59:00,0.0,0.0,0.0,0.0,0.0,0.0,0.0,0.0,0.0,0.0
2025-09-26 14:00:00,0.0,0.0,0.0,0.0,0.0,0.0,0.0,0.0,0.0,0.0
2025-09-26 14:01:00,0.0,0.0,0.0,0.0,0.0,0.0,0.0,0.0,0.0,0.0
2025-09-26 14:02:00,0.0,0.0,0.0,0.0,0.0,0.0,0.0,0.0,0.0,0.0
2025-09-26 14:03:00,0.0,0.0,0.0,0.0,0.0,0.0,0.0,0.0,0.0,0.0
2025-09-26 14:04:00,0.0,0.0,0.0,0.0,0.0,0.0,0.0,0.0,0.0,0.0
2025-09-26 14:05:00,0.0,0.0,0.0,0.0,0.0,0.0,0.0,0.0,0.0,0.0
2025-09-26 14:06:00,0.0,0.0,0.0,0.0,0.0,0.0,0.0,0.0,0.0,0.0
2025-09-26 14:07:00,0.0,0.0,0.0,0.0,0.0,0.0,0.0,0.0,0.0,0.0
2025-09-26 14:08:00,0.0,0.0,0.0,0.0,0.0,0.0,0.0,0.0,0.0,0.0
2025-09-26 14:09:00,0.0,0.0,0.0,0.0,0.0,0.0,0.0,0.0,0.0,0.0
2025-09-26 14:10:00,0.0,0.0,0.0,0.0,0.0,0.0,0.0,0.0,0.0,0.0
2025-09-26 14:11:00,0.0,0.0,0.0,0.0,0.0,0.0,0.0,0.0,0.0,0.0
2025-09-26 14:12:00,0.0,0.0,0.0,0.0,0.0,0.0,0.0,0.0,0.0,0.0
2025-09-26 14:13:00,0.0,0.0,0.0,0.0,0.0,0.0,0.0,0.0,0.0,0.0
2025-09-26 14:14:00,0.0,0.0,0.0,0.0,0.0,0.0,0.0,0.0,0.0,0.0
2025-09-26 14:15:00,0.0,0.0,0.0,0.0,0.0,0.0,0.0,0.0,0.0,0.0
2025-09-26 14:16:00,0.0,0.0,0.0,0.0,0.0,0.0,0.0,0.0,0.0,0.0
2025-09-26 14:17:00,0.0,0.0,0.0,0.0,0.0,0.0,0.0,0.0,0.0,0.0
2025-09-26 14:18:00,0.0,0.0,0.0,0.0,0.0,0.0,0.0,0.0,0.0,0.0
2025-09-26 14:19:00,0.0,0.0,0.0,0.0,0.0,0.0,0.0,0.0,0.0,0.0
2025-09-26 14:20:00,0.0,0.0,0.0,0.0,0.0,0.0,0.0,0.0,0.0,0.0
2025-09-26 14:21:00,0.0,0.0,0.0,0.0,0.0,0.0,0.0,0.0,0.0,0.0
2025-09-26 14:22:00,0.0,0.0,0.0,0.0,0.0,0.0,0.0,0.0,0.0,0.0
2025-09-26 14:23:00,0.0,0.0,0.0,0.0,0.0,0.0,0.0,0.0,0.0,0.0
2025-09-26 14:24:00,0.0,0.0,0.0,0.0,0.0,0.0,0.0,0.0,0.0,0.0
2025-09-26 14:25:00,0.0,0.0,0.0,0.0,0.0,0.0,0.0,0.0,0.0,0.0
2025-09-26 14:26:00,0.0,0.0,0.0,0.0,0.0,0.0,0.0,0.0,0.0,0.0
2025-09-26 14:27:00,0.0,0.0,0.0,0.0,0.0,0.0,0.0,0.0,0.0,0.0
2025-09-26 14:28:00,0.0,0.0,0.0,0.0,0.0,0.0,0.0,0.0,0.0,0.0
2025-09-26 14:29:00,0.0,0.0,0.0,0.0,0.0,0.0,0.0,0.0,0.0,0.0
2025-09-26 14:30:00,0.0,0.0,0.0,0.0,0.0,0.0,0.0,0.0,0.0,0.0
2025-09-26 14:31:00,0.0,0.0,0.0,0.0,0.0,0.0,0.0,0.0,0.0,0.0
2025-09-26 14:32:00,0.0,0.0,0.0,0.0,0.0,0.0,0.0,0.0,0.0,0.0
2025-09-26 14:33:00,0.0,0.0,0.0,0.0,0.0,0.0,0.0,0.0,0.0,0.0
2025-09-26 14:34:00,0.0,0.0,0.0,0.0,0.0,0.0,0.0,0.0,0.0,0.0
2025-09-26 14:35:00,0.0,0.0,0.0,0.0,0.0,0.0,0.0,0.0,0.0,0.0
2025-09-26 14:36:00,0.0,0.0,0.0,0.0,0.0,0.0,0.0,0.0,0.0,0.0
2025-09-26 14:37:00,0.0,0.0,0.0,0.0,0.0,0.0,0.0,0.0,0.0,0.0
2025-09-26 14:38:00,0.0,0.0,0.0,0.0,0.0,0.0,0.0,0.0,0.0,0.0
2025-09-26 14:39:00,0.0,0.0,0.0,0.0,0.0,0.0,0.0,0.0,0.0,0.0
2025-09-26 14:40:00,0.0,0.0,0.0,0.0,0.0,0.0,0.0,0.0,0.0,0.0
2025-09-26 14:41:00,0.0,0.0,0.0,0.0,0.0,0.0,0.0,0.0,0.0,0.0
2025-09-26 14:42:00,0.0,0.0,0.0,0.0,0.0,0.0,0.0,0.0,0.0,0.0
2025-09-26 14:43:00,0.0,0.0,0.0,0.0,0.0,0.0,0.0,0.0,0.0,0.0
2025-09-26 14:44:00,0.0,0.0,0.0,0.0,0.0,0.0,0.0,0.0,0.0,0.0
2025-09-26 14:45:00,0.0,0.0,0.0,0.0,0.0,0.0,0.0,0.0,0.0,0.0
2025-09-26 14:46:00,0.0,0.0,0.0,0.0,0.0,0.0,0.0,0.0,0.0,0.0
2025-09-26 14:47:00,0.0,0.0,0.0,0.0,0.0,0.0,0.0,0.0,0.0,0.0
2025-09-26 14:48:00,0.0,0.0,0.0,0.0,0.0,0.0,0.0,0.0,0.0,0.0
2025-09-26 14:49:00,0.0,0.0,0.0,0.0,0.0,0.0,0.0,0.0,0.0,0.0
2025-09-26 14:50:00,0.0,0.0,0.0,0.0,0.0,0.0,0.0,0.0,0.0,0.0
2025-09-26 14:51:00,0.0,0.0,0.0,0.0,0.0,0.0,0.0,0.0,0.0,0.0
2025-09-26 14:52:00,0.0,0.0,0.0,0.0,0.0,0.0,0.0,0.0,0.0,0.0
2025-09-26 14:53:00,0.0,0.0,0.0,0.0,0.0,0.0,0.0,0.0,0.0,0.0
2025-09-26 14:54:00,0.0,0.0,0.0,0.0,0.0,0.0,0.0,0.0,0.0,0.0
2025-09-26 14:55:00,0.0,0.0,0.0,0.0,0.0,0.0,0.0,0.0,0.0,0.0
2025-09-26 14:56:00,0.0,0.0,0.0,0.0,0.0,0.0,0.0,0.0,0.0,0.0
2025-09-26 14:57:00,0.0,0.0,0.0,0.0,0.0,0.0,0.0,0.0,0.0,0.0
2025-09-26 14:58:00,0.0,0.0,0.0,0.0,0.0,0.0,0.0,0.0,0.0,0.0
2025-09-26 14:59:00,0.0,0.0,0.0,0.0,0.0,0.0,0.0,0.0,0.0,0.0
2025-09-26 15:00:00,0.0,0.0,0.0,0.0,0.0,0.0,0.0,0.0,0.0,0.0
2025-09-26 15:01:00,0.0,0.0,0.0,0.0,0.0,0.0,0.0,0.0,0.0,0.0
2025-09-26 15:02:00,0.0,0.0,0.0,0.0,0.0,0.0,0.0,0.0,0.0,0.0
2025-09-26 15:03:00,0.0,0.0,0.0,0.0,0.0,0.0,0.0,0.0,0.0,0.0
2025-09-26 15:04:00,0.0,0.0,0.0,0.0,0.0,0.0,0.0,0.0,0.0,0.0
2025-09-26 15:05:00,0.0,0.0,0.0,0.0,0.0,0.0,0.0,0.0,0.0,0.0
2025-09-26 15:06:00,0.0,0.0,0.0,0.0,0.0,0.0,0.0,0.0,0.0,0.0
2025-09-26 15:07:00,0.0,0.0,0.0,0.0,0.0,0.0,0.0,0.0,0.0,0.0
2025-09-26 15:08:00,0.0,0.0,0.0,0.0,0.0,0.0,0.0,0.0,0.0,0.0
2025-09-26 15:09:00,0.0,0.0,0.0,0.0,0.0,0.0,0.0,0.0,0.0,0.0
2025-09-26 15:10:00,0.0,0.0,0.0,0.0,0.0,0.0,0.0,0.0,0.0,0.0
2025-09-26 15:11:00,0.0,0.0,0.0,0.0,0.0,0.0,0.0,0.0,0.0,0.0
2025-09-26 15:12:00,0.0,0.0,0.0,0.0,0.0,0.0,0.0,0.0,0.0,0.0
2025-09-26 15:13:00,0.0,0.0,0.0,0.0,0.0,0.0,0.0,0.0,0.0,0.0
2025-09-26 15:14:00,0.0,0.0,0.0,0.0,0.0,0.0,0.0,0.0,0.0,0.0
2025-09-26 15:15:00,0.0,0.0,0.0,0.0,0.0,0.0,0.0,0.0,0.0,0.0
2025-09-26 15:16:00,0.0,0.0,0.0,0.0,0.0,0.0,0.0,0.0,0.0,0.0
2025-09-26 15:17:00,0.0,0.0,0.0,0.0,0.0,0.0,0.0,0.0,0.0,0.0
2025-09-26 15:18:00,0.0,0.0,0.0,0.0,0.0,0.0,0.0,0.0,0.0,0.0
2025-09-26 15:19:00,0.0,0.0,0.0,0.0,0.0,0.0,0.0,0.0,0.0,0.0
2025-09-26 15:20:00,0.0,0.0,0.0,0.0,0.0,0.0,0.0,0.0,0.0,0.0
2025-09-26 15:21:00,0.0,0.0,0.0,0.0,0.0,0.0,0.0,0.0,0.0,0.0
2025-09-26 15:22:00,0.0,0.0,0.0,0.0,0.0,0.0,0.0,0.0,0.0,0.0
2025-09-26 15:23:00,0.0,0.0,0.0,0.0,0.0,0.0,0.0,0.0,0.0,0.0
2025-09-26 15:24:00,0.0,0.0,0.0,0.0,0.0,0.0,0.0,0.0,0.0,0.0
2025-09-26 15:25:00,0.0,0.0,0.0,0.0,0.0,0.0,0.0,0.0,0.0,0.0
2025-09-26 15:26:00,0.0,0.0,0.0,0.0,0.0,0.0,0.0,0.0,0.0,0.0
2025-09-26 15:27:00,0.0,0.0,0.0,0.0,0.0,0.0,0.0,0.0,0.0,0.0
2025-09-26 15:28:00,0.0,0.0,0.0,0.0,0.0,0.0,0.0,0.0,0.0,0.0
2025-09-26 15:29:00,0.0,0.0,0.0,0.0,0.0,0.0,0.0,0.0,0.0,0.0
2025-09-26 15:30:00,0.0,0.0,0.0,0.0,0.0,0.0,0.0,0.0,0.0,0.0
2025-09-26 15:31:00,0.0,0.0,0.0,0.0,0.0,0.0,0.0,0.0,0.0,0.0
2025-09-26 15:32:00,0.0,0.0,0.0,0.0,0.0,0.0,0.0,0.0,0.0,0.0
2025-09-26 15:33:00,0.0,0.0,0.0,0.0,0.0,0.0,0.0,0.0,0.0,0.0
2025-09-26 15:34:00,0.0,0.0,0.0,0.0,0.0,0.0,0.0,0.0,0.0,0.0
2025-09-26 15:35:00,0.0,0.0,0.0,0.0,0.0,0.0,0.0,0.0,0.0,0.0
2025-09-26 15:36:00,0.0,0.0,0.0,0.0,0.0,0.0,0.0,0.0,0.0,0.0
2025-09-26 15:37:00,0.0,0.0,0.0,0.0,0.0,0.0,0.0,0.0,0.0,0.0
2025-09-26 15:38:00,0.0,0.0,0.0,0.0,0.0,0.0,0.0,0.0,0.0,0.0
2025-09-26 15:39:00,0.0,0.0,0.0,0.0,0.0,0.0,0.0,0.0,0.0,0.0
2025-09-26 15:40:00,0.0,0.0,0.0,0.0,0.0,0.0,0.0,0.0,0.0,0.0
2025-09-26 15:41:00,0.0,0.0,0.0,0.0,0.0,0.0,0.0,0.0,0.0,0.0
2025-09-26 15:42:00,0.0,0.0,0.0,0.0,0.0,0.0,0.0,0.0,0.0,0.0
2025-09-26 15:43:00,0.0,0.0,0.0,0.0,0.0,0.0,0.0,0.0,0.0,0.0
2025-09-26 15:44:00,0.0,0.0,0.0,0.0,0.0,0.0,0.0,0.0,0.0,0.0
2025-09-26 15:45:00,0.0,0.0,0.0,0.0,0.0,0.0,0.0,0.0,0.0,0.0
2025-09-26 15:46:00,0.0,0.0,0.0,0.0,0.0,0.0,0.0,0.0,0.0,0.0
2025-09-26 15:47:00,0.0,0.0,0.0,0.0,0.0,0.0,0.0,0.0,0.0,0.0
2025-09-26 15:48:00,0.0,0.0,0.0,0.0,0.0,0.0,0.0,0.0,0.0,0.0
2025-09-26 15:49:00,0.0,0.0,0.0,0.0,0.0,0.0,0.0,0.0,0.0,0.0
2025-09-26 15:50:00,0.0,0.0,0.0,0.0,0.0,0.0,0.0,0.0,0.0,0.0
2025-09-26 15:51:00,0.0,0.0,0.0,0.0,0.0,0.0,0.0,0.0,0.0,0.0
2025-09-26 15:52:00,0.0,0.0,0.0,0.0,0.0,0.0,0.0,0.0,0.0,0.0
2025-09-26 15:53:00,0.0,0.0,0.0,0.0,0.0,0.0,0.0,0.0,0.0,0.0
2025-09-26 15:54:00,0.0,0.0,0.0,0.0,0.0,0.0,0.0,0.0,0.0,0.0
2025-09-26 15:55:00,0.0,0.0,0.0,0.0,0.0,0.0,0.0,0.0,0.0,0.0
2025-09-26 15:56:00,0.0,0.0,0.0,0.0,0.0,0.0,0.0,0.0,0.0,0.0
2025-09-26 15:57:00,0.0,0.0,0.0,0.0,0.0,0.0,0.0,0.0,0.0,0.0
2025-09-26 15:58:00,0.0,0.0,0.0,0.0,0.0,0.0,0.0,0.0,0.0,0.0
2025-09-26 15:59:00,0.0,0.0,0.0,0.0,0.0,0.0,0.0,0.0,0.0,0.0
2025-09-26 16:00:00,0.0,0.0,0.0,0.0,0.0,0.0,0.0,0.0,0.0,0.0
2025-09-26 16:01:00,0.0,0.0,0.0,0.0,0.0,0.0,0.0,0.0,0.0,0.0
2025-09-26 16:02:00,0.0,0.0,0.0,0.0,0.0,0.0,0.0,0.0,0.0,0.0
2025-09-26 16:03:00,0.0,0.0,0.0,0.0,0.0,0.0,0.0,0.0,0.0,0.0
2025-09-26 16:04:00,0.0,0.0,0.0,0.0,0.0,0.0,0.0,0.0,0.0,0.0
2025-09-26 16:05:00,0.0,0.0,0.0,0.0,0.0,0.0,0.0,0.0,0.0,0.0
2025-09-26 16:06:00,0.0,0.0,0.0,0.0,0.0,0.0,0.0,0.0,0.0,0.0
2025-09-26 16:07:00,0.0,0.0,0.0,0.0,0.0,0.0,0.0,0.0,0.0,0.0
2025-09-26 16:08:00,0.0,0.0,0.0,0.0,0.0,0.0,0.0,0.0,0.0,0.0
2025-09-26 16:09:00,0.0,0.0,0.0,0.0,0.0,0.0,0.0,0.0,0.0,0.0
2025-09-26 16:10:00,0.0,0.0,0.0,0.0,0.0,0.0,0.0,0.0,0.0,0.0
2025-09-26 16:11:00,0.0,0.0,0.0,0.0,0.0,0.0,0.0,0.0,0.0,0.0
2025-09-26 16:12:00,0.0,0.0,0.0,0.0,0.0,0.0,0.0,0.0,0.0,0.0
2025-09-26 16:13:00,0.0,0.0,0.0,0.0,0.0,0.0,0.0,0.0,0.0,0.0
2025-09-26 16:14:00,0.0,0.0,0.0,0.0,0.0,0.0,0.0,0.0,0.0,0.0
2025-09-26 16:15:00,0.0,0.0,0.0,0.0,0.0,0.0,0.0,0.0,0.0,0.0
2025-09-26 16:16:00,0.0,0.0,0.0,0.0,0.0,0.0,0.0,0.0,0.0,0.0
2025-09-26 16:17:00,0.0,0.0,0.0,0.0,0.0,0.0,0.0,0.0,0.0,0.0
2025-09-26 16:18:00,0.0,0.0,0.0,0.0,0.0,0.0,0.0,0.0,0.0,0.0
2025-09-26 16:19:00,0.0,0.0,0.0,0.0,0.0,0.0,0.0,0.0,0.0,0.0
2025-09-26 16:20:00,0.0,0.0,0.0,0.0,0.0,0.0,0.0,0.0,0.0,0.0
2025-09-26 16:21:00,0.0,0.0,0.0,0.0,0.0,0.0,0.0,0.0,0.0,0.0
2025-09-26 16:22:00,0.0,0.0,0.0,0.0,0.0,0.0,0.0,0.0,0.0,0.0
2025-09-26 16:23:00,0.0,0.0,0.0,0.0,0.0,0.0,0.0,0.0,0.0,0.0
2025-09-26 16:24:00,0.0,0.0,0.0,0.0,0.0,0.0,0.0,0.0,0.0,0.0
2025-09-26 16:25:00,0.0,0.0,0.0,0.0,0.0,0.0,0.0,0.0,0.0,0.0
2025-09-26 16:26:00,0.0,0.0,0.0,0.0,0.0,0.0,0.0,0.0,0.0,0.0
2025-09-26 16:27:00,0.0,0.0,0.0,0.0,0.0,0.0,0.0,0.0,0.0,0.0
2025-09-26 16:28:00,0.0,0.0,0.0,0.0,0.0,0.0,0.0,0.0,0.0,0.0
2025-09-26 16:29:00,0.0,0.0,0.0,0.0,0.0,0.0,0.0,0.0,0.0,0.0
2025-09-26 16:30:00,0.0,0.0,0.0,0.0,0.0,0.0,0.0,0.0,0.0,0.0
2025-09-26 16:31:00,0.0,0.0,0.0,0.0,0.0,0.0,0.0,0.0,0.0,0.0
2025-09-26 16:32:00,0.0,0.0,0.0,0.0,0.0,0.0,0.0,0.0,0.0,0.0
2025-09-26 16:33:00,0.0,0.0,0.0,0.0,0.0,0.0,0.0,0.0,0.0,0.0
2025-09-26 16:34:00,0.0,0.0,0.0,0.0,0.0,0.0,0.0,0.0,0.0,0.0
2025-09-26 16:35:00,0.0,0.0,0.0,0.0,0.0,0.0,0.0,0.0,0.0,0.0
2025-09-26 16:36:00,0.0,0.0,0.0,0.0,0.0,0.0,0.0,0.0,0.0,0.0
2025-09-26 16:37:00,0.0,0.0,0.0,0.0,0.0,0.0,0.0,0.0,0.0,0.0
2025-09-26 16:38:00,0.0,0.0,0.0,0.0,0.0,0.0,0.0,0.0,0.0,0.0
2025-09-26 16:39:00,0.0,0.0,0.0,0.0,0.0,0.0,0.0,0.0,0.0,0.0
2025-09-26 16:40:00,0.0,0.0,0.0,0.0,0.0,0.0,0.0,0.0,0.0,0.0
2025-09-26 16:41:00,0.0,0.0,0.0,0.0,0.0,0.0,0.0,0.0,0.0,0.0
2025-09-26 16:42:00,0.0,0.0,0.0,0.0,0.0,0.0,0.0,0.0,0.0,0.0
2025-09-26 16:43:00,0.0,0.0,0.0,0.0,0.0,0.0,0.0,0.0,0.0,0.0
2025-09-26 16:44:00,0.0,0.0,0.0,0.0,0.0,0.0,0.0,0.0,0.0,0.0
2025-09-26 16:45:00,0.0,0.0,0.0,0.0,0.0,0.0,0.0,0.0,0.0,0.0
2025-09-26 16:46:00,0.0,0.0,0.0,0.0,0.0,0.0,0.0,0.0,0.0,0.0
2025-09-26 16:47:00,0.0,0.0,0.0,0.0,0.0,0.0,0.0,0.0,0.0,0.0
2025-09-26 16:48:00,0.0,0.0,0.0,0.0,0.0,0.0,0.0,0.0,0.0,0.0
2025-09-26 16:49:00,0.0,0.0,0.0,0.0,0.0,0.0,0.0,0.0,0.0,0.0
2025-09-26 16:50:00,0.0,0.0,0.0,0.0,0.0,0.0,0.0,0.0,0.0,0.0
2025-09-26 16:51:00,0.0,0.0,0.0,0.0,0.0,0.0,0.0,0.0,0.0,0.0
2025-09-26 16:52:00,0.0,0.0,0.0,0.0,0.0,0.0,0.0,0.0,0.0,0.0
2025-09-26 16:53:00,0.0,0.0,0.0,0.0,0.0,0.0,0.0,0.0,0.0,0.0
2025-09-26 16:54:00,0.0,0.0,0.0,0.0,0.0,0.0,0.0,0.0,0.0,0.0
2025-09-26 16:55:00,0.0,0.0,7.4,0.0,0.0,0.0,0.0,0.0,0.0,0.0
2025-09-26 16:56:00,0.0,0.0,7.4,0.0,0.0,0.0,0.0,0.0,0.0,0.0
2025-09-26 16:57:00,0.0,0.0,7.4,0.0,0.0,0.0,0.0,0.0,0.0,0.0
2025-09-26 16:58:00,0.0,0.0,7.4,0.0,0.0,0.0,0.0,0.0,0.0,0.0
2025-09-26 16:59:00,0.0,0.0,7.4,0.0,0.0,0.0,0.0,0.0,0.0,0.0
2025-09-26 17:00:00,0.0,0.0,7.4,0.0,0.0,0.0,0.0,0.0,0.0,0.0
2025-09-26 17:01:00,0.0,0.0,7.4,0.0,0.0,0.0,0.0,0.0,0.0,0.0
2025-09-26 17:02:00,0.0,0.0,7.4,0.0,0.0,0.0,0.0,0.0,0.0,0.0
2025-09-26 17:03:00,0.0,0.0,7.4,0.0,0.0,0.0,0.0,0.0,0.0,0.0
2025-09-26 17:04:00,0.0,0.0,7.4,0.0,0.0,0.0,0.0,0.0,0.0,0.0
2025-09-26 17:05:00,0.0,0.0,7.4,0.0,0.0,0.0,0.0,0.0,0.0,0.0
2025-09-26 17:06:00,0.0,0.0,7.4,0.0,0.0,0.0,0.0,0.0,0.0,0.0
2025-09-26 17:07:00,0.0,0.0,7.4,0.0,0.0,0.0,0.0,0.0,0.0,0.0
2025-09-26 17:08:00,0.0,0.0,7.4,0.0,0.0,0.0,0.0,0.0,0.0,0.0
2025-09-26 17:09:00,0.0,0.0,7.4,0.0,0.0,0.0,0.0,0.0,0.0,0.0
2025-09-26 17:10:00,0.0,0.0,7.4,0.0,0.0,0.0,0.0,0.0,0.0,0.0
2025-09-26 17:11:00,0.0,0.0,7.4,6.0680000000000005,0.0,0.0,0.0,0.0,0.0,0.0
2025-09-26 17:12:00,0.0,0.0,7.4,6.051387755102041,0.0,0.0,0.0,0.0,0.0,0.0
2025-09-26 17:13:00,0.0,0.0,7.4,6.034775510204082,0.0,0.0,0.0,0.0,0.0,0.0
2025-09-26 17:14:00,0.0,0.0,7.4,6.018163265306122,0.0,0.0,0.0,0.0,0.0,0.0
2025-09-26 17:15:00,0.0,0.0,7.4,6.001551020408163,0.0,0.0,0.0,0.0,0.0,0.0
2025-09-26 17:16:00,0.0,0.0,7.4,5.984938775510204,0.0,0.0,0.0,0.0,0.0,0.0
2025-09-26 17:17:00,0.0,0.0,7.4,5.968326530612245,0.0,0.0,0.0,0.0,0.0,0.0
2025-09-26 17:18:00,0.0,0.0,7.4,5.951714285714286,0.0,0.0,0.0,0.0,0.0,0.0
2025-09-26 17:19:00,0.0,0.0,7.4,5.935102040816327,0.0,0.0,0.0,0.0,0.0,0.0
2025-09-26 17:20:00,0.0,0.0,7.4,5.918489795918367,0.0,0.0,0.0,0.0,0.0,0.0
2025-09-26 17:21:00,0.0,0.0,7.4,5.901877551020408,0.0,0.0,0.0,0.0,0.0,0.0
2025-09-26 17:22:00,0.0,0.0,7.4,5.885265306122449,0.0,0.0,0.0,0.0,0.0,0.0
2025-09-26 17:23:00,0.0,0.0,7.4,5.86865306122449,0.0,0.0,0.0,0.0,0.0,0.0
2025-09-26 17:24:00,0.0,0.0,7.4,5.8520408163265305,0.0,0.0,0.0,0.0,0.0,0.0
2025-09-26 17:25:00,0.0,0.0,7.4,5.835428571428571,0.0,0.0,0.0,0.0,0.0,0.0
2025-09-26 17:26:00,0.0,0.0,7.4,5.818816326530612,0.0,0.0,0.0,0.0,0.0,0.0
2025-09-26 17:27:00,0.0,0.0,7.4,5.802204081632653,0.0,0.0,0.0,0.0,0.0,0.0
2025-09-26 17:28:00,0.0,0.0,7.4,5.785591836734694,0.0,0.0,0.0,0.0,0.0,0.0
2025-09-26 17:29:00,0.0,0.0,7.4,5.768979591836735,0.0,0.0,0.0,0.0,0.0,0.0
2025-09-26 17:30:00,0.0,0.0,7.4,5.752367346938776,0.0,0.0,0.0,0.0,0.0,0.0
2025-09-26 17:31:00,0.0,0.0,7.4,5.735755102040816,0.0,0.0,0.0,0.0,0.0,0.0
2025-09-26 17:32:00,0.0,0.0,7.4,5.719142857142857,0.0,0.0,0.0,0.0,0.0,0.0
2025-09-26 17:33:00,0.0,0.0,7.4,5.702530612244898,0.0,0.0,0.0,0.0,7.4,0.0
2025-09-26 17:34:00,0.0,0.0,7.4,5.685918367346939,0.0,0.0,0.0,0.0,7.4,0.0
2025-09-26 17:35:00,0.0,0.0,7.4,5.66930612244898,0.0,0.0,0.0,0.0,7.4,0.0
2025-09-26 17:36:00,0.0,0.0,7.4,5.6526938775510205,0.0,0.0,0.0,0.0,7.4,0.0
2025-09-26 17:37:00,0.0,0.0,7.4,5.636081632653062,0.0,0.0,0.0,0.0,7.4,0.0
2025-09-26 17:38:00,0.0,0.0,7.4,5.619469387755103,0.0,0.0,0.0,0.0,7.4,0.0
2025-09-26 17:39:00,0.0,0.0,7.4,5.602857142857144,0.0,0.0,0.0,0.0,7.4,0.0
2025-09-26 17:40:00,0.0,0.0,7.4,5.586244897959185,0.0,0.0,0.0,0.0,7.4,0.0
2025-09-26 17:41:00,0.0,0.0,7.4,5.569632653061226,0.0,0.0,0.0,0.0,7.4,0.0
2025-09-26 17:42:00,0.0,0.0,7.4,5.553020408163265,0.0,0.0,0.0,0.0,7.4,0.0
2025-09-26 17:43:00,0.0,0.0,7.4,5.536408163265306,0.0,0.0,0.0,0.0,7.4,0.0
2025-09-26 17:44:00,0.0,0.0,7.4,5.519795918367347,0.0,0.0,0.0,0.0,7.4,0.0
2025-09-26 17:45:00,0.0,0.0,7.4,5.503183673469388,0.0,0.0,0.0,0.0,7.4,0.0
2025-09-26 17:46:00,0.0,7.4,7.4,5.486571428571429,0.0,0.0,0.0,0.0,7.4,0.0
2025-09-26 17:47:00,0.0,7.4,7.4,5.469959183673469,0.0,0.0,0.0,0.0,7.4,0.0
2025-09-26 17:48:00,0.0,7.4,7.4,5.45334693877551,0.0,0.0,0.0,0.0,7.4,0.0
2025-09-26 17:49:00,0.0,7.4,7.4,5.436734693877551,0.0,0.0,0.0,0.0,7.4,7.4
2025-09-26 17:50:00,0.0,7.4,7.4,5.420122448979592,0.0,0.0,0.0,0.0,7.4,7.4
2025-09-26 17:51:00,0.0,7.4,7.4,5.403510204081633,0.0,0.0,0.0,0.0,7.4,7.4
2025-09-26 17:52:00,0.0,7.4,7.4,5.386897959183674,0.0,0.0,0.0,0.0,7.4,7.4
2025-09-26 17:53:00,0.0,7.4,7.4,5.370285714285714,0.0,0.0,0.0,0.0,7.4,7.4
2025-09-26 17:54:00,0.0,7.4,7.4,5.353673469387756,0.0,0.0,0.0,0.0,7.4,7.4
2025-09-26 17:55:00,0.0,7.4,7.4,5.337061224489797,0.0,0.0,0.0,0.0,7.390991304347827,7.4
2025-09-26 17:56:00,0.0,7.4,7.4,5.320448979591838,0.0,0.0,0.0,0.0,7.370400000000001,7.4
2025-09-26 17:57:00,0.0,7.4,7.4,5.303836734693878,0.0,0.0,0.0,0.0,7.349808695652174,7.4
2025-09-26 17:58:00,0.0,7.4,7.4,5.287224489795919,0.0,0.0,0.0,0.0,7.329217391304348,7.4
2025-09-26 17:59:00,0.0,7.4,7.4,5.2706122448979595,0.0,0.0,0.0,0.0,7.308626086956522,7.4
2025-09-26 18:00:00,0.0,7.4,7.4,5.2540000000000004,0.0,0.0,0.0,0.0,7.288034782608697,7.4
2025-09-26 18:01:00,0.0,7.4,7.4,5.2373877551020405,0.0,0.0,7.4,0.0,7.26744347826087,7.4
2025-09-26 18:02:00,0.0,7.4,7.4,5.220775510204081,0.0,0.0,7.4,0.0,7.2468521739130445,7.4
2025-09-26 18:03:00,0.0,7.4,7.4,5.204163265306122,0.0,0.0,7.4,0.0,7.226260869565218,7.4
2025-09-26 18:04:00,0.0,7.4,7.4,5.187551020408162,0.0,0.0,7.4,0.0,7.205669565217392,7.4
2025-09-26 18:05:00,0.0,7.4,7.4,5.170938775510203,0.0,0.0,7.4,0.0,7.185078260869567,7.4
2025-09-26 18:06:00,0.0,7.4,7.4,5.154326530612244,0.0,0.0,7.4,0.0,7.16448695652174,7.4
2025-09-26 18:07:00,0.0,7.4,7.4,5.137714285714285,0.0,0.0,7.4,0.0,7.1438956521739145,7.4
2025-09-26 18:08:00,0.0,7.4,7.4,5.121102040816326,0.0,0.0,7.4,0.0,7.123304347826087,7.4
2025-09-26 18:09:00,0.0,7.4,7.4,5.104489795918367,0.0,0.0,7.4,0.0,7.102713043478261,7.4
2025-09-26 18:10:00,0.0,7.4,7.4,5.087877551020407,0.0,0.0,7.4,0.0,7.082121739130434,7.4
2025-09-26 18:11:00,0.0,7.4,7.4,5.071265306122448,0.0,0.0,7.4,0.0,7.0615304347826084,7.4
2025-09-26 18:12:00,0.0,7.4,7.4,5.054653061224489,0.0,0.0,7.4,0.0,7.040939130434783,7.4
2025-09-26 18:13:00,0.0,7.4,7.4,5.03804081632653,0.0,7.104,7.4,0.0,7.020347826086956,7.4
2025-09-26 18:14:00,0.0,7.4,7.4,5.0214285714285705,0.0,7.0850256410256405,7.4,0.0,6.99975652173913,7.4
2025-09-26 18:15:00,0.0,7.4,7.4,5.0048163265306105,0.0,7.066051282051283,7.4,0.0,6.979165217391304,7.4
2025-09-26 18:16:00,0.0,7.4,7.4,4.988204081632651,0.0,7.047076923076922,7.4,0.0,6.9585739130434785,7.4
2025-09-26 18:17:00,0.0,7.4,7.4,4.971591836734693,0.0,7.028102564102563,7.4,0.0,6.937982608695652,7.388452558651245
2025-09-26 18:18:00,0.0,7.4,7.4,4.954979591836734,0.0,7.009128205128205,7.4,0.0,6.917391304347826,7.374165680473374
2025-09-26 18:19:00,0.0,7.4,7.4,4.938367346938774,0.0,6.990153846153846,7.4,0.0,6.896800000000001,7.357964497041421
2025-09-26 18:20:00,0.0,7.4,7.4,4.921755102040815,0.0,6.971179487179485,7.4,0.0,6.876208695652174,7.3417633136094675
2025-09-26 18:21:00,0.0,7.4,7.4,4.905142857142856,0.0,6.952205128205128,7.4,0.0,6.8556173913043486,7.325562130177514
2025-09-26 18:22:00,0.0,7.4,7.4,4.888530612244897,0.0,6.933230769230768,7.4,0.0,6.835026086956522,7.309360946745562
2025-09-26 18:23:00,0.0,7.4,7.4,4.871918367346938,0.0,6.91425641025641,7.4,0.0,6.814434782608696,7.29315976331361
2025-09-26 18:24:00,0.0,7.4,7.4,4.8553061224489795,0.0,6.8952820512820505,7.4,0.0,6.793843478260871,7.276958579881657
2025-09-26 18:25:00,0.0,7.4,7.4,4.838693877551021,0.0,6.876307692307692,7.4,0.0,6.773252173913043,7.260757396449703
2025-09-26 18:26:00,0.0,7.4,7.4,4.822081632653061,0.0,6.857333333333333,7.4,0.0,6.752660869565218,7.24455621301775
2025-09-26 18:27:00,0.0,7.4,7.4,4.805469387755102,0.0,6.838358974358974,7.4,0.0,6.732069565217391,7.228355029585798
2025-09-26 18:28:00,7.4,7.4,7.4,4.788857142857143,0.0,6.819384615384616,7.4,0.0,6.711478260869565,7.212153846153846
2025-09-26 18:29:00,7.4,7.4,7.4,4.772244897959184,0.0,6.800410256410257,7.4,0.0,6.690886956521737,7.1959526627218935
2025-09-26 18:30:00,7.4,7.4,7.4,4.755632653061225,0.0,6.781435897435897,7.4,0.0,6.670295652173911,7.179751479289941
2025-09-26 18:31:00,7.4,7.4,7.4,4.739020408163265,0.0,6.762461538461538,7.4,0.0,6.649704347826085,7.163550295857988
2025-09-26 18:32:00,7.4,7.4,7.4,4.722408163265306,0.0,6.743487179487179,7.4,0.0,6.6291130434782595,7.147349112426036
2025-09-26 18:33:00,7.4,7.4,7.4,4.705795918367347,0.0,6.724512820512819,7.4,0.0,6.608521739130433,7.131147928994084
2025-09-26 18:34:00,7.4,7.4,7.4,4.689183673469388,0.0,6.705538461538461,7.4,0.0,6.587930434782607,7.114946745562131
2025-09-26 18:35:00,7.4,7.4,7.4,4.672571428571429,0.0,6.686564102564101,7.4,0.0,6.567339130434782,7.098745562130177
2025-09-26 18:36:00,7.4,7.4,7.4,4.6559591836734695,0.0,6.667589743589743,7.4,0.0,6.546747826086956,7.082544378698224
2025-09-26 18:37:00,7.4,7.4,7.4,4.63934693877551,0.0,6.6486153846153835,7.4,0.0,6.52615652173913,7.066343195266271
2025-09-26 18:38:00,7.4,7.4,7.4,4.622734693877551,0.0,6.629641025641026,7.4,0.0,6.505565217391305,7.050142011834319
2025-09-26 18:39:00,7.4,7.4,7.4,4.606122448979592,0.0,6.610666666666666,7.4,0.0,6.484973913043478,7.033940828402367
2025-09-26 18:40:00,7.4,7.4,7.4,4.589510204081633,0.0,6.591692307692307,7.4,0.0,6.464382608695652,7.017739644970414
2025-09-26 18:41:00,7.4,7.4,7.4,4.572897959183674,0.0,6.572717948717948,7.4,0.0,6.443791304347825,7.001538461538461
2025-09-26 18:42:00,7.4,7.4,7.4,4.556285714285714,0.0,6.55374358974359,7.4,0.0,6.4232,6.985337278106508
2025-09-26 18:43:00,7.4,7.4,7.4,4.539673469387755,0.0,6.53476923076923,7.4,0.0,6.402608695652173,6.969136094674556
2025-09-26 18:44:00,7.4,7.4,7.4,4.523061224489796,0.0,6.5157948717948715,7.4,0.0,6.3820173913043465,6.952934911242603
2025-09-26 18:45:00,7.4,7.4,7.4,4.506448979591837,0.0,6.496820512820513,7.4,0.0,6.36142608695652,6.93673372781065
2025-09-26 18:46:00,7.4,7.4,7.4,4.489836734693878,0.0,6.477846153846154,7.4,0.0,6.340834782608694,6.920532544378697
2025-09-26 18:47:00,7.4,7.4,7.4,4.473224489795918,0.0,6.458871794871794,7.4,0.0,6.320243478260869,6.9043313609467445
2025-09-26 18:48:00,7.4,7.4,7.4,4.4566122448979595,0.0,6.439897435897436,7.4,0.0,6.299652173913042,6.8881301775147925
2025-09-26 18:49:00,7.4,7.4,7.4,4.4399999999999995,0.0,6.420923076923076,7.4,0.0,6.279060869565217,6.8719289940828405
2025-09-26 18:50:00,7.4,7.4,7.4,0.0,0.0,6.4019487179487164,7.4,0.0,6.258469565217391,6.855727810650887
2025-09-26 18:51:00,7.4,7.4,7.4,0.0,0.0,6.382974358974359,7.4,0.0,6.237878260869565,6.839526627218935
2025-09-26 18:52:00,7.4,7.4,7.4,0.0,0.0,6.363999999999998,7.4,0.0,6.217286956521739,6.823325443786982
2025-09-26 18:53:00,7.4,7.4,7.4,0.0,0.0,6.34502564102564,7.4,0.0,6.196695652173913,6.80712426035503
2025-09-26 18:54:00,7.4,7.4,7.4,0.0,0.0,6.326051282051281,7.4,0.0,6.176104347826087,6.790923076923077
2025-09-26 18:55:00,7.4,7.4,7.4,0.0,0.0,6.307076923076922,7.4,0.0,6.155513043478259,6.774721893491124
2025-09-26 18:56:00,7.4,7.4,7.4,0.0,0.0,6.288102564102562,7.4,0.0,6.134921739130434,6.758520710059172
2025-09-26 18:57:00,7.397768844221106,7.4,7.4,0.0,0.0,6.269128205128204,7.395414164246839,0.0,6.114330434782608,6.742319526627219
2025-09-26 18:58:00,7.379586206896552,7.4,7.4,0.0,0.0,6.250153846153845,7.385148788927335,0.0,6.093739130434782,6.7261183431952665
2025-09-26 18:59:00,7.359172413793104,7.4,7.4,0.0,0.0,6.231179487179486,7.366712802768166,0.0,6.073147826086956,6.709917159763313
2025-09-26 19:00:00,7.338758620689656,7.4,7.4,0.0,0.0,6.2122051282051265,7.348276816608997,0.0,6.052556521739131,6.69371597633136
2025-09-26 19:01:00,7.318344827586207,7.4,7.4,0.0,0.0,6.193230769230768,7.329840830449826,0.0,6.0319652173913045,6.677514792899408
2025-09-26 19:02:00,7.297931034482758,7.4,7.4,0.0,0.0,6.174256410256409,7.3114048442906565,0.0,6.011373913043479,6.661313609467456
2025-09-26 19:03:00,7.27751724137931,7.4,7.4,0.0,0.0,6.155282051282049,7.292968858131487,0.0,5.990782608695652,6.645112426035502
2025-09-26 19:04:00,7.257103448275862,7.4,7.4,0.0,0.0,6.1363076923076925,7.274532871972317,0.0,5.970191304347827,6.628911242603549
2025-09-26 19:05:00,7.236689655172413,7.4,7.4,0.0,0.0,6.117333333333334,7.256096885813148,0.0,5.9496,6.612710059171596
2025-09-26 19:06:00,7.216275862068964,7.4,7.4,0.0,5.920000000000001,6.098358974358974,7.237660899653978,0.0,5.929008695652175,6.596508875739644
2025-09-26 19:07:00,7.195862068965517,7.4,7.4,0.0,5.907007633587787,6.079384615384616,7.219224913494808,0.0,5.908417391304348,6.580307692307692
2025-09-26 19:08:00,7.175448275862069,7.4,7.4,0.0,5.894015267175573,6.0604102564102575,7.20078892733564,0.0,5.887826086956522,6.5641065088757395
2025-09-26 19:09:00,7.155034482758619,7.4,7.388781971531667,0.0,5.88102290076336,6.041435897435897,7.182352941176471,0.0,5.867234782608696,6.547905325443787
2025-09-26 19:10:00,7.134620689655172,7.4,7.367400881057269,0.0,5.8680305343511465,6.022461538461539,7.163916955017301,7.4,5.84664347826087,6.531704142011834
2025-09-26 19:11:00,7.114206896551725,7.4,7.345233480176211,0.0,5.8550381679389325,6.00348717948718,7.1454809688581316,7.4,5.826052173913045,6.515502958579881
2025-09-26 19:12:00,7.0937931034482755,7.4,7.323066079295154,0.0,5.8420458015267185,5.984512820512822,7.127044982698961,7.4,5.805460869565218,6.499301775147929
2025-09-26 19:13:00,7.073379310344827,7.4,7.300898678414096,0.0,5.8290534351145045,5.965538461538461,7.108608996539792,7.4,5.784869565217391,6.483100591715976
2025-09-26 19:14:00,7.052965517241378,7.4,7.278731277533038,0.0,5.8160610687022904,5.946564102564104,7.090173010380623,7.4,5.764278260869564,6.466899408284023
2025-09-26 19:15:00,7.032551724137931,7.4,7.256563876651981,0.0,5.803068702290076,5.927589743589744,7.071737024221454,7.4,5.7436869565217386,6.450698224852071
2025-09-26 19:16:00,7.012137931034483,7.4,7.234396475770924,0.0,5.790076335877862,5.908615384615385,7.053301038062284,7.4,5.723095652173912,6.434497041420118
2025-09-26 19:17:00,6.991724137931035,7.4,7.2122290748898665,0.0,5.777083969465649,5.889641025641026,7.034865051903115,7.4,5.702504347826086,6.418295857988166
2025-09-26 19:18:00,6.971310344827586,7.4,7.19006167400881,0.0,5.764091603053436,5.870666666666667,7.016429065743944,7.4,5.68191304347826,6.4020946745562135
2025-09-26 19:19:00,6.950896551724138,7.4,7.167894273127752,0.0,5.751099236641222,5.851692307692308,6.9979930795847745,7.4,5.661321739130434,6.385893491124261
2025-09-26 19:20:00,6.930482758620689,7.4,7.145726872246694,0.0,5.738106870229008,5.832717948717949,6.979557093425605,7.4,5.640730434782609,6.369692307692308
2025-09-26 19:21:00,6.910068965517241,7.4,7.123559471365637,0.0,5.725114503816794,5.8137435897435905,6.961121107266436,7.4,5.620139130434783,6.353491124260355
2025-09-26 19:22:00,6.889655172413794,7.4,7.1013920704845805,0.0,5.71212213740458,5.794769230769231,6.942685121107266,7.4,5.5995478260869564,6.337289940828403
2025-09-26 19:23:00,6.8692413793103455,7.4,7.079224669603524,0.0,5.699129770992366,5.775794871794872,6.924249134948097,7.4,5.578956521739131,6.321088757396451
2025-09-26 19:24:00,6.848827586206897,7.4,7.057057268722466,0.0,5.686137404580152,5.756820512820513,6.905813148788926,7.4,5.558365217391304,6.304887573964497
2025-09-26 19:25:00,6.828413793103449,7.4,7.034889867841409,0.0,5.673145038167939,5.737846153846155,6.887377162629757,7.4,5.537773913043478,6.288686390532544
2025-09-26 19:26:00,6.808,7.4,7.012722466960351,0.0,5.660152671755726,5.718871794871795,6.868941176470588,7.4,5.517182608695652,6.272485207100591
2025-09-26 19:27:00,6.7875862068965525,7.4,6.9905550660792946,0.0,5.647160305343513,5.699897435897437,6.850505190311418,7.4,5.4965913043478265,6.2562840236686394
2025-09-26 19:28:00,6.767172413793103,7.4,6.968387665198239,0.0,5.634167938931299,5.680923076923078,6.832069204152248,7.4,5.476,6.240082840236687
2025-09-26 19:29:00,6.746758620689655,7.4,6.946220264317181,0.0,5.621175572519085,5.661948717948719,6.813633217993079,7.4,0.0,6.223881656804734
2025-09-26 19:30:00,6.726344827586206,7.4,6.924052863436123,0.0,5.608183206106871,5.642974358974358,6.795197231833909,7.4,0.0,6.207680473372781
2025-09-26 19:31:00,6.7059310344827585,7.4,6.901885462555066,0.0,5.595190839694657,5.6240000000000006,6.77676124567474,7.4,0.0,6.191479289940828
2025-09-26 19:32:00,6.685517241379309,7.4,6.879718061674009,0.0,5.582198473282443,5.605025641025641,6.75832525951557,7.4,0.0,6.175278106508876
2025-09-26 19:33:00,6.665103448275861,7.4,6.857550660792951,0.0,5.569206106870229,5.586051282051283,6.7398892733564,7.4,0.0,6.159076923076923
2025-09-26 19:34:00,6.644689655172413,7.4,6.835383259911893,0.0,5.556213740458015,5.5670769230769235,6.721453287197231,7.4,0.0,6.14287573964497
2025-09-26 19:35:00,6.624275862068964,7.4,6.813215859030836,0.0,5.543221374045802,5.548102564102565,6.703017301038061,7.4,0.0,6.126674556213017
2025-09-26 19:36:00,6.603862068965516,7.4,6.7910484581497785,0.0,5.530229007633587,5.529128205128206,6.6845813148788915,7.4,0.0,6.110473372781064
2025-09-26 19:37:00,6.583448275862069,7.4,6.768881057268722,0.0,5.517236641221374,5.510153846153846,6.666145328719723,7.4,0.0,6.0942721893491125
2025-09-26 19:38:00,6.56303448275862,7.4,6.746713656387664,0.0,5.50424427480916,5.491179487179488,6.647709342560551,7.4,0.0,6.07807100591716
2025-09-26 19:39:00,6.5426206896551715,7.4,6.724546255506607,0.0,5.491251908396945,5.472205128205128,6.629273356401382,7.4,0.0,6.061869822485208
2025-09-26 19:40:00,6.522206896551724,7.4,6.702378854625549,0.0,5.478259541984732,5.45323076923077,6.610837370242213,7.4,0.0,6.045668639053255
2025-09-26 19:41:00,6.501793103448277,7.4,6.6802114537444925,0.0,5.465267175572519,5.434256410256411,6.592401384083043,7.4,0.0,6.029467455621302
2025-09-26 19:42:00,6.481379310344828,7.4,6.658044052863435,0.0,5.452274809160306,5.415282051282052,6.573965397923875,7.4,0.0,6.013266272189349
2025-09-26 19:43:00,6.460965517241379,7.4,6.635876651982378,0.0,5.439282442748092,5.396307692307693,6.555529411764705,7.4,0.0,5.997065088757397
2025-09-26 19:44:00,6.44055172413793,7.4,6.61370925110132,0.0,5.426290076335878,5.377333333333334,6.537093425605534,7.4,0.0,5.980863905325444
2025-09-26 19:45:00,6.420137931034483,7.4,6.591541850220263,0.0,5.413297709923664,5.358358974358975,6.518657439446365,7.4,0.0,5.964662721893492
2025-09-26 19:46:00,6.399724137931035,7.4,6.569374449339206,0.0,5.40030534351145,5.339384615384616,6.500221453287196,7.4,0.0,5.9484615384615385
2025-09-26 19:47:00,6.379310344827586,7.4,6.547207048458149,0.0,5.387312977099237,5.3204102564102564,6.481785467128026,7.4,0.0,5.9322603550295865
2025-09-26 19:48:00,6.358896551724137,7.4,6.525039647577092,0.0,5.374320610687022,5.301435897435899,6.463349480968856,7.4,0.0,5.9160591715976345
2025-09-26 19:49:00,6.33848275862069,7.4,6.502872246696034,0.0,5.36132824427481,5.282461538461538,6.444913494809687,7.4,0.0,5.899857988165682
2025-09-26 19:50:00,6.318068965517241,7.4,6.480704845814977,0.0,5.3483358778625965,5.26348717948718,6.426477508650518,7.4,0.0,5.883656804733729
2025-09-26 19:51:00,6.297655172413792,7.4,6.458537444933921,0.0,5.3353435114503815,5.244512820512821,6.408041522491349,7.4,0.0,5.867455621301775
2025-09-26 19:52:00,6.277241379310344,7.4,6.436370044052863,0.0,5.322351145038168,5.225538461538461,6.389605536332179,7.4,0.0,5.851254437869823
2025-09-26 19:53:00,6.256827586206896,7.4,6.414202643171805,0.0,5.309358778625954,5.206564102564102,6.37116955017301,7.4,0.0,5.835053254437871
2025-09-26 19:54:00,6.236413793103447,7.4,6.392035242290748,0.0,5.29636641221374,5.187589743589743,6.35273356401384,7.4,0.0,5.818852071005918
2025-09-26 19:55:00,6.215999999999999,7.4,6.3698678414096905,0.0,5.283374045801526,5.168615384615384,6.33429757785467,7.4,0.0,5.802650887573965
2025-09-26 19:56:00,6.19558620689655,7.4,6.347700440528634,0.0,5.2703816793893115,5.149641025641025,6.3158615916955005,7.4,0.0,5.786449704142013
2025-09-26 19:57:00,6.175172413793103,7.4,6.325533039647577,0.0,5.257389312977099,5.1306666666666665,6.297425605536332,7.4,0.0,5.7702485207100604
2025-09-26 19:58:00,6.154758620689655,7.4,6.303365638766521,0.0,5.244396946564885,5.111692307692307,6.278989619377161,7.4,0.0,5.7540473372781085
2025-09-26 19:59:00,6.134344827586208,7.4,6.281198237885463,0.0,5.231404580152671,5.092717948717948,6.260553633217991,7.4,0.0,5.737846153846156
2025-09-26 20:00:00,6.113931034482759,7.4,6.259030837004405,0.0,5.218412213740457,5.073743589743589,6.242117647058822,7.4,0.0,5.721644970414203
2025-09-26 20:01:00,6.093517241379311,7.4,6.2368634361233495,0.0,5.205419847328244,5.054769230769232,6.223681660899653,7.4,0.0,5.705443786982249
2025-09-26 20:02:00,6.073103448275862,7.4,6.214696035242292,0.0,5.192427480916029,5.035794871794872,6.205245674740484,7.4,0.0,5.689242603550297
2025-09-26 20:03:00,6.052689655172414,7.4,6.192528634361235,0.0,5.179435114503816,5.016820512820514,6.186809688581315,7.4,0.0,5.673041420118345
2025-09-26 20:04:00,6.032275862068967,7.4,6.170361233480178,0.0,5.166442748091604,4.997846153846154,6.168373702422146,7.4,0.0,5.656840236686392
2025-09-26 20:05:00,6.0118620689655184,7.4,6.148193832599121,0.0,5.153450381679389,4.978871794871795,6.1499377162629765,7.4,0.0,5.640639053254439
2025-09-26 20:06:00,5.99144827586207,7.4,6.1260264317180635,0.0,5.140458015267176,4.959897435897435,6.131501730103806,7.4,0.0,5.6244378698224855
2025-09-26 20:07:00,5.971034482758623,7.4,6.103859030837006,0.0,5.127465648854962,4.940923076923077,6.113065743944636,7.4,0.0,5.6082366863905335
2025-09-26 20:08:00,5.950620689655174,7.4,6.08169162995595,0.0,5.114473282442748,4.921948717948717,6.094629757785467,7.4,0.0,5.5920355029585815
2025-09-26 20:09:00,5.930206896551725,7.4,6.059524229074892,0.0,5.101480916030534,4.902974358974359,6.076193771626297,7.4,0.0,5.575834319526629
2025-09-26 20:10:00,5.909793103448278,7.4,6.037356828193835,0.0,5.08848854961832,4.8839999999999995,6.057757785467127,7.4,0.0,5.559633136094676
2025-09-26 20:11:00,5.889379310344829,7.4,6.0151894273127775,0.0,5.075496183206106,0.0,6.039321799307959,7.4,0.0,5.543431952662722
2025-09-26 20:12:00,5.86896551724138,7.4,5.99302202643172,0.0,5.062503816793892,0.0,6.020885813148789,7.4,0.0,5.527230769230769
2025-09-26 20:13:00,5.8485517241379315,7.4,5.970854625550662,0.0,5.049511450381679,0.0,6.00244982698962,7.4,0.0,5.511029585798817
2025-09-26 20:14:00,5.828137931034483,7.4,5.948687224669605,0.0,5.036519083969465,0.0,5.984013840830451,7.4,0.0,5.494828402366865
2025-09-26 20:15:00,5.807724137931034,7.4,5.926519823788548,0.0,5.023526717557251,0.0,5.965577854671281,7.4,0.0,5.4786272189349114
2025-09-26 20:16:00,5.787310344827587,7.4,5.904352422907491,0.0,5.010534351145037,0.0,5.947141868512111,7.4,0.0,5.462426035502959
2025-09-26 20:17:00,5.766896551724137,7.4,5.882185022026433,0.0,4.997541984732823,0.0,5.928705882352942,7.4,0.0,5.446224852071006
2025-09-26 20:18:00,5.746482758620689,7.4,5.860017621145375,0.0,4.984549618320609,0.0,5.910269896193772,7.4,0.0,5.430023668639054
2025-09-26 20:19:00,5.726068965517242,7.4,5.837850220264317,0.0,4.971557251908396,0.0,5.891833910034602,7.4,0.0,5.413822485207102
2025-09-26 20:20:00,5.705655172413793,7.4,5.81568281938326,0.0,4.958564885496183,0.0,5.873397923875432,7.4,0.0,5.397621301775148
2025-09-26 20:21:00,5.685241379310345,7.4,5.793515418502203,0.0,4.94557251908397,0.0,5.854961937716262,7.396148320550119,0.0,5.381420118343195
2025-09-26 20:22:00,5.664827586206897,7.4,5.771348017621145,0.0,4.932580152671755,0.0,5.836525951557093,7.385978947368421,0.0,5.365218934911242
2025-09-26 20:23:00,5.644413793103448,7.4,5.749180616740087,0.0,4.919587786259541,0.0,5.818089965397924,7.367284210526315,0.0,5.34901775147929
2025-09-26 20:24:00,5.6240000000000006,7.4,5.727013215859031,0.0,4.906595419847327,0.0,5.799653979238754,7.34858947368421,0.0,5.332816568047337
2025-09-26 20:25:00,0.0,7.4,5.704845814977973,0.0,4.893603053435113,0.0,5.781217993079585,7.329894736842105,0.0,5.3166153846153845
2025-09-26 20:26:00,0.0,7.4,5.682678414096916,0.0,4.8806106870229,0.0,5.762782006920414,7.3111999999999995,0.0,5.300414201183432
2025-09-26 20:27:00,0.0,7.4,5.660511013215859,0.0,4.867618320610686,0.0,5.744346020761245,7.292505263157894,0.0,5.284213017751479
2025-09-26 20:28:00,0.0,7.4,5.638343612334801,0.0,4.854625954198472,0.0,5.725910034602076,7.273810526315788,0.0,5.268011834319527
2025-09-26 20:29:00,0.0,7.4,5.616176211453744,0.0,4.841633587786259,0.0,5.707474048442907,7.255115789473683,0.0,5.251810650887575
2025-09-26 20:30:00,0.0,7.4,5.594008810572687,0.0,4.828641221374045,0.0,5.689038062283736,7.236421052631577,0.0,5.235609467455621
2025-09-26 20:31:00,0.0,7.392090480256436,5.57184140969163,0.0,4.8156488549618315,0.0,5.670602076124567,7.2177263157894735,0.0,5.219408284023668
2025-09-26 20:32:00,0.0,7.382272980501394,5.549674008810572,0.0,4.8026564885496175,0.0,5.652166089965398,7.199031578947369,0.0,5.203207100591716
2025-09-26 20:33:00,0.0,7.36166016713092,5.5275066079295145,0.0,4.7896641221374034,0.0,5.633730103806229,7.180336842105263,0.0,5.187005917159764
2025-09-26 20:34:00,0.0,7.341047353760447,5.505339207048458,0.0,4.776671755725189,0.0,5.61529411764706,7.161642105263159,0.0,5.170804733727811
2025-09-26 20:35:00,0.0,7.320434540389973,5.4831718061674,0.0,4.763679389312976,0.0,5.59685813148789,7.142947368421053,0.0,5.1546035502958585
2025-09-26 20:36:00,0.0,7.299821727019499,5.461004405286342,0.0,4.750687022900763,0.0,5.57842214532872,7.1242526315789485,0.0,5.138402366863906
2025-09-26 20:37:00,0.0,7.2792089136490254,5.438837004405286,0.0,4.737694656488549,0.0,5.559986159169551,7.105557894736843,0.0,5.122201183431953
2025-09-26 20:38:00,0.0,7.2585961002785515,5.4166696035242285,0.0,4.724702290076335,0.0,5.541550173010381,7.086863157894737,0.0,5.106
2025-09-26 20:39:00,0.0,7.237983286908078,5.394502202643172,0.0,4.711709923664121,0.0,5.5231141868512115,7.068168421052631,0.0,5.089798816568047
2025-09-26 20:40:00,0.0,7.217370473537604,5.372334801762115,0.0,4.698717557251907,0.0,5.504678200692042,7.049473684210526,0.0,5.073597633136094
2025-09-26 20:41:00,0.0,7.19675766016713,5.350167400881056,0.0,4.685725190839693,0.0,5.486242214532871,7.03077894736842,0.0,5.057396449704141
2025-09-26 20:42:00,0.0,7.1761448467966575,5.328,0.0,4.672732824427479,0.0,5.467806228373702,7.012084210526314,0.0,5.041195266272188
2025-09-26 20:43:00,0.0,7.1555320334261845,0.0,0.0,4.659740458015266,0.0,5.449370242214533,6.99338947368421,0.0,5.024994082840236
2025-09-26 20:44:00,0.0,7.13491922005571,0.0,0.0,4.646748091603053,0.0,5.430934256055364,6.974694736842104,0.0,5.008792899408284
2025-09-26 20:45:00,0.0,7.114306406685235,0.0,0.0,4.633755725190839,0.0,5.4124982698961945,6.955999999999999,0.0,4.992591715976332
2025-09-26 20:46:00,0.0,7.093693593314762,0.0,0.0,4.620763358778625,0.0,5.394062283737025,6.937305263157894,0.0,4.976390532544379
2025-09-26 20:47:00,0.0,7.073080779944288,0.0,0.0,4.607770992366411,0.0,5.375626297577855,6.918610526315789,0.0,4.960189349112425
2025-09-26 20:48:00,0.0,7.052467966573815,0.0,0.0,4.594778625954197,0.0,5.357190311418686,6.899915789473684,0.0,4.943988165680473
2025-09-26 20:49:00,0.0,7.031855153203342,0.0,0.0,4.581786259541983,0.0,5.338754325259516,6.881221052631579,0.0,4.927786982248521
2025-09-26 20:50:00,0.0,7.011242339832868,0.0,0.0,4.568793893129769,0.0,5.320318339100346,6.8625263157894745,0.0,4.911585798816568
2025-09-26 20:51:00,0.0,6.990629526462395,0.0,0.0,4.5558015267175564,0.0,5.301882352941175,6.843831578947369,0.0,4.895384615384615
2025-09-26 20:52:00,0.0,6.970016713091922,0.0,0.0,4.542809160305342,0.0,5.283446366782005,6.825136842105264,0.0,4.879183431952662
2025-09-26 20:53:00,0.0,6.949403899721448,0.0,0.0,4.529816793893129,0.0,5.2650103806228365,6.806442105263159,0.0,4.8629822485207095
2025-09-26 20:54:00,0.0,6.928791086350975,0.0,0.0,4.516824427480914,0.0,5.246574394463668,6.787747368421052,0.0,4.8467810650887575
2025-09-26 20:55:00,0.0,6.908178272980501,0.0,0.0,4.503832061068701,0.0,5.228138408304498,6.769052631578948,0.0,4.8305798816568055
2025-09-26 20:56:00,0.0,6.887565459610028,0.0,0.0,4.490839694656487,0.0,5.2097024221453285,6.750357894736842,0.0,4.814378698224853
2025-09-26 20:57:00,0.0,6.866952646239554,0.0,0.0,4.477847328244272,0.0,5.191266435986159,6.731663157894737,0.0,4.7981775147929
2025-09-26 20:58:00,0.0,6.846339832869081,0.0,0.0,4.464854961832059,0.0,5.172830449826988,6.712968421052631,0.0,4.781976331360947
2025-09-26 20:59:00,0.0,6.825727019498608,0.0,0.0,4.451862595419846,0.0,5.154394463667819,6.6942736842105255,0.0,4.765775147928995
2025-09-26 21:00:00,0.0,6.805114206128134,0.0,0.0,4.438870229007633,0.0,5.135958477508649,6.67557894736842,0.0,4.749573964497042
2025-09-26 21:01:00,0.0,6.784501392757661,0.0,0.0,4.425877862595419,0.0,5.1175224913494795,6.656884210526314,0.0,4.73337278106509
2025-09-26 21:02:00,0.0,6.763888579387187,0.0,0.0,4.412885496183206,0.0,5.09908650519031,6.638189473684209,0.0,4.717171597633136
2025-09-26 21:03:00,0.0,6.743275766016712,0.0,0.0,4.399893129770991,0.0,5.08065051903114,6.619494736842103,0.0,4.7009704142011834
2025-09-26 21:04:00,0.0,6.722662952646239,0.0,0.0,4.386900763358777,0.0,5.0622145328719705,6.600799999999999,0.0,4.6847692307692315
2025-09-26 21:05:00,0.0,6.702050139275766,0.0,0.0,4.373908396946564,0.0,5.043778546712802,6.582105263157892,0.0,4.668568047337279
2025-09-26 21:06:00,0.0,6.681437325905292,0.0,0.0,4.3609160305343515,0.0,5.025342560553632,6.563410526315787,0.0,4.652366863905326
2025-09-26 21:07:00,0.0,6.660824512534819,0.0,0.0,4.3479236641221375,0.0,5.006906574394463,6.544715789473682,0.0,4.636165680473372
2025-09-26 21:08:00,0.0,6.640211699164345,0.0,0.0,4.3349312977099235,0.0,4.988470588235294,6.526021052631577,0.0,4.619964497041419
2025-09-26 21:09:00,0.0,6.619598885793871,0.0,0.0,4.3219389312977095,0.0,4.970034602076124,6.507326315789473,0.0,4.603763313609467
2025-09-26 21:10:00,0.0,6.598986072423397,0.0,0.0,4.308946564885496,0.0,4.9515986159169545,6.488631578947367,0.0,4.587562130177514
2025-09-26 21:11:00,0.0,6.578373259052923,0.0,0.0,4.295954198473281,0.0,4.933162629757786,6.4699368421052625,0.0,4.571360946745561
2025-09-26 21:12:00,0.0,6.55776044568245,0.0,0.0,4.282961832061068,0.0,4.914726643598615,6.451242105263157,0.0,4.5551597633136085
2025-09-26 21:13:00,0.0,6.537147632311977,0.0,0.0,4.269969465648854,0.0,4.896290657439446,6.4325473684210515,0.0,4.538958579881656
2025-09-26 21:14:00,0.0,6.516534818941503,0.0,0.0,4.256977099236641,0.0,4.877854671280276,6.413852631578946,0.0,4.522757396449703
2025-09-26 21:15:00,0.0,6.49592200557103,0.0,0.0,4.243984732824428,0.0,4.859418685121106,6.39515789473684,0.0,4.506556213017751
2025-09-26 21:16:00,0.0,6.475309192200555,0.0,0.0,4.230992366412214,0.0,4.840982698961938,6.376463157894736,0.0,4.490355029585797
2025-09-26 21:17:00,0.0,6.454696378830082,0.0,0.0,4.218,0.0,4.822546712802768,6.35776842105263,0.0,4.474153846153844
2025-09-26 21:18:00,0.0,6.434083565459609,0.0,0.0,4.205007633587786,0.0,4.804110726643598,6.339073684210525,0.0,4.457952662721892
2025-09-26 21:19:00,0.0,6.413470752089135,0.0,0.0,4.192015267175572,0.0,4.785674740484428,6.32037894736842,0.0,4.44175147928994
2025-09-26 21:20:00,0.0,6.392857938718662,0.0,0.0,4.179022900763359,0.0,4.767238754325258,6.3016842105263144,0.0,4.425550295857987
2025-09-26 21:21:00,0.0,6.372245125348189,0.0,0.0,4.166030534351146,0.0,4.748802768166088,6.282989473684209,0.0,4.4093491124260344
2025-09-26 21:22:00,0.0,6.351632311977715,0.0,0.0,4.1530381679389325,0.0,4.730366782006918,6.264294736842104,0.0,4.393147928994082
2025-09-26 21:23:00,0.0,6.331019498607241,0.0,0.0,4.1400458015267185,0.0,4.711930795847748,6.2456000000000005,0.0,4.376946745562129
2025-09-26 21:24:00,0.0,6.310406685236767,0.0,0.0,4.127053435114504,0.0,4.69349480968858,6.226905263157895,0.0,4.360745562130177
2025-09-26 21:25:00,0.0,6.289793871866294,0.0,0.0,4.1140610687022905,0.0,4.67505882352941,6.208210526315789,0.0,4.344544378698225
2025-09-26 21:26:00,0.0,6.269181058495822,0.0,0.0,4.1010687022900765,0.0,4.65662283737024,6.189515789473685,0.0,4.328343195266272
2025-09-26 21:27:00,0.0,6.248568245125347,0.0,0.0,4.088076335877863,0.0,4.6381868512110715,6.170821052631579,0.0,4.312142011834319
2025-09-26 21:28:00,0.0,6.227955431754874,0.0,0.0,4.075083969465648,0.0,4.619750865051903,6.152126315789474,0.0,4.295940828402365
2025-09-26 21:29:00,0.0,6.207342618384401,0.0,0.0,4.062091603053435,0.0,4.601314878892733,6.133431578947369,0.0,4.279739644970413
2025-09-26 21:30:00,0.0,6.186729805013927,0.0,0.0,4.049099236641222,0.0,4.582878892733563,6.1147368421052635,0.0,4.263538461538461
2025-09-26 21:31:00,0.0,6.166116991643454,0.0,0.0,4.036106870229009,0.0,4.564442906574394,6.096042105263159,0.0,4.247337278106508
2025-09-26 21:32:00,0.0,6.145504178272981,0.0,0.0,4.023114503816795,0.0,4.546006920415224,6.077347368421053,0.0,4.2311360946745555
2025-09-26 21:33:00,0.0,6.124891364902508,0.0,0.0,4.010122137404581,0.0,4.527570934256053,6.058652631578948,0.0,4.2149349112426036
2025-09-26 21:34:00,0.0,6.104278551532034,0.0,0.0,3.9971297709923674,0.0,4.509134948096884,6.039957894736842,0.0,4.198733727810652
2025-09-26 21:35:00,0.0,6.083665738161559,0.0,0.0,3.9841374045801534,0.0,4.4906989619377145,6.021263157894737,0.0,4.1825325443787
2025-09-26 21:36:00,0.0,6.063052924791086,0.0,0.0,3.9711450381679394,0.0,4.472262975778545,6.002568421052631,0.0,4.166331360946747
2025-09-26 21:37:00,0.0,6.042440111420613,0.0,0.0,3.9581526717557267,0.0,4.453826989619376,5.983873684210526,0.0,4.150130177514794
2025-09-26 21:38:00,0.0,6.02182729805014,0.0,0.0,3.945160305343513,0.0,4.435391003460207,5.965178947368421,0.0,4.133928994082841
2025-09-26 21:39:00,0.0,6.001214484679667,0.0,0.0,3.9321679389312987,0.0,4.416955017301038,5.946484210526316,0.0,4.117727810650888
2025-09-26 21:40:00,0.0,5.980601671309193,0.0,0.0,3.919175572519085,0.0,4.398519031141867,5.927789473684211,0.0,4.101526627218937
2025-09-26 21:41:00,0.0,5.95998885793872,0.0,0.0,3.906183206106871,0.0,4.3800830449826975,5.909094736842105,0.0,4.085325443786983
2025-09-26 21:42:00,0.0,5.939376044568246,0.0,0.0,3.893190839694657,0.0,4.361647058823527,5.8904,0.0,4.06912426035503
2025-09-26 21:43:00,0.0,5.918763231197772,0.0,0.0,3.8801984732824435,0.0,4.343211072664357,5.871705263157894,0.0,4.0529230769230775
2025-09-26 21:44:00,0.0,5.898150417827299,0.0,0.0,3.867206106870229,0.0,4.324775086505188,5.853010526315789,0.0,4.036721893491125
2025-09-26 21:45:00,0.0,5.877537604456825,0.0,0.0,3.854213740458015,0.0,4.306339100346019,5.834315789473685,0.0,4.020520710059172
2025-09-26 21:46:00,0.0,5.856924791086351,0.0,0.0,3.841221374045802,0.0,4.287903114186849,5.815621052631579,0.0,4.00431952662722
2025-09-26 21:47:00,0.0,5.836311977715878,0.0,0.0,3.8282290076335888,0.0,4.269467128027681,5.796926315789475,0.0,3.988118343195267
2025-09-26 21:48:00,0.0,5.815699164345404,0.0,0.0,3.8152366412213747,0.0,4.251031141868511,5.778231578947369,0.0,3.9719171597633136
2025-09-26 21:49:00,0.0,5.795086350974931,0.0,0.0,3.802244274809161,0.0,4.232595155709343,5.759536842105264,0.0,3.9557159763313607
2025-09-26 21:50:00,0.0,5.774473537604458,0.0,0.0,3.789251908396947,0.0,4.214159169550173,5.740842105263158,0.0,3.9395147928994088
2025-09-26 21:51:00,0.0,5.753860724233983,0.0,0.0,3.7762595419847336,0.0,4.195723183391004,5.722147368421052,0.0,3.9233136094674563
2025-09-26 21:52:00,0.0,5.73324791086351,0.0,0.0,3.763267175572521,0.0,4.177287197231834,5.703452631578948,0.0,3.9071124260355035
2025-09-26 21:53:00,0.0,5.7126350974930356,0.0,0.0,3.7502748091603064,0.0,4.1588512110726645,5.684757894736842,0.0,3.89091124260355
2025-09-26 21:54:00,0.0,5.6920222841225625,0.0,0.0,3.737282442748093,0.0,4.140415224913495,5.666063157894737,0.0,3.8747100591715977
2025-09-26 21:55:00,0.0,5.6714094707520895,0.0,0.0,3.724290076335879,0.0,4.121979238754326,5.647368421052632,0.0,3.8585088757396466
2025-09-26 21:56:00,0.0,5.650796657381616,0.0,0.0,3.711297709923665,0.0,4.1035432525951565,5.628673684210526,0.0,3.8423076923076938
2025-09-26 21:57:00,0.0,5.630183844011143,0.0,0.0,3.6983053435114512,0.0,4.085107266435986,5.60997894736842,0.0,3.8261065088757404
2025-09-26 21:58:00,0.0,5.60957103064067,0.0,0.0,3.6853129770992368,0.0,4.066671280276817,5.591284210526315,0.0,3.8099053254437876
2025-09-26 21:59:00,0.0,5.5889582172701955,0.0,0.0,3.6723206106870228,0.0,4.048235294117648,5.572589473684212,0.0,3.7937041420118347
2025-09-26 22:00:00,0.0,5.5683454038997215,0.0,0.0,3.6593282442748087,0.0,4.029799307958477,5.553894736842106,0.0,3.7775029585798827
2025-09-26 22:01:00,0.0,5.547732590529247,0.0,0.0,3.646335877862595,0.0,4.0113633217993065,5.5352000000000015,0.0,3.7613017751479303
2025-09-26 22:02:00,0.0,5.527119777158774,0.0,0.0,3.633343511450382,0.0,3.992927335640138,5.516505263157896,0.0,3.745100591715978
2025-09-26 22:03:00,0.0,5.5065069637883015,0.0,0.0,3.620351145038169,0.0,3.974491349480967,5.49781052631579,0.0,3.728899408284025
2025-09-26 22:04:00,0.0,5.485894150417828,0.0,0.0,3.6073587786259544,0.0,3.956055363321797,5.479115789473685,0.0,3.712698224852072
2025-09-26 22:05:00,0.0,5.4652813370473545,0.0,0.0,3.5943664122137404,0.0,3.937619377162628,5.460421052631579,0.0,3.69649704142012
2025-09-26 22:06:00,0.0,5.444668523676881,0.0,0.0,3.581374045801527,0.0,3.9191833910034592,5.441726315789474,0.0,3.6802958579881677
2025-09-26 22:07:00,0.0,5.4240557103064075,0.0,0.0,3.5683816793893133,0.0,3.90074740484429,5.423031578947368,0.0,3.664094674556214
2025-09-26 22:08:00,0.0,5.4034428969359345,0.0,0.0,3.5553893129771006,0.0,3.8823114186851213,5.4043368421052635,0.0,3.647893491124261
2025-09-26 22:09:00,0.0,5.3828300835654606,0.0,0.0,3.5423969465648866,0.0,3.863875432525952,5.385642105263158,0.0,3.6316923076923087
2025-09-26 22:10:00,0.0,5.362217270194987,0.0,0.0,3.5294045801526726,0.0,3.845439446366783,5.366947368421053,0.0,3.6154911242603562
2025-09-26 22:11:00,0.0,5.341604456824514,0.0,0.0,3.5164122137404585,0.0,3.827003460207613,5.348252631578947,0.0,3.599289940828404
2025-09-26 22:12:00,0.0,5.32099164345404,0.0,0.0,3.5034198473282445,0.0,3.808567474048443,5.329557894736841,0.0,3.5830887573964505
2025-09-26 22:13:00,0.0,5.300378830083566,0.0,0.0,3.49042748091603,0.0,3.7901314878892727,5.310863157894736,0.0,3.5668875739644976
2025-09-26 22:14:00,0.0,5.279766016713093,0.0,0.0,3.477435114503817,0.0,3.7716955017301026,5.292168421052631,0.0,3.5506863905325443
2025-09-26 22:15:00,0.0,5.259153203342619,0.0,0.0,3.4644427480916034,0.0,3.7532595155709334,5.273473684210526,0.0,3.534485207100592
2025-09-26 22:16:00,0.0,5.238540389972146,0.0,0.0,3.4514503816793893,0.0,3.734823529411764,5.25477894736842,0.0,3.5182840236686395
2025-09-26 22:17:00,0.0,5.217927576601672,0.0,0.0,3.4384580152671766,0.0,3.7163875432525946,5.236084210526314,0.0,3.5020828402366866
2025-09-26 22:18:00,0.0,5.197314763231198,0.0,0.0,3.425465648854962,0.0,3.6979515570934245,5.217389473684208,0.0,3.4858816568047337
2025-09-26 22:19:00,0.0,5.176701949860724,0.0,0.0,3.412473282442748,0.0,3.6795155709342557,5.198694736842103,0.0,3.4696804733727804
2025-09-26 22:20:00,0.0,5.15608913649025,0.0,0.0,3.399480916030534,0.0,3.6610795847750865,5.179999999999998,0.0,3.4534792899408284
2025-09-26 22:21:00,0.0,5.135476323119777,0.0,0.0,3.3864885496183206,0.0,3.6426435986159174,5.161305263157892,0.0,3.437278106508876
2025-09-26 22:22:00,0.0,5.114863509749303,0.0,0.0,3.3734961832061066,0.0,3.624207612456747,5.142610526315788,0.0,3.4210769230769227
2025-09-26 22:23:00,0.0,5.094250696378829,0.0,0.0,3.360503816793894,0.0,3.6057716262975776,5.123915789473683,0.0,3.4048757396449694
2025-09-26 22:24:00,0.0,5.073637883008355,0.0,0.0,3.3475114503816803,0.0,3.587335640138408,5.105221052631578,0.0,3.388674556213017
2025-09-26 22:25:00,0.0,5.053025069637881,0.0,0.0,3.3345190839694663,0.0,3.5688996539792375,5.086526315789473,0.0,3.3724733727810645
2025-09-26 22:26:00,0.0,5.032412256267408,0.0,0.0,3.3215267175572523,0.0,3.5504636678200674,5.067831578947367,0.0,3.3562721893491125
2025-09-26 22:27:00,0.0,5.011799442896935,0.0,0.0,3.308534351145038,0.0,3.5320276816608986,5.049136842105263,0.0,3.3400710059171597
2025-09-26 22:28:00,0.0,4.99118662952646,0.0,0.0,3.2955419847328242,0.0,3.513591695501729,5.030442105263157,0.0,3.3238698224852063
2025-09-26 22:29:00,0.0,4.970573816155987,0.0,0.0,3.2825496183206107,0.0,3.4951557093425607,5.011747368421052,0.0,3.3076686390532535
2025-09-26 22:30:00,0.0,4.949961002785513,0.0,0.0,3.2695572519083966,0.0,3.476719723183391,4.993052631578947,0.0,3.2914674556213015
2025-09-26 22:31:00,0.0,4.929348189415041,0.0,0.0,3.256564885496183,0.0,3.4582837370242223,4.974357894736842,0.0,3.27526627218935
2025-09-26 22:32:00,0.0,4.908735376044568,0.0,0.0,3.2435725190839695,0.0,3.439847750865052,4.955663157894738,0.0,3.2590650887573966
2025-09-26 22:33:00,0.0,4.888122562674094,0.0,0.0,3.230580152671756,0.0,3.421411764705882,4.936968421052633,0.0,3.2428639053254438
2025-09-26 22:34:00,0.0,4.867509749303621,0.0,0.0,3.217587786259542,0.0,3.402975778546713,4.9182736842105275,0.0,3.2266627218934905
2025-09-26 22:35:00,0.0,4.846896935933147,0.0,0.0,3.2045954198473283,0.0,3.384539792387543,4.899578947368422,0.0,3.210461538461538
2025-09-26 22:36:00,0.0,4.826284122562675,0.0,0.0,3.1916030534351143,0.0,3.366103806228373,4.880884210526316,0.0,3.194260355029586
2025-09-26 22:37:00,0.0,4.805671309192202,0.0,0.0,3.1786106870229007,0.0,3.3476678200692036,4.862189473684211,0.0,3.1780591715976336
2025-09-26 22:38:00,0.0,4.785058495821727,0.0,0.0,3.1656183206106867,0.0,3.3292318339100335,4.843494736842105,0.0,3.161857988165681
2025-09-26 22:39:00,0.0,4.764445682451254,0.0,0.0,3.1526259541984736,0.0,3.310795847750864,4.8248,0.0,3.1456568047337283
2025-09-26 22:40:00,0.0,4.743832869080782,0.0,0.0,3.13963358778626,0.0,3.2923598615916942,4.806105263157895,0.0,3.1294556213017755
2025-09-26 22:41:00,0.0,4.723220055710307,0.0,0.0,3.126641221374046,0.0,3.2739238754325246,4.78741052631579,0.0,3.1132544378698235
2025-09-26 22:42:00,0.0,4.702607242339834,0.0,0.0,3.1136488549618324,0.0,3.2554878892733545,4.768715789473684,0.0,3.0970532544378706
2025-09-26 22:43:00,0.0,4.681994428969359,0.0,0.0,3.1006564885496184,0.0,3.2370519031141844,4.7500210526315785,0.0,3.0808520710059173
2025-09-26 22:44:00,0.0,4.661381615598885,0.0,0.0,3.0876641221374044,0.0,3.2186159169550157,4.731326315789474,0.0,3.0646508875739644
2025-09-26 22:45:00,0.0,4.640768802228412,0.0,0.0,3.0746717557251904,0.0,3.2001799307958456,4.712631578947368,0.0,3.048449704142012
2025-09-26 22:46:00,0.0,4.620155988857938,0.0,0.0,3.0616793893129763,0.0,3.1817439446366764,4.693936842105263,0.0,3.0322485207100605
2025-09-26 22:47:00,0.0,4.599543175487464,0.0,0.0,3.0486870229007623,0.0,3.163307958477507,4.675242105263156,0.0,3.0160473372781076
2025-09-26 22:48:00,0.0,4.57893036211699,0.0,0.0,3.0356946564885496,0.0,3.144871972318338,4.656547368421051,0.0,2.9998461538461543
2025-09-26 22:49:00,0.0,4.5583175487465155,0.0,0.0,3.022702290076337,0.0,3.1264359861591684,4.637852631578945,0.0,2.9836449704142014
2025-09-26 22:50:00,0.0,4.5377047353760425,0.0,0.0,3.0097099236641225,0.0,3.1079999999999997,4.61915789473684,0.0,2.9643919003300527
2025-09-26 22:51:00,0.0,4.5170919220055685,0.0,0.0,2.996717557251909,0.0,0.0,4.600463157894735,0.0,2.9398711902708814
2025-09-26 22:52:00,0.0,4.4964791086350955,0.0,0.0,2.983725190839695,0.0,0.0,4.58176842105263,0.0,2.9100828402366865
2025-09-26 22:53:00,0.0,4.475866295264622,0.0,0.0,2.9707328244274813,0.0,0.0,4.563073684210524,0.0,2.8776804733727817
2025-09-26 22:54:00,0.0,4.4552534818941485,0.0,0.0,2.954867773984427,0.0,0.0,4.544378947368418,0.0,2.845278106508875
2025-09-26 22:55:00,0.0,4.4346406685236754,0.0,0.0,2.9294479266561835,0.0,0.0,4.525684210526313,0.0,2.8128757396449693
2025-09-26 22:56:00,0.0,4.4140278551532015,0.0,0.0,2.9035114503816803,0.0,0.0,4.506989473684207,0.0,2.780473372781065
2025-09-26 22:57:00,0.0,4.393415041782728,0.0,0.0,2.877526717557253,0.0,0.0,4.488294736842103,0.0,2.748071005917159
2025-09-26 22:58:00,0.0,4.3728022284122545,0.0,0.0,2.851541984732825,0.0,0.0,4.469599999999997,0.0,2.715668639053252
2025-09-26 22:59:00,0.0,4.3521894150417815,0.0,0.0,2.8255572519083962,0.0,0.0,4.4509052631578925,0.0,2.683266272189346
2025-09-26 23:00:00,0.0,4.331576601671308,0.0,0.0,2.799572519083969,0.0,0.0,4.432210526315788,0.0,2.6508639053254415
2025-09-26 23:01:00,0.0,4.310963788300835,0.0,0.0,2.7735877862595406,0.0,0.0,4.413515789473683,0.0,2.6184615384615375
2025-09-26 23:02:00,0.0,4.290350974930361,0.0,0.0,2.747603053435113,0.0,0.0,4.394821052631577,0.0,2.5860591715976327
2025-09-26 23:03:00,0.0,4.269738161559889,0.0,0.0,2.7216183206106854,0.0,0.0,4.376126315789472,0.0,2.5536568047337265
2025-09-26 23:04:00,0.0,4.249125348189416,0.0,0.0,2.69563358778626,0.0,0.0,4.3574315789473665,0.0,2.521254437869821
2025-09-26 23:05:00,0.0,4.228512534818942,0.0,0.0,2.669648854961833,0.0,0.0,4.338736842105262,0.0,2.4888520710059154
2025-09-26 23:06:00,0.0,4.20789972144847,0.0,0.0,2.643664122137404,0.0,0.0,4.320042105263156,0.0,2.4564497041420106
2025-09-26 23:07:00,0.0,4.187286908077996,0.0,0.0,2.617679389312977,0.0,0.0,4.301347368421052,0.0,2.4240473372781053
2025-09-26 23:08:00,0.0,4.166674094707523,0.0,0.0,2.5916946564885484,0.0,0.0,4.282652631578947,0.0,2.391644970414201
2025-09-26 23:09:00,0.0,4.146061281337049,0.0,0.0,2.565709923664123,0.0,0.0,4.2639578947368415,0.0,2.359242603550295
2025-09-26 23:10:00,0.0,4.125448467966575,0.0,0.0,2.5397251908396963,0.0,0.0,4.245263157894737,0.0,2.326840236686389
2025-09-26 23:11:00,0.0,4.104835654596102,0.0,0.0,2.5137404580152687,0.0,0.0,4.226568421052632,0.0,2.294437869822485
2025-09-26 23:12:00,0.0,4.084222841225628,0.0,0.0,2.4877557251908398,0.0,0.0,4.2078736842105275,0.0,2.2620355029585806
2025-09-26 23:13:00,0.0,4.063610027855154,0.0,0.0,2.461770992366412,0.0,0.0,4.189178947368422,0.0,2.2296331360946744
2025-09-26 23:14:00,0.0,4.0429972144846795,0.0,0.0,2.435786259541985,0.0,0.0,4.170484210526317,0.0,2.197230769230768
2025-09-26 23:15:00,0.0,4.022384401114206,0.0,0.0,2.4098015267175565,0.0,0.0,4.151789473684213,0.0,2.164828402366863
2025-09-26 23:16:00,0.0,4.0017715877437325,0.0,0.0,2.383816793893129,0.0,0.0,4.133094736842106,0.0,2.1324260355029585
2025-09-26 23:17:00,0.0,3.981158774373259,0.0,0.0,2.357832061068701,0.0,0.0,4.114400000000001,0.0,2.100023668639054
2025-09-26 23:18:00,0.0,3.960545961002785,0.0,0.0,2.331847328244273,0.0,0.0,4.095705263157896,0.0,2.0676213017751484
2025-09-26 23:19:00,0.0,3.939933147632312,0.0,0.0,2.3058625954198453,0.0,0.0,4.0770105263157905,0.0,2.0352189349112426
2025-09-26 23:20:00,0.0,3.919320334261838,0.0,0.0,2.27987786259542,0.0,0.0,4.058315789473685,0.0,2.002816568047337
2025-09-26 23:21:00,0.0,3.8987075208913646,0.0,0.0,2.253893129770992,0.0,0.0,4.0396210526315794,0.0,1.9704142011834325
2025-09-26 23:22:00,0.0,3.8780947075208916,0.0,0.0,2.2279083969465643,0.0,0.0,4.020926315789475,0.0,1.9380118343195296
2025-09-26 23:23:00,0.0,3.857481894150417,0.0,0.0,2.2019236641221367,0.0,0.0,4.002231578947368,0.0,1.9056094674556239
2025-09-26 23:24:00,0.0,3.836869080779944,0.0,0.0,2.1759389312977087,0.0,0.0,3.983536842105263,0.0,1.8732071005917177
2025-09-26 23:25:00,0.0,3.816256267409471,0.0,0.0,2.1499541984732833,0.0,0.0,3.9648421052631573,0.0,1.840804733727811
2025-09-26 23:26:00,0.0,3.795643454038997,0.0,0.0,2.1239694656488552,0.0,0.0,3.9461473684210517,0.0,1.8084023668639064
2025-09-26 23:27:00,0.0,3.775030640668524,0.0,0.0,2.0979847328244277,0.0,0.0,3.927452631578946,0.0,1.7760000000000025
2025-09-26 23:28:00,0.0,3.7544178272980506,0.0,0.0,2.071999999999999,0.0,0.0,3.908757894736841,0.0,0.0
2025-09-26 23:29:00,0.0,3.733805013927578,0.0,0.0,0.0,0.0,0.0,3.8900631578947356,0.0,0.0
2025-09-26 23:30:00,0.0,3.713192200557105,0.0,0.0,0.0,0.0,0.0,3.8713684210526296,0.0,0.0
2025-09-26 23:31:00,0.0,3.6925793871866306,0.0,0.0,0.0,0.0,0.0,3.852673684210524,0.0,0.0
2025-09-26 23:32:00,0.0,3.671966573816156,0.0,0.0,0.0,0.0,0.0,3.8339789473684194,0.0,0.0
2025-09-26 23:33:00,0.0,3.6513537604456827,0.0,0.0,0.0,0.0,0.0,3.8152842105263143,0.0,0.0
2025-09-26 23:34:00,0.0,3.630740947075209,0.0,0.0,0.0,0.0,0.0,3.796589473684209,0.0,0.0
2025-09-26 23:35:00,0.0,3.6101281337047353,0.0,0.0,0.0,0.0,0.0,3.777894736842105,0.0,0.0
2025-09-26 23:36:00,0.0,3.5895153203342614,0.0,0.0,0.0,0.0,0.0,3.7592,0.0,0.0
2025-09-26 23:37:00,0.0,3.5689025069637883,0.0,0.0,0.0,0.0,0.0,3.7405052631578943,0.0,0.0
2025-09-26 23:38:00,0.0,3.548289693593315,0.0,0.0,0.0,0.0,0.0,3.721810526315789,0.0,0.0
2025-09-26 23:39:00,0.0,3.5276768802228404,0.0,0.0,0.0,0.0,0.0,3.7031157894736837,0.0,0.0
2025-09-26 23:40:00,0.0,3.5070640668523674,0.0,0.0,0.0,0.0,0.0,3.684421052631578,0.0,0.0
2025-09-26 23:41:00,0.0,3.4864512534818943,0.0,0.0,0.0,0.0,0.0,3.665726315789473,0.0,0.0
2025-09-26 23:42:00,0.0,3.465838440111421,0.0,0.0,0.0,0.0,0.0,3.6470315789473684,0.0,0.0
2025-09-26 23:43:00,0.0,3.4452256267409465,0.0,0.0,0.0,0.0,0.0,3.628336842105264,0.0,0.0
2025-09-26 23:44:00,0.0,3.4246128133704725,0.0,0.0,0.0,0.0,0.0,3.6096421052631595,0.0,0.0
2025-09-26 23:45:00,0.0,3.404,0.0,0.0,0.0,0.0,0.0,3.590947368421054,0.0,0.0
2025-09-26 23:46:00,0.0,0.0,0.0,0.0,0.0,0.0,0.0,3.572252631578949,0.0,0.0
2025-09-26 23:47:00,0.0,0.0,0.0,0.0,0.0,0.0,0.0,3.5535578947368434,0.0,0.0
2025-09-26 23:48:00,0.0,0.0,0.0,0.0,0.0,0.0,0.0,3.534863157894738,0.0,0.0
2025-09-26 23:49:00,0.0,0.0,0.0,0.0,0.0,0.0,0.0,3.5161684210526327,0.0,0.0
2025-09-26 23:50:00,0.0,0.0,0.0,0.0,0.0,0.0,0.0,3.497473684210527,0.0,0.0
2025-09-26 23:51:00,0.0,0.0,0.0,0.0,0.0,0.0,0.0,3.4787789473684216,0.0,0.0
2025-09-26 23:52:00,0.0,0.0,0.0,0.0,0.0,0.0,0.0,3.4600842105263165,0.0,0.0
2025-09-26 23:53:00,0.0,0.0,0.0,0.0,0.0,0.0,0.0,3.441389473684211,0.0,0.0
2025-09-26 23:54:00,0.0,0.0,0.0,0.0,0.0,0.0,0.0,3.4226947368421055,0.0,0.0
2025-09-26 23:55:00,0.0,0.0,0.0,0.0,0.0,0.0,0.0,3.404,0.0,0.0
2025-09-26 23:56:00,0.0,0.0,0.0,0.0,0.0,0.0,0.0,0.0,0.0,0.0
2025-09-26 23:57:00,0.0,0.0,0.0,0.0,0.0,0.0,0.0,0.0,0.0,0.0
2025-09-26 23:58:00,0.0,0.0,0.0,0.0,0.0,0.0,0.0,0.0,0.0,0.0
2025-09-26 23:59:00,0.0,0.0,0.0,0.0,0.0,0.0,0.0,0.0,0.0,0.0
