timestamp,EV_1,EV_2,EV_3,EV_4,EV_5,EV_6,EV_7,EV_8,EV_9,EV_10
2025-09-26 00:00:00,0.0,0.0,0.0,0.0,0.0,0.0,0.0,0.0,0.0,0.0
2025-09-26 00:01:00,0.0,0.0,0.0,0.0,0.0,0.0,0.0,0.0,0.0,0.0
2025-09-26 00:02:00,0.0,0.0,0.0,0.0,0.0,0.0,0.0,0.0,0.0,0.0
2025-09-26 00:03:00,0.0,0.0,0.0,0.0,0.0,0.0,0.0,0.0,0.0,0.0
2025-09-26 00:04:00,0.0,0.0,0.0,0.0,0.0,0.0,0.0,0.0,0.0,0.0
2025-09-26 00:05:00,0.0,0.0,0.0,0.0,0.0,0.0,0.0,0.0,0.0,0.0
2025-09-26 00:06:00,0.0,0.0,0.0,0.0,0.0,0.0,0.0,0.0,0.0,0.0
2025-09-26 00:07:00,0.0,0.0,0.0,0.0,0.0,0.0,0.0,0.0,0.0,0.0
2025-09-26 00:08:00,0.0,0.0,0.0,0.0,0.0,0.0,0.0,0.0,0.0,0.0
2025-09-26 00:09:00,0.0,0.0,0.0,0.0,0.0,0.0,0.0,0.0,0.0,0.0
2025-09-26 00:10:00,0.0,0.0,0.0,0.0,0.0,0.0,0.0,0.0,0.0,0.0
2025-09-26 00:11:00,0.0,0.0,0.0,0.0,0.0,0.0,0.0,0.0,0.0,0.0
2025-09-26 00:12:00,0.0,0.0,0.0,0.0,0.0,0.0,0.0,0.0,0.0,0.0
2025-09-26 00:13:00,0.0,0.0,0.0,0.0,0.0,0.0,0.0,0.0,0.0,0.0
2025-09-26 00:14:00,0.0,0.0,0.0,0.0,0.0,0.0,0.0,0.0,0.0,0.0
2025-09-26 00:15:00,0.0,0.0,0.0,0.0,0.0,0.0,0.0,0.0,0.0,0.0
2025-09-26 00:16:00,0.0,0.0,0.0,0.0,0.0,0.0,0.0,0.0,0.0,0.0
2025-09-26 00:17:00,0.0,0.0,0.0,0.0,0.0,0.0,0.0,0.0,0.0,0.0
2025-09-26 00:18:00,0.0,0.0,0.0,0.0,0.0,0.0,0.0,0.0,0.0,0.0
2025-09-26 00:19:00,0.0,0.0,0.0,0.0,0.0,0.0,0.0,0.0,0.0,0.0
2025-09-26 00:20:00,0.0,0.0,0.0,0.0,0.0,0.0,0.0,0.0,0.0,0.0
2025-09-26 00:21:00,0.0,0.0,0.0,0.0,0.0,0.0,0.0,0.0,0.0,0.0
2025-09-26 00:22:00,0.0,0.0,0.0,0.0,0.0,0.0,0.0,0.0,0.0,0.0
2025-09-26 00:23:00,0.0,0.0,0.0,0.0,0.0,0.0,0.0,0.0,0.0,0.0
2025-09-26 00:24:00,0.0,0.0,0.0,0.0,0.0,0.0,0.0,0.0,0.0,0.0
2025-09-26 00:25:00,0.0,0.0,0.0,0.0,0.0,0.0,0.0,0.0,0.0,0.0
2025-09-26 00:26:00,0.0,0.0,0.0,0.0,0.0,0.0,0.0,0.0,0.0,0.0
2025-09-26 00:27:00,0.0,0.0,0.0,0.0,0.0,0.0,0.0,0.0,0.0,0.0
2025-09-26 00:28:00,0.0,0.0,0.0,0.0,0.0,0.0,0.0,0.0,0.0,0.0
2025-09-26 00:29:00,0.0,0.0,0.0,0.0,0.0,0.0,0.0,0.0,0.0,0.0
2025-09-26 00:30:00,0.0,0.0,0.0,0.0,0.0,0.0,0.0,0.0,0.0,0.0
2025-09-26 00:31:00,0.0,0.0,0.0,0.0,0.0,0.0,0.0,0.0,0.0,0.0
2025-09-26 00:32:00,0.0,0.0,0.0,0.0,0.0,0.0,0.0,0.0,0.0,0.0
2025-09-26 00:33:00,0.0,0.0,0.0,0.0,0.0,0.0,0.0,0.0,0.0,0.0
2025-09-26 00:34:00,0.0,0.0,0.0,0.0,0.0,0.0,0.0,0.0,0.0,0.0
2025-09-26 00:35:00,0.0,0.0,0.0,0.0,0.0,0.0,0.0,0.0,0.0,0.0
2025-09-26 00:36:00,0.0,0.0,0.0,0.0,0.0,0.0,0.0,0.0,0.0,0.0
2025-09-26 00:37:00,0.0,0.0,0.0,0.0,0.0,0.0,0.0,0.0,0.0,0.0
2025-09-26 00:38:00,0.0,0.0,0.0,0.0,0.0,0.0,0.0,0.0,0.0,0.0
2025-09-26 00:39:00,0.0,0.0,0.0,0.0,0.0,0.0,0.0,0.0,0.0,0.0
2025-09-26 00:40:00,0.0,0.0,0.0,0.0,0.0,0.0,0.0,0.0,0.0,0.0
2025-09-26 00:41:00,0.0,0.0,0.0,0.0,0.0,0.0,0.0,0.0,0.0,0.0
2025-09-26 00:42:00,0.0,0.0,0.0,0.0,0.0,0.0,0.0,0.0,0.0,0.0
2025-09-26 00:43:00,0.0,0.0,0.0,0.0,0.0,0.0,0.0,0.0,0.0,0.0
2025-09-26 00:44:00,0.0,0.0,0.0,0.0,0.0,0.0,0.0,0.0,0.0,0.0
2025-09-26 00:45:00,0.0,0.0,0.0,0.0,0.0,0.0,0.0,0.0,0.0,0.0
2025-09-26 00:46:00,0.0,0.0,0.0,0.0,0.0,0.0,0.0,0.0,0.0,0.0
2025-09-26 00:47:00,0.0,0.0,0.0,0.0,0.0,0.0,0.0,0.0,0.0,0.0
2025-09-26 00:48:00,0.0,0.0,0.0,0.0,0.0,0.0,0.0,0.0,0.0,0.0
2025-09-26 00:49:00,0.0,0.0,0.0,0.0,0.0,0.0,0.0,0.0,0.0,0.0
2025-09-26 00:50:00,0.0,0.0,0.0,0.0,0.0,0.0,0.0,0.0,0.0,0.0
2025-09-26 00:51:00,0.0,0.0,0.0,0.0,0.0,0.0,0.0,0.0,0.0,0.0
2025-09-26 00:52:00,0.0,0.0,0.0,0.0,0.0,0.0,0.0,0.0,0.0,0.0
2025-09-26 00:53:00,0.0,0.0,0.0,0.0,0.0,0.0,0.0,0.0,0.0,0.0
2025-09-26 00:54:00,0.0,0.0,0.0,0.0,0.0,0.0,0.0,0.0,0.0,0.0
2025-09-26 00:55:00,0.0,0.0,0.0,0.0,0.0,0.0,0.0,0.0,0.0,0.0
2025-09-26 00:56:00,0.0,0.0,0.0,0.0,0.0,0.0,0.0,0.0,0.0,0.0
2025-09-26 00:57:00,0.0,0.0,0.0,0.0,0.0,0.0,0.0,0.0,0.0,0.0
2025-09-26 00:58:00,0.0,0.0,0.0,0.0,0.0,0.0,0.0,0.0,0.0,0.0
2025-09-26 00:59:00,0.0,0.0,0.0,0.0,0.0,0.0,0.0,0.0,0.0,0.0
2025-09-26 01:00:00,0.0,0.0,0.0,0.0,0.0,0.0,0.0,0.0,0.0,0.0
2025-09-26 01:01:00,0.0,0.0,0.0,0.0,0.0,0.0,0.0,0.0,0.0,0.0
2025-09-26 01:02:00,0.0,0.0,0.0,0.0,0.0,0.0,0.0,0.0,0.0,0.0
2025-09-26 01:03:00,0.0,0.0,0.0,0.0,0.0,0.0,0.0,0.0,0.0,0.0
2025-09-26 01:04:00,0.0,0.0,0.0,0.0,0.0,0.0,0.0,0.0,0.0,0.0
2025-09-26 01:05:00,0.0,0.0,0.0,0.0,0.0,0.0,0.0,0.0,0.0,0.0
2025-09-26 01:06:00,0.0,0.0,0.0,0.0,0.0,0.0,0.0,0.0,0.0,0.0
2025-09-26 01:07:00,0.0,0.0,0.0,0.0,0.0,0.0,0.0,0.0,0.0,0.0
2025-09-26 01:08:00,0.0,0.0,0.0,0.0,0.0,0.0,0.0,0.0,0.0,0.0
2025-09-26 01:09:00,0.0,0.0,0.0,0.0,0.0,0.0,0.0,0.0,0.0,0.0
2025-09-26 01:10:00,0.0,0.0,0.0,0.0,0.0,0.0,0.0,0.0,0.0,0.0
2025-09-26 01:11:00,0.0,0.0,0.0,0.0,0.0,0.0,0.0,0.0,0.0,0.0
2025-09-26 01:12:00,0.0,0.0,0.0,0.0,0.0,0.0,0.0,0.0,0.0,0.0
2025-09-26 01:13:00,0.0,0.0,0.0,0.0,0.0,0.0,0.0,0.0,0.0,0.0
2025-09-26 01:14:00,0.0,0.0,0.0,0.0,0.0,0.0,0.0,0.0,0.0,0.0
2025-09-26 01:15:00,0.0,0.0,0.0,0.0,0.0,0.0,0.0,0.0,0.0,0.0
2025-09-26 01:16:00,0.0,0.0,0.0,0.0,0.0,0.0,0.0,0.0,0.0,0.0
2025-09-26 01:17:00,0.0,0.0,0.0,0.0,0.0,0.0,0.0,0.0,0.0,0.0
2025-09-26 01:18:00,0.0,0.0,0.0,0.0,0.0,0.0,0.0,0.0,0.0,0.0
2025-09-26 01:19:00,0.0,0.0,0.0,0.0,0.0,0.0,0.0,0.0,0.0,0.0
2025-09-26 01:20:00,0.0,0.0,0.0,0.0,0.0,0.0,0.0,0.0,0.0,0.0
2025-09-26 01:21:00,0.0,0.0,0.0,0.0,0.0,0.0,0.0,0.0,0.0,0.0
2025-09-26 01:22:00,0.0,0.0,0.0,0.0,0.0,0.0,0.0,0.0,0.0,0.0
2025-09-26 01:23:00,0.0,0.0,0.0,0.0,0.0,0.0,0.0,0.0,0.0,0.0
2025-09-26 01:24:00,0.0,0.0,0.0,0.0,0.0,0.0,0.0,0.0,0.0,0.0
2025-09-26 01:25:00,0.0,0.0,0.0,0.0,0.0,0.0,0.0,0.0,0.0,0.0
2025-09-26 01:26:00,0.0,0.0,0.0,0.0,0.0,0.0,0.0,0.0,0.0,0.0
2025-09-26 01:27:00,0.0,0.0,0.0,0.0,0.0,0.0,0.0,0.0,0.0,0.0
2025-09-26 01:28:00,0.0,0.0,0.0,0.0,0.0,0.0,0.0,0.0,0.0,0.0
2025-09-26 01:29:00,0.0,0.0,0.0,0.0,0.0,0.0,0.0,0.0,0.0,0.0
2025-09-26 01:30:00,0.0,0.0,0.0,0.0,0.0,0.0,0.0,0.0,0.0,0.0
2025-09-26 01:31:00,0.0,0.0,0.0,0.0,0.0,0.0,0.0,0.0,0.0,0.0
2025-09-26 01:32:00,0.0,0.0,0.0,0.0,0.0,0.0,0.0,0.0,0.0,0.0
2025-09-26 01:33:00,0.0,0.0,0.0,0.0,0.0,0.0,0.0,0.0,0.0,0.0
2025-09-26 01:34:00,0.0,0.0,0.0,0.0,0.0,0.0,0.0,0.0,0.0,0.0
2025-09-26 01:35:00,0.0,0.0,0.0,0.0,0.0,0.0,0.0,0.0,0.0,0.0
2025-09-26 01:36:00,0.0,0.0,0.0,0.0,0.0,0.0,0.0,0.0,0.0,0.0
2025-09-26 01:37:00,0.0,0.0,0.0,0.0,0.0,0.0,0.0,0.0,0.0,0.0
2025-09-26 01:38:00,0.0,0.0,0.0,0.0,0.0,0.0,0.0,0.0,0.0,0.0
2025-09-26 01:39:00,0.0,0.0,0.0,0.0,0.0,0.0,0.0,0.0,0.0,0.0
2025-09-26 01:40:00,0.0,0.0,0.0,0.0,0.0,0.0,0.0,0.0,0.0,0.0
2025-09-26 01:41:00,0.0,0.0,0.0,0.0,0.0,0.0,0.0,0.0,0.0,0.0
2025-09-26 01:42:00,0.0,0.0,0.0,0.0,0.0,0.0,0.0,0.0,0.0,0.0
2025-09-26 01:43:00,0.0,0.0,0.0,0.0,0.0,0.0,0.0,0.0,0.0,0.0
2025-09-26 01:44:00,0.0,0.0,0.0,0.0,0.0,0.0,0.0,0.0,0.0,0.0
2025-09-26 01:45:00,0.0,0.0,0.0,0.0,0.0,0.0,0.0,0.0,0.0,0.0
2025-09-26 01:46:00,0.0,0.0,0.0,0.0,0.0,0.0,0.0,0.0,0.0,0.0
2025-09-26 01:47:00,0.0,0.0,0.0,0.0,0.0,0.0,0.0,0.0,0.0,0.0
2025-09-26 01:48:00,0.0,0.0,0.0,0.0,0.0,0.0,0.0,0.0,0.0,0.0
2025-09-26 01:49:00,0.0,0.0,0.0,0.0,0.0,0.0,0.0,0.0,0.0,0.0
2025-09-26 01:50:00,0.0,0.0,0.0,0.0,0.0,0.0,0.0,0.0,0.0,0.0
2025-09-26 01:51:00,0.0,0.0,0.0,0.0,0.0,0.0,0.0,0.0,0.0,0.0
2025-09-26 01:52:00,0.0,0.0,0.0,0.0,0.0,0.0,0.0,0.0,0.0,0.0
2025-09-26 01:53:00,0.0,0.0,0.0,0.0,0.0,0.0,0.0,0.0,0.0,0.0
2025-09-26 01:54:00,0.0,0.0,0.0,0.0,0.0,0.0,0.0,0.0,0.0,0.0
2025-09-26 01:55:00,0.0,0.0,0.0,0.0,0.0,0.0,0.0,0.0,0.0,0.0
2025-09-26 01:56:00,0.0,0.0,0.0,0.0,0.0,0.0,0.0,0.0,0.0,0.0
2025-09-26 01:57:00,0.0,0.0,0.0,0.0,0.0,0.0,0.0,0.0,0.0,0.0
2025-09-26 01:58:00,0.0,0.0,0.0,0.0,0.0,0.0,0.0,0.0,0.0,0.0
2025-09-26 01:59:00,0.0,0.0,0.0,0.0,0.0,0.0,0.0,0.0,0.0,0.0
2025-09-26 02:00:00,0.0,0.0,0.0,0.0,0.0,0.0,0.0,0.0,0.0,0.0
2025-09-26 02:01:00,0.0,0.0,0.0,0.0,0.0,0.0,0.0,0.0,0.0,0.0
2025-09-26 02:02:00,0.0,0.0,0.0,0.0,0.0,0.0,0.0,0.0,0.0,0.0
2025-09-26 02:03:00,0.0,0.0,0.0,0.0,0.0,0.0,0.0,0.0,0.0,0.0
2025-09-26 02:04:00,0.0,0.0,0.0,0.0,0.0,0.0,0.0,0.0,0.0,0.0
2025-09-26 02:05:00,0.0,0.0,0.0,0.0,0.0,0.0,0.0,0.0,0.0,0.0
2025-09-26 02:06:00,0.0,0.0,0.0,0.0,0.0,0.0,0.0,0.0,0.0,0.0
2025-09-26 02:07:00,0.0,0.0,0.0,0.0,0.0,0.0,0.0,0.0,0.0,0.0
2025-09-26 02:08:00,0.0,0.0,0.0,0.0,0.0,0.0,0.0,0.0,0.0,0.0
2025-09-26 02:09:00,0.0,0.0,0.0,0.0,0.0,0.0,0.0,0.0,0.0,0.0
2025-09-26 02:10:00,0.0,0.0,0.0,0.0,0.0,0.0,0.0,0.0,0.0,0.0
2025-09-26 02:11:00,0.0,0.0,0.0,0.0,0.0,0.0,0.0,0.0,0.0,0.0
2025-09-26 02:12:00,0.0,0.0,0.0,0.0,0.0,0.0,0.0,0.0,0.0,0.0
2025-09-26 02:13:00,0.0,0.0,0.0,0.0,0.0,0.0,0.0,0.0,0.0,0.0
2025-09-26 02:14:00,0.0,0.0,0.0,0.0,0.0,0.0,0.0,0.0,0.0,0.0
2025-09-26 02:15:00,0.0,0.0,0.0,0.0,0.0,0.0,0.0,0.0,0.0,0.0
2025-09-26 02:16:00,0.0,0.0,0.0,0.0,0.0,0.0,0.0,0.0,0.0,0.0
2025-09-26 02:17:00,0.0,0.0,0.0,0.0,0.0,0.0,0.0,0.0,0.0,0.0
2025-09-26 02:18:00,0.0,0.0,0.0,0.0,0.0,0.0,0.0,0.0,0.0,0.0
2025-09-26 02:19:00,0.0,0.0,0.0,0.0,0.0,0.0,0.0,0.0,0.0,0.0
2025-09-26 02:20:00,0.0,0.0,0.0,0.0,0.0,0.0,0.0,0.0,0.0,0.0
2025-09-26 02:21:00,0.0,0.0,0.0,0.0,0.0,0.0,0.0,0.0,0.0,0.0
2025-09-26 02:22:00,0.0,0.0,0.0,0.0,0.0,0.0,0.0,0.0,0.0,0.0
2025-09-26 02:23:00,0.0,0.0,0.0,0.0,0.0,0.0,0.0,0.0,0.0,0.0
2025-09-26 02:24:00,0.0,0.0,0.0,0.0,0.0,0.0,0.0,0.0,0.0,0.0
2025-09-26 02:25:00,0.0,0.0,0.0,0.0,0.0,0.0,0.0,0.0,0.0,0.0
2025-09-26 02:26:00,0.0,0.0,0.0,0.0,0.0,0.0,0.0,0.0,0.0,0.0
2025-09-26 02:27:00,0.0,0.0,0.0,0.0,0.0,0.0,0.0,0.0,0.0,0.0
2025-09-26 02:28:00,0.0,0.0,0.0,0.0,0.0,0.0,0.0,0.0,0.0,0.0
2025-09-26 02:29:00,0.0,0.0,0.0,0.0,0.0,0.0,0.0,0.0,0.0,0.0
2025-09-26 02:30:00,0.0,0.0,0.0,0.0,0.0,0.0,0.0,0.0,0.0,0.0
2025-09-26 02:31:00,0.0,0.0,0.0,0.0,0.0,0.0,0.0,0.0,0.0,0.0
2025-09-26 02:32:00,0.0,0.0,0.0,0.0,0.0,0.0,0.0,0.0,0.0,0.0
2025-09-26 02:33:00,0.0,0.0,0.0,0.0,0.0,0.0,0.0,0.0,0.0,0.0
2025-09-26 02:34:00,0.0,0.0,0.0,0.0,0.0,0.0,0.0,0.0,0.0,0.0
2025-09-26 02:35:00,0.0,0.0,0.0,0.0,0.0,0.0,0.0,0.0,0.0,0.0
2025-09-26 02:36:00,0.0,0.0,0.0,0.0,0.0,0.0,0.0,0.0,0.0,0.0
2025-09-26 02:37:00,0.0,0.0,0.0,0.0,0.0,0.0,0.0,0.0,0.0,0.0
2025-09-26 02:38:00,0.0,0.0,0.0,0.0,0.0,0.0,0.0,0.0,0.0,0.0
2025-09-26 02:39:00,0.0,0.0,0.0,0.0,0.0,0.0,0.0,0.0,0.0,0.0
2025-09-26 02:40:00,0.0,0.0,0.0,0.0,0.0,0.0,0.0,0.0,0.0,0.0
2025-09-26 02:41:00,0.0,0.0,0.0,0.0,0.0,0.0,0.0,0.0,0.0,0.0
2025-09-26 02:42:00,0.0,0.0,0.0,0.0,0.0,0.0,0.0,0.0,0.0,0.0
2025-09-26 02:43:00,0.0,0.0,0.0,0.0,0.0,0.0,0.0,0.0,0.0,0.0
2025-09-26 02:44:00,0.0,0.0,0.0,0.0,0.0,0.0,0.0,0.0,0.0,0.0
2025-09-26 02:45:00,0.0,0.0,0.0,0.0,0.0,0.0,0.0,0.0,0.0,0.0
2025-09-26 02:46:00,0.0,0.0,0.0,0.0,0.0,0.0,0.0,0.0,0.0,0.0
2025-09-26 02:47:00,0.0,0.0,0.0,0.0,0.0,0.0,0.0,0.0,0.0,0.0
2025-09-26 02:48:00,0.0,0.0,0.0,0.0,0.0,0.0,0.0,0.0,0.0,0.0
2025-09-26 02:49:00,0.0,0.0,0.0,0.0,0.0,0.0,0.0,0.0,0.0,0.0
2025-09-26 02:50:00,0.0,0.0,0.0,0.0,0.0,0.0,0.0,0.0,0.0,0.0
2025-09-26 02:51:00,0.0,0.0,0.0,0.0,0.0,0.0,0.0,0.0,0.0,0.0
2025-09-26 02:52:00,0.0,0.0,0.0,0.0,0.0,0.0,0.0,0.0,0.0,0.0
2025-09-26 02:53:00,0.0,0.0,0.0,0.0,0.0,0.0,0.0,0.0,0.0,0.0
2025-09-26 02:54:00,0.0,0.0,0.0,0.0,0.0,0.0,0.0,0.0,0.0,0.0
2025-09-26 02:55:00,0.0,0.0,0.0,0.0,0.0,0.0,0.0,0.0,0.0,0.0
2025-09-26 02:56:00,0.0,0.0,0.0,0.0,0.0,0.0,0.0,0.0,0.0,0.0
2025-09-26 02:57:00,0.0,0.0,0.0,0.0,0.0,0.0,0.0,0.0,0.0,0.0
2025-09-26 02:58:00,0.0,0.0,0.0,0.0,0.0,0.0,0.0,0.0,0.0,0.0
2025-09-26 02:59:00,0.0,0.0,0.0,0.0,0.0,0.0,0.0,0.0,0.0,0.0
2025-09-26 03:00:00,0.0,0.0,0.0,0.0,0.0,0.0,0.0,0.0,0.0,0.0
2025-09-26 03:01:00,0.0,0.0,0.0,0.0,0.0,0.0,0.0,0.0,0.0,0.0
2025-09-26 03:02:00,0.0,0.0,0.0,0.0,0.0,0.0,0.0,0.0,0.0,0.0
2025-09-26 03:03:00,0.0,0.0,0.0,0.0,0.0,0.0,0.0,0.0,0.0,0.0
2025-09-26 03:04:00,0.0,0.0,0.0,0.0,0.0,0.0,0.0,0.0,0.0,0.0
2025-09-26 03:05:00,0.0,0.0,0.0,0.0,0.0,0.0,0.0,0.0,0.0,0.0
2025-09-26 03:06:00,0.0,0.0,0.0,0.0,0.0,0.0,0.0,0.0,0.0,0.0
2025-09-26 03:07:00,0.0,0.0,0.0,0.0,0.0,0.0,0.0,0.0,0.0,0.0
2025-09-26 03:08:00,0.0,0.0,0.0,0.0,0.0,0.0,0.0,0.0,0.0,0.0
2025-09-26 03:09:00,0.0,0.0,0.0,0.0,0.0,0.0,0.0,0.0,0.0,0.0
2025-09-26 03:10:00,0.0,0.0,0.0,0.0,0.0,0.0,0.0,0.0,0.0,0.0
2025-09-26 03:11:00,0.0,0.0,0.0,0.0,0.0,0.0,0.0,0.0,0.0,0.0
2025-09-26 03:12:00,0.0,0.0,0.0,0.0,0.0,0.0,0.0,0.0,0.0,0.0
2025-09-26 03:13:00,0.0,0.0,0.0,0.0,0.0,0.0,0.0,0.0,0.0,0.0
2025-09-26 03:14:00,0.0,0.0,0.0,0.0,0.0,0.0,0.0,0.0,0.0,0.0
2025-09-26 03:15:00,0.0,0.0,0.0,0.0,0.0,0.0,0.0,0.0,0.0,0.0
2025-09-26 03:16:00,0.0,0.0,0.0,0.0,0.0,0.0,0.0,0.0,0.0,0.0
2025-09-26 03:17:00,0.0,0.0,0.0,0.0,0.0,0.0,0.0,0.0,0.0,0.0
2025-09-26 03:18:00,0.0,0.0,0.0,0.0,0.0,0.0,0.0,0.0,0.0,0.0
2025-09-26 03:19:00,0.0,0.0,0.0,0.0,0.0,0.0,0.0,0.0,0.0,0.0
2025-09-26 03:20:00,0.0,0.0,0.0,0.0,0.0,0.0,0.0,0.0,0.0,0.0
2025-09-26 03:21:00,0.0,0.0,0.0,0.0,0.0,0.0,0.0,0.0,0.0,0.0
2025-09-26 03:22:00,0.0,0.0,0.0,0.0,0.0,0.0,0.0,0.0,0.0,0.0
2025-09-26 03:23:00,0.0,0.0,0.0,0.0,0.0,0.0,0.0,0.0,0.0,0.0
2025-09-26 03:24:00,0.0,0.0,0.0,0.0,0.0,0.0,0.0,0.0,0.0,0.0
2025-09-26 03:25:00,0.0,0.0,0.0,0.0,0.0,0.0,0.0,0.0,0.0,0.0
2025-09-26 03:26:00,0.0,0.0,0.0,0.0,0.0,0.0,0.0,0.0,0.0,0.0
2025-09-26 03:27:00,0.0,0.0,0.0,0.0,0.0,0.0,0.0,0.0,0.0,0.0
2025-09-26 03:28:00,0.0,0.0,0.0,0.0,0.0,0.0,0.0,0.0,0.0,0.0
2025-09-26 03:29:00,0.0,0.0,0.0,0.0,0.0,0.0,0.0,0.0,0.0,0.0
2025-09-26 03:30:00,0.0,0.0,0.0,0.0,0.0,0.0,0.0,0.0,0.0,0.0
2025-09-26 03:31:00,0.0,0.0,0.0,0.0,0.0,0.0,0.0,0.0,0.0,0.0
2025-09-26 03:32:00,0.0,0.0,0.0,0.0,0.0,0.0,0.0,0.0,0.0,0.0
2025-09-26 03:33:00,0.0,0.0,0.0,0.0,0.0,0.0,0.0,0.0,0.0,0.0
2025-09-26 03:34:00,0.0,0.0,0.0,0.0,0.0,0.0,0.0,0.0,0.0,0.0
2025-09-26 03:35:00,0.0,0.0,0.0,0.0,0.0,0.0,0.0,0.0,0.0,0.0
2025-09-26 03:36:00,0.0,0.0,0.0,0.0,0.0,0.0,0.0,0.0,0.0,0.0
2025-09-26 03:37:00,0.0,0.0,0.0,0.0,0.0,0.0,0.0,0.0,0.0,0.0
2025-09-26 03:38:00,0.0,0.0,0.0,0.0,0.0,0.0,0.0,0.0,0.0,0.0
2025-09-26 03:39:00,0.0,0.0,0.0,0.0,0.0,0.0,0.0,0.0,0.0,0.0
2025-09-26 03:40:00,0.0,0.0,0.0,0.0,0.0,0.0,0.0,0.0,0.0,0.0
2025-09-26 03:41:00,0.0,0.0,0.0,0.0,0.0,0.0,0.0,0.0,0.0,0.0
2025-09-26 03:42:00,0.0,0.0,0.0,0.0,0.0,0.0,0.0,0.0,0.0,0.0
2025-09-26 03:43:00,0.0,0.0,0.0,0.0,0.0,0.0,0.0,0.0,0.0,0.0
2025-09-26 03:44:00,0.0,0.0,0.0,0.0,0.0,0.0,0.0,0.0,0.0,0.0
2025-09-26 03:45:00,0.0,0.0,0.0,0.0,0.0,0.0,0.0,0.0,0.0,0.0
2025-09-26 03:46:00,0.0,0.0,0.0,0.0,0.0,0.0,0.0,0.0,0.0,0.0
2025-09-26 03:47:00,0.0,0.0,0.0,0.0,0.0,0.0,0.0,0.0,0.0,0.0
2025-09-26 03:48:00,0.0,0.0,0.0,0.0,0.0,0.0,0.0,0.0,0.0,0.0
2025-09-26 03:49:00,0.0,0.0,0.0,0.0,0.0,0.0,0.0,0.0,0.0,0.0
2025-09-26 03:50:00,0.0,0.0,0.0,0.0,0.0,0.0,0.0,0.0,0.0,0.0
2025-09-26 03:51:00,0.0,0.0,0.0,0.0,0.0,0.0,0.0,0.0,0.0,0.0
2025-09-26 03:52:00,0.0,0.0,0.0,0.0,0.0,0.0,0.0,0.0,0.0,0.0
2025-09-26 03:53:00,0.0,0.0,0.0,0.0,0.0,0.0,0.0,0.0,0.0,0.0
2025-09-26 03:54:00,0.0,0.0,0.0,0.0,0.0,0.0,0.0,0.0,0.0,0.0
2025-09-26 03:55:00,0.0,0.0,0.0,0.0,0.0,0.0,0.0,0.0,0.0,0.0
2025-09-26 03:56:00,0.0,0.0,0.0,0.0,0.0,0.0,0.0,0.0,0.0,0.0
2025-09-26 03:57:00,0.0,0.0,0.0,0.0,0.0,0.0,0.0,0.0,0.0,0.0
2025-09-26 03:58:00,0.0,0.0,0.0,0.0,0.0,0.0,0.0,0.0,0.0,0.0
2025-09-26 03:59:00,0.0,0.0,0.0,0.0,0.0,0.0,0.0,0.0,0.0,0.0
2025-09-26 04:00:00,0.0,0.0,0.0,0.0,0.0,0.0,0.0,0.0,0.0,0.0
2025-09-26 04:01:00,0.0,0.0,0.0,0.0,0.0,0.0,0.0,0.0,0.0,0.0
2025-09-26 04:02:00,0.0,0.0,0.0,0.0,0.0,0.0,0.0,0.0,0.0,0.0
2025-09-26 04:03:00,0.0,0.0,0.0,0.0,0.0,0.0,0.0,0.0,0.0,0.0
2025-09-26 04:04:00,0.0,0.0,0.0,0.0,0.0,0.0,0.0,0.0,0.0,0.0
2025-09-26 04:05:00,0.0,0.0,0.0,0.0,0.0,0.0,0.0,0.0,0.0,0.0
2025-09-26 04:06:00,0.0,0.0,0.0,0.0,0.0,0.0,0.0,0.0,0.0,0.0
2025-09-26 04:07:00,0.0,0.0,0.0,0.0,0.0,0.0,0.0,0.0,0.0,0.0
2025-09-26 04:08:00,0.0,0.0,0.0,0.0,0.0,0.0,0.0,0.0,0.0,0.0
2025-09-26 04:09:00,0.0,0.0,0.0,0.0,0.0,0.0,0.0,0.0,0.0,0.0
2025-09-26 04:10:00,0.0,0.0,0.0,0.0,0.0,0.0,0.0,0.0,0.0,0.0
2025-09-26 04:11:00,0.0,0.0,0.0,0.0,0.0,0.0,0.0,0.0,0.0,0.0
2025-09-26 04:12:00,0.0,0.0,0.0,0.0,0.0,0.0,0.0,0.0,0.0,0.0
2025-09-26 04:13:00,0.0,0.0,0.0,0.0,0.0,0.0,0.0,0.0,0.0,0.0
2025-09-26 04:14:00,0.0,0.0,0.0,0.0,0.0,0.0,0.0,0.0,0.0,0.0
2025-09-26 04:15:00,0.0,0.0,0.0,0.0,0.0,0.0,0.0,0.0,0.0,0.0
2025-09-26 04:16:00,0.0,0.0,0.0,0.0,0.0,0.0,0.0,0.0,0.0,0.0
2025-09-26 04:17:00,0.0,0.0,0.0,0.0,0.0,0.0,0.0,0.0,0.0,0.0
2025-09-26 04:18:00,0.0,0.0,0.0,0.0,0.0,0.0,0.0,0.0,0.0,0.0
2025-09-26 04:19:00,0.0,0.0,0.0,0.0,0.0,0.0,0.0,0.0,0.0,0.0
2025-09-26 04:20:00,0.0,0.0,0.0,0.0,0.0,0.0,0.0,0.0,0.0,0.0
2025-09-26 04:21:00,0.0,0.0,0.0,0.0,0.0,0.0,0.0,0.0,0.0,0.0
2025-09-26 04:22:00,0.0,0.0,0.0,0.0,0.0,0.0,0.0,0.0,0.0,0.0
2025-09-26 04:23:00,0.0,0.0,0.0,0.0,0.0,0.0,0.0,0.0,0.0,0.0
2025-09-26 04:24:00,0.0,0.0,0.0,0.0,0.0,0.0,0.0,0.0,0.0,0.0
2025-09-26 04:25:00,0.0,0.0,0.0,0.0,0.0,0.0,0.0,0.0,0.0,0.0
2025-09-26 04:26:00,0.0,0.0,0.0,0.0,0.0,0.0,0.0,0.0,0.0,0.0
2025-09-26 04:27:00,0.0,0.0,0.0,0.0,0.0,0.0,0.0,0.0,0.0,0.0
2025-09-26 04:28:00,0.0,0.0,0.0,0.0,0.0,0.0,0.0,0.0,0.0,0.0
2025-09-26 04:29:00,0.0,0.0,0.0,0.0,0.0,0.0,0.0,0.0,0.0,0.0
2025-09-26 04:30:00,0.0,0.0,0.0,0.0,0.0,0.0,0.0,0.0,0.0,0.0
2025-09-26 04:31:00,0.0,0.0,0.0,0.0,0.0,0.0,0.0,0.0,0.0,0.0
2025-09-26 04:32:00,0.0,0.0,0.0,0.0,0.0,0.0,0.0,0.0,0.0,0.0
2025-09-26 04:33:00,0.0,0.0,0.0,0.0,0.0,0.0,0.0,0.0,0.0,0.0
2025-09-26 04:34:00,0.0,0.0,0.0,0.0,0.0,0.0,0.0,0.0,0.0,0.0
2025-09-26 04:35:00,0.0,0.0,0.0,0.0,0.0,0.0,0.0,0.0,0.0,0.0
2025-09-26 04:36:00,0.0,0.0,0.0,0.0,0.0,0.0,0.0,0.0,0.0,0.0
2025-09-26 04:37:00,0.0,0.0,0.0,0.0,0.0,0.0,0.0,0.0,0.0,0.0
2025-09-26 04:38:00,0.0,0.0,0.0,0.0,0.0,0.0,0.0,0.0,0.0,0.0
2025-09-26 04:39:00,0.0,0.0,0.0,0.0,0.0,0.0,0.0,0.0,0.0,0.0
2025-09-26 04:40:00,0.0,0.0,0.0,0.0,0.0,0.0,0.0,0.0,0.0,0.0
2025-09-26 04:41:00,0.0,0.0,0.0,0.0,0.0,0.0,0.0,0.0,0.0,0.0
2025-09-26 04:42:00,0.0,0.0,0.0,0.0,0.0,0.0,0.0,0.0,0.0,0.0
2025-09-26 04:43:00,0.0,0.0,0.0,0.0,0.0,0.0,0.0,0.0,0.0,0.0
2025-09-26 04:44:00,0.0,0.0,0.0,0.0,0.0,0.0,0.0,0.0,0.0,0.0
2025-09-26 04:45:00,0.0,0.0,0.0,0.0,0.0,0.0,0.0,0.0,0.0,0.0
2025-09-26 04:46:00,0.0,0.0,0.0,0.0,0.0,0.0,0.0,0.0,0.0,0.0
2025-09-26 04:47:00,0.0,0.0,0.0,0.0,0.0,0.0,0.0,0.0,0.0,0.0
2025-09-26 04:48:00,0.0,0.0,0.0,0.0,0.0,0.0,0.0,0.0,0.0,0.0
2025-09-26 04:49:00,0.0,0.0,0.0,0.0,0.0,0.0,0.0,0.0,0.0,0.0
2025-09-26 04:50:00,0.0,0.0,0.0,0.0,0.0,0.0,0.0,0.0,0.0,0.0
2025-09-26 04:51:00,0.0,0.0,0.0,0.0,0.0,0.0,0.0,0.0,0.0,0.0
2025-09-26 04:52:00,0.0,0.0,0.0,0.0,0.0,0.0,0.0,0.0,0.0,0.0
2025-09-26 04:53:00,0.0,0.0,0.0,0.0,0.0,0.0,0.0,0.0,0.0,0.0
2025-09-26 04:54:00,0.0,0.0,0.0,0.0,0.0,0.0,0.0,0.0,0.0,0.0
2025-09-26 04:55:00,0.0,0.0,0.0,0.0,0.0,0.0,0.0,0.0,0.0,0.0
2025-09-26 04:56:00,0.0,0.0,0.0,0.0,0.0,0.0,0.0,0.0,0.0,0.0
2025-09-26 04:57:00,0.0,0.0,0.0,0.0,0.0,0.0,0.0,0.0,0.0,0.0
2025-09-26 04:58:00,0.0,0.0,0.0,0.0,0.0,0.0,0.0,0.0,0.0,0.0
2025-09-26 04:59:00,0.0,0.0,0.0,0.0,0.0,0.0,0.0,0.0,0.0,0.0
2025-09-26 05:00:00,0.0,0.0,0.0,0.0,0.0,0.0,0.0,0.0,0.0,0.0
2025-09-26 05:01:00,0.0,0.0,0.0,0.0,0.0,0.0,0.0,0.0,0.0,0.0
2025-09-26 05:02:00,0.0,0.0,0.0,0.0,0.0,0.0,0.0,0.0,0.0,0.0
2025-09-26 05:03:00,0.0,0.0,0.0,0.0,0.0,0.0,0.0,0.0,0.0,0.0
2025-09-26 05:04:00,0.0,0.0,0.0,0.0,0.0,0.0,0.0,0.0,0.0,0.0
2025-09-26 05:05:00,0.0,0.0,0.0,0.0,0.0,0.0,0.0,0.0,0.0,0.0
2025-09-26 05:06:00,0.0,0.0,0.0,0.0,0.0,0.0,0.0,0.0,0.0,0.0
2025-09-26 05:07:00,0.0,0.0,0.0,0.0,0.0,0.0,0.0,0.0,0.0,0.0
2025-09-26 05:08:00,0.0,0.0,0.0,0.0,0.0,0.0,0.0,0.0,0.0,0.0
2025-09-26 05:09:00,0.0,0.0,0.0,0.0,0.0,0.0,0.0,0.0,0.0,0.0
2025-09-26 05:10:00,0.0,0.0,0.0,0.0,0.0,0.0,0.0,0.0,0.0,0.0
2025-09-26 05:11:00,0.0,0.0,0.0,0.0,0.0,0.0,0.0,0.0,0.0,0.0
2025-09-26 05:12:00,0.0,0.0,0.0,0.0,0.0,0.0,0.0,0.0,0.0,0.0
2025-09-26 05:13:00,0.0,0.0,0.0,0.0,0.0,0.0,0.0,0.0,0.0,0.0
2025-09-26 05:14:00,0.0,0.0,0.0,0.0,0.0,0.0,0.0,0.0,0.0,0.0
2025-09-26 05:15:00,0.0,0.0,0.0,0.0,0.0,0.0,0.0,0.0,0.0,0.0
2025-09-26 05:16:00,0.0,0.0,0.0,0.0,0.0,0.0,0.0,0.0,0.0,0.0
2025-09-26 05:17:00,0.0,0.0,0.0,0.0,0.0,0.0,0.0,0.0,0.0,0.0
2025-09-26 05:18:00,0.0,0.0,0.0,0.0,0.0,0.0,0.0,0.0,0.0,0.0
2025-09-26 05:19:00,0.0,0.0,0.0,0.0,0.0,0.0,0.0,0.0,0.0,0.0
2025-09-26 05:20:00,0.0,0.0,0.0,0.0,0.0,0.0,0.0,0.0,0.0,0.0
2025-09-26 05:21:00,0.0,0.0,0.0,0.0,0.0,0.0,0.0,0.0,0.0,0.0
2025-09-26 05:22:00,0.0,0.0,0.0,0.0,0.0,0.0,0.0,0.0,0.0,0.0
2025-09-26 05:23:00,0.0,0.0,0.0,0.0,0.0,0.0,0.0,0.0,0.0,0.0
2025-09-26 05:24:00,0.0,0.0,0.0,0.0,0.0,0.0,0.0,0.0,0.0,0.0
2025-09-26 05:25:00,0.0,0.0,0.0,0.0,0.0,0.0,0.0,0.0,0.0,0.0
2025-09-26 05:26:00,0.0,0.0,0.0,0.0,0.0,0.0,0.0,0.0,0.0,0.0
2025-09-26 05:27:00,0.0,0.0,0.0,0.0,0.0,0.0,0.0,0.0,0.0,0.0
2025-09-26 05:28:00,0.0,0.0,0.0,0.0,0.0,0.0,0.0,0.0,0.0,0.0
2025-09-26 05:29:00,0.0,0.0,0.0,0.0,0.0,0.0,0.0,0.0,0.0,0.0
2025-09-26 05:30:00,0.0,0.0,0.0,0.0,0.0,0.0,0.0,0.0,0.0,0.0
2025-09-26 05:31:00,0.0,0.0,0.0,0.0,0.0,0.0,0.0,0.0,0.0,0.0
2025-09-26 05:32:00,0.0,0.0,0.0,0.0,0.0,0.0,0.0,0.0,0.0,0.0
2025-09-26 05:33:00,0.0,0.0,0.0,0.0,0.0,0.0,0.0,0.0,0.0,0.0
2025-09-26 05:34:00,0.0,0.0,0.0,0.0,0.0,0.0,0.0,0.0,0.0,0.0
2025-09-26 05:35:00,0.0,0.0,0.0,0.0,0.0,0.0,0.0,0.0,0.0,0.0
2025-09-26 05:36:00,0.0,0.0,0.0,0.0,0.0,0.0,0.0,0.0,0.0,0.0
2025-09-26 05:37:00,0.0,0.0,0.0,0.0,0.0,0.0,0.0,0.0,0.0,0.0
2025-09-26 05:38:00,0.0,0.0,0.0,0.0,0.0,0.0,0.0,0.0,0.0,0.0
2025-09-26 05:39:00,0.0,0.0,0.0,0.0,0.0,0.0,0.0,0.0,0.0,0.0
2025-09-26 05:40:00,0.0,0.0,0.0,0.0,0.0,0.0,0.0,0.0,0.0,0.0
2025-09-26 05:41:00,0.0,0.0,0.0,0.0,0.0,0.0,0.0,0.0,0.0,0.0
2025-09-26 05:42:00,0.0,0.0,0.0,0.0,0.0,0.0,0.0,0.0,0.0,0.0
2025-09-26 05:43:00,0.0,0.0,0.0,0.0,0.0,0.0,0.0,0.0,0.0,0.0
2025-09-26 05:44:00,0.0,0.0,0.0,0.0,0.0,0.0,0.0,0.0,0.0,0.0
2025-09-26 05:45:00,0.0,0.0,0.0,0.0,0.0,0.0,0.0,0.0,0.0,0.0
2025-09-26 05:46:00,0.0,0.0,0.0,0.0,0.0,0.0,0.0,0.0,0.0,0.0
2025-09-26 05:47:00,0.0,0.0,0.0,0.0,0.0,0.0,0.0,0.0,0.0,0.0
2025-09-26 05:48:00,0.0,0.0,0.0,0.0,0.0,0.0,0.0,0.0,0.0,0.0
2025-09-26 05:49:00,0.0,0.0,0.0,0.0,0.0,0.0,0.0,0.0,0.0,0.0
2025-09-26 05:50:00,0.0,0.0,0.0,0.0,0.0,0.0,0.0,0.0,0.0,0.0
2025-09-26 05:51:00,0.0,0.0,0.0,0.0,0.0,0.0,0.0,0.0,0.0,0.0
2025-09-26 05:52:00,0.0,0.0,0.0,0.0,0.0,0.0,0.0,0.0,0.0,0.0
2025-09-26 05:53:00,0.0,0.0,0.0,0.0,0.0,0.0,0.0,0.0,0.0,0.0
2025-09-26 05:54:00,0.0,0.0,0.0,0.0,0.0,0.0,0.0,0.0,0.0,0.0
2025-09-26 05:55:00,0.0,0.0,0.0,0.0,0.0,0.0,0.0,0.0,0.0,0.0
2025-09-26 05:56:00,0.0,0.0,0.0,0.0,0.0,0.0,0.0,0.0,0.0,0.0
2025-09-26 05:57:00,0.0,0.0,0.0,0.0,0.0,0.0,0.0,0.0,0.0,0.0
2025-09-26 05:58:00,0.0,0.0,0.0,0.0,0.0,0.0,0.0,0.0,0.0,0.0
2025-09-26 05:59:00,0.0,0.0,0.0,0.0,0.0,0.0,0.0,0.0,0.0,0.0
2025-09-26 06:00:00,0.0,0.0,0.0,0.0,0.0,0.0,0.0,0.0,0.0,0.0
2025-09-26 06:01:00,0.0,0.0,0.0,0.0,0.0,0.0,0.0,0.0,0.0,0.0
2025-09-26 06:02:00,0.0,0.0,0.0,0.0,0.0,0.0,0.0,0.0,0.0,0.0
2025-09-26 06:03:00,0.0,0.0,0.0,0.0,0.0,0.0,0.0,0.0,0.0,0.0
2025-09-26 06:04:00,0.0,0.0,0.0,0.0,0.0,0.0,0.0,0.0,0.0,0.0
2025-09-26 06:05:00,0.0,0.0,0.0,0.0,0.0,0.0,0.0,0.0,0.0,0.0
2025-09-26 06:06:00,0.0,0.0,0.0,0.0,0.0,0.0,0.0,0.0,0.0,0.0
2025-09-26 06:07:00,0.0,0.0,0.0,0.0,0.0,0.0,0.0,0.0,0.0,0.0
2025-09-26 06:08:00,0.0,0.0,0.0,0.0,0.0,0.0,0.0,0.0,0.0,0.0
2025-09-26 06:09:00,0.0,0.0,0.0,0.0,0.0,0.0,0.0,0.0,0.0,0.0
2025-09-26 06:10:00,0.0,0.0,0.0,0.0,0.0,0.0,0.0,0.0,0.0,0.0
2025-09-26 06:11:00,0.0,0.0,0.0,0.0,0.0,0.0,0.0,0.0,0.0,0.0
2025-09-26 06:12:00,0.0,0.0,0.0,0.0,0.0,0.0,0.0,0.0,0.0,0.0
2025-09-26 06:13:00,0.0,0.0,0.0,0.0,0.0,0.0,0.0,0.0,0.0,0.0
2025-09-26 06:14:00,0.0,0.0,0.0,0.0,0.0,0.0,0.0,0.0,0.0,0.0
2025-09-26 06:15:00,0.0,0.0,0.0,0.0,0.0,0.0,0.0,0.0,0.0,0.0
2025-09-26 06:16:00,0.0,0.0,0.0,0.0,0.0,0.0,0.0,0.0,0.0,0.0
2025-09-26 06:17:00,0.0,0.0,0.0,0.0,0.0,0.0,0.0,0.0,0.0,0.0
2025-09-26 06:18:00,0.0,0.0,0.0,0.0,0.0,0.0,0.0,0.0,0.0,0.0
2025-09-26 06:19:00,0.0,0.0,0.0,0.0,0.0,0.0,0.0,0.0,0.0,0.0
2025-09-26 06:20:00,0.0,0.0,0.0,0.0,0.0,0.0,0.0,0.0,0.0,0.0
2025-09-26 06:21:00,0.0,0.0,0.0,0.0,0.0,0.0,0.0,0.0,0.0,0.0
2025-09-26 06:22:00,0.0,0.0,0.0,0.0,0.0,0.0,0.0,0.0,0.0,0.0
2025-09-26 06:23:00,0.0,0.0,0.0,0.0,0.0,0.0,0.0,0.0,0.0,0.0
2025-09-26 06:24:00,0.0,0.0,0.0,0.0,0.0,0.0,0.0,0.0,0.0,0.0
2025-09-26 06:25:00,0.0,0.0,0.0,0.0,0.0,0.0,0.0,0.0,0.0,0.0
2025-09-26 06:26:00,0.0,0.0,0.0,0.0,0.0,0.0,0.0,0.0,0.0,0.0
2025-09-26 06:27:00,0.0,0.0,0.0,0.0,0.0,0.0,0.0,0.0,0.0,0.0
2025-09-26 06:28:00,0.0,0.0,0.0,0.0,0.0,0.0,0.0,0.0,0.0,0.0
2025-09-26 06:29:00,0.0,0.0,0.0,0.0,0.0,0.0,0.0,0.0,0.0,0.0
2025-09-26 06:30:00,0.0,0.0,0.0,0.0,0.0,0.0,0.0,0.0,0.0,0.0
2025-09-26 06:31:00,0.0,0.0,0.0,0.0,0.0,0.0,0.0,0.0,0.0,0.0
2025-09-26 06:32:00,0.0,0.0,0.0,0.0,0.0,0.0,0.0,0.0,0.0,0.0
2025-09-26 06:33:00,0.0,0.0,0.0,0.0,0.0,0.0,0.0,0.0,0.0,0.0
2025-09-26 06:34:00,0.0,0.0,0.0,0.0,0.0,0.0,0.0,0.0,0.0,0.0
2025-09-26 06:35:00,0.0,0.0,0.0,0.0,0.0,0.0,0.0,0.0,0.0,0.0
2025-09-26 06:36:00,0.0,0.0,0.0,0.0,0.0,0.0,0.0,0.0,0.0,0.0
2025-09-26 06:37:00,0.0,0.0,0.0,0.0,0.0,0.0,0.0,0.0,0.0,0.0
2025-09-26 06:38:00,0.0,0.0,0.0,0.0,0.0,0.0,0.0,0.0,0.0,0.0
2025-09-26 06:39:00,0.0,0.0,0.0,0.0,0.0,0.0,0.0,0.0,0.0,0.0
2025-09-26 06:40:00,0.0,0.0,0.0,0.0,0.0,0.0,0.0,0.0,0.0,0.0
2025-09-26 06:41:00,0.0,0.0,0.0,0.0,0.0,0.0,0.0,0.0,0.0,0.0
2025-09-26 06:42:00,0.0,0.0,0.0,0.0,0.0,0.0,0.0,0.0,0.0,0.0
2025-09-26 06:43:00,0.0,0.0,0.0,0.0,0.0,0.0,0.0,0.0,0.0,0.0
2025-09-26 06:44:00,0.0,0.0,0.0,0.0,0.0,0.0,0.0,0.0,0.0,0.0
2025-09-26 06:45:00,0.0,0.0,0.0,0.0,0.0,0.0,0.0,0.0,0.0,0.0
2025-09-26 06:46:00,0.0,0.0,0.0,0.0,0.0,0.0,0.0,0.0,0.0,0.0
2025-09-26 06:47:00,0.0,0.0,0.0,0.0,0.0,0.0,0.0,0.0,0.0,0.0
2025-09-26 06:48:00,0.0,0.0,0.0,0.0,0.0,0.0,0.0,0.0,0.0,0.0
2025-09-26 06:49:00,0.0,0.0,0.0,0.0,0.0,0.0,0.0,0.0,0.0,0.0
2025-09-26 06:50:00,0.0,0.0,0.0,0.0,0.0,0.0,0.0,0.0,0.0,0.0
2025-09-26 06:51:00,0.0,0.0,0.0,0.0,0.0,0.0,0.0,0.0,0.0,0.0
2025-09-26 06:52:00,0.0,0.0,0.0,0.0,0.0,0.0,0.0,0.0,0.0,0.0
2025-09-26 06:53:00,0.0,0.0,0.0,0.0,0.0,0.0,0.0,0.0,0.0,0.0
2025-09-26 06:54:00,0.0,0.0,0.0,0.0,0.0,0.0,0.0,0.0,0.0,0.0
2025-09-26 06:55:00,0.0,0.0,0.0,0.0,0.0,0.0,0.0,0.0,0.0,0.0
2025-09-26 06:56:00,0.0,0.0,0.0,0.0,0.0,0.0,0.0,0.0,0.0,0.0
2025-09-26 06:57:00,0.0,0.0,0.0,0.0,0.0,0.0,0.0,0.0,0.0,0.0
2025-09-26 06:58:00,0.0,0.0,0.0,0.0,0.0,0.0,0.0,0.0,0.0,0.0
2025-09-26 06:59:00,0.0,0.0,0.0,0.0,0.0,0.0,0.0,0.0,0.0,0.0
2025-09-26 07:00:00,0.0,0.0,0.0,0.0,0.0,0.0,0.0,0.0,0.0,0.0
2025-09-26 07:01:00,0.0,0.0,0.0,0.0,0.0,0.0,0.0,0.0,0.0,0.0
2025-09-26 07:02:00,0.0,0.0,0.0,0.0,0.0,0.0,0.0,0.0,0.0,0.0
2025-09-26 07:03:00,0.0,0.0,0.0,0.0,0.0,0.0,0.0,0.0,0.0,0.0
2025-09-26 07:04:00,0.0,0.0,0.0,0.0,0.0,0.0,0.0,0.0,0.0,0.0
2025-09-26 07:05:00,0.0,0.0,0.0,0.0,0.0,0.0,0.0,0.0,0.0,0.0
2025-09-26 07:06:00,0.0,0.0,0.0,0.0,0.0,0.0,0.0,0.0,0.0,0.0
2025-09-26 07:07:00,0.0,0.0,0.0,0.0,0.0,0.0,0.0,0.0,0.0,0.0
2025-09-26 07:08:00,0.0,0.0,0.0,0.0,0.0,0.0,0.0,0.0,0.0,0.0
2025-09-26 07:09:00,0.0,0.0,0.0,0.0,0.0,0.0,0.0,0.0,0.0,0.0
2025-09-26 07:10:00,0.0,0.0,0.0,0.0,0.0,0.0,0.0,0.0,0.0,0.0
2025-09-26 07:11:00,0.0,0.0,0.0,0.0,0.0,0.0,0.0,0.0,0.0,0.0
2025-09-26 07:12:00,0.0,0.0,0.0,0.0,0.0,0.0,0.0,0.0,0.0,0.0
2025-09-26 07:13:00,0.0,0.0,0.0,0.0,0.0,0.0,0.0,0.0,0.0,0.0
2025-09-26 07:14:00,0.0,0.0,0.0,0.0,0.0,0.0,0.0,0.0,0.0,0.0
2025-09-26 07:15:00,0.0,0.0,0.0,0.0,0.0,0.0,0.0,0.0,0.0,0.0
2025-09-26 07:16:00,0.0,0.0,0.0,0.0,0.0,0.0,0.0,0.0,0.0,0.0
2025-09-26 07:17:00,0.0,0.0,0.0,0.0,0.0,0.0,0.0,0.0,0.0,0.0
2025-09-26 07:18:00,0.0,0.0,0.0,0.0,0.0,0.0,0.0,0.0,0.0,0.0
2025-09-26 07:19:00,0.0,0.0,0.0,0.0,0.0,0.0,0.0,0.0,0.0,0.0
2025-09-26 07:20:00,0.0,0.0,0.0,0.0,0.0,0.0,0.0,0.0,0.0,0.0
2025-09-26 07:21:00,0.0,0.0,0.0,0.0,0.0,0.0,0.0,0.0,0.0,0.0
2025-09-26 07:22:00,0.0,0.0,0.0,0.0,0.0,0.0,0.0,0.0,0.0,0.0
2025-09-26 07:23:00,0.0,0.0,0.0,0.0,0.0,0.0,0.0,0.0,0.0,0.0
2025-09-26 07:24:00,0.0,0.0,0.0,0.0,0.0,0.0,0.0,0.0,0.0,0.0
2025-09-26 07:25:00,0.0,0.0,0.0,0.0,0.0,0.0,0.0,0.0,0.0,0.0
2025-09-26 07:26:00,0.0,0.0,0.0,0.0,0.0,0.0,0.0,0.0,0.0,0.0
2025-09-26 07:27:00,0.0,0.0,0.0,0.0,0.0,0.0,0.0,0.0,0.0,0.0
2025-09-26 07:28:00,0.0,0.0,0.0,0.0,0.0,0.0,0.0,0.0,0.0,0.0
2025-09-26 07:29:00,0.0,0.0,0.0,0.0,0.0,0.0,0.0,0.0,0.0,0.0
2025-09-26 07:30:00,0.0,0.0,0.0,0.0,0.0,0.0,0.0,0.0,0.0,0.0
2025-09-26 07:31:00,0.0,0.0,0.0,0.0,0.0,0.0,0.0,0.0,0.0,0.0
2025-09-26 07:32:00,0.0,0.0,0.0,0.0,0.0,0.0,0.0,0.0,0.0,0.0
2025-09-26 07:33:00,0.0,0.0,0.0,0.0,0.0,0.0,0.0,0.0,0.0,0.0
2025-09-26 07:34:00,0.0,0.0,0.0,0.0,0.0,0.0,0.0,0.0,0.0,0.0
2025-09-26 07:35:00,0.0,0.0,0.0,0.0,0.0,0.0,0.0,0.0,0.0,0.0
2025-09-26 07:36:00,0.0,0.0,0.0,0.0,0.0,0.0,0.0,0.0,0.0,0.0
2025-09-26 07:37:00,0.0,0.0,0.0,0.0,0.0,0.0,0.0,0.0,0.0,0.0
2025-09-26 07:38:00,0.0,0.0,0.0,0.0,0.0,0.0,0.0,0.0,0.0,0.0
2025-09-26 07:39:00,0.0,0.0,0.0,0.0,0.0,0.0,0.0,0.0,0.0,0.0
2025-09-26 07:40:00,0.0,0.0,0.0,0.0,0.0,0.0,0.0,0.0,0.0,0.0
2025-09-26 07:41:00,0.0,0.0,0.0,0.0,0.0,0.0,0.0,0.0,0.0,0.0
2025-09-26 07:42:00,0.0,0.0,0.0,0.0,0.0,0.0,0.0,0.0,0.0,0.0
2025-09-26 07:43:00,0.0,0.0,0.0,0.0,0.0,0.0,0.0,0.0,0.0,0.0
2025-09-26 07:44:00,0.0,0.0,0.0,0.0,0.0,0.0,0.0,0.0,0.0,0.0
2025-09-26 07:45:00,0.0,0.0,0.0,0.0,0.0,0.0,0.0,0.0,0.0,0.0
2025-09-26 07:46:00,0.0,0.0,0.0,0.0,0.0,0.0,0.0,0.0,0.0,0.0
2025-09-26 07:47:00,0.0,0.0,0.0,0.0,0.0,0.0,0.0,0.0,0.0,0.0
2025-09-26 07:48:00,0.0,0.0,0.0,0.0,0.0,0.0,0.0,0.0,0.0,0.0
2025-09-26 07:49:00,0.0,0.0,0.0,0.0,0.0,0.0,0.0,0.0,0.0,0.0
2025-09-26 07:50:00,0.0,0.0,0.0,0.0,0.0,0.0,0.0,0.0,0.0,0.0
2025-09-26 07:51:00,0.0,0.0,0.0,0.0,0.0,0.0,0.0,0.0,0.0,0.0
2025-09-26 07:52:00,0.0,0.0,0.0,0.0,0.0,0.0,0.0,0.0,0.0,0.0
2025-09-26 07:53:00,0.0,0.0,0.0,0.0,0.0,0.0,0.0,0.0,0.0,0.0
2025-09-26 07:54:00,0.0,0.0,0.0,0.0,0.0,0.0,0.0,0.0,0.0,0.0
2025-09-26 07:55:00,0.0,0.0,0.0,0.0,0.0,0.0,0.0,0.0,0.0,0.0
2025-09-26 07:56:00,0.0,0.0,0.0,0.0,0.0,0.0,0.0,0.0,0.0,0.0
2025-09-26 07:57:00,0.0,0.0,0.0,0.0,0.0,0.0,0.0,0.0,0.0,0.0
2025-09-26 07:58:00,0.0,0.0,0.0,0.0,0.0,0.0,0.0,0.0,0.0,0.0
2025-09-26 07:59:00,0.0,0.0,0.0,0.0,0.0,0.0,0.0,0.0,0.0,0.0
2025-09-26 08:00:00,0.0,0.0,0.0,0.0,0.0,0.0,0.0,0.0,0.0,0.0
2025-09-26 08:01:00,0.0,0.0,0.0,0.0,0.0,0.0,0.0,0.0,0.0,0.0
2025-09-26 08:02:00,0.0,0.0,0.0,0.0,0.0,0.0,0.0,0.0,0.0,0.0
2025-09-26 08:03:00,0.0,0.0,0.0,0.0,0.0,0.0,0.0,0.0,0.0,0.0
2025-09-26 08:04:00,0.0,0.0,0.0,0.0,0.0,0.0,0.0,0.0,0.0,0.0
2025-09-26 08:05:00,0.0,0.0,0.0,0.0,0.0,0.0,0.0,0.0,0.0,0.0
2025-09-26 08:06:00,0.0,0.0,0.0,0.0,0.0,0.0,0.0,0.0,0.0,0.0
2025-09-26 08:07:00,0.0,0.0,0.0,0.0,0.0,0.0,0.0,0.0,0.0,0.0
2025-09-26 08:08:00,0.0,0.0,0.0,0.0,0.0,0.0,0.0,0.0,0.0,0.0
2025-09-26 08:09:00,0.0,0.0,0.0,0.0,0.0,0.0,0.0,0.0,0.0,0.0
2025-09-26 08:10:00,0.0,0.0,0.0,0.0,0.0,0.0,0.0,0.0,0.0,0.0
2025-09-26 08:11:00,0.0,0.0,0.0,0.0,0.0,0.0,0.0,0.0,0.0,0.0
2025-09-26 08:12:00,0.0,0.0,0.0,0.0,0.0,0.0,0.0,0.0,0.0,0.0
2025-09-26 08:13:00,0.0,0.0,0.0,0.0,0.0,0.0,0.0,0.0,0.0,0.0
2025-09-26 08:14:00,0.0,0.0,0.0,0.0,0.0,0.0,0.0,0.0,0.0,0.0
2025-09-26 08:15:00,0.0,0.0,0.0,0.0,0.0,0.0,0.0,0.0,0.0,0.0
2025-09-26 08:16:00,0.0,0.0,0.0,0.0,0.0,0.0,0.0,0.0,0.0,0.0
2025-09-26 08:17:00,0.0,0.0,0.0,0.0,0.0,0.0,0.0,0.0,0.0,0.0
2025-09-26 08:18:00,0.0,0.0,0.0,0.0,0.0,0.0,0.0,0.0,0.0,0.0
2025-09-26 08:19:00,0.0,0.0,0.0,0.0,0.0,0.0,0.0,0.0,0.0,0.0
2025-09-26 08:20:00,0.0,0.0,0.0,0.0,0.0,0.0,0.0,0.0,0.0,0.0
2025-09-26 08:21:00,0.0,0.0,0.0,0.0,0.0,0.0,0.0,0.0,0.0,0.0
2025-09-26 08:22:00,0.0,0.0,0.0,0.0,0.0,0.0,0.0,0.0,0.0,0.0
2025-09-26 08:23:00,0.0,0.0,0.0,0.0,0.0,0.0,0.0,0.0,0.0,0.0
2025-09-26 08:24:00,0.0,0.0,0.0,0.0,0.0,0.0,0.0,0.0,0.0,0.0
2025-09-26 08:25:00,0.0,0.0,0.0,0.0,0.0,0.0,0.0,0.0,0.0,0.0
2025-09-26 08:26:00,0.0,0.0,0.0,0.0,0.0,0.0,0.0,0.0,0.0,0.0
2025-09-26 08:27:00,0.0,0.0,0.0,0.0,0.0,0.0,0.0,0.0,0.0,0.0
2025-09-26 08:28:00,0.0,0.0,0.0,0.0,0.0,0.0,0.0,0.0,0.0,0.0
2025-09-26 08:29:00,0.0,0.0,0.0,0.0,0.0,0.0,0.0,0.0,0.0,0.0
2025-09-26 08:30:00,0.0,0.0,0.0,0.0,0.0,0.0,0.0,0.0,0.0,0.0
2025-09-26 08:31:00,0.0,0.0,0.0,0.0,0.0,0.0,0.0,0.0,0.0,0.0
2025-09-26 08:32:00,0.0,0.0,0.0,0.0,0.0,0.0,0.0,0.0,0.0,0.0
2025-09-26 08:33:00,0.0,0.0,0.0,0.0,0.0,0.0,0.0,0.0,0.0,0.0
2025-09-26 08:34:00,0.0,0.0,0.0,0.0,0.0,0.0,0.0,0.0,0.0,0.0
2025-09-26 08:35:00,0.0,0.0,0.0,0.0,0.0,0.0,0.0,0.0,0.0,0.0
2025-09-26 08:36:00,0.0,0.0,0.0,0.0,0.0,0.0,0.0,0.0,0.0,0.0
2025-09-26 08:37:00,0.0,0.0,0.0,0.0,0.0,0.0,0.0,0.0,0.0,0.0
2025-09-26 08:38:00,0.0,0.0,0.0,0.0,0.0,0.0,0.0,0.0,0.0,0.0
2025-09-26 08:39:00,0.0,0.0,0.0,0.0,0.0,0.0,0.0,0.0,0.0,0.0
2025-09-26 08:40:00,0.0,0.0,0.0,0.0,0.0,0.0,0.0,0.0,0.0,0.0
2025-09-26 08:41:00,0.0,0.0,0.0,0.0,0.0,0.0,0.0,0.0,0.0,0.0
2025-09-26 08:42:00,0.0,0.0,0.0,0.0,0.0,0.0,0.0,0.0,0.0,0.0
2025-09-26 08:43:00,0.0,0.0,0.0,0.0,0.0,0.0,0.0,0.0,0.0,0.0
2025-09-26 08:44:00,0.0,0.0,0.0,0.0,0.0,0.0,0.0,0.0,0.0,0.0
2025-09-26 08:45:00,0.0,0.0,0.0,0.0,0.0,0.0,0.0,0.0,0.0,0.0
2025-09-26 08:46:00,0.0,0.0,0.0,0.0,0.0,0.0,0.0,0.0,0.0,0.0
2025-09-26 08:47:00,0.0,0.0,0.0,0.0,0.0,0.0,0.0,0.0,0.0,0.0
2025-09-26 08:48:00,0.0,0.0,0.0,0.0,0.0,0.0,0.0,0.0,0.0,0.0
2025-09-26 08:49:00,0.0,0.0,0.0,0.0,0.0,0.0,0.0,0.0,0.0,0.0
2025-09-26 08:50:00,0.0,0.0,0.0,0.0,0.0,0.0,0.0,0.0,0.0,0.0
2025-09-26 08:51:00,0.0,0.0,0.0,0.0,0.0,0.0,0.0,0.0,0.0,0.0
2025-09-26 08:52:00,0.0,0.0,0.0,0.0,0.0,0.0,0.0,0.0,0.0,0.0
2025-09-26 08:53:00,0.0,0.0,0.0,0.0,0.0,0.0,0.0,0.0,0.0,0.0
2025-09-26 08:54:00,0.0,0.0,0.0,0.0,0.0,0.0,0.0,0.0,0.0,0.0
2025-09-26 08:55:00,0.0,0.0,0.0,0.0,0.0,0.0,0.0,0.0,0.0,0.0
2025-09-26 08:56:00,0.0,0.0,0.0,0.0,0.0,0.0,0.0,0.0,0.0,0.0
2025-09-26 08:57:00,0.0,0.0,0.0,0.0,0.0,0.0,0.0,0.0,0.0,0.0
2025-09-26 08:58:00,0.0,0.0,0.0,0.0,0.0,0.0,0.0,0.0,0.0,0.0
2025-09-26 08:59:00,0.0,0.0,0.0,0.0,0.0,0.0,0.0,0.0,0.0,0.0
2025-09-26 09:00:00,0.0,0.0,0.0,0.0,0.0,0.0,0.0,0.0,0.0,0.0
2025-09-26 09:01:00,0.0,0.0,0.0,0.0,0.0,0.0,0.0,0.0,0.0,0.0
2025-09-26 09:02:00,0.0,0.0,0.0,0.0,0.0,0.0,0.0,0.0,0.0,0.0
2025-09-26 09:03:00,0.0,0.0,0.0,0.0,0.0,0.0,0.0,0.0,0.0,0.0
2025-09-26 09:04:00,0.0,0.0,0.0,0.0,0.0,0.0,0.0,0.0,0.0,0.0
2025-09-26 09:05:00,0.0,0.0,0.0,0.0,0.0,0.0,0.0,0.0,0.0,0.0
2025-09-26 09:06:00,0.0,0.0,0.0,0.0,0.0,0.0,0.0,0.0,0.0,0.0
2025-09-26 09:07:00,0.0,0.0,0.0,0.0,0.0,0.0,0.0,0.0,0.0,0.0
2025-09-26 09:08:00,0.0,0.0,0.0,0.0,0.0,0.0,0.0,0.0,0.0,0.0
2025-09-26 09:09:00,0.0,0.0,0.0,0.0,0.0,0.0,0.0,0.0,0.0,0.0
2025-09-26 09:10:00,0.0,0.0,0.0,0.0,0.0,0.0,0.0,0.0,0.0,0.0
2025-09-26 09:11:00,0.0,0.0,0.0,0.0,0.0,0.0,0.0,0.0,0.0,0.0
2025-09-26 09:12:00,0.0,0.0,0.0,0.0,0.0,0.0,0.0,0.0,0.0,0.0
2025-09-26 09:13:00,0.0,0.0,0.0,0.0,0.0,0.0,0.0,0.0,0.0,0.0
2025-09-26 09:14:00,0.0,0.0,0.0,0.0,0.0,0.0,0.0,0.0,0.0,0.0
2025-09-26 09:15:00,0.0,0.0,0.0,0.0,0.0,0.0,0.0,0.0,0.0,0.0
2025-09-26 09:16:00,0.0,0.0,0.0,0.0,0.0,0.0,0.0,0.0,0.0,0.0
2025-09-26 09:17:00,0.0,0.0,0.0,0.0,0.0,0.0,0.0,0.0,0.0,0.0
2025-09-26 09:18:00,0.0,0.0,0.0,0.0,0.0,0.0,0.0,0.0,0.0,0.0
2025-09-26 09:19:00,0.0,0.0,0.0,0.0,0.0,0.0,0.0,0.0,0.0,0.0
2025-09-26 09:20:00,0.0,0.0,0.0,0.0,0.0,0.0,0.0,0.0,0.0,0.0
2025-09-26 09:21:00,0.0,0.0,0.0,0.0,0.0,0.0,0.0,0.0,0.0,0.0
2025-09-26 09:22:00,0.0,0.0,0.0,0.0,0.0,0.0,0.0,0.0,0.0,0.0
2025-09-26 09:23:00,0.0,0.0,0.0,0.0,0.0,0.0,0.0,0.0,0.0,0.0
2025-09-26 09:24:00,0.0,0.0,0.0,0.0,0.0,0.0,0.0,0.0,0.0,0.0
2025-09-26 09:25:00,0.0,0.0,0.0,0.0,0.0,0.0,0.0,0.0,0.0,0.0
2025-09-26 09:26:00,0.0,0.0,0.0,0.0,0.0,0.0,0.0,0.0,0.0,0.0
2025-09-26 09:27:00,0.0,0.0,0.0,0.0,0.0,0.0,0.0,0.0,0.0,0.0
2025-09-26 09:28:00,0.0,0.0,0.0,0.0,0.0,0.0,0.0,0.0,0.0,0.0
2025-09-26 09:29:00,0.0,0.0,0.0,0.0,0.0,0.0,0.0,0.0,0.0,0.0
2025-09-26 09:30:00,0.0,0.0,0.0,0.0,0.0,0.0,0.0,0.0,0.0,0.0
2025-09-26 09:31:00,0.0,0.0,0.0,0.0,0.0,0.0,0.0,0.0,0.0,0.0
2025-09-26 09:32:00,0.0,0.0,0.0,0.0,0.0,0.0,0.0,0.0,0.0,0.0
2025-09-26 09:33:00,0.0,0.0,0.0,0.0,0.0,0.0,0.0,0.0,0.0,0.0
2025-09-26 09:34:00,0.0,0.0,0.0,0.0,0.0,0.0,0.0,0.0,0.0,0.0
2025-09-26 09:35:00,0.0,0.0,0.0,0.0,0.0,0.0,0.0,0.0,0.0,0.0
2025-09-26 09:36:00,0.0,0.0,0.0,0.0,0.0,0.0,0.0,0.0,0.0,0.0
2025-09-26 09:37:00,0.0,0.0,0.0,0.0,0.0,0.0,0.0,0.0,0.0,0.0
2025-09-26 09:38:00,0.0,0.0,0.0,0.0,0.0,0.0,0.0,0.0,0.0,0.0
2025-09-26 09:39:00,0.0,0.0,0.0,0.0,0.0,0.0,0.0,0.0,0.0,0.0
2025-09-26 09:40:00,0.0,0.0,0.0,0.0,0.0,0.0,0.0,0.0,0.0,0.0
2025-09-26 09:41:00,0.0,0.0,0.0,0.0,0.0,0.0,0.0,0.0,0.0,0.0
2025-09-26 09:42:00,0.0,0.0,0.0,0.0,0.0,0.0,0.0,0.0,0.0,0.0
2025-09-26 09:43:00,0.0,0.0,0.0,0.0,0.0,0.0,0.0,0.0,0.0,0.0
2025-09-26 09:44:00,0.0,0.0,0.0,0.0,0.0,0.0,0.0,0.0,0.0,0.0
2025-09-26 09:45:00,0.0,0.0,0.0,0.0,0.0,0.0,0.0,0.0,0.0,0.0
2025-09-26 09:46:00,0.0,0.0,0.0,0.0,0.0,0.0,0.0,0.0,0.0,0.0
2025-09-26 09:47:00,0.0,0.0,0.0,0.0,0.0,0.0,0.0,0.0,0.0,0.0
2025-09-26 09:48:00,0.0,0.0,0.0,0.0,0.0,0.0,0.0,0.0,0.0,0.0
2025-09-26 09:49:00,0.0,0.0,0.0,0.0,0.0,0.0,0.0,0.0,0.0,0.0
2025-09-26 09:50:00,0.0,0.0,0.0,0.0,0.0,0.0,0.0,0.0,0.0,0.0
2025-09-26 09:51:00,0.0,0.0,0.0,0.0,0.0,0.0,0.0,0.0,0.0,0.0
2025-09-26 09:52:00,0.0,0.0,0.0,0.0,0.0,0.0,0.0,0.0,0.0,0.0
2025-09-26 09:53:00,0.0,0.0,0.0,0.0,0.0,0.0,0.0,0.0,0.0,0.0
2025-09-26 09:54:00,0.0,0.0,0.0,0.0,0.0,0.0,0.0,0.0,0.0,0.0
2025-09-26 09:55:00,0.0,0.0,0.0,0.0,0.0,0.0,0.0,0.0,0.0,0.0
2025-09-26 09:56:00,0.0,0.0,0.0,0.0,0.0,0.0,0.0,0.0,0.0,0.0
2025-09-26 09:57:00,0.0,0.0,0.0,0.0,0.0,0.0,0.0,0.0,0.0,0.0
2025-09-26 09:58:00,0.0,0.0,0.0,0.0,0.0,0.0,0.0,0.0,0.0,0.0
2025-09-26 09:59:00,0.0,0.0,0.0,0.0,0.0,0.0,0.0,0.0,0.0,0.0
2025-09-26 10:00:00,0.0,0.0,0.0,0.0,0.0,0.0,0.0,0.0,0.0,0.0
2025-09-26 10:01:00,0.0,0.0,0.0,0.0,0.0,0.0,0.0,0.0,0.0,0.0
2025-09-26 10:02:00,0.0,0.0,0.0,0.0,0.0,0.0,0.0,0.0,0.0,0.0
2025-09-26 10:03:00,0.0,0.0,0.0,0.0,0.0,0.0,0.0,0.0,0.0,0.0
2025-09-26 10:04:00,0.0,0.0,0.0,0.0,0.0,0.0,0.0,0.0,0.0,0.0
2025-09-26 10:05:00,0.0,0.0,0.0,0.0,0.0,0.0,0.0,0.0,0.0,0.0
2025-09-26 10:06:00,0.0,0.0,0.0,0.0,0.0,0.0,0.0,0.0,0.0,0.0
2025-09-26 10:07:00,0.0,0.0,0.0,0.0,0.0,0.0,0.0,0.0,0.0,0.0
2025-09-26 10:08:00,0.0,0.0,0.0,0.0,0.0,0.0,0.0,0.0,0.0,0.0
2025-09-26 10:09:00,0.0,0.0,0.0,0.0,0.0,0.0,0.0,0.0,0.0,0.0
2025-09-26 10:10:00,0.0,0.0,0.0,0.0,0.0,0.0,0.0,0.0,0.0,0.0
2025-09-26 10:11:00,0.0,0.0,0.0,0.0,0.0,0.0,0.0,0.0,0.0,0.0
2025-09-26 10:12:00,0.0,0.0,0.0,0.0,0.0,0.0,0.0,0.0,0.0,0.0
2025-09-26 10:13:00,0.0,0.0,0.0,0.0,0.0,0.0,0.0,0.0,0.0,0.0
2025-09-26 10:14:00,0.0,0.0,0.0,0.0,0.0,0.0,0.0,0.0,0.0,0.0
2025-09-26 10:15:00,0.0,0.0,0.0,0.0,0.0,0.0,0.0,0.0,0.0,0.0
2025-09-26 10:16:00,0.0,0.0,0.0,0.0,0.0,0.0,0.0,0.0,0.0,0.0
2025-09-26 10:17:00,0.0,0.0,0.0,0.0,0.0,0.0,0.0,0.0,0.0,0.0
2025-09-26 10:18:00,0.0,0.0,0.0,0.0,0.0,0.0,0.0,0.0,0.0,0.0
2025-09-26 10:19:00,0.0,0.0,0.0,0.0,0.0,0.0,0.0,0.0,0.0,0.0
2025-09-26 10:20:00,0.0,0.0,0.0,0.0,0.0,0.0,0.0,0.0,0.0,0.0
2025-09-26 10:21:00,0.0,0.0,0.0,0.0,0.0,0.0,0.0,0.0,0.0,0.0
2025-09-26 10:22:00,0.0,0.0,0.0,0.0,0.0,0.0,0.0,0.0,0.0,0.0
2025-09-26 10:23:00,0.0,0.0,0.0,0.0,0.0,0.0,0.0,0.0,0.0,0.0
2025-09-26 10:24:00,0.0,0.0,0.0,0.0,0.0,0.0,0.0,0.0,0.0,0.0
2025-09-26 10:25:00,0.0,0.0,0.0,0.0,0.0,0.0,0.0,0.0,0.0,0.0
2025-09-26 10:26:00,0.0,0.0,0.0,0.0,0.0,0.0,0.0,0.0,0.0,0.0
2025-09-26 10:27:00,0.0,0.0,0.0,0.0,0.0,0.0,0.0,0.0,0.0,0.0
2025-09-26 10:28:00,0.0,0.0,0.0,0.0,0.0,0.0,0.0,0.0,0.0,0.0
2025-09-26 10:29:00,0.0,0.0,0.0,0.0,0.0,0.0,0.0,0.0,0.0,0.0
2025-09-26 10:30:00,0.0,0.0,0.0,0.0,0.0,0.0,0.0,0.0,0.0,0.0
2025-09-26 10:31:00,0.0,0.0,0.0,0.0,0.0,0.0,0.0,0.0,0.0,0.0
2025-09-26 10:32:00,0.0,0.0,0.0,0.0,0.0,0.0,0.0,0.0,0.0,0.0
2025-09-26 10:33:00,0.0,0.0,0.0,0.0,0.0,0.0,0.0,0.0,0.0,0.0
2025-09-26 10:34:00,0.0,0.0,0.0,0.0,0.0,0.0,0.0,0.0,0.0,0.0
2025-09-26 10:35:00,0.0,0.0,0.0,0.0,0.0,0.0,0.0,0.0,0.0,0.0
2025-09-26 10:36:00,0.0,0.0,0.0,0.0,0.0,0.0,0.0,0.0,0.0,0.0
2025-09-26 10:37:00,0.0,0.0,0.0,0.0,0.0,0.0,0.0,0.0,0.0,0.0
2025-09-26 10:38:00,0.0,0.0,0.0,0.0,0.0,0.0,0.0,0.0,0.0,0.0
2025-09-26 10:39:00,0.0,0.0,0.0,0.0,6.808,0.0,0.0,0.0,0.0,0.0
2025-09-26 10:40:00,0.0,0.0,0.0,0.0,6.789305263157895,0.0,0.0,0.0,0.0,0.0
2025-09-26 10:41:00,0.0,0.0,0.0,0.0,6.770610526315789,0.0,0.0,0.0,0.0,0.0
2025-09-26 10:42:00,0.0,0.0,0.0,0.0,6.751915789473685,0.0,0.0,0.0,0.0,0.0
2025-09-26 10:43:00,0.0,0.0,0.0,0.0,6.7332210526315786,0.0,0.0,0.0,0.0,0.0
2025-09-26 10:44:00,0.0,0.0,0.0,0.0,6.714526315789474,0.0,0.0,0.0,0.0,0.0
2025-09-26 10:45:00,0.0,0.0,0.0,0.0,6.6958315789473675,0.0,0.0,0.0,0.0,0.0
2025-09-26 10:46:00,0.0,0.0,0.0,0.0,6.677136842105263,0.0,0.0,0.0,0.0,0.0
2025-09-26 10:47:00,0.0,0.0,0.0,0.0,6.658442105263156,0.0,0.0,0.0,0.0,0.0
2025-09-26 10:48:00,0.0,0.0,0.0,0.0,6.639747368421053,0.0,0.0,0.0,0.0,0.0
2025-09-26 10:49:00,0.0,0.0,0.0,0.0,6.621052631578948,0.0,0.0,0.0,0.0,0.0
2025-09-26 10:50:00,0.0,0.0,0.0,0.0,6.6023578947368415,0.0,0.0,0.0,0.0,0.0
2025-09-26 10:51:00,0.0,0.0,0.0,0.0,6.583663157894738,0.0,0.0,0.0,0.0,0.0
2025-09-26 10:52:00,0.0,0.0,0.0,0.0,6.564968421052631,0.0,0.0,0.0,0.0,0.0
2025-09-26 10:53:00,0.0,0.0,0.0,0.0,6.546273684210527,0.0,0.0,0.0,0.0,0.0
2025-09-26 10:54:00,0.0,0.0,0.0,0.0,6.527578947368421,0.0,0.0,0.0,0.0,0.0
2025-09-26 10:55:00,0.0,0.0,0.0,0.0,6.5088842105263165,0.0,0.0,0.0,0.0,0.0
2025-09-26 10:56:00,0.0,0.0,0.0,0.0,6.49018947368421,0.0,0.0,0.0,0.0,0.0
2025-09-26 10:57:00,0.0,0.0,0.0,0.0,6.4714947368421045,0.0,0.0,0.0,0.0,0.0
2025-09-26 10:58:00,0.0,0.0,0.0,0.0,6.452799999999999,0.0,0.0,0.0,0.0,0.0
2025-09-26 10:59:00,0.0,0.0,0.0,0.0,6.434105263157894,0.0,0.0,0.0,0.0,0.0
2025-09-26 11:00:00,0.0,0.0,0.0,0.0,6.415410526315789,0.0,0.0,0.0,0.0,0.0
2025-09-26 11:01:00,0.0,0.0,0.0,0.0,6.396715789473683,0.0,0.0,0.0,0.0,0.0
2025-09-26 11:02:00,0.0,0.0,0.0,0.0,6.378021052631579,0.0,0.0,0.0,0.0,0.0
2025-09-26 11:03:00,0.0,0.0,0.0,0.0,6.359326315789471,0.0,0.0,0.0,0.0,0.0
2025-09-26 11:04:00,0.0,0.0,0.0,0.0,6.3406315789473675,0.0,0.0,0.0,0.0,0.0
2025-09-26 11:05:00,0.0,0.0,0.0,7.4,6.321936842105261,0.0,0.0,0.0,0.0,0.0
2025-09-26 11:06:00,0.0,0.0,0.0,7.4,6.303242105263156,0.0,0.0,0.0,0.0,0.0
2025-09-26 11:07:00,0.0,0.0,0.0,7.4,6.284547368421051,0.0,0.0,0.0,0.0,0.0
2025-09-26 11:08:00,0.0,0.0,0.0,7.4,6.265852631578946,0.0,0.0,0.0,0.0,0.0
2025-09-26 11:09:00,0.0,0.0,0.0,7.4,6.24715789473684,0.0,0.0,0.0,0.0,0.0
2025-09-26 11:10:00,0.0,0.0,0.0,7.4,6.228463157894736,0.0,0.0,0.0,0.0,0.0
2025-09-26 11:11:00,0.0,0.0,0.0,7.4,6.209768421052631,0.0,0.0,0.0,0.0,0.0
2025-09-26 11:12:00,0.0,0.0,0.0,7.4,6.191073684210525,0.0,0.0,0.0,0.0,0.0
2025-09-26 11:13:00,0.0,0.0,0.0,7.4,6.17237894736842,0.0,0.0,0.0,0.0,0.0
2025-09-26 11:14:00,0.0,0.0,0.0,7.4,6.153684210526315,0.0,0.0,0.0,0.0,0.0
2025-09-26 11:15:00,0.0,0.0,0.0,7.4,6.134989473684211,0.0,0.0,0.0,0.0,0.0
2025-09-26 11:16:00,0.0,0.0,0.0,7.4,6.116294736842105,0.0,0.0,0.0,0.0,0.0
2025-09-26 11:17:00,0.0,0.0,0.0,7.4,6.0976,0.0,0.0,0.0,0.0,0.0
2025-09-26 11:18:00,0.0,0.0,0.0,7.4,6.078905263157894,0.0,0.0,0.0,0.0,0.0
2025-09-26 11:19:00,0.0,0.0,0.0,7.4,6.06021052631579,0.0,0.0,0.0,0.0,0.0
2025-09-26 11:20:00,0.0,0.0,0.0,7.394721275550686,6.041515789473684,0.0,0.0,0.0,0.0,0.0
2025-09-26 11:21:00,0.0,0.0,0.0,7.375518796992482,6.0228210526315795,0.0,0.0,0.0,0.0,0.0
2025-09-26 11:22:00,0.0,0.0,0.0,7.3554887218045115,6.004126315789475,0.0,0.0,0.0,0.0,0.0
2025-09-26 11:23:00,0.0,0.0,0.0,7.335458646616542,5.985431578947369,0.0,0.0,0.0,0.0,0.0
2025-09-26 11:24:00,0.0,0.0,0.0,7.315428571428572,5.966736842105264,0.0,0.0,0.0,0.0,0.0
2025-09-26 11:25:00,0.0,0.0,0.0,7.295398496240602,5.948042105263158,0.0,0.0,0.0,0.0,0.0
2025-09-26 11:26:00,0.0,0.0,0.0,7.275368421052631,5.9293473684210545,0.0,0.0,0.0,0.0,0.0
2025-09-26 11:27:00,0.0,0.0,0.0,7.255338345864661,5.910652631578947,0.0,0.0,0.0,0.0,0.0
2025-09-26 11:28:00,0.0,0.0,0.0,7.235308270676691,5.891957894736843,0.0,0.0,0.0,0.0,0.0
2025-09-26 11:29:00,0.0,0.0,0.0,7.215278195488722,5.873263157894738,0.0,0.0,0.0,0.0,0.0
2025-09-26 11:30:00,0.0,0.0,0.0,7.195248120300751,5.854568421052632,0.0,0.0,0.0,0.0,0.0
2025-09-26 11:31:00,0.0,0.0,0.0,7.175218045112782,5.835873684210527,0.0,0.0,0.0,0.0,0.0
2025-09-26 11:32:00,0.0,0.0,0.0,7.155187969924812,5.817178947368422,0.0,0.0,0.0,0.0,0.0
2025-09-26 11:33:00,0.0,0.0,0.0,7.1351578947368415,5.798484210526317,0.0,0.0,0.0,0.0,0.0
2025-09-26 11:34:00,0.0,0.0,0.0,7.1151278195488725,5.779789473684211,0.0,0.0,0.0,0.0,0.0
2025-09-26 11:35:00,0.0,0.0,0.0,7.095097744360902,5.761094736842106,0.0,0.0,0.0,0.0,0.0
2025-09-26 11:36:00,0.0,0.0,0.0,7.075067669172933,5.7424,0.0,0.0,0.0,0.0,0.0
2025-09-26 11:37:00,0.0,0.0,0.0,7.055037593984962,5.723705263157896,0.0,0.0,0.0,0.0,0.0
2025-09-26 11:38:00,0.0,0.0,0.0,7.035007518796993,5.70501052631579,0.0,0.0,0.0,0.0,0.0
2025-09-26 11:39:00,0.0,0.0,0.0,7.014977443609022,5.686315789473685,0.0,0.0,0.0,0.0,0.0
2025-09-26 11:40:00,0.0,0.0,0.0,6.994947368421053,5.6676210526315804,0.0,0.0,0.0,0.0,0.0
2025-09-26 11:41:00,0.0,0.0,0.0,6.974917293233082,5.648926315789475,0.0,0.0,0.0,0.0,0.0
2025-09-26 11:42:00,0.0,0.0,0.0,6.954887218045113,5.6302315789473685,0.0,0.0,0.0,0.0,0.0
2025-09-26 11:43:00,0.0,0.0,0.0,6.934857142857143,5.611536842105265,0.0,0.0,0.0,0.0,0.0
2025-09-26 11:44:00,0.0,0.0,0.0,6.914827067669172,5.592842105263159,0.0,0.0,0.0,0.0,0.0
2025-09-26 11:45:00,0.0,0.0,0.0,6.894796992481203,5.574147368421054,0.0,0.0,0.0,0.0,0.0
2025-09-26 11:46:00,0.0,0.0,0.0,6.874766917293233,5.555452631578949,0.0,0.0,0.0,0.0,0.0
2025-09-26 11:47:00,0.0,0.0,0.0,6.854736842105264,5.5367578947368425,0.0,0.0,0.0,0.0,0.0
2025-09-26 11:48:00,0.0,0.0,0.0,6.834706766917294,5.518063157894739,0.0,0.0,0.0,0.0,0.0
2025-09-26 11:49:00,0.0,0.0,0.0,6.814676691729324,5.4993684210526315,0.0,0.0,0.0,0.0,0.0
2025-09-26 11:50:00,0.0,0.0,0.0,6.794646616541354,5.480673684210528,0.0,0.0,0.0,0.0,0.0
2025-09-26 11:51:00,0.0,0.0,0.0,6.774616541353384,5.461978947368422,0.0,0.0,0.0,0.0,0.0
2025-09-26 11:52:00,0.0,0.0,0.0,6.7545864661654145,5.443284210526317,0.0,0.0,0.0,0.0,0.0
2025-09-26 11:53:00,0.0,0.0,0.0,6.734556390977444,5.424589473684212,0.0,0.0,0.0,0.0,0.0
2025-09-26 11:54:00,0.0,0.0,0.0,6.714526315789474,5.4058947368421055,0.0,0.0,0.0,0.0,0.0
2025-09-26 11:55:00,0.0,0.0,0.0,6.694496240601504,5.387200000000001,0.0,0.0,0.0,0.0,0.0
2025-09-26 11:56:00,0.0,0.0,0.0,6.674466165413534,5.3685052631578944,0.0,0.0,0.0,0.0,0.0
2025-09-26 11:57:00,0.0,0.0,0.0,6.6544360902255635,5.34981052631579,0.0,0.0,0.0,0.0,0.0
2025-09-26 11:58:00,0.0,0.0,0.0,6.634406015037594,5.331115789473684,0.0,0.0,0.0,0.0,0.0
2025-09-26 11:59:00,0.0,0.0,0.0,6.614375939849624,5.31242105263158,0.0,0.0,0.0,0.0,0.0
2025-09-26 12:00:00,0.0,0.0,0.0,6.594345864661654,5.293726315789473,0.0,0.0,0.0,0.0,0.0
2025-09-26 12:01:00,0.0,0.0,0.0,6.574315789473684,5.2750315789473685,0.0,0.0,0.0,0.0,0.0
2025-09-26 12:02:00,0.0,0.0,0.0,6.554285714285713,5.256336842105263,0.0,0.0,0.0,0.0,0.0
2025-09-26 12:03:00,0.0,0.0,0.0,6.534255639097744,5.237642105263157,0.0,0.0,0.0,0.0,0.0
2025-09-26 12:04:00,0.0,0.0,0.0,6.514225563909774,5.218947368421053,0.0,0.0,0.0,0.0,0.0
2025-09-26 12:05:00,0.0,0.0,0.0,6.494195488721804,5.200252631578947,0.0,0.0,0.0,0.0,0.0
2025-09-26 12:06:00,0.0,0.0,0.0,6.474165413533833,5.181557894736843,0.0,0.0,0.0,0.0,0.0
2025-09-26 12:07:00,0.0,0.0,0.0,6.454135338345864,5.162863157894736,0.0,0.0,0.0,0.0,0.0
2025-09-26 12:08:00,0.0,0.0,0.0,6.434105263157893,5.1441684210526315,0.0,0.0,0.0,0.0,0.0
2025-09-26 12:09:00,0.0,0.0,0.0,6.414075187969923,5.125473684210526,0.0,0.0,0.0,0.0,0.0
2025-09-26 12:10:00,0.0,0.0,0.0,6.394045112781954,5.106778947368421,0.0,0.0,0.0,0.0,0.0
2025-09-26 12:11:00,0.0,0.0,0.0,6.374015037593983,5.088084210526315,0.0,0.0,0.0,0.0,0.0
2025-09-26 12:12:00,0.0,0.0,0.0,6.353984962406015,5.069389473684211,0.0,0.0,0.0,0.0,0.0
2025-09-26 12:13:00,0.0,0.0,0.0,6.333954887218044,5.050694736842106,0.0,0.0,0.0,0.0,0.0
2025-09-26 12:14:00,0.0,0.0,0.0,6.313924812030075,5.032,0.0,0.0,0.0,0.0,0.0
2025-09-26 12:15:00,0.0,0.0,0.0,6.2938947368421045,0.0,0.0,0.0,0.0,0.0,0.0
2025-09-26 12:16:00,0.0,0.0,0.0,6.273864661654136,0.0,0.0,0.0,0.0,0.0,0.0
2025-09-26 12:17:00,0.0,0.0,0.0,6.253834586466165,0.0,0.0,0.0,0.0,0.0,0.0
2025-09-26 12:18:00,0.0,0.0,0.0,6.233804511278195,0.0,0.0,0.0,0.0,0.0,0.0
2025-09-26 12:19:00,0.0,0.0,0.0,6.213774436090226,0.0,0.0,0.0,0.0,0.0,0.0
2025-09-26 12:20:00,0.0,0.0,0.0,6.193744360902255,0.0,0.0,0.0,0.0,0.0,0.0
2025-09-26 12:21:00,0.0,0.0,0.0,6.1737142857142855,0.0,0.0,0.0,0.0,0.0,0.0
2025-09-26 12:22:00,0.0,0.0,0.0,6.153684210526316,0.0,0.0,0.0,0.0,0.0,0.0
2025-09-26 12:23:00,0.0,0.0,0.0,6.133654135338347,0.0,0.0,0.0,0.0,0.0,0.0
2025-09-26 12:24:00,0.0,0.0,0.0,6.113624060150377,0.0,0.0,0.0,0.0,0.0,0.0
2025-09-26 12:25:00,0.0,0.0,0.0,6.093593984962408,0.0,0.0,0.0,0.0,0.0,0.0
2025-09-26 12:26:00,0.0,0.0,0.0,6.073563909774437,0.0,0.0,0.0,0.0,0.0,0.0
2025-09-26 12:27:00,0.0,0.0,0.0,6.053533834586468,0.0,0.0,0.0,0.0,0.0,0.0
2025-09-26 12:28:00,0.0,0.0,0.0,6.033503759398498,0.0,0.0,0.0,0.0,0.0,0.0
2025-09-26 12:29:00,0.0,0.0,0.0,6.013473684210528,0.0,0.0,0.0,0.0,0.0,0.0
2025-09-26 12:30:00,0.0,0.0,0.0,5.993443609022559,0.0,0.0,0.0,0.0,0.0,0.0
2025-09-26 12:31:00,0.0,0.0,0.0,5.973413533834588,0.0,0.0,0.0,0.0,0.0,0.0
2025-09-26 12:32:00,0.0,0.0,0.0,5.95338345864662,0.0,0.0,0.0,0.0,0.0,0.0
2025-09-26 12:33:00,0.0,0.0,0.0,5.933353383458648,0.0,0.0,0.0,0.0,0.0,0.0
2025-09-26 12:34:00,0.0,0.0,0.0,5.9133233082706775,0.0,0.0,0.0,0.0,0.0,0.0
2025-09-26 12:35:00,0.0,0.0,0.0,5.893293233082709,0.0,0.0,0.0,0.0,0.0,0.0
2025-09-26 12:36:00,0.0,0.0,0.0,5.873263157894738,0.0,0.0,0.0,0.0,0.0,0.0
2025-09-26 12:37:00,0.0,0.0,0.0,5.853233082706769,0.0,0.0,0.0,0.0,0.0,0.0
2025-09-26 12:38:00,0.0,0.0,0.0,5.833203007518797,0.0,0.0,0.0,0.0,0.0,0.0
2025-09-26 12:39:00,0.0,0.0,0.0,5.813172932330828,0.0,0.0,0.0,0.0,0.0,0.0
2025-09-26 12:40:00,0.0,0.0,0.0,5.793142857142858,0.0,0.0,0.0,0.0,0.0,0.0
2025-09-26 12:41:00,0.0,0.0,0.0,5.773112781954888,0.0,0.0,0.0,0.0,0.0,0.0
2025-09-26 12:42:00,0.0,0.0,0.0,5.753082706766918,0.0,0.0,0.0,0.0,0.0,0.0
2025-09-26 12:43:00,0.0,0.0,0.0,5.733052631578948,0.0,0.0,0.0,0.0,0.0,0.0
2025-09-26 12:44:00,0.0,0.0,0.0,5.713022556390978,0.0,0.0,0.0,0.0,0.0,0.0
2025-09-26 12:45:00,0.0,0.0,0.0,5.6929924812030075,0.0,0.0,0.0,0.0,0.0,0.0
2025-09-26 12:46:00,0.0,0.0,0.0,5.6729624060150385,0.0,0.0,0.0,0.0,0.0,0.0
2025-09-26 12:47:00,0.0,0.0,0.0,5.652932330827068,0.0,0.0,0.0,0.0,0.0,0.0
2025-09-26 12:48:00,0.0,0.0,0.0,5.6329022556391,0.0,0.0,0.0,0.0,0.0,0.0
2025-09-26 12:49:00,0.0,0.0,0.0,5.612872180451128,0.0,0.0,0.0,0.0,0.0,0.0
2025-09-26 12:50:00,0.0,0.0,0.0,5.592842105263159,0.0,0.0,0.0,0.0,0.0,0.0
2025-09-26 12:51:00,0.0,0.0,0.0,5.572812030075188,0.0,0.0,0.0,0.0,0.0,0.0
2025-09-26 12:52:00,0.0,0.0,0.0,5.5527819548872195,0.0,0.0,0.0,0.0,0.0,0.0
2025-09-26 12:53:00,0.0,0.0,0.0,5.532751879699249,0.0,0.0,0.0,0.0,0.0,0.0
2025-09-26 12:54:00,0.0,0.0,0.0,5.51272180451128,0.0,0.0,0.0,0.0,0.0,0.0
2025-09-26 12:55:00,0.0,0.0,0.0,5.492691729323309,0.0,0.0,0.0,0.0,0.0,0.0
2025-09-26 12:56:00,0.0,0.0,0.0,5.472661654135339,0.0,0.0,0.0,0.0,0.0,0.0
2025-09-26 12:57:00,0.0,0.0,0.0,5.4526315789473685,0.0,0.0,0.0,0.0,0.0,0.0
2025-09-26 12:58:00,0.0,0.0,0.0,5.432601503759399,0.0,0.0,0.0,0.0,0.0,0.0
2025-09-26 12:59:00,0.0,0.0,0.0,5.412571428571429,0.0,0.0,0.0,0.0,0.0,0.0
2025-09-26 13:00:00,0.0,0.0,0.0,5.392541353383459,0.0,0.0,0.0,0.0,0.0,0.0
2025-09-26 13:01:00,0.0,0.0,0.0,5.372511278195489,0.0,0.0,0.0,0.0,0.0,0.0
2025-09-26 13:02:00,0.0,0.0,0.0,5.352481203007518,0.0,0.0,0.0,0.0,0.0,0.0
2025-09-26 13:03:00,0.0,0.0,0.0,5.332451127819549,0.0,0.0,0.0,0.0,0.0,0.0
2025-09-26 13:04:00,0.0,0.0,0.0,5.312421052631579,0.0,0.0,0.0,0.0,0.0,0.0
2025-09-26 13:05:00,0.0,0.0,0.0,5.29239097744361,0.0,0.0,0.0,0.0,0.0,0.0
2025-09-26 13:06:00,0.0,0.0,0.0,5.272360902255639,0.0,0.0,0.0,0.0,0.0,0.0
2025-09-26 13:07:00,0.0,0.0,0.0,5.252330827067668,0.0,0.0,0.0,0.0,0.0,0.0
2025-09-26 13:08:00,0.0,0.0,0.0,5.2323007518796985,0.0,0.0,0.0,0.0,0.0,0.0
2025-09-26 13:09:00,0.0,0.0,0.0,5.212270676691729,0.0,0.0,0.0,0.0,0.0,0.0
2025-09-26 13:10:00,0.0,0.0,0.0,5.192240601503759,0.0,0.0,0.0,0.0,0.0,0.0
2025-09-26 13:11:00,0.0,0.0,0.0,5.172210526315789,0.0,0.0,0.0,0.0,0.0,0.0
2025-09-26 13:12:00,0.0,0.0,0.0,5.152180451127819,0.0,0.0,0.0,0.0,0.0,0.0
2025-09-26 13:13:00,0.0,0.0,0.0,5.13215037593985,0.0,0.0,0.0,0.0,0.0,0.0
2025-09-26 13:14:00,0.0,0.0,0.0,5.1121203007518785,0.0,0.0,0.0,0.0,0.0,0.0
2025-09-26 13:15:00,0.0,0.0,0.0,5.09209022556391,0.0,0.0,0.0,0.0,0.0,0.0
2025-09-26 13:16:00,0.0,0.0,0.0,5.072060150375941,0.0,0.0,0.0,0.0,0.0,0.0
2025-09-26 13:17:00,0.0,0.0,0.0,5.052030075187971,0.0,0.0,0.0,0.0,0.0,0.0
2025-09-26 13:18:00,0.0,0.0,0.0,5.032,0.0,0.0,0.0,0.0,0.0,0.0
2025-09-26 13:19:00,0.0,0.0,0.0,0.0,0.0,0.0,0.0,0.0,0.0,0.0
2025-09-26 13:20:00,0.0,0.0,0.0,0.0,0.0,0.0,0.0,0.0,0.0,0.0
2025-09-26 13:21:00,0.0,0.0,0.0,0.0,0.0,0.0,0.0,0.0,0.0,0.0
2025-09-26 13:22:00,0.0,0.0,0.0,0.0,0.0,0.0,0.0,0.0,0.0,0.0
2025-09-26 13:23:00,0.0,0.0,0.0,0.0,0.0,0.0,0.0,0.0,0.0,0.0
2025-09-26 13:24:00,0.0,0.0,0.0,0.0,0.0,0.0,0.0,0.0,0.0,0.0
2025-09-26 13:25:00,0.0,0.0,0.0,0.0,0.0,0.0,0.0,0.0,0.0,0.0
2025-09-26 13:26:00,0.0,0.0,0.0,0.0,0.0,0.0,0.0,0.0,0.0,0.0
2025-09-26 13:27:00,0.0,0.0,0.0,0.0,0.0,0.0,0.0,0.0,0.0,0.0
2025-09-26 13:28:00,0.0,0.0,0.0,0.0,0.0,0.0,0.0,0.0,0.0,0.0
2025-09-26 13:29:00,0.0,0.0,0.0,0.0,0.0,0.0,0.0,0.0,0.0,0.0
2025-09-26 13:30:00,0.0,0.0,0.0,0.0,0.0,0.0,0.0,0.0,0.0,0.0
2025-09-26 13:31:00,0.0,0.0,0.0,0.0,0.0,0.0,0.0,0.0,0.0,0.0
2025-09-26 13:32:00,0.0,0.0,0.0,0.0,0.0,0.0,0.0,0.0,0.0,0.0
2025-09-26 13:33:00,0.0,0.0,0.0,0.0,0.0,0.0,0.0,0.0,0.0,0.0
2025-09-26 13:34:00,0.0,0.0,0.0,0.0,0.0,0.0,0.0,0.0,0.0,0.0
2025-09-26 13:35:00,0.0,0.0,0.0,0.0,0.0,0.0,0.0,0.0,0.0,0.0
2025-09-26 13:36:00,0.0,0.0,0.0,0.0,0.0,0.0,0.0,0.0,0.0,0.0
2025-09-26 13:37:00,0.0,0.0,0.0,0.0,0.0,0.0,0.0,0.0,0.0,0.0
2025-09-26 13:38:00,0.0,0.0,0.0,0.0,0.0,0.0,0.0,0.0,0.0,0.0
2025-09-26 13:39:00,0.0,0.0,0.0,0.0,0.0,0.0,0.0,0.0,0.0,0.0
2025-09-26 13:40:00,0.0,0.0,0.0,0.0,0.0,0.0,0.0,0.0,0.0,0.0
2025-09-26 13:41:00,0.0,0.0,0.0,0.0,0.0,0.0,0.0,0.0,0.0,0.0
2025-09-26 13:42:00,0.0,0.0,0.0,0.0,0.0,0.0,0.0,0.0,0.0,0.0
2025-09-26 13:43:00,0.0,0.0,0.0,0.0,0.0,0.0,0.0,0.0,0.0,0.0
2025-09-26 13:44:00,0.0,0.0,0.0,0.0,0.0,0.0,0.0,0.0,0.0,0.0
2025-09-26 13:45:00,0.0,0.0,0.0,0.0,0.0,0.0,0.0,0.0,0.0,0.0
2025-09-26 13:46:00,0.0,0.0,0.0,0.0,0.0,0.0,0.0,0.0,0.0,0.0
2025-09-26 13:47:00,0.0,0.0,0.0,0.0,0.0,0.0,0.0,0.0,0.0,0.0
2025-09-26 13:48:00,0.0,0.0,0.0,0.0,0.0,0.0,0.0,0.0,0.0,0.0
2025-09-26 13:49:00,0.0,0.0,0.0,0.0,0.0,0.0,0.0,0.0,0.0,0.0
2025-09-26 13:50:00,0.0,0.0,0.0,0.0,0.0,0.0,0.0,0.0,0.0,0.0
2025-09-26 13:51:00,0.0,0.0,0.0,0.0,0.0,0.0,0.0,0.0,0.0,0.0
2025-09-26 13:52:00,0.0,0.0,0.0,0.0,0.0,0.0,0.0,0.0,0.0,0.0
2025-09-26 13:53:00,0.0,0.0,0.0,0.0,0.0,0.0,0.0,0.0,0.0,0.0
2025-09-26 13:54:00,0.0,0.0,0.0,0.0,0.0,0.0,0.0,0.0,0.0,0.0
2025-09-26 13:55:00,0.0,0.0,0.0,0.0,0.0,0.0,0.0,0.0,0.0,0.0
2025-09-26 13:56:00,0.0,0.0,0.0,0.0,0.0,0.0,0.0,0.0,0.0,0.0
2025-09-26 13:57:00,0.0,0.0,0.0,0.0,0.0,0.0,0.0,0.0,0.0,0.0
2025-09-26 13:58:00,0.0,0.0,0.0,0.0,0.0,0.0,0.0,0.0,0.0,0.0
2025-09-26 13:59:00,0.0,0.0,0.0,0.0,0.0,0.0,0.0,0.0,0.0,0.0
2025-09-26 14:00:00,0.0,0.0,0.0,0.0,0.0,0.0,0.0,0.0,0.0,0.0
2025-09-26 14:01:00,0.0,0.0,0.0,0.0,0.0,0.0,0.0,0.0,0.0,0.0
2025-09-26 14:02:00,0.0,0.0,0.0,0.0,0.0,0.0,0.0,0.0,0.0,0.0
2025-09-26 14:03:00,0.0,0.0,0.0,0.0,0.0,0.0,0.0,0.0,0.0,0.0
2025-09-26 14:04:00,0.0,0.0,0.0,0.0,0.0,0.0,0.0,0.0,0.0,0.0
2025-09-26 14:05:00,0.0,0.0,0.0,0.0,0.0,0.0,0.0,0.0,0.0,0.0
2025-09-26 14:06:00,0.0,0.0,0.0,0.0,0.0,0.0,0.0,0.0,0.0,0.0
2025-09-26 14:07:00,0.0,0.0,0.0,0.0,0.0,0.0,0.0,0.0,0.0,0.0
2025-09-26 14:08:00,0.0,0.0,0.0,0.0,0.0,0.0,0.0,0.0,0.0,0.0
2025-09-26 14:09:00,0.0,0.0,0.0,0.0,0.0,0.0,0.0,0.0,0.0,0.0
2025-09-26 14:10:00,0.0,0.0,0.0,0.0,0.0,0.0,0.0,0.0,0.0,0.0
2025-09-26 14:11:00,0.0,0.0,0.0,0.0,0.0,0.0,0.0,0.0,0.0,0.0
2025-09-26 14:12:00,0.0,0.0,0.0,0.0,0.0,0.0,0.0,0.0,0.0,0.0
2025-09-26 14:13:00,0.0,0.0,0.0,0.0,0.0,0.0,0.0,0.0,0.0,0.0
2025-09-26 14:14:00,0.0,0.0,0.0,0.0,0.0,0.0,0.0,0.0,0.0,0.0
2025-09-26 14:15:00,0.0,0.0,0.0,0.0,0.0,0.0,0.0,0.0,0.0,0.0
2025-09-26 14:16:00,0.0,0.0,0.0,0.0,0.0,0.0,0.0,0.0,0.0,0.0
2025-09-26 14:17:00,0.0,0.0,0.0,0.0,0.0,0.0,0.0,0.0,0.0,0.0
2025-09-26 14:18:00,0.0,0.0,0.0,0.0,0.0,0.0,0.0,0.0,0.0,0.0
2025-09-26 14:19:00,0.0,0.0,0.0,0.0,0.0,0.0,0.0,0.0,0.0,0.0
2025-09-26 14:20:00,0.0,0.0,0.0,0.0,0.0,0.0,0.0,0.0,0.0,0.0
2025-09-26 14:21:00,0.0,0.0,0.0,0.0,0.0,0.0,0.0,0.0,0.0,0.0
2025-09-26 14:22:00,0.0,0.0,0.0,0.0,0.0,0.0,0.0,0.0,0.0,0.0
2025-09-26 14:23:00,0.0,0.0,0.0,0.0,0.0,0.0,0.0,0.0,0.0,0.0
2025-09-26 14:24:00,0.0,0.0,0.0,0.0,0.0,0.0,0.0,0.0,0.0,0.0
2025-09-26 14:25:00,0.0,0.0,0.0,0.0,0.0,0.0,0.0,0.0,0.0,0.0
2025-09-26 14:26:00,0.0,0.0,0.0,0.0,0.0,0.0,0.0,0.0,0.0,0.0
2025-09-26 14:27:00,0.0,0.0,0.0,0.0,0.0,0.0,0.0,0.0,0.0,0.0
2025-09-26 14:28:00,0.0,0.0,0.0,0.0,0.0,0.0,0.0,0.0,0.0,0.0
2025-09-26 14:29:00,0.0,0.0,0.0,0.0,0.0,0.0,0.0,0.0,0.0,0.0
2025-09-26 14:30:00,0.0,0.0,0.0,0.0,0.0,0.0,0.0,0.0,0.0,0.0
2025-09-26 14:31:00,0.0,0.0,0.0,0.0,0.0,0.0,0.0,0.0,0.0,0.0
2025-09-26 14:32:00,0.0,0.0,0.0,0.0,0.0,0.0,0.0,0.0,0.0,0.0
2025-09-26 14:33:00,0.0,0.0,0.0,0.0,0.0,0.0,0.0,0.0,0.0,0.0
2025-09-26 14:34:00,0.0,0.0,0.0,0.0,0.0,0.0,0.0,0.0,0.0,0.0
2025-09-26 14:35:00,0.0,0.0,0.0,0.0,0.0,0.0,0.0,0.0,0.0,0.0
2025-09-26 14:36:00,0.0,0.0,0.0,0.0,0.0,0.0,0.0,0.0,0.0,0.0
2025-09-26 14:37:00,0.0,0.0,0.0,0.0,0.0,0.0,0.0,0.0,0.0,0.0
2025-09-26 14:38:00,0.0,0.0,0.0,0.0,0.0,0.0,0.0,0.0,0.0,0.0
2025-09-26 14:39:00,0.0,0.0,0.0,0.0,0.0,0.0,0.0,0.0,0.0,0.0
2025-09-26 14:40:00,0.0,0.0,0.0,0.0,0.0,0.0,0.0,0.0,0.0,0.0
2025-09-26 14:41:00,0.0,0.0,0.0,0.0,0.0,0.0,0.0,0.0,0.0,0.0
2025-09-26 14:42:00,0.0,0.0,0.0,0.0,0.0,0.0,0.0,0.0,0.0,0.0
2025-09-26 14:43:00,0.0,0.0,0.0,0.0,0.0,0.0,0.0,0.0,0.0,0.0
2025-09-26 14:44:00,0.0,0.0,0.0,0.0,0.0,0.0,0.0,0.0,0.0,0.0
2025-09-26 14:45:00,0.0,0.0,0.0,0.0,0.0,0.0,0.0,0.0,0.0,0.0
2025-09-26 14:46:00,0.0,0.0,0.0,0.0,0.0,0.0,0.0,0.0,0.0,0.0
2025-09-26 14:47:00,0.0,0.0,0.0,0.0,0.0,0.0,0.0,0.0,0.0,0.0
2025-09-26 14:48:00,0.0,0.0,0.0,0.0,0.0,0.0,0.0,0.0,0.0,0.0
2025-09-26 14:49:00,0.0,0.0,0.0,0.0,0.0,0.0,0.0,0.0,0.0,0.0
2025-09-26 14:50:00,0.0,0.0,0.0,0.0,0.0,0.0,0.0,0.0,0.0,0.0
2025-09-26 14:51:00,0.0,0.0,0.0,0.0,0.0,0.0,0.0,0.0,0.0,0.0
2025-09-26 14:52:00,0.0,0.0,0.0,0.0,0.0,0.0,0.0,0.0,0.0,0.0
2025-09-26 14:53:00,0.0,0.0,0.0,0.0,0.0,0.0,0.0,0.0,0.0,0.0
2025-09-26 14:54:00,0.0,0.0,0.0,0.0,0.0,0.0,0.0,0.0,0.0,0.0
2025-09-26 14:55:00,0.0,0.0,0.0,0.0,0.0,0.0,0.0,0.0,0.0,0.0
2025-09-26 14:56:00,0.0,0.0,0.0,0.0,0.0,0.0,0.0,0.0,0.0,0.0
2025-09-26 14:57:00,0.0,0.0,0.0,0.0,0.0,0.0,0.0,0.0,0.0,0.0
2025-09-26 14:58:00,0.0,0.0,0.0,0.0,0.0,0.0,0.0,0.0,0.0,0.0
2025-09-26 14:59:00,0.0,0.0,0.0,0.0,0.0,0.0,0.0,0.0,0.0,0.0
2025-09-26 15:00:00,0.0,0.0,0.0,0.0,0.0,0.0,0.0,0.0,0.0,0.0
2025-09-26 15:01:00,0.0,0.0,0.0,0.0,0.0,0.0,0.0,0.0,0.0,0.0
2025-09-26 15:02:00,0.0,0.0,0.0,0.0,0.0,0.0,0.0,0.0,0.0,0.0
2025-09-26 15:03:00,0.0,0.0,0.0,0.0,0.0,0.0,0.0,0.0,0.0,0.0
2025-09-26 15:04:00,0.0,0.0,0.0,0.0,0.0,0.0,0.0,0.0,0.0,0.0
2025-09-26 15:05:00,0.0,0.0,0.0,0.0,0.0,0.0,0.0,0.0,0.0,0.0
2025-09-26 15:06:00,0.0,0.0,0.0,0.0,0.0,0.0,0.0,0.0,0.0,0.0
2025-09-26 15:07:00,0.0,0.0,0.0,0.0,0.0,0.0,0.0,0.0,0.0,0.0
2025-09-26 15:08:00,0.0,0.0,0.0,0.0,0.0,0.0,0.0,0.0,0.0,0.0
2025-09-26 15:09:00,0.0,0.0,0.0,0.0,0.0,0.0,0.0,0.0,0.0,0.0
2025-09-26 15:10:00,0.0,0.0,0.0,0.0,0.0,0.0,0.0,0.0,0.0,0.0
2025-09-26 15:11:00,0.0,0.0,0.0,0.0,0.0,0.0,0.0,0.0,0.0,0.0
2025-09-26 15:12:00,0.0,0.0,0.0,0.0,0.0,0.0,0.0,0.0,0.0,0.0
2025-09-26 15:13:00,0.0,0.0,0.0,0.0,0.0,0.0,0.0,0.0,0.0,0.0
2025-09-26 15:14:00,0.0,0.0,0.0,0.0,0.0,0.0,0.0,0.0,0.0,0.0
2025-09-26 15:15:00,0.0,0.0,0.0,0.0,0.0,0.0,0.0,0.0,0.0,0.0
2025-09-26 15:16:00,0.0,0.0,0.0,0.0,0.0,0.0,0.0,0.0,0.0,0.0
2025-09-26 15:17:00,0.0,0.0,0.0,0.0,0.0,0.0,0.0,0.0,0.0,0.0
2025-09-26 15:18:00,0.0,0.0,0.0,0.0,0.0,0.0,0.0,0.0,0.0,0.0
2025-09-26 15:19:00,0.0,0.0,0.0,0.0,0.0,0.0,0.0,0.0,0.0,0.0
2025-09-26 15:20:00,0.0,0.0,0.0,0.0,0.0,0.0,0.0,0.0,0.0,0.0
2025-09-26 15:21:00,0.0,0.0,0.0,0.0,0.0,0.0,0.0,0.0,0.0,0.0
2025-09-26 15:22:00,0.0,0.0,0.0,0.0,0.0,0.0,0.0,0.0,0.0,0.0
2025-09-26 15:23:00,0.0,0.0,0.0,0.0,0.0,0.0,0.0,0.0,0.0,0.0
2025-09-26 15:24:00,0.0,0.0,0.0,0.0,0.0,0.0,0.0,0.0,0.0,0.0
2025-09-26 15:25:00,0.0,0.0,0.0,0.0,0.0,0.0,0.0,0.0,0.0,0.0
2025-09-26 15:26:00,0.0,0.0,0.0,0.0,0.0,0.0,0.0,0.0,0.0,0.0
2025-09-26 15:27:00,0.0,0.0,0.0,0.0,0.0,0.0,0.0,0.0,0.0,0.0
2025-09-26 15:28:00,0.0,0.0,0.0,0.0,0.0,0.0,0.0,0.0,0.0,0.0
2025-09-26 15:29:00,0.0,0.0,0.0,0.0,0.0,0.0,0.0,0.0,0.0,0.0
2025-09-26 15:30:00,0.0,0.0,0.0,0.0,0.0,0.0,0.0,0.0,0.0,0.0
2025-09-26 15:31:00,0.0,0.0,0.0,0.0,0.0,0.0,0.0,0.0,0.0,0.0
2025-09-26 15:32:00,0.0,0.0,0.0,0.0,0.0,0.0,0.0,0.0,0.0,0.0
2025-09-26 15:33:00,0.0,0.0,0.0,0.0,0.0,0.0,0.0,0.0,0.0,0.0
2025-09-26 15:34:00,0.0,0.0,0.0,0.0,0.0,0.0,0.0,0.0,0.0,0.0
2025-09-26 15:35:00,0.0,0.0,0.0,0.0,0.0,0.0,0.0,0.0,0.0,0.0
2025-09-26 15:36:00,0.0,0.0,0.0,0.0,0.0,0.0,0.0,0.0,0.0,0.0
2025-09-26 15:37:00,0.0,0.0,0.0,0.0,0.0,0.0,0.0,0.0,0.0,0.0
2025-09-26 15:38:00,0.0,0.0,0.0,0.0,0.0,0.0,0.0,0.0,0.0,0.0
2025-09-26 15:39:00,0.0,0.0,0.0,0.0,0.0,0.0,0.0,0.0,0.0,0.0
2025-09-26 15:40:00,0.0,0.0,0.0,0.0,0.0,0.0,0.0,0.0,0.0,0.0
2025-09-26 15:41:00,0.0,0.0,0.0,0.0,0.0,0.0,0.0,0.0,0.0,0.0
2025-09-26 15:42:00,0.0,0.0,0.0,0.0,0.0,0.0,0.0,0.0,0.0,0.0
2025-09-26 15:43:00,0.0,0.0,0.0,0.0,0.0,0.0,0.0,0.0,0.0,0.0
2025-09-26 15:44:00,0.0,0.0,0.0,0.0,0.0,0.0,0.0,0.0,0.0,0.0
2025-09-26 15:45:00,0.0,0.0,0.0,0.0,0.0,0.0,0.0,0.0,0.0,0.0
2025-09-26 15:46:00,0.0,0.0,0.0,0.0,0.0,0.0,0.0,0.0,0.0,0.0
2025-09-26 15:47:00,0.0,0.0,0.0,0.0,0.0,0.0,0.0,0.0,0.0,0.0
2025-09-26 15:48:00,0.0,0.0,0.0,0.0,0.0,0.0,0.0,0.0,0.0,0.0
2025-09-26 15:49:00,0.0,0.0,0.0,0.0,0.0,0.0,0.0,0.0,0.0,0.0
2025-09-26 15:50:00,0.0,0.0,0.0,0.0,0.0,0.0,0.0,0.0,0.0,0.0
2025-09-26 15:51:00,0.0,0.0,0.0,0.0,0.0,0.0,0.0,0.0,0.0,0.0
2025-09-26 15:52:00,0.0,0.0,0.0,0.0,0.0,0.0,0.0,0.0,0.0,0.0
2025-09-26 15:53:00,0.0,0.0,0.0,0.0,0.0,0.0,0.0,0.0,0.0,0.0
2025-09-26 15:54:00,0.0,0.0,0.0,0.0,0.0,0.0,0.0,0.0,0.0,0.0
2025-09-26 15:55:00,0.0,0.0,0.0,0.0,0.0,0.0,0.0,0.0,0.0,0.0
2025-09-26 15:56:00,0.0,0.0,0.0,0.0,0.0,0.0,0.0,0.0,0.0,0.0
2025-09-26 15:57:00,0.0,0.0,0.0,0.0,0.0,0.0,0.0,0.0,0.0,0.0
2025-09-26 15:58:00,0.0,0.0,0.0,0.0,0.0,0.0,0.0,0.0,0.0,0.0
2025-09-26 15:59:00,0.0,0.0,0.0,0.0,0.0,0.0,0.0,0.0,0.0,0.0
2025-09-26 16:00:00,0.0,0.0,0.0,0.0,0.0,0.0,0.0,0.0,0.0,0.0
2025-09-26 16:01:00,0.0,0.0,0.0,0.0,0.0,0.0,0.0,0.0,0.0,0.0
2025-09-26 16:02:00,0.0,0.0,0.0,0.0,0.0,0.0,0.0,0.0,0.0,0.0
2025-09-26 16:03:00,0.0,0.0,0.0,0.0,0.0,0.0,0.0,0.0,0.0,0.0
2025-09-26 16:04:00,0.0,0.0,0.0,0.0,0.0,0.0,0.0,0.0,0.0,0.0
2025-09-26 16:05:00,0.0,0.0,0.0,0.0,0.0,0.0,0.0,0.0,0.0,0.0
2025-09-26 16:06:00,0.0,0.0,0.0,0.0,0.0,0.0,0.0,0.0,0.0,0.0
2025-09-26 16:07:00,0.0,0.0,0.0,0.0,0.0,0.0,0.0,0.0,0.0,0.0
2025-09-26 16:08:00,0.0,0.0,0.0,0.0,0.0,0.0,0.0,0.0,0.0,0.0
2025-09-26 16:09:00,0.0,0.0,0.0,0.0,0.0,0.0,0.0,0.0,0.0,0.0
2025-09-26 16:10:00,0.0,0.0,0.0,0.0,0.0,0.0,0.0,0.0,0.0,0.0
2025-09-26 16:11:00,0.0,0.0,0.0,0.0,0.0,0.0,0.0,0.0,0.0,0.0
2025-09-26 16:12:00,0.0,0.0,0.0,0.0,0.0,0.0,0.0,0.0,0.0,0.0
2025-09-26 16:13:00,0.0,0.0,0.0,0.0,0.0,0.0,0.0,0.0,0.0,0.0
2025-09-26 16:14:00,0.0,0.0,0.0,0.0,0.0,0.0,0.0,0.0,0.0,0.0
2025-09-26 16:15:00,0.0,0.0,0.0,0.0,0.0,0.0,0.0,0.0,0.0,0.0
2025-09-26 16:16:00,0.0,0.0,0.0,0.0,0.0,0.0,0.0,0.0,0.0,0.0
2025-09-26 16:17:00,0.0,0.0,0.0,0.0,0.0,0.0,0.0,0.0,0.0,0.0
2025-09-26 16:18:00,0.0,0.0,0.0,0.0,0.0,0.0,0.0,0.0,0.0,0.0
2025-09-26 16:19:00,0.0,0.0,0.0,0.0,0.0,0.0,0.0,0.0,0.0,0.0
2025-09-26 16:20:00,0.0,0.0,0.0,0.0,0.0,0.0,0.0,0.0,0.0,0.0
2025-09-26 16:21:00,0.0,0.0,0.0,0.0,0.0,0.0,0.0,0.0,0.0,0.0
2025-09-26 16:22:00,0.0,0.0,0.0,0.0,0.0,0.0,0.0,0.0,0.0,0.0
2025-09-26 16:23:00,0.0,0.0,0.0,0.0,0.0,0.0,0.0,0.0,0.0,0.0
2025-09-26 16:24:00,0.0,0.0,0.0,0.0,0.0,0.0,0.0,0.0,0.0,0.0
2025-09-26 16:25:00,0.0,0.0,0.0,0.0,0.0,0.0,0.0,0.0,0.0,0.0
2025-09-26 16:26:00,0.0,0.0,0.0,0.0,0.0,0.0,0.0,0.0,0.0,0.0
2025-09-26 16:27:00,0.0,0.0,0.0,0.0,0.0,0.0,0.0,0.0,0.0,0.0
2025-09-26 16:28:00,0.0,0.0,0.0,0.0,0.0,0.0,0.0,0.0,0.0,0.0
2025-09-26 16:29:00,0.0,0.0,0.0,0.0,0.0,0.0,0.0,0.0,0.0,0.0
2025-09-26 16:30:00,0.0,0.0,0.0,0.0,0.0,0.0,0.0,0.0,0.0,0.0
2025-09-26 16:31:00,0.0,0.0,0.0,0.0,0.0,0.0,0.0,0.0,0.0,0.0
2025-09-26 16:32:00,0.0,0.0,0.0,0.0,0.0,0.0,0.0,0.0,0.0,0.0
2025-09-26 16:33:00,0.0,0.0,0.0,0.0,0.0,0.0,0.0,0.0,0.0,0.0
2025-09-26 16:34:00,0.0,0.0,0.0,0.0,0.0,0.0,0.0,0.0,0.0,0.0
2025-09-26 16:35:00,0.0,0.0,0.0,0.0,0.0,0.0,0.0,0.0,0.0,0.0
2025-09-26 16:36:00,0.0,0.0,0.0,0.0,0.0,0.0,0.0,0.0,0.0,0.0
2025-09-26 16:37:00,0.0,0.0,0.0,0.0,0.0,0.0,0.0,0.0,0.0,0.0
2025-09-26 16:38:00,0.0,0.0,0.0,0.0,0.0,0.0,0.0,0.0,0.0,0.0
2025-09-26 16:39:00,0.0,0.0,0.0,0.0,0.0,0.0,0.0,0.0,0.0,0.0
2025-09-26 16:40:00,0.0,0.0,0.0,0.0,0.0,0.0,0.0,0.0,0.0,0.0
2025-09-26 16:41:00,0.0,0.0,0.0,0.0,0.0,0.0,0.0,0.0,0.0,0.0
2025-09-26 16:42:00,0.0,0.0,0.0,0.0,0.0,0.0,0.0,0.0,0.0,0.0
2025-09-26 16:43:00,0.0,0.0,0.0,0.0,0.0,0.0,0.0,0.0,0.0,0.0
2025-09-26 16:44:00,0.0,0.0,0.0,0.0,0.0,0.0,0.0,0.0,0.0,0.0
2025-09-26 16:45:00,0.0,0.0,0.0,0.0,0.0,0.0,0.0,0.0,0.0,0.0
2025-09-26 16:46:00,0.0,0.0,0.0,0.0,0.0,0.0,0.0,0.0,0.0,0.0
2025-09-26 16:47:00,0.0,0.0,0.0,0.0,0.0,0.0,0.0,0.0,0.0,0.0
2025-09-26 16:48:00,0.0,0.0,0.0,0.0,0.0,0.0,0.0,0.0,0.0,0.0
2025-09-26 16:49:00,0.0,0.0,0.0,0.0,0.0,0.0,0.0,0.0,0.0,0.0
2025-09-26 16:50:00,0.0,0.0,0.0,0.0,0.0,0.0,0.0,0.0,0.0,0.0
2025-09-26 16:51:00,0.0,0.0,0.0,0.0,0.0,0.0,0.0,0.0,0.0,0.0
2025-09-26 16:52:00,0.0,0.0,0.0,0.0,0.0,0.0,0.0,0.0,0.0,0.0
2025-09-26 16:53:00,0.0,0.0,0.0,0.0,0.0,0.0,0.0,0.0,0.0,0.0
2025-09-26 16:54:00,0.0,0.0,0.0,0.0,0.0,0.0,0.0,0.0,0.0,0.0
2025-09-26 16:55:00,0.0,0.0,0.0,0.0,0.0,0.0,0.0,0.0,0.0,0.0
2025-09-26 16:56:00,0.0,0.0,0.0,0.0,0.0,0.0,0.0,0.0,0.0,0.0
2025-09-26 16:57:00,0.0,0.0,0.0,0.0,0.0,0.0,0.0,0.0,0.0,0.0
2025-09-26 16:58:00,0.0,0.0,0.0,0.0,0.0,0.0,0.0,0.0,0.0,0.0
2025-09-26 16:59:00,0.0,0.0,0.0,0.0,0.0,0.0,0.0,0.0,0.0,0.0
2025-09-26 17:00:00,0.0,0.0,0.0,0.0,0.0,0.0,0.0,0.0,0.0,0.0
2025-09-26 17:01:00,0.0,0.0,0.0,0.0,0.0,0.0,0.0,0.0,0.0,0.0
2025-09-26 17:02:00,0.0,0.0,0.0,0.0,0.0,0.0,0.0,0.0,0.0,0.0
2025-09-26 17:03:00,0.0,0.0,0.0,0.0,0.0,0.0,0.0,0.0,0.0,0.0
2025-09-26 17:04:00,0.0,0.0,0.0,0.0,0.0,0.0,0.0,0.0,0.0,0.0
2025-09-26 17:05:00,0.0,0.0,0.0,0.0,0.0,0.0,0.0,0.0,0.0,0.0
2025-09-26 17:06:00,0.0,0.0,0.0,0.0,0.0,0.0,0.0,0.0,0.0,0.0
2025-09-26 17:07:00,0.0,0.0,0.0,0.0,0.0,0.0,0.0,0.0,0.0,0.0
2025-09-26 17:08:00,0.0,0.0,0.0,0.0,0.0,0.0,0.0,0.0,0.0,0.0
2025-09-26 17:09:00,0.0,0.0,0.0,0.0,0.0,0.0,0.0,0.0,0.0,0.0
2025-09-26 17:10:00,0.0,0.0,0.0,0.0,0.0,0.0,0.0,0.0,0.0,0.0
2025-09-26 17:11:00,0.0,0.0,0.0,0.0,0.0,0.0,0.0,0.0,0.0,0.0
2025-09-26 17:12:00,0.0,0.0,0.0,0.0,0.0,0.0,0.0,0.0,0.0,0.0
2025-09-26 17:13:00,0.0,0.0,0.0,0.0,0.0,0.0,0.0,0.0,0.0,0.0
2025-09-26 17:14:00,0.0,0.0,0.0,0.0,0.0,0.0,0.0,0.0,0.0,0.0
2025-09-26 17:15:00,0.0,0.0,0.0,0.0,0.0,0.0,0.0,0.0,0.0,0.0
2025-09-26 17:16:00,0.0,0.0,0.0,0.0,0.0,0.0,0.0,0.0,0.0,0.0
2025-09-26 17:17:00,0.0,0.0,0.0,0.0,0.0,0.0,0.0,0.0,0.0,0.0
2025-09-26 17:18:00,0.0,0.0,0.0,0.0,0.0,0.0,0.0,0.0,0.0,0.0
2025-09-26 17:19:00,0.0,0.0,0.0,0.0,0.0,0.0,0.0,0.0,0.0,0.0
2025-09-26 17:20:00,0.0,0.0,0.0,0.0,0.0,0.0,0.0,0.0,0.0,0.0
2025-09-26 17:21:00,0.0,0.0,0.0,0.0,0.0,0.0,0.0,0.0,0.0,0.0
2025-09-26 17:22:00,0.0,0.0,0.0,0.0,0.0,0.0,0.0,0.0,0.0,0.0
2025-09-26 17:23:00,0.0,0.0,0.0,0.0,0.0,0.0,0.0,0.0,0.0,0.0
2025-09-26 17:24:00,0.0,0.0,0.0,0.0,0.0,0.0,0.0,0.0,0.0,0.0
2025-09-26 17:25:00,0.0,0.0,0.0,0.0,0.0,0.0,0.0,0.0,0.0,0.0
2025-09-26 17:26:00,0.0,0.0,0.0,0.0,0.0,0.0,0.0,0.0,0.0,0.0
2025-09-26 17:27:00,0.0,0.0,0.0,0.0,0.0,0.0,0.0,0.0,0.0,0.0
2025-09-26 17:28:00,0.0,0.0,0.0,0.0,0.0,0.0,0.0,0.0,0.0,0.0
2025-09-26 17:29:00,0.0,0.0,0.0,0.0,0.0,0.0,0.0,0.0,0.0,0.0
2025-09-26 17:30:00,0.0,0.0,0.0,0.0,0.0,0.0,0.0,0.0,0.0,0.0
2025-09-26 17:31:00,0.0,0.0,0.0,0.0,0.0,0.0,0.0,0.0,0.0,0.0
2025-09-26 17:32:00,0.0,0.0,0.0,0.0,0.0,0.0,0.0,0.0,0.0,0.0
2025-09-26 17:33:00,0.0,0.0,0.0,0.0,0.0,0.0,0.0,0.0,0.0,0.0
2025-09-26 17:34:00,0.0,0.0,0.0,0.0,0.0,0.0,0.0,0.0,0.0,0.0
2025-09-26 17:35:00,0.0,0.0,0.0,0.0,0.0,0.0,0.0,0.0,0.0,0.0
2025-09-26 17:36:00,0.0,0.0,0.0,0.0,0.0,0.0,0.0,0.0,0.0,0.0
2025-09-26 17:37:00,0.0,0.0,0.0,0.0,0.0,0.0,0.0,7.4,0.0,0.0
2025-09-26 17:38:00,0.0,0.0,0.0,0.0,0.0,0.0,0.0,7.4,0.0,0.0
2025-09-26 17:39:00,0.0,0.0,0.0,0.0,0.0,0.0,0.0,7.4,0.0,0.0
2025-09-26 17:40:00,0.0,0.0,0.0,0.0,0.0,0.0,0.0,7.4,0.0,0.0
2025-09-26 17:41:00,0.0,0.0,0.0,0.0,0.0,0.0,0.0,7.4,0.0,0.0
2025-09-26 17:42:00,0.0,0.0,0.0,0.0,0.0,0.0,0.0,7.4,0.0,0.0
2025-09-26 17:43:00,0.0,0.0,0.0,0.0,0.0,0.0,0.0,7.4,0.0,0.0
2025-09-26 17:44:00,0.0,0.0,0.0,0.0,0.0,0.0,0.0,7.4,0.0,0.0
2025-09-26 17:45:00,0.0,0.0,0.0,0.0,0.0,0.0,0.0,7.4,0.0,0.0
2025-09-26 17:46:00,0.0,0.0,0.0,0.0,0.0,0.0,0.0,7.4,0.0,0.0
2025-09-26 17:47:00,0.0,0.0,0.0,0.0,0.0,0.0,0.0,7.4,0.0,0.0
2025-09-26 17:48:00,0.0,0.0,0.0,0.0,0.0,0.0,0.0,7.4,0.0,0.0
2025-09-26 17:49:00,0.0,0.0,0.0,0.0,0.0,0.0,0.0,7.4,0.0,0.0
2025-09-26 17:50:00,0.0,0.0,0.0,0.0,0.0,0.0,0.0,7.4,0.0,0.0
2025-09-26 17:51:00,0.0,0.0,0.0,0.0,0.0,0.0,0.0,7.4,0.0,0.0
2025-09-26 17:52:00,0.0,0.0,0.0,0.0,0.0,0.0,0.0,7.4,0.0,0.0
2025-09-26 17:53:00,0.0,0.0,0.0,0.0,0.0,0.0,0.0,7.4,0.0,0.0
2025-09-26 17:54:00,0.0,0.0,0.0,0.0,0.0,0.0,0.0,7.4,0.0,0.0
2025-09-26 17:55:00,0.0,0.0,0.0,0.0,0.0,0.0,0.0,7.4,0.0,0.0
2025-09-26 17:56:00,0.0,0.0,0.0,0.0,0.0,0.0,0.0,7.4,0.0,0.0
2025-09-26 17:57:00,0.0,0.0,0.0,0.0,0.0,0.0,0.0,7.4,0.0,0.0
2025-09-26 17:58:00,0.0,0.0,7.4,0.0,0.0,0.0,0.0,7.4,0.0,0.0
2025-09-26 17:59:00,0.0,0.0,7.4,0.0,0.0,0.0,0.0,7.4,0.0,0.0
2025-09-26 18:00:00,0.0,0.0,7.4,0.0,0.0,0.0,0.0,7.4,0.0,0.0
2025-09-26 18:01:00,0.0,0.0,7.4,0.0,0.0,0.0,0.0,7.4,0.0,0.0
2025-09-26 18:02:00,0.0,0.0,7.4,0.0,0.0,0.0,0.0,7.4,0.0,0.0
2025-09-26 18:03:00,0.0,0.0,7.4,0.0,0.0,0.0,0.0,7.4,0.0,0.0
2025-09-26 18:04:00,0.0,0.0,7.4,0.0,0.0,0.0,0.0,7.4,0.0,0.0
2025-09-26 18:05:00,0.0,0.0,7.4,0.0,0.0,0.0,0.0,7.4,0.0,0.0
2025-09-26 18:06:00,0.0,0.0,7.399203576939818,0.0,0.0,0.0,0.0,7.4,0.0,0.0
2025-09-26 18:07:00,0.0,0.0,7.3959212598425195,0.0,0.0,0.0,0.0,7.4,0.0,0.0
2025-09-26 18:08:00,0.0,0.0,7.379023622047244,0.0,0.0,0.0,0.0,7.4,0.0,0.0
2025-09-26 18:09:00,0.0,0.0,7.362125984251969,0.0,0.0,0.0,0.0,7.4,0.0,0.0
2025-09-26 18:10:00,0.0,0.0,7.345228346456693,0.0,0.0,0.0,0.0,7.4,0.0,0.0
2025-09-26 18:11:00,0.0,0.0,7.328330708661418,0.0,0.0,0.0,0.0,7.4,0.0,0.0
2025-09-26 18:12:00,0.0,0.0,7.311433070866142,0.0,0.0,0.0,0.0,7.4,0.0,0.0
2025-09-26 18:13:00,0.0,0.0,7.294535433070866,0.0,0.0,0.0,0.0,7.4,0.0,0.0
2025-09-26 18:14:00,0.0,0.0,7.277637795275591,0.0,0.0,0.0,0.0,7.4,0.0,0.0
2025-09-26 18:15:00,0.0,0.0,7.260740157480315,0.0,0.0,0.0,0.0,7.4,0.0,0.0
2025-09-26 18:16:00,0.0,0.0,7.24384251968504,0.0,0.0,0.0,0.0,7.4,0.0,0.0
2025-09-26 18:17:00,0.0,0.0,7.2269448818897635,0.0,0.0,0.0,0.0,7.4,0.0,0.0
2025-09-26 18:18:00,0.0,0.0,7.210047244094488,0.0,0.0,0.0,0.0,7.4,0.0,0.0
2025-09-26 18:19:00,0.0,0.0,7.1931496062992135,0.0,0.0,0.0,0.0,7.4,0.0,0.0
2025-09-26 18:20:00,0.0,0.0,7.176251968503938,0.0,0.0,0.0,0.0,7.4,0.0,0.0
2025-09-26 18:21:00,0.0,0.0,7.159354330708663,0.0,0.0,0.0,0.0,7.4,0.0,0.0
2025-09-26 18:22:00,0.0,0.0,7.142456692913386,0.0,0.0,0.0,0.0,7.4,0.0,0.0
2025-09-26 18:23:00,0.0,0.0,7.125559055118111,0.0,0.0,0.0,0.0,7.4,0.0,0.0
2025-09-26 18:24:00,0.0,0.0,7.1086614173228355,0.0,0.0,0.0,0.0,7.4,0.0,0.0
2025-09-26 18:25:00,0.0,0.0,7.091763779527559,0.0,0.0,0.0,0.0,7.4,0.0,0.0
2025-09-26 18:26:00,0.0,0.0,7.074866141732284,0.0,0.0,0.0,0.0,7.4,0.0,0.0
2025-09-26 18:27:00,0.0,0.0,7.0579685039370075,0.0,0.0,0.0,0.0,7.4,0.0,0.0
2025-09-26 18:28:00,0.0,0.0,7.041070866141732,0.0,0.0,0.0,0.0,7.4,0.0,0.0
2025-09-26 18:29:00,0.0,0.0,7.024173228346457,0.0,0.0,0.0,0.0,7.4,0.0,0.0
2025-09-26 18:30:00,0.0,0.0,7.007275590551181,0.0,0.0,0.0,0.0,7.4,0.0,0.0
2025-09-26 18:31:00,0.0,0.0,6.990377952755906,0.0,0.0,0.0,0.0,7.3852,0.0,0.0
2025-09-26 18:32:00,0.0,0.0,6.9734803149606295,0.0,0.0,0.0,0.0,7.363,0.0,0.0
2025-09-26 18:33:00,0.0,0.0,6.956582677165353,0.0,0.0,0.0,0.0,7.3408,0.0,0.0
2025-09-26 18:34:00,0.0,0.0,6.939685039370077,0.0,0.0,0.0,0.0,7.318600000000001,0.0,0.0
2025-09-26 18:35:00,0.0,0.0,6.922787401574801,0.0,0.0,0.0,0.0,7.2964,0.0,0.0
2025-09-26 18:36:00,7.4,0.0,6.905889763779527,0.0,0.0,0.0,0.0,7.2742,0.0,0.0
2025-09-26 18:37:00,7.4,0.0,6.8889921259842515,0.0,0.0,0.0,0.0,7.252000000000001,0.0,0.0
2025-09-26 18:38:00,7.4,0.0,6.872094488188976,0.0,0.0,0.0,0.0,7.2298,0.0,0.0
2025-09-26 18:39:00,7.4,0.0,6.8551968503937,0.0,0.0,0.0,0.0,7.2076,0.0,0.0
2025-09-26 18:40:00,7.4,0.0,6.838299212598424,0.0,0.0,0.0,0.0,7.1854000000000005,0.0,0.0
2025-09-26 18:41:00,7.4,0.0,6.821401574803149,0.0,0.0,0.0,0.0,7.163200000000001,0.0,0.0
2025-09-26 18:42:00,7.4,0.0,6.804503937007874,0.0,0.0,0.0,0.0,7.141,0.0,0.0
2025-09-26 18:43:00,7.4,0.0,6.787606299212599,0.0,0.0,0.0,0.0,7.1188,0.0,0.0
2025-09-26 18:44:00,7.4,0.0,6.770708661417323,0.0,0.0,0.0,0.0,7.0966000000000005,0.0,0.0
2025-09-26 18:45:00,7.4,0.0,6.753811023622046,0.0,0.0,0.0,0.0,7.074400000000001,0.0,0.0
2025-09-26 18:46:00,7.4,0.0,6.736913385826771,0.0,0.0,0.0,0.0,7.0522,0.0,0.0
2025-09-26 18:47:00,7.4,0.0,6.7200157480314955,0.0,0.0,0.0,0.0,7.03,0.0,6.808
2025-09-26 18:48:00,7.4,0.0,6.70311811023622,0.0,0.0,0.0,0.0,7.0078000000000005,0.0,6.791966666666666
2025-09-26 18:49:00,7.4,0.0,6.686220472440945,0.0,0.0,0.0,0.0,6.9856,0.0,6.775933333333333
2025-09-26 18:50:00,7.4,0.0,6.669322834645669,0.0,0.0,0.0,0.0,6.963400000000001,0.0,6.7599
2025-09-26 18:51:00,7.4,0.0,6.652425196850394,0.0,0.0,0.0,0.0,6.9412,0.0,6.7438666666666665
2025-09-26 18:52:00,7.4,0.0,6.635527559055118,0.0,0.0,0.0,0.0,6.9190000000000005,0.0,6.727833333333333
2025-09-26 18:53:00,7.4,0.0,6.618629921259842,0.0,0.0,0.0,0.0,6.8968,0.0,6.711799999999998
2025-09-26 18:54:00,7.4,0.0,6.601732283464566,0.0,0.0,0.0,0.0,6.8746,0.0,6.695766666666665
2025-09-26 18:55:00,7.4,0.0,6.58483464566929,0.0,0.0,0.0,0.0,6.852399999999999,0.0,6.679733333333332
2025-09-26 18:56:00,7.4,0.0,6.567937007874015,0.0,0.0,0.0,0.0,6.8302,0.0,6.663699999999999
2025-09-26 18:57:00,7.4,0.0,6.5510393700787395,0.0,0.0,7.4,0.0,6.808,0.0,6.647666666666665
2025-09-26 18:58:00,7.4,0.0,6.534141732283464,0.0,0.0,7.4,0.0,6.785799999999999,0.0,6.631633333333332
2025-09-26 18:59:00,7.4,0.0,6.517244094488189,0.0,0.0,7.4,0.0,6.7635999999999985,0.0,6.615599999999999
2025-09-26 19:00:00,7.4,0.0,6.500346456692913,0.0,0.0,7.4,0.0,6.741399999999999,0.0,6.599566666666666
2025-09-26 19:01:00,7.4,0.0,6.483448818897638,0.0,0.0,7.4,0.0,6.719199999999999,0.0,6.5835333333333335
2025-09-26 19:02:00,7.4,0.0,6.466551181102362,0.0,0.0,7.4,0.0,6.696999999999998,0.0,6.5675
2025-09-26 19:03:00,7.4,0.0,6.449653543307086,0.0,0.0,7.4,0.0,6.674799999999999,0.0,6.551466666666665
2025-09-26 19:04:00,7.4,0.0,6.4327559055118115,0.0,0.0,7.4,0.0,6.652599999999999,0.0,6.535433333333333
2025-09-26 19:05:00,7.4,0.0,6.415858267716535,0.0,0.0,7.4,0.0,6.630399999999998,0.0,6.5194
2025-09-26 19:06:00,7.4,0.0,6.398960629921259,0.0,0.0,7.4,0.0,6.6082,0.0,6.5033666666666665
2025-09-26 19:07:00,7.4,0.0,6.382062992125983,0.0,0.0,7.4,0.0,6.585999999999999,0.0,6.487333333333333
2025-09-26 19:08:00,7.4,0.0,6.365165354330707,0.0,0.0,7.4,0.0,6.563799999999999,0.0,6.471299999999999
2025-09-26 19:09:00,7.4,0.0,6.348267716535432,0.0,0.0,7.4,0.0,6.541599999999999,0.0,6.455266666666666
2025-09-26 19:10:00,7.4,0.0,6.331370078740156,0.0,0.0,7.4,0.0,6.519399999999999,0.0,6.439233333333333
2025-09-26 19:11:00,7.4,0.0,6.314472440944881,0.0,0.0,7.4,0.0,6.497199999999999,0.0,6.4232
2025-09-26 19:12:00,7.4,0.0,6.2975748031496055,0.0,0.0,7.4,0.0,6.475,0.0,6.407166666666666
2025-09-26 19:13:00,7.4,0.0,6.28067716535433,0.0,0.0,7.4,0.0,6.4528,0.0,6.3911333333333324
2025-09-26 19:14:00,7.4,0.0,6.263779527559054,0.0,0.0,7.4,0.0,6.430599999999999,0.0,6.375099999999998
2025-09-26 19:15:00,7.4,0.0,6.2468818897637775,0.0,0.0,7.4,0.0,6.4083999999999985,0.0,6.359066666666665
2025-09-26 19:16:00,7.4,0.0,6.229984251968501,0.0,0.0,7.4,0.0,6.3862,0.0,6.343033333333332
2025-09-26 19:17:00,7.4,0.0,6.213086614173227,0.0,0.0,7.4,0.0,6.363999999999999,0.0,6.326999999999999
2025-09-26 19:18:00,7.4,0.0,6.196188976377951,0.0,0.0,7.4,0.0,0.0,0.0,6.310966666666666
2025-09-26 19:19:00,7.4,0.0,6.179291338582677,0.0,0.0,7.4,0.0,0.0,0.0,6.294933333333333
2025-09-26 19:20:00,7.4,0.0,6.162393700787401,0.0,0.0,7.4,5.18,0.0,0.0,6.278899999999999
2025-09-26 19:21:00,7.4,0.0,6.145496062992127,0.0,0.0,7.4,5.166203389830509,0.0,0.0,6.262866666666667
2025-09-26 19:22:00,7.4,0.0,6.128598425196851,0.0,0.0,7.4,5.152406779661018,0.0,0.0,6.246833333333334
2025-09-26 19:23:00,7.4,0.0,6.111700787401576,0.0,0.0,7.4,5.1386101694915265,0.0,0.0,6.2308
2025-09-26 19:24:00,7.4,0.0,6.0948031496063,0.0,0.0,7.4,5.1248135593220345,0.0,0.0,6.214766666666667
2025-09-26 19:25:00,7.4,0.0,6.077905511811025,0.0,0.0,7.4,5.111016949152543,0.0,0.0,6.198733333333333
2025-09-26 19:26:00,7.4,0.0,6.061007874015748,0.0,0.0,7.4,5.097220338983051,0.0,0.0,6.1827
2025-09-26 19:27:00,7.4,0.0,6.044110236220473,0.0,0.0,7.4,5.0834237288135595,0.0,0.0,6.166666666666667
2025-09-26 19:28:00,7.4,0.0,6.027212598425198,0.0,0.0,7.4,5.069627118644068,0.0,0.0,6.150633333333333
2025-09-26 19:29:00,7.4,0.0,6.010314960629922,0.0,0.0,7.4,5.0558305084745765,0.0,0.0,6.134600000000001
2025-09-26 19:30:00,7.4,0.0,5.993417322834647,0.0,0.0,7.4,5.042033898305085,0.0,0.0,6.118566666666667
2025-09-26 19:31:00,7.4,0.0,5.976519685039371,0.0,0.0,7.4,5.028237288135594,0.0,0.0,6.1025333333333345
2025-09-26 19:32:00,7.4,0.0,5.959622047244095,0.0,0.0,7.4,5.014440677966102,0.0,0.0,6.086500000000001
2025-09-26 19:33:00,7.4,0.0,5.94272440944882,0.0,0.0,7.4,5.00064406779661,0.0,0.0,6.070466666666667
2025-09-26 19:34:00,7.4,0.0,5.925826771653544,0.0,0.0,7.4,4.986847457627119,0.0,0.0,6.054433333333335
2025-09-26 19:35:00,7.4,0.0,5.908929133858268,0.0,0.0,7.4,4.9730508474576265,0.0,0.0,6.0384
2025-09-26 19:36:00,7.4,0.0,5.892031496062993,0.0,0.0,7.4,4.9592542372881345,0.0,0.0,6.022366666666667
2025-09-26 19:37:00,7.4,0.0,5.875133858267717,0.0,0.0,7.4,4.9454576271186435,0.0,0.0,6.006333333333334
2025-09-26 19:38:00,7.4,0.0,5.858236220472442,0.0,0.0,7.4,4.931661016949152,0.0,0.0,5.9903
2025-09-26 19:39:00,7.4,0.0,5.8413385826771655,0.0,0.0,7.4,4.91786440677966,0.0,0.0,5.974266666666667
2025-09-26 19:40:00,7.4,0.0,5.824440944881891,0.0,0.0,7.4,4.9040677966101685,0.0,0.0,5.958233333333334
2025-09-26 19:41:00,7.4,0.0,5.807543307086616,0.0,0.0,7.4,4.890271186440677,0.0,0.0,5.942200000000001
2025-09-26 19:42:00,7.4,0.0,5.79064566929134,0.0,0.0,7.4,4.876474576271186,0.0,0.0,5.926166666666668
2025-09-26 19:43:00,7.4,0.0,5.773748031496065,0.0,0.0,7.4,4.862677966101694,0.0,0.0,5.910133333333334
2025-09-26 19:44:00,7.4,0.0,5.756850393700788,0.0,0.0,7.4,4.848881355932203,0.0,0.0,5.894100000000002
2025-09-26 19:45:00,7.4,0.0,5.739952755905514,0.0,0.0,7.4,4.83508474576271,0.0,0.0,5.878066666666668
2025-09-26 19:46:00,7.4,0.0,5.723055118110237,0.0,0.0,7.4,4.821288135593219,0.0,7.4,5.862033333333334
2025-09-26 19:47:00,7.4,0.0,5.706157480314961,0.0,0.0,7.4,4.807491525423728,0.0,7.4,5.846
2025-09-26 19:48:00,7.4,0.0,5.689259842519686,0.0,0.0,7.4,4.793694915254236,0.0,7.4,5.829966666666667
2025-09-26 19:49:00,7.4,0.0,5.67236220472441,0.0,0.0,7.4,4.779898305084745,0.0,7.4,5.813933333333334
2025-09-26 19:50:00,7.4,0.0,5.655464566929136,0.0,0.0,7.4,4.766101694915254,0.0,7.4,5.797900000000001
2025-09-26 19:51:00,7.4,0.0,5.63856692913386,0.0,0.0,7.4,4.752305084745763,0.0,7.4,5.781866666666668
2025-09-26 19:52:00,7.4,0.0,5.621669291338584,0.0,0.0,7.4,4.738508474576271,0.0,7.4,5.765833333333335
2025-09-26 19:53:00,7.4,0.0,5.604771653543309,0.0,0.0,7.4,4.72471186440678,0.0,7.4,5.749800000000001
2025-09-26 19:54:00,7.4,0.0,5.587874015748033,0.0,0.0,7.4,4.710915254237288,0.0,7.4,5.733766666666667
2025-09-26 19:55:00,7.4,0.0,5.570976377952756,0.0,0.0,7.4,4.697118644067796,0.0,7.4,5.717733333333333
2025-09-26 19:56:00,7.4,0.0,5.554078740157481,0.0,0.0,7.4,4.683322033898304,0.0,7.4,5.7017
2025-09-26 19:57:00,7.4,0.0,5.537181102362206,0.0,0.0,7.4,4.669525423728813,0.0,7.4,5.685666666666666
2025-09-26 19:58:00,7.4,0.0,5.52028346456693,0.0,0.0,7.4,4.655728813559322,0.0,7.4,5.6696333333333335
2025-09-26 19:59:00,7.4,0.0,5.5033858267716536,0.0,0.0,7.4,4.64193220338983,0.0,7.4,5.653600000000001
2025-09-26 20:00:00,7.4,0.0,5.486488188976378,0.0,0.0,7.4,4.628135593220339,0.0,7.4,5.637566666666667
2025-09-26 20:01:00,7.4,0.0,5.469590551181103,0.0,0.0,7.4,4.614338983050847,0.0,7.4,5.621533333333334
2025-09-26 20:02:00,7.4,0.0,5.452692913385827,0.0,0.0,7.4,4.600542372881357,0.0,7.4,5.605500000000001
2025-09-26 20:03:00,7.4,7.4,5.435795275590552,0.0,0.0,7.4,4.586745762711865,0.0,7.4,5.5894666666666675
2025-09-26 20:04:00,7.4,7.4,5.418897637795275,0.0,0.0,7.4,4.572949152542374,0.0,7.4,5.573433333333335
2025-09-26 20:05:00,7.4,7.4,5.402,0.0,0.0,7.4,4.55915254237288,0.0,7.4,5.5574
2025-09-26 20:06:00,7.4,7.4,5.385102362204725,0.0,0.0,7.4,4.545355932203389,0.0,7.4,5.541366666666667
2025-09-26 20:07:00,7.4,7.4,5.368204724409448,0.0,0.0,7.4,4.531559322033898,0.0,7.4,5.525333333333333
2025-09-26 20:08:00,7.4,7.4,5.351307086614173,0.0,0.0,7.4,4.517762711864406,0.0,7.4,5.5093000000000005
2025-09-26 20:09:00,7.4,7.4,5.334409448818898,0.0,0.0,7.4,4.503966101694915,0.0,7.4,5.493266666666667
2025-09-26 20:10:00,7.4,7.4,5.317511811023622,0.0,0.0,7.4,4.490169491525424,0.0,7.4,5.477233333333334
2025-09-26 20:11:00,7.4,7.4,5.300614173228347,0.0,0.0,7.4,4.476372881355932,0.0,7.4,5.461200000000002
2025-09-26 20:12:00,7.4,7.4,5.28371653543307,0.0,0.0,7.4,4.462576271186441,0.0,7.4,5.445166666666668
2025-09-26 20:13:00,7.4,7.4,5.266818897637796,0.0,0.0,7.4,4.448779661016949,0.0,7.4,5.4291333333333345
2025-09-26 20:14:00,7.4,7.4,5.2499212598425204,0.0,0.0,7.4,4.434983050847456,0.0,7.4,5.413100000000001
2025-09-26 20:15:00,7.4,7.4,5.233023622047244,0.0,0.0,7.4,4.421186440677965,0.0,7.4,5.397066666666668
2025-09-26 20:16:00,7.4,7.4,5.216125984251967,0.0,0.0,7.4,4.407389830508473,0.0,7.4,5.381033333333333
2025-09-26 20:17:00,7.4,7.4,5.199228346456693,0.0,0.0,7.4,4.393593220338982,0.0,7.4,5.365
2025-09-26 20:18:00,7.4,7.4,5.182330708661417,0.0,0.0,7.4,4.379796610169491,0.0,7.4,5.348966666666667
2025-09-26 20:19:00,7.4,7.4,5.165433070866141,0.0,0.0,7.4,4.365999999999999,0.0,7.4,5.332933333333334
2025-09-26 20:20:00,7.4,7.4,5.148535433070865,0.0,0.0,7.4,4.352203389830508,0.0,7.4,5.3169
2025-09-26 20:21:00,7.4,7.4,5.131637795275591,0.0,0.0,7.4,4.338406779661017,0.0,7.4,5.300866666666668
2025-09-26 20:22:00,7.4,7.4,5.114740157480315,0.0,0.0,7.4,4.3246101694915255,0.0,7.4,5.284833333333334
2025-09-26 20:23:00,7.4,7.4,5.09784251968504,0.0,0.0,7.4,4.310813559322034,0.0,7.4,5.268800000000001
2025-09-26 20:24:00,7.4,7.4,5.0809448818897645,0.0,0.0,7.4,4.2970169491525425,0.0,7.4,5.252766666666667
2025-09-26 20:25:00,7.4,7.4,5.064047244094488,0.0,0.0,7.4,4.28322033898305,0.0,7.4,5.2367333333333335
2025-09-26 20:26:00,7.4,7.4,5.0471496062992145,0.0,0.0,7.4,4.269423728813559,0.0,7.4,5.220700000000001
2025-09-26 20:27:00,7.4,7.4,5.030251968503937,0.0,0.0,7.4,4.2556271186440675,0.0,7.4,5.204666666666665
2025-09-26 20:28:00,7.4,7.4,5.013354330708662,0.0,0.0,7.4,4.241830508474576,0.0,7.4,5.188633333333332
2025-09-26 20:29:00,7.4,7.4,4.9964566929133865,0.0,0.0,7.4,4.228033898305085,0.0,7.4,5.172599999999999
2025-09-26 20:30:00,7.4,7.4,4.97955905511811,0.0,0.0,7.4,4.214237288135594,0.0,7.4,5.1565666666666665
2025-09-26 20:31:00,7.4,7.4,4.962661417322835,0.0,0.0,7.4,4.200440677966103,0.0,7.4,5.140533333333333
2025-09-26 20:32:00,7.4,7.4,4.945763779527559,0.0,0.0,7.4,4.186644067796611,0.0,7.4,5.1245
2025-09-26 20:33:00,7.4,7.4,4.928866141732284,0.0,0.0,7.4,4.172847457627119,0.0,7.4,5.108466666666668
2025-09-26 20:34:00,7.4,7.4,4.9119685039370085,0.0,0.0,7.4,4.159050847457628,0.0,7.4,5.092433333333334
2025-09-26 20:35:00,7.4,7.4,4.895070866141732,0.0,0.0,7.4,4.145254237288137,0.0,7.4,5.0764000000000005
2025-09-26 20:36:00,7.4,7.4,4.878173228346456,0.0,0.0,7.4,4.131457627118645,0.0,7.4,5.060366666666668
2025-09-26 20:37:00,7.4,7.4,4.861275590551181,0.0,0.0,7.4,4.117661016949154,0.0,7.4,5.044333333333334
2025-09-26 20:38:00,7.4,7.4,4.844377952755906,0.0,0.0,7.4,4.103864406779662,0.0,7.4,5.0283
2025-09-26 20:39:00,7.4,7.4,4.82748031496063,0.0,0.0,7.4,4.090067796610171,0.0,7.4,5.012266666666666
2025-09-26 20:40:00,7.4,7.4,4.810582677165353,0.0,0.0,7.4,4.076271186440679,0.0,7.4,4.9962333333333335
2025-09-26 20:41:00,7.4,7.4,4.793685039370078,0.0,0.0,7.4,4.062474576271188,0.0,7.4,4.980200000000001
2025-09-26 20:42:00,7.4,7.4,4.776787401574803,0.0,0.0,7.4,4.048677966101697,0.0,7.4,4.964166666666666
2025-09-26 20:43:00,7.4,7.4,4.759889763779528,0.0,0.0,7.4,4.034881355932205,0.0,7.4,4.948133333333334
2025-09-26 20:44:00,7.4,7.4,4.7429921259842525,0.0,0.0,7.4,4.021084745762712,0.0,7.4,4.9321
2025-09-26 20:45:00,7.4,7.4,4.726094488188975,0.0,0.0,7.4,4.00728813559322,0.0,7.4,4.9160666666666675
2025-09-26 20:46:00,7.4,7.4,4.709196850393701,0.0,0.0,7.4,3.9934915254237286,0.0,7.4,4.900033333333333
2025-09-26 20:47:00,7.4,7.4,4.692299212598424,0.0,0.0,7.4,3.979694915254237,0.0,7.4,4.8839999999999995
2025-09-26 20:48:00,7.4,7.4,4.675401574803148,0.0,0.0,7.4,3.965898305084746,0.0,7.4,4.867966666666667
2025-09-26 20:49:00,7.4,7.4,4.658503937007874,0.0,0.0,7.4,3.9521016949152545,0.0,7.4,4.851933333333332
2025-09-26 20:50:00,7.4,7.4,4.641606299212598,0.0,0.0,7.4,3.9383050847457635,0.0,7.4,4.835899999999999
2025-09-26 20:51:00,7.4,7.4,4.624708661417323,0.0,0.0,7.4,3.9245084745762724,0.0,7.4,4.819866666666666
2025-09-26 20:52:00,7.4,7.4,4.607811023622047,0.0,0.0,7.4,3.9107118644067804,0.0,7.4,4.8038333333333325
2025-09-26 20:53:00,7.4,7.4,4.590913385826772,0.0,0.0,7.4,3.8969152542372876,0.0,7.4,4.787799999999999
2025-09-26 20:54:00,7.4,7.4,4.574015748031497,0.0,0.0,7.4,3.8831186440677965,0.0,7.4,4.771766666666666
2025-09-26 20:55:00,7.4,7.4,4.557118110236221,0.0,0.0,7.4,3.8693220338983054,0.0,7.4,4.755733333333334
2025-09-26 20:56:00,7.4,7.4,4.540220472440945,0.0,0.0,7.4,3.855525423728814,0.0,7.4,4.7397
2025-09-26 20:57:00,7.4,7.4,4.523322834645669,0.0,0.0,7.4,3.8417288135593224,0.0,7.4,4.723666666666666
2025-09-26 20:58:00,7.4,7.4,4.506425196850395,0.0,0.0,7.4,3.8279322033898313,0.0,7.4,4.707633333333333
2025-09-26 20:59:00,7.4,7.4,4.4895275590551185,0.0,0.0,7.4,3.8141355932203393,0.0,7.4,4.691599999999999
2025-09-26 21:00:00,7.4,7.4,4.472629921259842,0.0,0.0,7.4,3.800338983050848,0.0,7.4,4.675566666666666
2025-09-26 21:01:00,7.4,7.4,4.455732283464567,0.0,0.0,7.4,3.7865423728813568,0.0,7.4,4.659533333333332
2025-09-26 21:02:00,7.4,7.4,4.438834645669291,0.0,0.0,7.4,3.7727457627118652,0.0,7.4,4.643499999999999
2025-09-26 21:03:00,7.4,7.4,4.421937007874016,0.0,0.0,7.4,3.7589491525423737,0.0,7.4,4.627466666666666
2025-09-26 21:04:00,7.4,7.4,4.40503937007874,0.0,0.0,7.4,3.745152542372881,0.0,7.4,4.611433333333333
2025-09-26 21:05:00,7.4,7.4,4.388141732283463,0.0,0.0,7.4,3.731355932203389,0.0,7.4,4.5954
2025-09-26 21:06:00,7.4,7.4,4.371244094488188,0.0,0.0,7.4,3.717559322033898,0.0,7.4,4.579366666666667
2025-09-26 21:07:00,7.4,7.4,4.354346456692913,0.0,0.0,7.4,3.7037627118644063,0.0,7.4,4.563333333333333
2025-09-26 21:08:00,7.4,7.4,4.337448818897636,0.0,0.0,7.4,3.689966101694915,0.0,7.4,4.547299999999999
2025-09-26 21:09:00,7.4,7.4,4.320551181102361,0.0,0.0,7.4,3.6761694915254237,0.0,7.4,4.531266666666667
2025-09-26 21:10:00,7.4,7.4,4.303653543307086,0.0,0.0,7.4,3.662372881355932,0.0,7.4,4.515233333333333
2025-09-26 21:11:00,7.4,7.4,4.286755905511811,0.0,0.0,7.4,3.6485762711864407,0.0,7.4,4.499199999999999
2025-09-26 21:12:00,7.4,7.4,4.269858267716535,0.0,0.0,7.4,3.634779661016948,0.0,7.4,4.4831666666666665
2025-09-26 21:13:00,7.4,7.4,4.25296062992126,0.0,0.0,7.4,3.6209830508474568,0.0,7.3951658291457285,4.467133333333333
2025-09-26 21:14:00,7.4,7.4,4.2360629921259845,0.0,0.0,7.4,3.6071864406779652,0.0,7.377885057471264,4.451099999999999
2025-09-26 21:15:00,7.4,7.4,4.219165354330709,0.0,0.0,7.4,3.593389830508474,0.0,7.355770114942529,4.435066666666666
2025-09-26 21:16:00,7.4,7.4,4.2022677165354345,0.0,0.0,7.4,3.5795932203389826,0.0,7.333655172413793,4.419033333333333
2025-09-26 21:17:00,7.4,7.4,4.185370078740157,0.0,0.0,7.4,3.5657966101694916,0.0,7.3115402298850585,4.4030000000000005
2025-09-26 21:18:00,7.4,7.4,4.168472440944883,0.0,0.0,7.4,3.552,0.0,7.2894252873563214,4.386966666666667
2025-09-26 21:19:00,7.4,7.4,4.151574803149607,0.0,0.0,7.4,0.0,0.0,7.267310344827586,4.3709333333333324
2025-09-26 21:20:00,7.4,7.4,4.134677165354331,0.0,0.0,7.4,0.0,0.0,7.245195402298851,4.354899999999999
2025-09-26 21:21:00,7.4,7.4,4.117779527559056,0.0,0.0,7.4,0.0,0.0,7.223080459770116,4.338866666666666
2025-09-26 21:22:00,7.4,7.4,4.10088188976378,0.0,0.0,7.4,0.0,0.0,7.20096551724138,4.322833333333333
2025-09-26 21:23:00,7.4,7.4,4.083984251968506,0.0,0.0,7.4,0.0,0.0,7.178850574712644,4.3068
2025-09-26 21:24:00,7.4,7.4,4.067086614173229,0.0,0.0,7.4,0.0,0.0,7.156735632183909,4.290766666666667
2025-09-26 21:25:00,7.4,7.4,4.050188976377954,0.0,0.0,7.4,0.0,0.0,7.134620689655172,4.274733333333333
2025-09-26 21:26:00,7.382718988199425,7.4,4.033291338582678,0.0,0.0,7.4,0.0,0.0,7.112505747126438,4.2587
2025-09-26 21:27:00,7.361752808988765,7.4,4.016393700787403,0.0,0.0,7.4,0.0,0.0,7.090390804597701,4.2426666666666675
2025-09-26 21:28:00,7.339026217228465,7.4,3.9994960629921272,0.0,0.0,7.4,0.0,0.0,7.068275862068965,4.226633333333335
2025-09-26 21:29:00,7.316299625468165,7.4,3.9825984251968514,0.0,0.0,7.4,0.0,0.0,7.046160919540229,4.2106
2025-09-26 21:30:00,7.293573033707865,7.4,3.965700787401576,0.0,0.0,7.4,0.0,0.0,7.024045977011493,4.194566666666667
2025-09-26 21:31:00,7.270846441947565,7.4,3.9488031496063,0.0,0.0,7.4,0.0,0.0,7.001931034482758,4.178533333333333
2025-09-26 21:32:00,7.248119850187265,7.4,3.9319055118110247,0.0,0.0,7.4,0.0,0.0,6.979816091954022,4.1625000000000005
2025-09-26 21:33:00,7.225393258426966,7.4,3.9150078740157492,0.0,0.0,7.4,0.0,0.0,6.957701149425286,4.146466666666668
2025-09-26 21:34:00,7.202666666666667,7.4,3.8981102362204734,0.0,0.0,7.4,0.0,0.0,6.93558620689655,4.130433333333335
2025-09-26 21:35:00,7.179940074906368,7.4,3.881212598425198,0.0,0.0,7.4,0.0,0.0,6.913471264367815,4.114400000000002
2025-09-26 21:36:00,7.1572134831460685,7.4,3.8643149606299225,0.0,0.0,7.4,0.0,0.0,6.89135632183908,4.098366666666669
2025-09-26 21:37:00,7.134486891385768,7.4,3.8474173228346458,0.0,0.0,7.4,0.0,0.0,6.869241379310344,4.0823333333333345
2025-09-26 21:38:00,7.111760299625468,7.4,3.8305196850393703,0.0,0.0,7.4,0.0,0.0,6.8471264367816085,4.066300000000002
2025-09-26 21:39:00,7.089033707865169,7.4,3.8136220472440963,0.0,0.0,7.4,0.0,0.0,6.825011494252873,4.050266666666669
2025-09-26 21:40:00,7.06630711610487,7.4,3.7967244094488195,0.0,0.0,7.4,0.0,0.0,6.802896551724137,4.034233333333335
2025-09-26 21:41:00,7.043580524344569,7.4,3.7798267716535445,0.0,0.0,7.4,0.0,0.0,6.780781609195402,4.018200000000001
2025-09-26 21:42:00,7.020853932584269,7.4,3.762929133858269,0.0,0.0,7.4,0.0,0.0,6.758666666666667,4.0021666666666675
2025-09-26 21:43:00,6.99812734082397,7.4,3.7460314960629937,0.0,0.0,7.4,0.0,0.0,6.736551724137931,3.9861333333333344
2025-09-26 21:44:00,6.975400749063671,7.4,3.7291338582677183,0.0,0.0,7.4,0.0,0.0,6.714436781609196,3.9701000000000013
2025-09-26 21:45:00,6.95267415730337,7.4,3.712236220472443,0.0,0.0,7.4,0.0,0.0,6.692321839080461,3.9540666666666677
2025-09-26 21:46:00,6.9299475655430705,7.4,3.6953385826771665,0.0,0.0,7.4,0.0,0.0,6.670206896551725,3.9380333333333346
2025-09-26 21:47:00,6.907220973782771,7.4,3.678440944881891,0.0,0.0,7.4,0.0,0.0,6.648091954022989,3.9220000000000015
2025-09-26 21:48:00,6.8844943820224715,7.4,3.6615433070866166,0.0,0.0,7.4,0.0,0.0,6.625977011494253,3.9059666666666684
2025-09-26 21:49:00,6.861767790262172,7.4,3.64464566929134,0.0,0.0,7.4,0.0,0.0,6.603862068965517,3.889933333333334
2025-09-26 21:50:00,6.839041198501872,7.4,3.627748031496064,0.0,0.0,7.4,0.0,0.0,6.581747126436782,3.8739000000000017
2025-09-26 21:51:00,6.816314606741572,7.4,3.610850393700788,0.0,0.0,7.4,0.0,0.0,6.559632183908047,3.8578666666666677
2025-09-26 21:52:00,6.793588014981273,7.4,3.5939527559055127,0.0,0.0,7.4,0.0,0.0,6.53751724137931,3.8418333333333337
2025-09-26 21:53:00,6.770861423220972,7.4,3.5770551181102372,0.0,0.0,7.4,0.0,0.0,6.515402298850575,3.8258
2025-09-26 21:54:00,6.748134831460672,7.4,3.560157480314962,0.0,0.0,7.4,0.0,0.0,6.493287356321838,3.8097666666666674
2025-09-26 21:55:00,6.725408239700372,7.4,3.5432598425196864,0.0,0.0,7.4,0.0,0.0,6.471172413793102,3.7937333333333343
2025-09-26 21:56:00,6.702681647940074,7.4,3.526362204724411,0.0,0.0,7.4,0.0,0.0,6.449057471264368,3.7777000000000007
2025-09-26 21:57:00,6.679955056179775,7.4,3.509464566929135,0.0,0.0,7.4,0.0,0.0,6.426942528735631,3.7616666666666676
2025-09-26 21:58:00,6.657228464419474,7.4,3.4925669291338584,0.0,0.0,7.4,0.0,0.0,6.4048275862068955,3.7456333333333345
2025-09-26 21:59:00,6.6345018726591745,7.4,3.4756692913385843,0.0,0.0,7.4,0.0,0.0,6.382712643678159,3.7296000000000005
2025-09-26 22:00:00,6.611775280898875,7.4,3.4587716535433084,0.0,0.0,7.4,0.0,0.0,6.360597701149423,3.713566666666666
2025-09-26 22:01:00,6.589048689138576,7.4,3.441874015748032,0.0,0.0,7.4,0.0,0.0,6.338482758620688,3.6975333333333342
2025-09-26 22:02:00,6.5663220973782765,7.4,3.4249763779527567,0.0,0.0,7.4,0.0,0.0,6.316367816091953,3.6815
2025-09-26 22:03:00,6.543595505617977,7.4,3.408078740157481,0.0,0.0,7.4,0.0,0.0,6.2942528735632175,3.665466666666666
2025-09-26 22:04:00,6.520868913857677,7.4,3.391181102362206,0.0,0.0,7.4,0.0,0.0,6.272137931034481,3.6494333333333335
2025-09-26 22:05:00,6.498142322097378,7.4,3.3742834645669304,0.0,0.0,7.4,0.0,0.0,6.250022988505747,3.6334000000000004
2025-09-26 22:06:00,6.475415730337078,7.4,3.3573858267716536,0.0,0.0,7.4,0.0,0.0,6.227908045977011,3.6173666666666677
2025-09-26 22:07:00,6.452689138576777,7.4,3.3404881889763773,0.0,0.0,7.4,0.0,0.0,6.205793103448276,3.6013333333333346
2025-09-26 22:08:00,6.429962546816477,7.4,3.3235905511811032,0.0,0.0,7.4,0.0,0.0,6.18367816091954,3.585300000000001
2025-09-26 22:09:00,6.407235955056178,7.4,3.306692913385827,0.0,0.0,7.4,0.0,0.0,6.161563218390805,3.569266666666668
2025-09-26 22:10:00,6.384509363295879,7.4,3.2897952755905506,0.0,0.0,7.4,0.0,0.0,6.139448275862069,3.5532333333333344
2025-09-26 22:11:00,6.361782771535579,7.4,3.272897637795275,0.0,0.0,7.4,0.0,0.0,6.117333333333333,3.5372000000000003
2025-09-26 22:12:00,6.339056179775279,7.4,3.256,0.0,0.0,7.4,0.0,0.0,6.0952183908045985,3.5211666666666686
2025-09-26 22:13:00,6.3163295880149795,7.4,0.0,0.0,0.0,7.4,0.0,0.0,6.073103448275862,3.505133333333334
2025-09-26 22:14:00,6.2936029962546804,7.4,0.0,0.0,0.0,7.4,0.0,0.0,6.050988505747127,3.4891000000000005
2025-09-26 22:15:00,6.270876404494381,7.4,0.0,0.0,0.0,7.4,0.0,0.0,6.028873563218391,3.473066666666667
2025-09-26 22:16:00,6.24814981273408,7.4,0.0,0.0,0.0,7.4,0.0,0.0,6.006758620689655,3.4570333333333334
2025-09-26 22:17:00,6.225423220973781,7.4,0.0,0.0,0.0,7.4,0.0,0.0,5.98464367816092,3.4410000000000007
2025-09-26 22:18:00,6.202696629213483,7.4,0.0,0.0,0.0,7.4,0.0,0.0,5.962528735632184,3.4249666666666676
2025-09-26 22:19:00,6.179970037453184,7.4,0.0,0.0,0.0,7.4,0.0,0.0,5.940413793103447,3.4089333333333345
2025-09-26 22:20:00,6.157243445692883,7.4,0.0,0.0,0.0,7.4,0.0,0.0,5.918298850574712,3.392900000000001
2025-09-26 22:21:00,6.134516853932583,7.4,0.0,0.0,0.0,7.4,0.0,0.0,5.896183908045977,3.376866666666667
2025-09-26 22:22:00,6.111790262172284,7.4,0.0,0.0,0.0,7.4,0.0,0.0,5.874068965517241,3.3608333333333325
2025-09-26 22:23:00,6.089063670411986,7.4,0.0,0.0,0.0,7.4,0.0,0.0,5.851954022988506,3.3447999999999993
2025-09-26 22:24:00,6.066337078651686,7.4,0.0,0.0,0.0,7.4,0.0,0.0,5.829839080459769,3.328766666666666
2025-09-26 22:25:00,6.043610486891385,7.4,0.0,0.0,0.0,7.4,0.0,0.0,5.807724137931035,3.312733333333333
2025-09-26 22:26:00,6.020883895131085,7.4,0.0,0.0,0.0,7.4,0.0,0.0,5.785609195402298,3.2966999999999995
2025-09-26 22:27:00,5.998157303370786,7.4,0.0,0.0,0.0,7.4,0.0,0.0,5.763494252873563,3.2806666666666664
2025-09-26 22:28:00,5.975430711610486,7.4,0.0,0.0,0.0,7.4,0.0,0.0,5.741379310344828,3.2646333333333333
2025-09-26 22:29:00,5.952704119850186,7.4,0.0,0.0,0.0,7.4,0.0,0.0,5.719264367816092,3.2486
2025-09-26 22:30:00,5.929977528089887,7.4,0.0,0.0,0.0,7.4,0.0,0.0,5.697149425287357,3.232566666666667
2025-09-26 22:31:00,5.907250936329588,7.4,0.0,0.0,0.0,7.4,0.0,0.0,5.6750344827586225,3.216533333333334
2025-09-26 22:32:00,5.884524344569288,7.4,0.0,0.0,0.0,7.4,0.0,0.0,5.652919540229887,3.2005
2025-09-26 22:33:00,5.861797752808988,7.4,0.0,0.0,0.0,7.4,0.0,0.0,5.63080459770115,3.184466666666666
2025-09-26 22:34:00,5.839071161048688,7.4,0.0,0.0,0.0,7.4,0.0,0.0,5.608689655172416,3.1684333333333328
2025-09-26 22:35:00,5.816344569288389,7.4,0.0,0.0,0.0,7.4,0.0,0.0,5.586574712643679,3.1523999999999996
2025-09-26 22:36:00,5.79361797752809,7.4,0.0,0.0,0.0,7.4,0.0,0.0,5.564459770114944,3.136366666666667
2025-09-26 22:37:00,5.770891385767789,0.0,0.0,0.0,0.0,7.4,0.0,0.0,5.542344827586208,3.120333333333334
2025-09-26 22:38:00,5.748164794007489,0.0,0.0,0.0,0.0,7.4,0.0,0.0,5.520229885057471,3.1043000000000007
2025-09-26 22:39:00,5.725438202247191,0.0,0.0,0.0,0.0,7.4,0.0,0.0,5.498114942528737,3.088266666666667
2025-09-26 22:40:00,5.702711610486891,0.0,0.0,0.0,0.0,7.4,0.0,0.0,5.476,3.0722333333333336
2025-09-26 22:41:00,5.679985018726591,0.0,0.0,0.0,0.0,7.4,0.0,0.0,0.0,3.0561999999999996
2025-09-26 22:42:00,5.657258426966291,0.0,0.0,0.0,0.0,7.4,0.0,0.0,0.0,3.040166666666668
2025-09-26 22:43:00,5.634531835205991,0.0,0.0,0.0,0.0,7.4,0.0,0.0,0.0,3.024133333333334
2025-09-26 22:44:00,5.611805243445692,0.0,0.0,0.0,0.0,7.4,0.0,0.0,0.0,3.008100000000001
2025-09-26 22:45:00,5.5890786516853925,0.0,0.0,0.0,0.0,7.4,0.0,0.0,0.0,2.992066666666668
2025-09-26 22:46:00,5.566352059925093,0.0,0.0,0.0,0.0,7.4,0.0,0.0,0.0,2.9760333333333335
2025-09-26 22:47:00,5.543625468164793,0.0,0.0,0.0,0.0,7.4,0.0,0.0,0.0,2.9600000000000004
2025-09-26 22:48:00,5.520898876404494,0.0,0.0,0.0,0.0,7.4,0.0,0.0,0.0,0.0
2025-09-26 22:49:00,5.498172284644194,0.0,0.0,0.0,0.0,7.4,0.0,0.0,0.0,0.0
2025-09-26 22:50:00,5.475445692883894,0.0,0.0,0.0,0.0,7.4,0.0,0.0,0.0,0.0
2025-09-26 22:51:00,5.452719101123593,0.0,0.0,0.0,0.0,7.4,0.0,0.0,0.0,0.0
2025-09-26 22:52:00,5.429992509363295,0.0,0.0,0.0,0.0,7.4,0.0,0.0,0.0,0.0
2025-09-26 22:53:00,5.407265917602995,0.0,0.0,0.0,0.0,7.4,0.0,0.0,0.0,0.0
2025-09-26 22:54:00,5.384539325842695,0.0,0.0,0.0,0.0,7.4,0.0,0.0,0.0,0.0
2025-09-26 22:55:00,5.361812734082394,0.0,0.0,0.0,0.0,7.4,0.0,0.0,0.0,0.0
2025-09-26 22:56:00,5.339086142322095,0.0,0.0,0.0,0.0,7.4,0.0,0.0,0.0,0.0
2025-09-26 22:57:00,5.316359550561796,0.0,0.0,0.0,0.0,7.4,0.0,0.0,0.0,0.0
2025-09-26 22:58:00,5.293632958801497,0.0,0.0,0.0,0.0,7.394586382461759,0.0,0.0,0.0,0.0
2025-09-26 22:59:00,5.270906367041198,0.0,0.0,0.0,0.0,7.388731437406813,0.0,0.0,0.0,0.0
2025-09-26 23:00:00,5.2481797752808985,0.0,0.0,0.0,0.0,7.373327472527472,0.0,0.0,0.0,0.0
2025-09-26 23:01:00,5.225453183520599,0.0,0.0,0.0,0.0,7.35250989010989,0.0,0.0,0.0,0.0
2025-09-26 23:02:00,5.2027265917603,0.0,0.0,0.0,0.0,7.331692307692308,0.0,0.0,0.0,0.0
2025-09-26 23:03:00,5.18,0.0,0.0,0.0,0.0,7.310874725274726,0.0,0.0,0.0,0.0
2025-09-26 23:04:00,0.0,0.0,0.0,0.0,0.0,7.290057142857143,0.0,0.0,0.0,0.0
2025-09-26 23:05:00,0.0,0.0,0.0,0.0,0.0,7.269239560439561,0.0,0.0,0.0,0.0
2025-09-26 23:06:00,0.0,0.0,0.0,0.0,0.0,7.248421978021978,0.0,0.0,0.0,0.0
2025-09-26 23:07:00,0.0,0.0,0.0,0.0,0.0,7.227604395604396,0.0,0.0,0.0,0.0
2025-09-26 23:08:00,0.0,0.0,0.0,0.0,0.0,7.206786813186813,0.0,0.0,0.0,0.0
2025-09-26 23:09:00,0.0,0.0,0.0,0.0,0.0,7.18596923076923,0.0,0.0,0.0,0.0
2025-09-26 23:10:00,0.0,0.0,0.0,0.0,0.0,7.165151648351647,0.0,0.0,0.0,0.0
2025-09-26 23:11:00,0.0,0.0,0.0,0.0,0.0,7.144334065934063,0.0,0.0,0.0,0.0
2025-09-26 23:12:00,0.0,0.0,0.0,0.0,0.0,7.1235164835164815,0.0,0.0,0.0,0.0
2025-09-26 23:13:00,0.0,0.0,0.0,0.0,0.0,7.1026989010989,0.0,0.0,0.0,0.0
2025-09-26 23:14:00,0.0,0.0,0.0,0.0,0.0,7.081881318681318,0.0,0.0,0.0,0.0
2025-09-26 23:15:00,0.0,0.0,0.0,0.0,0.0,7.061063736263735,0.0,0.0,0.0,0.0
2025-09-26 23:16:00,0.0,0.0,0.0,0.0,0.0,7.0402461538461525,0.0,0.0,0.0,0.0
2025-09-26 23:17:00,0.0,0.0,0.0,0.0,0.0,7.019428571428571,0.0,0.0,0.0,0.0
2025-09-26 23:18:00,0.0,0.0,0.0,0.0,0.0,6.998610989010989,0.0,0.0,0.0,0.0
2025-09-26 23:19:00,0.0,0.0,0.0,0.0,0.0,6.977793406593406,0.0,0.0,0.0,0.0
2025-09-26 23:20:00,0.0,0.0,0.0,0.0,0.0,6.956975824175824,0.0,0.0,0.0,0.0
2025-09-26 23:21:00,0.0,0.0,0.0,0.0,0.0,6.93615824175824,0.0,0.0,0.0,0.0
2025-09-26 23:22:00,0.0,0.0,0.0,0.0,0.0,6.915340659340657,0.0,0.0,0.0,0.0
2025-09-26 23:23:00,0.0,0.0,0.0,0.0,0.0,6.894523076923075,0.0,0.0,0.0,0.0
2025-09-26 23:24:00,0.0,0.0,0.0,0.0,0.0,6.8737054945054945,0.0,0.0,0.0,0.0
2025-09-26 23:25:00,0.0,0.0,0.0,0.0,0.0,6.852887912087913,0.0,0.0,0.0,0.0
2025-09-26 23:26:00,0.0,0.0,0.0,0.0,0.0,6.83207032967033,0.0,0.0,0.0,0.0
2025-09-26 23:27:00,0.0,0.0,0.0,0.0,0.0,6.811252747252747,0.0,0.0,0.0,0.0
2025-09-26 23:28:00,0.0,0.0,0.0,0.0,0.0,6.790435164835165,0.0,0.0,0.0,0.0
2025-09-26 23:29:00,0.0,0.0,0.0,0.0,0.0,6.769617582417583,0.0,0.0,0.0,0.0
2025-09-26 23:30:00,0.0,0.0,0.0,0.0,0.0,6.7488,0.0,0.0,0.0,0.0
2025-09-26 23:31:00,0.0,0.0,0.0,0.0,0.0,6.727982417582417,0.0,0.0,0.0,0.0
2025-09-26 23:32:00,0.0,0.0,0.0,0.0,0.0,6.707164835164835,0.0,0.0,0.0,0.0
2025-09-26 23:33:00,0.0,0.0,0.0,0.0,0.0,6.686347252747252,0.0,0.0,0.0,0.0
2025-09-26 23:34:00,0.0,0.0,0.0,0.0,0.0,6.665529670329669,0.0,0.0,0.0,0.0
2025-09-26 23:35:00,0.0,0.0,0.0,0.0,0.0,6.644712087912086,0.0,0.0,0.0,0.0
2025-09-26 23:36:00,0.0,0.0,0.0,0.0,0.0,6.623894505494504,0.0,0.0,0.0,0.0
2025-09-26 23:37:00,0.0,0.0,0.0,0.0,0.0,6.603076923076921,0.0,0.0,0.0,0.0
2025-09-26 23:38:00,0.0,0.0,0.0,0.0,0.0,6.582259340659339,0.0,0.0,0.0,0.0
2025-09-26 23:39:00,0.0,0.0,0.0,0.0,0.0,6.561441758241757,0.0,0.0,0.0,0.0
2025-09-26 23:40:00,0.0,0.0,0.0,0.0,0.0,6.540624175824176,0.0,0.0,0.0,0.0
2025-09-26 23:41:00,0.0,0.0,0.0,0.0,0.0,6.519806593406594,0.0,0.0,0.0,0.0
2025-09-26 23:42:00,0.0,0.0,0.0,0.0,0.0,6.498989010989011,0.0,0.0,0.0,0.0
2025-09-26 23:43:00,0.0,0.0,0.0,0.0,0.0,6.478171428571429,0.0,0.0,0.0,0.0
2025-09-26 23:44:00,0.0,0.0,0.0,0.0,0.0,6.457353846153846,0.0,0.0,0.0,0.0
2025-09-26 23:45:00,0.0,0.0,0.0,0.0,0.0,6.436536263736263,0.0,0.0,0.0,0.0
2025-09-26 23:46:00,0.0,0.0,0.0,0.0,0.0,6.4157186813186815,0.0,0.0,0.0,0.0
2025-09-26 23:47:00,0.0,0.0,0.0,0.0,0.0,6.394901098901099,0.0,0.0,0.0,0.0
2025-09-26 23:48:00,0.0,0.0,0.0,0.0,0.0,6.374083516483516,0.0,0.0,0.0,0.0
2025-09-26 23:49:00,0.0,0.0,0.0,0.0,0.0,6.3532659340659325,0.0,0.0,0.0,0.0
2025-09-26 23:50:00,0.0,0.0,0.0,0.0,0.0,6.33244835164835,0.0,0.0,0.0,0.0
2025-09-26 23:51:00,0.0,0.0,0.0,0.0,0.0,6.311630769230769,0.0,0.0,0.0,0.0
2025-09-26 23:52:00,0.0,0.0,0.0,0.0,0.0,6.290813186813187,0.0,0.0,0.0,0.0
2025-09-26 23:53:00,0.0,0.0,0.0,0.0,0.0,6.2699956043956036,0.0,0.0,0.0,0.0
2025-09-26 23:54:00,0.0,0.0,0.0,0.0,0.0,6.249178021978021,0.0,0.0,0.0,0.0
2025-09-26 23:55:00,0.0,0.0,0.0,0.0,0.0,6.228360439560438,0.0,0.0,0.0,0.0
2025-09-26 23:56:00,0.0,0.0,0.0,0.0,0.0,6.2075428571428555,0.0,0.0,0.0,0.0
2025-09-26 23:57:00,0.0,0.0,0.0,0.0,0.0,6.186725274725273,0.0,0.0,0.0,0.0
2025-09-26 23:58:00,0.0,0.0,0.0,0.0,0.0,6.165907692307691,0.0,0.0,0.0,0.0
2025-09-26 23:59:00,0.0,0.0,0.0,0.0,0.0,6.145090109890109,0.0,0.0,0.0,0.0
