,always_on,night_setback,fixed_time_start
1900-01-01 00:00:00,1.9716240427959222,1.666705607562285,1.666742527861856
1900-01-01 00:01:00,1.9643932990669086,1.6373045793882983,1.6917523359166737
1900-01-01 00:02:00,2.0194055371203823,1.6798563406519231,1.66954043730509
1900-01-01 00:03:00,1.9731154719112407,1.6882266800581494,1.6883739475400852
1900-01-01 00:04:00,1.9763682813928873,1.6952296686427881,1.7203889556441114
1900-01-01 00:05:00,1.9921123673541548,1.6823426329432865,1.6841905862872906
1900-01-01 00:06:00,2.03493991014735,1.7239635560966895,1.7224166174527964
1900-01-01 00:07:00,2.020070636075911,1.6861233135822578,1.6987012210754497
1900-01-01 00:08:00,2.054773575633319,1.7108346237174104,1.7130772852609146
1900-01-01 00:09:00,2.0278153720914514,1.7096868601673296,1.716792610820811
1900-01-01 00:10:00,1.9968919279014483,1.7131352682702932,1.706727520626972
1900-01-01 00:11:00,2.012813935528549,1.7259823061610027,1.7087966000664465
1900-01-01 00:12:00,2.0585289154512987,1.7536175906590898,1.7298139709433782
1900-01-01 00:13:00,2.064733104998784,1.7188278832083579,1.7384868740302062
1900-01-01 00:14:00,2.0238286300958768,1.7261947440986987,1.7217202329690469
1900-01-01 00:15:00,2.0381331764917507,1.752114421182726,1.7163543481922443
1900-01-01 00:16:00,2.0770952602092754,1.753313517171698,1.7398104208468532
1900-01-01 00:17:00,2.065935781071692,1.7582630714335672,1.7276476740051985
1900-01-01 00:18:00,2.0921153557590833,1.7498771515220095,1.7699982216164143
1900-01-01 00:19:00,2.0658075887016727,1.76708250316962,1.7764748502108274
1900-01-01 00:20:00,2.1019043830990713,1.7587974392881072,1.7701867959228648
1900-01-01 00:21:00,2.069714421971558,1.7748263661381243,1.7784485620388928
1900-01-01 00:22:00,2.0936650325684782,1.7766408862142222,1.763121346360541
1900-01-01 00:23:00,2.1214814425772093,1.7658183805356302,1.8064843893465052
1900-01-01 00:24:00,2.1503403851952543,1.8290191518138808,1.7864757719409716
1900-01-01 00:25:00,2.146473215445145,1.8102313541337525,1.8031950256370377
1900-01-01 00:26:00,2.13668303133498,1.821643404148542,1.7917395873201054
1900-01-01 00:27:00,2.174558532617779,1.8111686126336008,1.8364613288261484
1900-01-01 00:28:00,2.180005750890244,1.8129009261081925,1.827828286000361
1900-01-01 00:29:00,2.157336999907399,1.8223120996027915,1.818403567976913
1900-01-01 00:30:00,2.1935839128415546,1.8285882411695473,1.7956310925235655
1900-01-01 00:31:00,2.161439565943915,1.841607824795334,1.8523208713753214
1900-01-01 00:32:00,2.1755567902751354,1.8749474135823219,1.854267081058931
1900-01-01 00:33:00,2.186556371028598,1.8616833838109712,1.8360376970379138
1900-01-01 00:34:00,2.201787220519484,1.862242833944845,1.8690910107164147
1900-01-01 00:35:00,2.1758369889050497,1.8827647193559054,1.8791155459630722
1900-01-01 00:36:00,2.206748764514017,1.8787740311085896,1.8776186230483467
1900-01-01 00:37:00,2.1827962839811192,1.8826323425112557,1.887538350189797
1900-01-01 00:38:00,2.2253009474565664,1.8668549152115188,1.8547915405616378
1900-01-01 00:39:00,2.258216452513987,1.8628930265402657,1.8831818024147917
1900-01-01 00:40:00,2.1883032859013105,1.889691749813992,1.832368653240348
1900-01-01 00:41:00,2.248656182198398,1.9101766973879846,1.9016212718515546
1900-01-01 00:42:00,2.2029197800830578,1.9084798755552004,1.8915456649199893
1900-01-01 00:43:00,2.2340209560032567,1.9180347612458166,1.9042458521530838
1900-01-01 00:44:00,2.2479678961851888,1.9434684970214953,1.9612591680860272
1900-01-01 00:45:00,2.260355447508151,1.910947720310341,1.9147915588830047
1900-01-01 00:46:00,2.211052312724791,1.9350595282197003,1.9642356129109164
1900-01-01 00:47:00,2.258926903878264,1.9510021641428652,1.9217638147951976
1900-01-01 00:48:00,2.3065368890064173,1.936433192684445,1.9640591501221805
1900-01-01 00:49:00,2.294906742168493,1.9470979026950848,1.9128365790379012
1900-01-01 00:50:00,2.3105660591145343,1.9538872590488383,1.9572646451709839
1900-01-01 00:51:00,2.3219926067277825,1.9422375758784274,1.9604609877822805
1900-01-01 00:52:00,2.299462840456367,1.9785013453049318,2.0029330828871
1900-01-01 00:53:00,2.317314896395722,1.9519740925516844,1.9511871705050903
1900-01-01 00:54:00,2.3478007092174016,1.973242423739643,1.9900972562778252
1900-01-01 00:55:00,2.360737667517232,2.023410992676877,1.9833163212968024
1900-01-01 00:56:00,2.32334722283733,1.9804569131153915,1.989530680141486
1900-01-01 00:57:00,2.3735503558181086,2.013759494149954,2.000319519771118
1900-01-01 00:58:00,2.410473978341226,2.039307696289338,2.0122704831972906
1900-01-01 00:59:00,2.3600446528914314,2.0138468313983506,2.0305756809194686
1900-01-01 01:00:00,2.3559090604205637,2.0417181107151774,2.0251985525056084
1900-01-01 01:01:00,2.4224200982845354,1.995726637590647,2.0536207859453928
1900-01-01 01:02:00,2.376392117390527,2.0218265678239327,2.0500306001447477
1900-01-01 01:03:00,2.3642183648164328,2.034817226738736,2.0630564172913
1900-01-01 01:04:00,2.383356852705571,2.055112605562991,2.001327863410055
1900-01-01 01:05:00,2.3700060011604167,2.0306246415614817,1.9947394375757748
1900-01-01 01:06:00,2.389726129278676,2.0078010299854703,2.038797830002967
1900-01-01 01:07:00,2.4124819390577708,2.017163887354351,1.9942573016524925
1900-01-01 01:08:00,2.3689691848775687,2.0332300744818315,2.011674398519713
1900-01-01 01:09:00,2.3960228632304994,2.0468862338241154,2.0387511226607304
1900-01-01 01:10:00,2.345024698967469,2.0377608812864088,2.0290267418251373
1900-01-01 01:11:00,2.415986599108546,2.0106422032840525,2.0288498572797455
1900-01-01 01:12:00,2.3886805996282954,2.0437433965941563,2.0731880244698697
1900-01-01 01:13:00,2.382550337533711,2.026198353171047,1.994687042759767
1900-01-01 01:14:00,2.399468587825541,2.0395479758564465,2.032780083234398
1900-01-01 01:15:00,2.370274315241429,2.0490397320520333,2.001140760496298
1900-01-01 01:16:00,2.3918083359273195,2.0364233661585867,2.03275175258768
1900-01-01 01:17:00,2.3634113863616544,2.0715063908566087,2.0071868720596346
1900-01-01 01:18:00,2.3756073582946295,2.026929688754734,2.049766793433027
1900-01-01 01:19:00,2.383349927918829,2.033321608588992,2.0753018803432366
1900-01-01 01:20:00,2.37706303590789,2.0203992517236045,2.0369109222097284
1900-01-01 01:21:00,2.3588081092644755,2.015569319839537,2.083527690590424
1900-01-01 01:22:00,2.3672637584161977,2.0381952926312876,2.043914406974462
1900-01-01 01:23:00,2.437983384316973,2.0220030453960316,1.9983220984626169
1900-01-01 01:24:00,2.4152397834137695,1.9996511164883104,2.063075076416938
1900-01-01 01:25:00,2.338418883553277,1.9972112198814689,2.016779881528988
1900-01-01 01:26:00,2.3923675338059356,2.011811082916161,2.0056584714511256
1900-01-01 01:27:00,2.372075106496924,2.0295035818142155,2.027311162381519
1900-01-01 01:28:00,2.3263682471139036,2.0227581781736084,2.0266280601753737
1900-01-01 01:29:00,2.4076568201163333,2.0462016115751904,2.0491361968936763
1900-01-01 01:30:00,2.4142279672827476,2.054527720151595,2.0137000600843455
1900-01-01 01:31:00,2.3823624587005514,2.027822188813734,2.0416989241780388
1900-01-01 01:32:00,2.324591972136745,2.0218087264150286,2.0090072378141874
1900-01-01 01:33:00,2.3842109646739322,2.02262158310963,2.0587712936789146
1900-01-01 01:34:00,2.378524918187332,2.0276743529817143,2.010526091115803
1900-01-01 01:35:00,2.4033794955766323,2.0226433785067637,2.052904597608254
1900-01-01 01:36:00,2.363512958663293,2.0155694394787242,2.0540779759661465
1900-01-01 01:37:00,2.3910181064155003,2.0428822434550775,2.0333870781923875
1900-01-01 01:38:00,2.3714750178362003,2.050453228709611,2.019285196274024
1900-01-01 01:39:00,2.3892947848390356,2.042376450786498,2.012154585330532
1900-01-01 01:40:00,2.3622864423785894,2.006181429644104,2.0032625248661144
1900-01-01 01:41:00,2.388014109795591,2.0169293236494954,2.055165339198788
1900-01-01 01:42:00,2.365431679379011,1.9991025074530764,2.037884333792628
1900-01-01 01:43:00,2.3697643618519235,1.9708594962466155,2.0234647307221922
1900-01-01 01:44:00,2.367442121928461,2.054876441199167,2.0518038324408154
1900-01-01 01:45:00,2.3686347520833,2.024130871040068,1.9965752819398919
1900-01-01 01:46:00,2.3834535274988777,2.011575412802909,2.039930733233129
1900-01-01 01:47:00,2.4040318683150566,2.041632258866681,2.0297897092517694
1900-01-01 01:48:00,2.3429459069688647,2.0194318845150914,2.020384296164929
1900-01-01 01:49:00,2.3833840334998904,2.0201250829770134,2.0283879033216943
1900-01-01 01:50:00,2.4085396613568015,2.0191231811189514,2.028799425403559
1900-01-01 01:51:00,2.4083822734228253,2.032164147596581,2.0445525034646614
1900-01-01 01:52:00,2.3596875973393314,2.032566427851857,2.0530427092129995
1900-01-01 01:53:00,2.368012345188198,2.0290328498114527,2.0336609568862167
1900-01-01 01:54:00,2.4005139779924747,2.0430702327948485,2.0197378310830447
1900-01-01 01:55:00,2.4345609481389077,2.0167572209610825,2.010246283313521
1900-01-01 01:56:00,2.3686625049986563,2.009177738166451,2.036474645272881
1900-01-01 01:57:00,2.345314420867728,2.0239504508857484,2.066507041988751
1900-01-01 01:58:00,2.3526592557896193,2.038235412325537,1.9856727127447542
1900-01-01 01:59:00,2.408681009126422,2.014271034766107,2.0281475711070938
1900-01-01 02:00:00,2.3417254581195923,2.012838475595165,1.9896365406488847
1900-01-01 02:01:00,2.3560363120559775,2.036605439596179,2.0401049061407304
1900-01-01 02:02:00,2.354702242271883,2.0211323376804975,2.0608341844614073
1900-01-01 02:03:00,2.346152408991764,2.015368554932304,2.0385951145446812
1900-01-01 02:04:00,2.3904889619726752,2.020607488067699,2.013742954365611
1900-01-01 02:05:00,2.3821688845872067,2.041627754956745,2.019271204439721
1900-01-01 02:06:00,2.3758652186206053,1.9793352883403394,2.004359795324028
1900-01-01 02:07:00,2.3379703518934187,1.9917762732375148,2.067682184157378
1900-01-01 02:08:00,2.37729427637343,2.0376996147853434,2.0209123466315377
1900-01-01 02:09:00,2.34821496232785,1.9989180603491052,2.0253876899308794
1900-01-01 02:10:00,2.377576806312494,2.01823575055737,1.999969525865096
1900-01-01 02:11:00,2.3382578703545223,1.992932570999617,2.073007696824139
1900-01-01 02:12:00,2.3781976708313706,2.0084247144055047,2.0344084735320385
1900-01-01 02:13:00,2.324998345624834,2.0321359655401294,2.021944610291683
1900-01-01 02:14:00,2.4050155763274637,1.9858365608070991,2.012209903378244
1900-01-01 02:15:00,2.384269588329585,2.026065482777325,2.0528552472850983
1900-01-01 02:16:00,2.3677334805014443,2.04423709150893,1.9957509472887187
1900-01-01 02:17:00,2.3793526370889952,2.0350003943209303,1.9847294988400346
1900-01-01 02:18:00,2.3727727337919693,2.006104709005133,2.0478356798010693
1900-01-01 02:19:00,2.3542269597461605,2.0136826720519077,2.0311313798253545
1900-01-01 02:20:00,2.3853116434434183,2.05069673871448,2.038488871766299
1900-01-01 02:21:00,2.4036832022365626,2.0461032679870175,2.040142256218499
1900-01-01 02:22:00,2.328923670248361,2.00470117705859,2.0110174057178156
1900-01-01 02:23:00,2.3789240570777435,2.0446361025940885,2.0264465305100856
1900-01-01 02:24:00,2.3774160283704466,2.0092108985523365,2.0226787195548015
1900-01-01 02:25:00,2.3146844734631844,2.032634615150503,2.0275968381331837
1900-01-01 02:26:00,2.406967691592706,2.016283890383972,2.0378938844811394
1900-01-01 02:27:00,2.350609523404161,2.016004214096446,2.011295203372176
1900-01-01 02:28:00,2.3750420659825795,2.0194907355944247,2.013884663096231
1900-01-01 02:29:00,2.408552762689971,2.048958708150027,2.0052994781141376
1900-01-01 02:30:00,2.3686686710474394,2.0232573283859057,2.0379056952755117
1900-01-01 02:31:00,2.3991862253132017,2.0250938554246396,2.0325898488643075
1900-01-01 02:32:00,2.3243683647247546,1.9905311468795999,2.0417514246413146
1900-01-01 02:33:00,2.4294615289105534,2.017382360016027,2.0145570661263994
1900-01-01 02:34:00,2.4197854799350145,2.0447419389792185,2.039711924201769
1900-01-01 02:35:00,2.3578071083759005,2.018277343758147,2.017099630549984
1900-01-01 02:36:00,2.373110610673012,2.0308009052811067,2.0107454615168066
1900-01-01 02:37:00,2.385257146130841,2.031072336362602,2.0029081270995106
1900-01-01 02:38:00,2.4037699211625934,2.0318086380836666,1.9999508757931381
1900-01-01 02:39:00,2.3713164575130667,2.0094371641784607,2.013317120357138
1900-01-01 02:40:00,2.382036177497072,2.030779870321697,2.0258698640281354
1900-01-01 02:41:00,2.3979635228733596,2.0416259737454205,2.049396270157535
1900-01-01 02:42:00,2.3426958141071923,2.0272545251982477,1.9958972505626424
1900-01-01 02:43:00,2.3803771926601676,2.049521543884689,2.041264442581258
1900-01-01 02:44:00,2.3585952997784196,2.040558998101872,2.050872241991782
1900-01-01 02:45:00,2.408964956676675,2.0446772751254714,2.004443583849924
1900-01-01 02:46:00,2.371708294796213,1.977761769215041,2.018217995883471
1900-01-01 02:47:00,2.356233784728015,2.0123338212659316,1.993507881869121
1900-01-01 02:48:00,2.3456503396051764,2.024466439100597,2.0315526609698624
1900-01-01 02:49:00,2.4381676557248464,2.0193484960777304,2.0411556229483825
1900-01-01 02:50:00,2.363985703655401,2.019394292897485,2.026265522160171
1900-01-01 02:51:00,2.3842144621361987,2.015015437234683,1.9944930939527015
1900-01-01 02:52:00,2.381173012246568,2.0267670624176164,2.0061850543283675
1900-01-01 02:53:00,2.3854323041839933,2.024380969387194,1.9932195127860965
1900-01-01 02:54:00,2.3454771231277913,2.058196978580351,2.0180312358593664
1900-01-01 02:55:00,2.3647782126296684,2.0077762398646684,2.000002078565681
1900-01-01 02:56:00,2.3933628510989995,2.0206639442612753,2.0041790246066364
1900-01-01 02:57:00,2.379073483872789,2.010070717533839,2.0095477519445955
1900-01-01 02:58:00,2.374236692392754,2.0360295608696446,2.025543281182514
1900-01-01 02:59:00,2.3810210034202406,2.020025853335532,1.9852082097833932
1900-01-01 03:00:00,2.3855863088681164,2.0309160691839647,2.0273114411042044
1900-01-01 03:01:00,2.4133509046375963,2.032899834148439,2.060053062015858
1900-01-01 03:02:00,2.3758803203810404,1.976587615348914,2.032382369095535
1900-01-01 03:03:00,2.3859672017923383,2.014631491228374,2.026317587318391
1900-01-01 03:04:00,2.4044777410287357,2.0474543097738183,2.0203002751776595
1900-01-01 03:05:00,2.389118134670059,2.0393705202691694,2.05243701992233
1900-01-01 03:06:00,2.3968590126852805,2.0481549890949005,2.0256270998910835
1900-01-01 03:07:00,2.354425599659746,2.000447072154432,1.9829465159826432
1900-01-01 03:08:00,2.334965072143991,2.0013557723646644,2.0248903291517326
1900-01-01 03:09:00,2.37339995268265,2.0280524165910885,2.0274617445146776
1900-01-01 03:10:00,2.344281788875809,2.0308906343308193,2.0462317982363736
1900-01-01 03:11:00,2.3624772969984074,2.0227145848589143,2.0062006833283474
1900-01-01 03:12:00,2.38564028321979,2.017363750974917,1.9873128691813284
1900-01-01 03:13:00,2.3784915640447366,2.0188761060129248,2.0328761575698078
1900-01-01 03:14:00,2.375105441677862,2.0303396101045506,2.0245555970550146
1900-01-01 03:15:00,2.366290855990568,1.9984091024938144,2.025614648441664
1900-01-01 03:16:00,2.348578433783014,2.0218236986626357,2.0338561899828083
1900-01-01 03:17:00,2.360125638971042,2.051560179167255,2.0265379759750632
1900-01-01 03:18:00,2.397881218594743,2.0487037624088,2.0572146853055644
1900-01-01 03:19:00,2.3997387614673897,2.017875584122747,2.0576849155118007
1900-01-01 03:20:00,2.3421340385134144,1.9786967375448852,2.051293718064344
1900-01-01 03:21:00,2.3290160276967216,2.049189366978044,2.0417297884361583
1900-01-01 03:22:00,2.4139910018623167,2.0211465059959055,2.0193436180380324
1900-01-01 03:23:00,2.3145180686475397,2.0466455357962174,2.0134152433012873
1900-01-01 03:24:00,2.37162234976661,1.9880557639688268,2.009451589052022
1900-01-01 03:25:00,2.3702446488642073,2.040703370806891,2.0172019922812776
1900-01-01 03:26:00,2.3699689829170363,2.045744586359808,2.0362254704489553
1900-01-01 03:27:00,2.3784800482355104,2.0465830826936346,2.032301280674629
1900-01-01 03:28:00,2.3844954087226777,2.0430995405093286,2.0341688338715738
1900-01-01 03:29:00,2.397809427013983,2.014350911528969,2.0431078736145167
1900-01-01 03:30:00,2.415772689292455,2.0154480555912873,2.0447231918954647
1900-01-01 03:31:00,2.4060567162708684,2.0264845418167305,2.022257942362072
1900-01-01 03:32:00,2.369846059208732,2.0271024574585046,2.033383586273777
1900-01-01 03:33:00,2.389983630185225,2.040661704914396,1.9920561248708042
1900-01-01 03:34:00,2.3289323006385585,2.0449335977932384,2.024062440195674
1900-01-01 03:35:00,2.3986883573731763,2.049563736014388,2.050772530851602
1900-01-01 03:36:00,2.3315792046153847,2.0293600451372105,1.9993037801770135
1900-01-01 03:37:00,2.361889999145065,1.991502952817342,2.042517981540234
1900-01-01 03:38:00,2.373405011413002,2.0016411995256114,2.0375178385527986
1900-01-01 03:39:00,2.389913622509517,1.9870808344686643,2.027000774282671
1900-01-01 03:40:00,2.429094926479181,2.014792058215051,2.02212568224363
1900-01-01 03:41:00,2.35631407324894,2.0349197027046695,2.013026285435103
1900-01-01 03:42:00,2.348691680684119,2.034276940652514,2.027089275557974
1900-01-01 03:43:00,2.365022024842446,2.0605584078599346,1.9850519360191794
1900-01-01 03:44:00,2.3663802210195213,2.0477598667549355,2.027790398160431
1900-01-01 03:45:00,2.37971341196603,2.0050361600607483,2.003342473923655
1900-01-01 03:46:00,2.4100546643356195,2.009727604909506,2.003765889830255
1900-01-01 03:47:00,2.429193272179706,1.9803557859636274,2.0079842707624223
1900-01-01 03:48:00,2.3582877264231157,2.0210476219280684,2.0275422425330047
1900-01-01 03:49:00,2.3946683436769165,2.009667069386025,2.0333722845084368
1900-01-01 03:50:00,2.3816251534684154,2.0342641479911228,2.029388711338009
1900-01-01 03:51:00,2.357256541464684,1.994000931922105,2.006726049922425
1900-01-01 03:52:00,2.403890539165431,2.0330941890815613,2.0250630417340094
1900-01-01 03:53:00,2.3935671659597815,2.0056320832216183,2.0400672388796517
1900-01-01 03:54:00,2.3634692839101863,2.0389661362297495,1.9894556944353645
1900-01-01 03:55:00,2.3587742038965644,2.0564576583514995,2.0237112566106283
1900-01-01 03:56:00,2.3812441964060116,2.0241596691485766,1.9981552711382886
1900-01-01 03:57:00,2.367203310223159,2.028531590188951,1.9874228927623607
1900-01-01 03:58:00,2.396585495144627,2.0548949297369266,2.024672633556943
1900-01-01 03:59:00,2.3754038599701945,2.016337509879683,2.0175148639359306
1900-01-01 04:00:00,2.3653778323062267,2.042030088088737,2.0102637580067655
1900-01-01 04:01:00,2.4218815454869445,2.037057407609769,2.040691528211712
1900-01-01 04:02:00,2.380803075639173,2.0202963094777844,2.0273981089121644
1900-01-01 04:03:00,2.4689286282514065,2.04952330275739,2.062841623245973
1900-01-01 04:04:00,2.4144456337165385,2.1153141752149227,2.050527765162689
1900-01-01 04:05:00,2.4727400737592804,2.11341252891478,2.080268433540116
1900-01-01 04:06:00,2.4248052575568444,2.1120773832770596,2.090312950735878
1900-01-01 04:07:00,2.431295650904982,2.0729102185928525,2.0831761312731114
1900-01-01 04:08:00,2.3989853330983593,2.0591664211730687,2.0837974053342347
1900-01-01 04:09:00,2.5395064485204877,2.120086433370476,2.1238208458268546
1900-01-01 04:10:00,2.508659623189687,2.08749772679397,2.1506550575678145
1900-01-01 04:11:00,2.4718852748158575,2.1082581932902964,2.143019027762094
1900-01-01 04:12:00,2.464730083439259,2.159799750739012,2.1183944424202754
1900-01-01 04:13:00,2.504827893866882,2.154472351966571,2.156944293670423
1900-01-01 04:14:00,2.5180969614163504,2.161026973072694,2.1663704065993237
1900-01-01 04:15:00,2.561806127553533,2.158599711332564,2.2282365691644745
1900-01-01 04:16:00,2.637020390574505,2.1944407798176613,2.233677394440969
1900-01-01 04:17:00,2.588045545119655,2.1945235651750568,2.205933364324021
1900-01-01 04:18:00,2.5909567227240147,2.220167400898802,2.2138380863786176
1900-01-01 04:19:00,2.6389082133703203,2.2210898978930276,2.2446170011624647
1900-01-01 04:20:00,2.619968156869175,2.2316874041883406,2.241505987490522
1900-01-01 04:21:00,2.655526825552645,2.2315830882860714,2.2290385862715203
1900-01-01 04:22:00,2.676147572436975,2.2752068932723164,2.254552989104318
1900-01-01 04:23:00,2.71522714512962,2.2873396333117917,2.2634704025696037
1900-01-01 04:24:00,2.6679952660034494,2.2709791327864775,2.2833461869539917
1900-01-01 04:25:00,2.696565605120141,2.2950105660262525,2.2902090309444962
1900-01-01 04:26:00,2.704125349350463,2.2648845442928036,2.2897536511799865
1900-01-01 04:27:00,2.7195005484243513,2.3330439754966394,2.329856888159075
1900-01-01 04:28:00,2.757683480596058,2.3370078089736754,2.3247204518409292
1900-01-01 04:29:00,2.75713800200357,2.3749506995991356,2.362814352373945
1900-01-01 04:30:00,2.767159702240385,2.3584559901028075,2.382721851235407
1900-01-01 04:31:00,2.761766886325381,2.3723732595909923,2.4367865700350486
1900-01-01 04:32:00,2.776567883948243,2.3654413410716297,2.342059781728071
1900-01-01 04:33:00,2.801535109196949,2.4396300154340125,2.3843649221452723
1900-01-01 04:34:00,2.7842176013233035,2.3741905686327622,2.422318957853312
1900-01-01 04:35:00,2.843406791337552,2.4202552530300863,2.4203103631885527
1900-01-01 04:36:00,2.8366224911485256,2.419394182978904,2.417005600695067
1900-01-01 04:37:00,2.864153282898166,2.476185767905059,2.448649168267902
1900-01-01 04:38:00,2.8580306396915782,2.4383614623516032,2.4826508558751756
1900-01-01 04:39:00,2.8620858640974385,2.4296355718957097,2.477626523147004
1900-01-01 04:40:00,2.8880286731401017,2.4978602533518393,2.4577535752253175
1900-01-01 04:41:00,2.893575700411437,2.5136039008105846,2.4793330404959395
1900-01-01 04:42:00,2.9849536449070753,2.5005618828987575,2.522423337173225
1900-01-01 04:43:00,2.9443407282444123,2.528096837229269,2.5296095488810177
1900-01-01 04:44:00,2.9797438304187587,2.5643113378324265,2.5629253799512717
1900-01-01 04:45:00,2.960081348267142,2.5399977352653567,2.6033363388880884
1900-01-01 04:46:00,3.004449521638564,2.555402646117595,2.5777863915827677
1900-01-01 04:47:00,3.0483173289486225,2.63908168568315,2.558241584446126
1900-01-01 04:48:00,3.005909614112251,2.62739780164233,2.6036638423720566
1900-01-01 04:49:00,3.023149370790657,2.5973094675252426,2.6057845739306575
1900-01-01 04:50:00,3.0680708834415884,2.658918585508514,2.6388660636871726
1900-01-01 04:51:00,3.0503698828827335,2.6570130188528402,2.6472355667627974
1900-01-01 04:52:00,3.117741815664672,2.6841362492888723,2.6595306237768495
1900-01-01 04:53:00,3.1313656877877074,2.714195639790382,2.6659195219397716
1900-01-01 04:54:00,3.2310974781459847,2.6815935258592387,2.680255307007972
1900-01-01 04:55:00,3.1901716845705224,2.6899037788513187,2.6761271257099746
1900-01-01 04:56:00,3.1851242716949124,2.7368530251873695,2.6870351252578786
1900-01-01 04:57:00,3.1934329502941283,2.7609833445203713,2.76355821030134
1900-01-01 04:58:00,3.2167224488519235,2.7767788171547445,2.7819819716582983
1900-01-01 04:59:00,3.199884675091113,2.77213731272026,2.812348084101861
1900-01-01 05:00:00,3.279419614332084,2.8006205211638022,3.2675999841325862
1900-01-01 05:01:00,3.2428732792032773,2.780190558607124,3.2328087467914313
1900-01-01 05:02:00,3.213422843767199,2.7307850118780572,3.243424032285661
1900-01-01 05:03:00,3.162147639266914,2.7222747362496826,3.1986307820968927
1900-01-01 05:04:00,3.1465690943170355,2.7016910005149413,3.262485797588664
1900-01-01 05:05:00,3.1182613226314437,2.654829554808417,3.144504111083478
1900-01-01 05:06:00,3.128519906856633,2.677036889467676,3.158038926142867
1900-01-01 05:07:00,3.180835994948683,2.687025151941197,3.085049924857312
1900-01-01 05:08:00,3.1644551227608995,2.6554373156667226,3.1098837685426632
1900-01-01 05:09:00,3.0584441450605686,2.6801591496498305,3.0726572830749834
1900-01-01 05:10:00,3.0674895936338524,2.6477170998528896,3.098607114814283
1900-01-01 05:11:00,3.004979453674331,2.6385782168677787,3.0116799881116156
1900-01-01 05:12:00,3.0507583887490175,2.586797789189777,3.0401297743420965
1900-01-01 05:13:00,3.0215891501419225,2.5802141313180122,3.0182857149688633
1900-01-01 05:14:00,3.0153361148681554,2.521903178272003,3.0039688153985065
1900-01-01 05:15:00,2.987411657326814,2.561529290423419,2.9838458315220677
1900-01-01 05:16:00,2.951383756766538,2.526164209234708,3.0546009713631546
1900-01-01 05:17:00,2.9227783375640817,2.5257875125346567,2.9650175691306293
1900-01-01 05:18:00,2.88522107037865,2.55032990769834,2.942207793156057
1900-01-01 05:19:00,2.9527962758453317,2.491902952844699,2.921024060761824
1900-01-01 05:20:00,2.885676005135115,2.4726577763964785,2.8839748551907305
1900-01-01 05:21:00,2.8941487112084614,2.487663764253958,2.891488167529941
1900-01-01 05:22:00,2.8935677017546255,2.483440866100077,2.881751115366125
1900-01-01 05:23:00,2.842898732013688,2.4969421392236395,2.851146060683156
1900-01-01 05:24:00,2.877078899233772,2.4578137125471873,2.8544449164213628
1900-01-01 05:25:00,2.847332484371857,2.4229767233831248,2.853336576980122
1900-01-01 05:26:00,2.8080511201459575,2.3619445364051,2.7864812619600174
1900-01-01 05:27:00,2.7849101960769094,2.3949820731155342,2.8186644615302967
1900-01-01 05:28:00,2.6800615040952525,2.4087878961546663,2.744107737839429
1900-01-01 05:29:00,2.7895766159043887,2.373186055061418,2.795764801660737
1900-01-01 05:30:00,2.7697981421245452,2.364663226821379,2.707434816531766
1900-01-01 05:31:00,2.7737289239484917,2.328129860683349,2.7639612251882038
1900-01-01 05:32:00,2.694919328606543,2.3186172669003744,2.7306290381288267
1900-01-01 05:33:00,2.767809444419955,2.353101395518198,2.7536338401269056
1900-01-01 05:34:00,2.7059951123240835,2.2782095268846483,2.6809751235873693
1900-01-01 05:35:00,2.622361207468818,2.3175960242184845,2.7311559744067755
1900-01-01 05:36:00,2.6598476807450324,2.272195701887555,2.6354486674684736
1900-01-01 05:37:00,2.6911789139169087,2.2832163882897163,2.680120078117448
1900-01-01 05:38:00,2.6493847112785183,2.213281899403661,2.6152917948709655
1900-01-01 05:39:00,2.6165543534758964,2.2934972671779166,2.6305923913331095
1900-01-01 05:40:00,2.650552441025648,2.2367945762687342,2.6370614738666687
1900-01-01 05:41:00,2.6162561314598216,2.2327689965431885,2.5837766065552006
1900-01-01 05:42:00,2.5777191355392404,2.25891943430697,2.5419294545159503
1900-01-01 05:43:00,2.5658172566175494,2.235038591713183,2.599960328546044
1900-01-01 05:44:00,2.5641614626825273,2.1889879879057066,2.5682536306886856
1900-01-01 05:45:00,2.550178902792124,2.1607581479488287,2.5201349915980797
1900-01-01 05:46:00,2.541357482961063,2.126395390810299,2.4927547643101096
1900-01-01 05:47:00,2.531707460801471,2.149726144735308,2.58377896947026
1900-01-01 05:48:00,2.537513336807099,2.172994406975771,2.542757032456369
1900-01-01 05:49:00,2.5337358633392344,2.1488000415047157,2.505719010182994
1900-01-01 05:50:00,2.5282812118174736,2.172793948908115,2.5034039132314594
1900-01-01 05:51:00,2.4849898516635465,2.1194518525830808,2.490606417453963
1900-01-01 05:52:00,2.4603442064163303,2.100995655971761,2.4502138823233017
1900-01-01 05:53:00,2.4888556856903996,2.0749529565162743,2.4589355234145813
1900-01-01 05:54:00,2.4357529829713123,2.061847722777511,2.4292330300836347
1900-01-01 05:55:00,2.451691989750334,2.0551294708191903,2.451795553461027
1900-01-01 05:56:00,2.4029097594580486,2.0573695861721117,2.406478563729428
1900-01-01 05:57:00,2.440308663944949,2.071990309216048,2.3871417305369667
1900-01-01 05:58:00,2.402081412515466,2.065383341836226,2.419132654642973
1900-01-01 05:59:00,2.3602071971726164,2.028123230001941,2.422166747733439
1900-01-01 06:00:00,2.3466405488353685,2.400361351449129,2.3689493416842704
1900-01-01 06:01:00,2.4184402275538446,2.419221319749116,2.4164637599445067
1900-01-01 06:02:00,2.376928784168106,2.411336676342608,2.3677325475823467
1900-01-01 06:03:00,2.3560327202233884,2.4112746685797384,2.3493268526547153
1900-01-01 06:04:00,2.323757112336733,2.3622119029101585,2.379876631304848
1900-01-01 06:05:00,2.364470047743871,2.3246265047226204,2.4051299495363576
1900-01-01 06:06:00,2.4016447125431135,2.4034977450617436,2.342313019170866
1900-01-01 06:07:00,2.368863318460052,2.354470248791362,2.3144306593130404
1900-01-01 06:08:00,2.3647147362559213,2.405898502396486,2.3782146491834326
1900-01-01 06:09:00,2.408054719624559,2.3993061384371757,2.343596889915847
1900-01-01 06:10:00,2.363890408349839,2.362178233297089,2.4080368346862944
1900-01-01 06:11:00,2.3869873324605777,2.378036715374029,2.3720332613196295
1900-01-01 06:12:00,2.3458216621573365,2.3821256661304457,2.347308641211666
1900-01-01 06:13:00,2.3464296005320877,2.409100166040645,2.40260506541269
1900-01-01 06:14:00,2.3215188366206534,2.3496079843668585,2.3867425410743968
1900-01-01 06:15:00,2.3513472461326748,2.3968677524846225,2.385104958315497
1900-01-01 06:16:00,2.409603325718334,2.4029756258346175,2.3891550980264125
1900-01-01 06:17:00,2.39310196228402,2.399093509880121,2.3672264363600743
1900-01-01 06:18:00,2.3950529086242063,2.3709696956108353,2.363010333270301
1900-01-01 06:19:00,2.3571117570633735,2.3614296836664113,2.388269410585795
1900-01-01 06:20:00,2.380333646092363,2.4185786872677655,2.3889787953001247
1900-01-01 06:21:00,2.3300168873767184,2.3746095207260005,2.365079984022135
1900-01-01 06:22:00,2.3384373420539903,2.3975913608918606,2.3714504032792236
1900-01-01 06:23:00,2.374605739902627,2.3589574516211536,2.3709008420120496
1900-01-01 06:24:00,2.3406085616458343,2.366916517289109,2.3696516637275926
1900-01-01 06:25:00,2.350233396487394,2.4072049876829107,2.4106196725612277
1900-01-01 06:26:00,2.3486223059415594,2.4089062342337613,2.3971876082932932
1900-01-01 06:27:00,2.360807365092338,2.401819184992238,2.380602850791911
1900-01-01 06:28:00,2.3884381410032827,2.3817576124366906,2.3753943750686095
1900-01-01 06:29:00,2.3885011683991335,2.3688506858159073,2.390118705618961
1900-01-01 06:30:00,2.4013005402906726,2.3383113843421626,2.365196094981265
1900-01-01 06:31:00,2.408465862844787,2.4103139756529837,2.4361870560824923
1900-01-01 06:32:00,2.3420646596338184,2.414509493723293,2.364344126098768
1900-01-01 06:33:00,2.3366782931668575,2.3557325374745597,2.349907875934201
1900-01-01 06:34:00,2.3894664059070587,2.395899790356677,2.398646863424545
1900-01-01 06:35:00,2.3974542085319994,2.36225576751855,2.3711846427350567
1900-01-01 06:36:00,2.3470888437515414,2.3632430817380956,2.393116363001922
1900-01-01 06:37:00,2.3637086576852826,2.4075288723331525,2.389770641886528
1900-01-01 06:38:00,2.36917706041663,2.368270966168431,2.356693147314931
1900-01-01 06:39:00,2.3265751397780363,2.4127557474120973,2.422151551832293
1900-01-01 06:40:00,2.3886453057386783,2.3875388425897013,2.3667166318435586
1900-01-01 06:41:00,2.3423150769596095,2.384734630413019,2.329975848498506
1900-01-01 06:42:00,2.352730786734999,2.4327468468637043,2.3805128493049756
1900-01-01 06:43:00,2.373460362379297,2.40072280069785,2.3482258737879387
1900-01-01 06:44:00,2.361167222266866,2.3527776426413953,2.3822392889003754
1900-01-01 06:45:00,2.4218908721970664,2.377277377931407,2.3881873840393375
1900-01-01 06:46:00,2.422873424938763,2.412768908820596,2.3866878087664856
1900-01-01 06:47:00,2.3437671465087204,2.3454984610820553,2.3748993502623144
1900-01-01 06:48:00,2.3718275347849236,2.3921289647184625,2.365489371269138
1900-01-01 06:49:00,2.392596873530331,2.3868719578327884,2.383860127683578
1900-01-01 06:50:00,2.337236522895144,2.385567503526603,2.371730033256014
1900-01-01 06:51:00,2.437378073739337,2.394952592020563,2.362940993310032
1900-01-01 06:52:00,2.3770855439020244,2.3914848929945833,2.3893275739391435
1900-01-01 06:53:00,2.3593489326846537,2.372351152486043,2.3944180817487846
1900-01-01 06:54:00,2.396495191624521,2.379322469943497,2.3425766817067917
1900-01-01 06:55:00,2.3678060285198725,2.360339396737514,2.367451550300092
1900-01-01 06:56:00,2.4105994937444115,2.3530130200164576,2.3613663555811857
1900-01-01 06:57:00,2.3697116342282714,2.371989519935119,2.374220142381146
1900-01-01 06:58:00,2.3189905974349005,2.4119856096539825,2.3807769239215086
1900-01-01 06:59:00,2.361833101635347,2.3461814252888837,2.337556701695894
1900-01-01 07:00:00,2.3904982532692403,2.4172698862824418,2.4127451374470676
1900-01-01 07:01:00,2.395103203331045,2.4110829790162303,2.413157721596844
1900-01-01 07:02:00,2.408273228370167,2.384286328083289,2.4028241993988733
1900-01-01 07:03:00,2.4284676826395266,2.4010479200403894,2.4370378066295424
1900-01-01 07:04:00,2.4282507063006595,2.395948893541999,2.4349564102336267
1900-01-01 07:05:00,2.3735429750618793,2.4385888327158805,2.4459936335576136
1900-01-01 07:06:00,2.4690773449855716,2.4543412614898528,2.4195193857007626
1900-01-01 07:07:00,2.4687882692465726,2.4520185016371037,2.448962840564739
1900-01-01 07:08:00,2.484562560535059,2.430193908861828,2.471769775832037
1900-01-01 07:09:00,2.4687000358209166,2.4909411502492547,2.5246677138459996
1900-01-01 07:10:00,2.4778984833386155,2.499279084798716,2.48949258207376
1900-01-01 07:11:00,2.4928482959591074,2.5057625162286112,2.4820388402692046
1900-01-01 07:12:00,2.500263785613456,2.528167807784866,2.529108173970319
1900-01-01 07:13:00,2.5319571515472625,2.5438535075367024,2.5419204124468173
1900-01-01 07:14:00,2.5747336936716283,2.4966844802333235,2.5341141533826623
1900-01-01 07:15:00,2.604735139412711,2.506946113404518,2.5929646148580674
1900-01-01 07:16:00,2.6131974998137117,2.5554333262765043,2.5365722825027075
1900-01-01 07:17:00,2.6206498227025135,2.563190328022543,2.6008861380299635
1900-01-01 07:18:00,2.593981126921035,2.593262376960486,2.60644713641506
1900-01-01 07:19:00,2.6035515961865987,2.6296508260687323,2.6050368376191018
1900-01-01 07:20:00,2.589281895327011,2.6161271574991156,2.641440119349671
1900-01-01 07:21:00,2.6365648424161168,2.597819703610024,2.657858328820202
1900-01-01 07:22:00,2.6454198275211676,2.644664937185453,2.653276874848213
1900-01-01 07:23:00,2.607348364223098,2.687980289294544,2.7122823817419937
1900-01-01 07:24:00,2.6977559636781723,2.658118422135624,2.666912695128579
1900-01-01 07:25:00,2.683517008715659,2.730002759980708,2.7584066140623005
1900-01-01 07:26:00,2.6503253328650502,2.5978735931598247,2.717109988300532
1900-01-01 07:27:00,2.68885415730914,2.737772618346242,2.6959255831341182
1900-01-01 07:28:00,2.752956221615062,2.723457593096077,2.788856771382363
1900-01-01 07:29:00,2.7827417917530393,2.7447197392649483,2.7632199324897146
1900-01-01 07:30:00,2.7341612868613026,2.768543491373883,2.726014717462731
1900-01-01 07:31:00,2.781087403271673,2.7865870128576162,2.788868373346159
1900-01-01 07:32:00,2.776908931202544,2.763476412721323,2.7586672243140478
1900-01-01 07:33:00,2.804039768470926,2.7768295017032556,2.7989990937136002
1900-01-01 07:34:00,2.787204239232797,2.7895237976864715,2.8209752961138856
1900-01-01 07:35:00,2.820163232430319,2.847998817180164,2.877699352979604
1900-01-01 07:36:00,2.826679580433679,2.8095118274346587,2.863248727841408
1900-01-01 07:37:00,2.900129899177817,2.8719010983436934,2.8770215824192547
1900-01-01 07:38:00,2.9165569164658978,2.8819018461444377,2.904433020762833
1900-01-01 07:39:00,2.8534910982867525,2.8664709815305875,2.8533252175631505
1900-01-01 07:40:00,2.8590979336390223,2.898547309260385,2.8895741863337645
1900-01-01 07:41:00,2.906816124985688,2.9042770115665926,2.915102293449251
1900-01-01 07:42:00,2.9130690193214024,2.9870951563615598,2.8994299940954344
1900-01-01 07:43:00,2.9308551287122158,2.9511232072610483,2.9542484575776347
1900-01-01 07:44:00,3.0032118845288056,3.0074522181553283,2.958123148374822
1900-01-01 07:45:00,3.0109276137298595,2.957338391901544,3.054020003212491
1900-01-01 07:46:00,2.9747158816328865,2.9801487060752194,3.005817070991333
1900-01-01 07:47:00,2.9924944663531035,2.9898959038644524,3.0220882132924864
1900-01-01 07:48:00,3.07041029643165,3.064046040837693,3.009198275003483
1900-01-01 07:49:00,3.046614043948586,3.029520368021186,3.0333302521625196
1900-01-01 07:50:00,3.0758343089760056,3.083776733769093,3.053307421806835
1900-01-01 07:51:00,3.0580753779942165,3.049241622230237,3.1110391572130216
1900-01-01 07:52:00,3.083567038316371,3.078644027393912,3.140339119039735
1900-01-01 07:53:00,3.196846803931668,3.1011805828526713,3.1198956270244027
1900-01-01 07:54:00,3.1949986372353845,3.1001690517537033,3.098204097155457
1900-01-01 07:55:00,3.1632547916766707,3.1806000437092155,3.1729141639377527
1900-01-01 07:56:00,3.154168846448592,3.184553509261904,3.1747592848031303
1900-01-01 07:57:00,3.2522021228397615,3.1677132130978505,3.1948652519535554
1900-01-01 07:58:00,3.1492243585420363,3.2057198285868878,3.293265838486853
1900-01-01 07:59:00,3.187701111927288,3.172010269061836,3.2223190107618263
1900-01-01 08:00:00,3.255600024332409,3.2496836330813355,3.29071514079263
1900-01-01 08:01:00,3.2108757727448745,3.2061013259287616,3.234223005566918
1900-01-01 08:02:00,3.176035477812032,3.174516985153823,3.1416326837809523
1900-01-01 08:03:00,3.1864135646415486,3.177180745842892,3.2592600806116803
1900-01-01 08:04:00,3.1617524329750815,3.0940228395711227,3.138084260293984
1900-01-01 08:05:00,3.1183574616858736,3.088856460735703,3.1299181388544097
1900-01-01 08:06:00,3.1001181971376117,3.020779258996548,3.0622439712354863
1900-01-01 08:07:00,3.011579089719397,3.031649707989942,3.0613339506030957
1900-01-01 08:08:00,3.0208304806152726,2.9521264007003856,2.9993048239808955
1900-01-01 08:09:00,2.947409856383997,2.9935162358964638,2.9319971671184177
1900-01-01 08:10:00,3.006790427604455,2.9378550179640026,2.942977324449277
1900-01-01 08:11:00,2.954404287318512,2.9548982467973817,2.911079402856033
1900-01-01 08:12:00,2.871587779743683,2.914833453072724,2.9001111430606703
1900-01-01 08:13:00,2.9138783581104772,2.8918563931634838,2.8732493727666566
1900-01-01 08:14:00,2.854022899714931,2.8785276985813244,2.8806075427426734
1900-01-01 08:15:00,2.8211752266200363,2.8247688486303923,2.8316804982726147
1900-01-01 08:16:00,2.783021607975468,2.8026096042200472,2.762935793703548
1900-01-01 08:17:00,2.7843960347927252,2.7423635134525055,2.73057422603445
1900-01-01 08:18:00,2.7373405980206313,2.7181772428754387,2.7443513556948638
1900-01-01 08:19:00,2.701816883846528,2.7348809802910727,2.781927235804223
1900-01-01 08:20:00,2.7278763203153997,2.7140031811030276,2.745555659725644
1900-01-01 08:21:00,2.686761011553879,2.640000654622438,2.655150395880616
1900-01-01 08:22:00,2.6337855012417792,2.6821768894807554,2.6768072542278074
1900-01-01 08:23:00,2.6053342927002867,2.5983343325602983,2.6288346149073716
1900-01-01 08:24:00,2.609086906210967,2.6322107221896602,2.611271591924532
1900-01-01 08:25:00,2.559132061569551,2.583995419306504,2.5510744772904013
1900-01-01 08:26:00,2.5551761238551487,2.52343110173946,2.569386712809046
1900-01-01 08:27:00,2.5347979039393125,2.48995506390982,2.5416090038245263
1900-01-01 08:28:00,2.4849081364242527,2.543091780114116,2.504951449811036
1900-01-01 08:29:00,2.4872625656695253,2.5435974927456098,2.505328939685827
1900-01-01 08:30:00,2.4834683738875656,2.4656284098789434,2.51676212121006
1900-01-01 08:31:00,2.505896681146891,2.446687290096331,2.5014818691008824
1900-01-01 08:32:00,2.4500246275714077,2.391609223162689,2.439986437377295
1900-01-01 08:33:00,2.4329557847000354,2.3616837193978126,2.4515488076664154
1900-01-01 08:34:00,2.4192723466404535,2.4040993701132134,2.3907307762835317
1900-01-01 08:35:00,2.362219902468895,2.38873843815892,2.4197022958268373
1900-01-01 08:36:00,2.3843623897830337,2.365520272596849,2.3600578494068247
1900-01-01 08:37:00,2.3421414818992528,2.3525812527318446,2.318835826664536
1900-01-01 08:38:00,2.3367870407117532,2.27433395250734,2.313746552953956
1900-01-01 08:39:00,2.306433890296742,2.313614892054023,2.297649216608116
1900-01-01 08:40:00,2.2763266011363354,2.25133746969197,2.311929417842321
1900-01-01 08:41:00,2.3053670839567326,2.2829690002532477,2.2902692184255438
1900-01-01 08:42:00,2.2097442623330075,2.2252448943212397,2.259423511041607
1900-01-01 08:43:00,2.2174194204104176,2.18119892876803,2.2486588869844257
1900-01-01 08:44:00,2.195540056285682,2.205154841884475,2.2114427891283714
1900-01-01 08:45:00,2.2005662771760566,2.201255372354737,2.2293052382092324
1900-01-01 08:46:00,2.1791851708818344,2.1788473335316803,2.235558278617315
1900-01-01 08:47:00,2.175398199213258,2.1684634982748867,2.1608517996706107
1900-01-01 08:48:00,2.1801543277657043,2.170148834180692,2.1594588282847993
1900-01-01 08:49:00,2.1098270237182017,2.133897190263837,2.122428650617931
1900-01-01 08:50:00,2.1141185165698824,2.1237814161340567,2.110357701239203
1900-01-01 08:51:00,2.09098689340569,2.120080822770886,2.0787632471740505
1900-01-01 08:52:00,2.073294321834589,2.087639597279231,2.0890876473520597
1900-01-01 08:53:00,2.070437475926011,2.0597504476190553,2.043143656146672
1900-01-01 08:54:00,2.0617184480884934,2.047902731647465,2.021266457042607
1900-01-01 08:55:00,2.0351623113172845,2.0775982544679463,2.0351644581928015
1900-01-01 08:56:00,2.0103926958523366,1.997705171570511,2.0312580878455875
1900-01-01 08:57:00,2.007435028693776,2.0051412461233693,2.051014019276301
1900-01-01 08:58:00,1.9977152668957037,2.0371460322398387,1.997381929479828
1900-01-01 08:59:00,1.9951956618678741,2.021204585938384,1.9826353046934222
1900-01-01 09:00:00,1.9620052436928255,1.6847717613668083,1.6586766546940537
1900-01-01 09:01:00,1.9256378586241103,1.649483200602519,1.6448742616305705
1900-01-01 09:02:00,1.929977008538308,1.638031031300213,1.6778303274202915
1900-01-01 09:03:00,1.9518318192049435,1.6419551622374013,1.6511848774533064
1900-01-01 09:04:00,1.9435674802200513,1.6295821007990912,1.6280112325132468
1900-01-01 09:05:00,1.926330906303224,1.5912846698774674,1.6333675163277712
1900-01-01 09:06:00,1.8971660898577551,1.6325112778169035,1.6142633118441017
1900-01-01 09:07:00,1.9197997460437657,1.6128998441195368,1.5772765044816932
1900-01-01 09:08:00,1.8834209983514194,1.594784074280672,1.5940914076816393
1900-01-01 09:09:00,1.882414125149705,1.581146902194998,1.5822678996447483
1900-01-01 09:10:00,1.8771514147926547,1.5844133038949753,1.5819164913172767
1900-01-01 09:11:00,1.8438254412427482,1.5843685588937633,1.582885478121045
1900-01-01 09:12:00,1.8359090037951198,1.5476166171239676,1.5700337230248946
1900-01-01 09:13:00,1.8290272272603254,1.5619596308952344,1.5598808551318015
1900-01-01 09:14:00,1.841298336046413,1.5278777623090256,1.582406566167353
1900-01-01 09:15:00,1.8480621273931432,1.5462077653168738,1.5482199966679129
1900-01-01 09:16:00,1.849113272394292,1.5128554284689273,1.5258467152957398
1900-01-01 09:17:00,1.8152448577749611,1.5153938631289547,1.5243225942131
1900-01-01 09:18:00,1.7899904254659136,1.538930779143689,1.5007092023572162
1900-01-01 09:19:00,1.781123836085851,1.522060473382058,1.505875395191015
1900-01-01 09:20:00,1.796512792065598,1.478167658126307,1.5053059413998715
1900-01-01 09:21:00,1.7340211789654314,1.5191188350972435,1.4937940840463915
1900-01-01 09:22:00,1.750733229273567,1.4776044206384547,1.4936399015056498
1900-01-01 09:23:00,1.7142879892157628,1.4632674195256465,1.4887660254702793
1900-01-01 09:24:00,1.7189463112090557,1.4837716536366767,1.5007580196827441
1900-01-01 09:25:00,1.7179259241649378,1.414054947452969,1.450487415962143
1900-01-01 09:26:00,1.7361960441342954,1.4558839492359226,1.461805677889461
1900-01-01 09:27:00,1.7221776096516204,1.4504146072409025,1.45813808009138
1900-01-01 09:28:00,1.7654735972031488,1.456227191525637,1.4518487871476358
1900-01-01 09:29:00,1.7008217956083742,1.4218991001130767,1.4173733026459516
1900-01-01 09:30:00,1.6813941999633777,1.4243963068186352,1.3970020050203171
1900-01-01 09:31:00,1.6804047836146299,1.422473983145438,1.4406331156119265
1900-01-01 09:32:00,1.670237355526743,1.4132945125112406,1.4066949800952524
1900-01-01 09:33:00,1.657361499078216,1.3776290661568624,1.3910996372373532
1900-01-01 09:34:00,1.635215969416412,1.3942230784055822,1.380380723557714
1900-01-01 09:35:00,1.6680663301158114,1.3757881713020432,1.3700592675793553
1900-01-01 09:36:00,1.6405256574115825,1.3677088649162292,1.3702940750558763
1900-01-01 09:37:00,1.6595078172877615,1.3954084898539523,1.3742948451658354
1900-01-01 09:38:00,1.6323006423914737,1.3543403940544356,1.3829809868082081
1900-01-01 09:39:00,1.6169102132480873,1.3842294463098237,1.3469029002896291
1900-01-01 09:40:00,1.6375826033491807,1.3398137415541742,1.3387473368137923
1900-01-01 09:41:00,1.5772422553148462,1.3588392425275764,1.384391026248943
1900-01-01 09:42:00,1.607788556326228,1.3349757842483363,1.3263868623087265
1900-01-01 09:43:00,1.5714512813193906,1.315865604299001,1.336011743117345
1900-01-01 09:44:00,1.5883923982095542,1.285514264659439,1.3179918600147558
1900-01-01 09:45:00,1.5599390901822772,1.3316964135982041,1.3064795168773236
1900-01-01 09:46:00,1.5663010217205007,1.3257230014646602,1.3122533603430928
1900-01-01 09:47:00,1.5886165843355107,1.3040220450943587,1.2843523532706522
1900-01-01 09:48:00,1.5636962820590703,1.2914455201283672,1.2696110987348037
1900-01-01 09:49:00,1.536064539123356,1.280200536753,1.2800364625805747
1900-01-01 09:50:00,1.5412643582555807,1.2661477056535824,1.2749058219412033
1900-01-01 09:51:00,1.5485335868535595,1.2676241443053642,1.2566954267980184
1900-01-01 09:52:00,1.4967398577918682,1.2440997802055263,1.2731561317336155
1900-01-01 09:53:00,1.5205374221637236,1.248952258377722,1.2635411652111943
1900-01-01 09:54:00,1.5110787668706673,1.2250638176339947,1.2726310961245584
1900-01-01 09:55:00,1.4933350397341028,1.2725748995589001,1.229800009527488
1900-01-01 09:56:00,1.4789972087782932,1.23899759534821,1.2475660575082035
1900-01-01 09:57:00,1.4873915642459374,1.2194820871856045,1.239641202790305
1900-01-01 09:58:00,1.4736737053124571,1.2176173082276398,1.2229014814907986
1900-01-01 09:59:00,1.489061898900368,1.212293597492361,1.1938644522838446
1900-01-01 10:00:00,1.4639860590955558,1.1773718195009273,1.213024962978494
1900-01-01 10:01:00,1.4735783524235375,1.2140786213576344,1.1963895785996619
1900-01-01 10:02:00,1.4697589931755821,1.2084611964518368,1.2124356851999127
1900-01-01 10:03:00,1.4577620447957633,1.197874415829826,1.2108202949940146
1900-01-01 10:04:00,1.4599454404972094,1.1947227629328803,1.1804384724809227
1900-01-01 10:05:00,1.4719516162205633,1.2171903188129771,1.1863124352548873
1900-01-01 10:06:00,1.4286494799980418,1.1700770862923655,1.2045849975471183
1900-01-01 10:07:00,1.4584741948233222,1.1983067614056528,1.1827611399814335
1900-01-01 10:08:00,1.4377374900523945,1.2074285830703784,1.1800344414468555
1900-01-01 10:09:00,1.4485726174451585,1.1980532347053974,1.1810063410285574
1900-01-01 10:10:00,1.4399968250500934,1.1760736102379912,1.1841727087456198
1900-01-01 10:11:00,1.406177937587794,1.1788321953787033,1.1606839747636144
1900-01-01 10:12:00,1.4558286685040767,1.1711635090757715,1.1774274207154223
1900-01-01 10:13:00,1.4129039660687894,1.1435179071679877,1.1718587595763568
1900-01-01 10:14:00,1.4339074572053063,1.1696381954701913,1.1905980726104568
1900-01-01 10:15:00,1.4402674218722262,1.162825657863012,1.1878810513629898
1900-01-01 10:16:00,1.4068140249023808,1.1717145760833365,1.1704727104031443
1900-01-01 10:17:00,1.4121041524310303,1.1633101504616434,1.147493334492528
1900-01-01 10:18:00,1.4392321866468187,1.1615949212429149,1.1604023606319338
1900-01-01 10:19:00,1.3979864870756444,1.139330730048207,1.1575394028858375
1900-01-01 10:20:00,1.4097818400118358,1.1405653616244233,1.133517762039674
1900-01-01 10:21:00,1.387897471323854,1.1563941800910311,1.132534830128304
1900-01-01 10:22:00,1.3749045838020033,1.1625223405768457,1.1473398373834383
1900-01-01 10:23:00,1.3839527296807446,1.1621923582160925,1.1487754875308238
1900-01-01 10:24:00,1.3927948548053615,1.1415439782270134,1.1169369474795603
1900-01-01 10:25:00,1.3846971782446817,1.137051040665795,1.1392802825595778
1900-01-01 10:26:00,1.3968038221194026,1.1367120173749987,1.1338027033990965
1900-01-01 10:27:00,1.3935770404817314,1.1281922736651855,1.1412813527835735
1900-01-01 10:28:00,1.3770569634992018,1.1302772984503084,1.130634769341351
1900-01-01 10:29:00,1.360589700578295,1.1256727785956944,1.1202199949317377
1900-01-01 10:30:00,1.3666783703911178,1.1343078979546037,1.1092962689048282
1900-01-01 10:31:00,1.370383093975202,1.133913798993607,1.133104561804482
1900-01-01 10:32:00,1.3836493916073471,1.1238411565181476,1.1113807468240935
1900-01-01 10:33:00,1.3751705626343758,1.1097243143979734,1.1339367937795437
1900-01-01 10:34:00,1.3603491761791033,1.1208844612840423,1.1115034911060535
1900-01-01 10:35:00,1.3453829144518068,1.1128576334855362,1.1130649011720233
1900-01-01 10:36:00,1.3610958360831453,1.1224175277602648,1.1081712129157484
1900-01-01 10:37:00,1.3483512473154513,1.1198202751864061,1.1010613856463247
1900-01-01 10:38:00,1.3444910382353634,1.1046694665543002,1.0930378812294168
1900-01-01 10:39:00,1.3298706608086075,1.090800191958952,1.101350802911517
1900-01-01 10:40:00,1.3501920625776351,1.0858574586412577,1.086755887113807
1900-01-01 10:41:00,1.3398717209380244,1.1017613775406703,1.08257972906118
1900-01-01 10:42:00,1.3327474471804974,1.0988703262929551,1.0937804070730925
1900-01-01 10:43:00,1.3374993463097247,1.0867977683410701,1.079395058494182
1900-01-01 10:44:00,1.3408584242316652,1.0736232913933441,1.0936494189282737
1900-01-01 10:45:00,1.3259265776486782,1.0845204257425527,1.0901559951883144
1900-01-01 10:46:00,1.3093508676657695,1.1030827193875132,1.0903243884432112
1900-01-01 10:47:00,1.3183444704567289,1.0844380924313821,1.0830378720722633
1900-01-01 10:48:00,1.3429479857371973,1.0875884199600176,1.0727460415912846
1900-01-01 10:49:00,1.3472705911823706,1.0867418673105884,1.070093367706614
1900-01-01 10:50:00,1.3064164402349283,1.0787103466579622,1.0674362347997608
1900-01-01 10:51:00,1.3042387467464729,1.0625976023210661,1.0567976319125618
1900-01-01 10:52:00,1.330161805881739,1.0686875741393773,1.0792738100663892
1900-01-01 10:53:00,1.2802608089027832,1.0533783063959996,1.0575365355707196
1900-01-01 10:54:00,1.3164627307302548,1.0660846515398108,1.0572838515972522
1900-01-01 10:55:00,1.305731049436323,1.035905012524516,1.056127220907357
1900-01-01 10:56:00,1.2918705138114834,1.0613297120108098,1.0455807846416394
1900-01-01 10:57:00,1.2852867614194519,1.042766168730876,1.0661558418736368
1900-01-01 10:58:00,1.2934685962138257,1.0592429064014768,1.0595535844103081
1900-01-01 10:59:00,1.2848876826968665,1.0400366288302474,1.0532004914357942
1900-01-01 11:00:00,1.2965046738807138,1.0564518516238346,1.0561383358636633
1900-01-01 11:01:00,1.2831987144022128,1.0235696602984499,1.0454912777195475
1900-01-01 11:02:00,1.3061018279657715,1.0288923620243016,1.0368226983412614
1900-01-01 11:03:00,1.2563077399994487,1.0364993059706369,1.0334039075512493
1900-01-01 11:04:00,1.242905947363475,1.0426939113444518,1.0416101751028355
1900-01-01 11:05:00,1.260897205858675,1.030840951155104,1.0179206649697787
1900-01-01 11:06:00,1.2591531290695395,1.0317900113643166,1.0084579808398162
1900-01-01 11:07:00,1.2804668131137347,1.009350929118264,1.0175693315596213
1900-01-01 11:08:00,1.255886492526822,1.0125528209467178,0.9994137104715435
1900-01-01 11:09:00,1.2586897241837898,1.0077953472334626,1.0112907345276052
1900-01-01 11:10:00,1.2402529848582344,1.0056192031685394,0.9887085112930206
1900-01-01 11:11:00,1.2367683376437517,0.9966710196530769,0.9994535971206815
1900-01-01 11:12:00,1.245813084624542,0.9937256464013428,0.9795834216773459
1900-01-01 11:13:00,1.2306523444312139,0.9940318633299758,0.9755713554789623
1900-01-01 11:14:00,1.2139363465513275,0.9814548198099348,0.9915008417779295
1900-01-01 11:15:00,1.220200688510271,0.9688386883160385,0.9812023144258625
1900-01-01 11:16:00,1.2281277374789328,0.9948347198132049,0.9686265305695156
1900-01-01 11:17:00,1.2033437011413561,0.9799199257856401,0.970975034612362
1900-01-01 11:18:00,1.2077461831167409,0.980745557089634,0.970524018697144
1900-01-01 11:19:00,1.194487648795572,0.9766124166605936,0.9735470986186088
1900-01-01 11:20:00,1.182777931522082,0.9563096829158393,0.9710036076483249
1900-01-01 11:21:00,1.1808282136002473,0.9638797174072534,0.9636772418913184
1900-01-01 11:22:00,1.1950928607635618,0.9534163010996727,0.9627165775431946
1900-01-01 11:23:00,1.197771203137729,0.9453107963201003,0.9499345423567598
1900-01-01 11:24:00,1.1718542388189668,0.9395958979357113,0.9514441337288703
1900-01-01 11:25:00,1.1770834173376572,0.9421989086113268,0.9328030316995519
1900-01-01 11:26:00,1.153742377687793,0.9453389124217638,0.9359205158429307
1900-01-01 11:27:00,1.1582169448708994,0.9304025386942425,0.9316274758368853
1900-01-01 11:28:00,1.165496646998109,0.9164703840457108,0.9375041513076422
1900-01-01 11:29:00,1.1499958568919912,0.9143805824663703,0.9149791476095386
1900-01-01 11:30:00,1.162590615198595,0.9206250589682453,0.9006695425665096
1900-01-01 11:31:00,1.1574110698592421,0.9295496830283605,0.910602195625033
1900-01-01 11:32:00,1.1509822189192123,0.9188002886693257,0.9071405165518046
1900-01-01 11:33:00,1.1463623951693072,0.914213885661096,0.9126170298313012
1900-01-01 11:34:00,1.140759125522845,0.8982494706025241,0.9014983457142117
1900-01-01 11:35:00,1.1226400645319567,0.8974301400565001,0.8989606213704793
1900-01-01 11:36:00,1.1030649123369516,0.8906242314140558,0.8711534798089487
1900-01-01 11:37:00,1.1299022631561904,0.8876960422296679,0.8882257336906915
1900-01-01 11:38:00,1.1258988141463275,0.8855714375896303,0.8925634083231567
1900-01-01 11:39:00,1.1194393788890755,0.8892681754754563,0.8865607454564197
1900-01-01 11:40:00,1.1259512303630272,0.8861632262479106,0.8854778659575362
1900-01-01 11:41:00,1.1019313213280242,0.8606905026144006,0.891865943673514
1900-01-01 11:42:00,1.0886864550575923,0.874039937171109,0.8749086553095996
1900-01-01 11:43:00,1.115054576442363,0.88012520933953,0.8702940830565218
1900-01-01 11:44:00,1.0885459119861283,0.8732549805598309,0.8657203657499575
1900-01-01 11:45:00,1.0979049528563045,0.8586598317978259,0.864427857321146
1900-01-01 11:46:00,1.0895931814426516,0.8538557514302628,0.8573656600031017
1900-01-01 11:47:00,1.0828918083557586,0.8431346663688333,0.848591282433878
1900-01-01 11:48:00,1.0745036193964488,0.8343965699932976,0.8492300016919444
1900-01-01 11:49:00,1.0701527902106847,0.8454066474000811,0.8407622117459869
1900-01-01 11:50:00,1.0585203864146817,0.8360584942894511,0.8257584847906373
1900-01-01 11:51:00,1.0748560130097196,0.838476747852285,0.8371150455672629
1900-01-01 11:52:00,1.0600377199815747,0.8332347860601893,0.8445188565732613
1900-01-01 11:53:00,1.0665698124877792,0.8227501850287068,0.8335616295507303
1900-01-01 11:54:00,1.0553039637284025,0.8216191740797603,0.8392296605811774
1900-01-01 11:55:00,1.0504824576977319,0.8196273957361982,0.829738216724621
1900-01-01 11:56:00,1.042042430007023,0.8105882118560866,0.8140581692770664
1900-01-01 11:57:00,1.04979510739445,0.8192837867331325,0.8279715721768657
1900-01-01 11:58:00,1.032304461737386,0.8093987569638783,0.8140905975510091
1900-01-01 11:59:00,1.0483727500052527,0.7941676236250025,0.8017948768507378
1900-01-01 12:00:00,1.0337626619241613,0.7870987580426808,0.7938189793243713
1900-01-01 12:01:00,1.0125908120742104,0.7942737611473804,0.8010383601464032
1900-01-01 12:02:00,1.0211568919106024,0.7878726491438979,0.807242695696465
1900-01-01 12:03:00,1.0272700968795911,0.8060814382678801,0.8095130857982685
1900-01-01 12:04:00,1.0152133667500514,0.800418694333862,0.7807671321881913
1900-01-01 12:05:00,1.0247572049323237,0.7948708906464581,0.7875263599184733
1900-01-01 12:06:00,1.0250476703975648,0.7990120388035863,0.7910518229291855
1900-01-01 12:07:00,1.012223038425594,0.7931329099970039,0.787156051983457
1900-01-01 12:08:00,1.0126738472027963,0.7879857490718393,0.7825312858235397
1900-01-01 12:09:00,1.0101574832493982,0.7856808764583014,0.7758335982712954
1900-01-01 12:10:00,0.9994997920660222,0.7902194210374991,0.7749784552585954
1900-01-01 12:11:00,1.0065967984587672,0.8007074445052345,0.7866724254857589
1900-01-01 12:12:00,1.026134895592295,0.7821032241512216,0.7897330106027463
1900-01-01 12:13:00,1.0106989419673391,0.7717083873559885,0.7798477667421166
1900-01-01 12:14:00,1.0110314545773034,0.7790863712208942,0.7646388346525623
1900-01-01 12:15:00,1.0124211709232989,0.7755939790970281,0.7732632171897
1900-01-01 12:16:00,1.0097728676456557,0.7736967015011591,0.7905011299262303
1900-01-01 12:17:00,1.0074540798717555,0.7789503348570399,0.7685776780986997
1900-01-01 12:18:00,0.9909646524114296,0.7780599398370064,0.7832965874918953
1900-01-01 12:19:00,0.9920678089795666,0.7813691451075626,0.7656916379509991
1900-01-01 12:20:00,1.0017600971439322,0.7753221012899756,0.7540572263671843
1900-01-01 12:21:00,0.9893704297937912,0.7797906222861108,0.7538433522489667
1900-01-01 12:22:00,0.9995210402079326,0.7635615287048697,0.7801938725236288
1900-01-01 12:23:00,0.9988602670865401,0.7735139414107092,0.7767378239224524
1900-01-01 12:24:00,0.9733246135228282,0.7559613737336403,0.7562239193777385
1900-01-01 12:25:00,0.975766322987919,0.7746275986874329,0.7663610120832387
1900-01-01 12:26:00,0.9832359413440177,0.7604041379398923,0.76156365492608
1900-01-01 12:27:00,0.9755733279324592,0.7479532378999112,0.7674341126023697
1900-01-01 12:28:00,0.9764436521351516,0.763636675336182,0.7492097593593811
1900-01-01 12:29:00,1.0008212871534925,0.7626804564769377,0.7540877207501292
1900-01-01 12:30:00,0.9852134602646261,0.763200034062973,0.7502024847567059
1900-01-01 12:31:00,0.9957486950377056,0.7568923377399533,0.7552490593881535
1900-01-01 12:32:00,0.9678409133363111,0.7636676064752409,0.7598565493913427
1900-01-01 12:33:00,0.9796088239782031,0.7559726636083013,0.7524933105214686
1900-01-01 12:34:00,0.9562658203272322,0.7474098659858425,0.7496401679001511
1900-01-01 12:35:00,0.9760749890246381,0.7503254799139147,0.7415219364714348
1900-01-01 12:36:00,0.9608541365460792,0.7508717171202517,0.7472343765201063
1900-01-01 12:37:00,0.9714320203712957,0.7472520113255684,0.7384301884852242
1900-01-01 12:38:00,0.9708334313580365,0.7359439372374064,0.74893864353557
1900-01-01 12:39:00,0.9578791434015788,0.7420897865331663,0.7495970362569663
1900-01-01 12:40:00,0.9884174196388418,0.7445984692974603,0.7418499688716202
1900-01-01 12:41:00,0.9711393338512728,0.7439471054733036,0.7379369189974769
1900-01-01 12:42:00,0.9710884332799585,0.7294581658795782,0.7307465580832075
1900-01-01 12:43:00,0.9812275949146484,0.746624694704061,0.7334331590204497
1900-01-01 12:44:00,0.9622925342470111,0.7425967592375536,0.7327597936211114
1900-01-01 12:45:00,0.948601760275316,0.7448848303574352,0.7355607617904255
1900-01-01 12:46:00,0.9623724205900976,0.7396834187211067,0.7293834349465649
1900-01-01 12:47:00,0.9509031508872854,0.7262099558356251,0.7170791819151685
1900-01-01 12:48:00,0.9474178903125257,0.7285731582118257,0.7357503254658135
1900-01-01 12:49:00,0.9461280633087953,0.7249234295598771,0.7226296605260984
1900-01-01 12:50:00,0.9513001923945608,0.7263899964703892,0.7361582784763373
1900-01-01 12:51:00,0.9354884115512634,0.7223700835943648,0.7298381700801073
1900-01-01 12:52:00,0.9408204920771518,0.739229058882541,0.7218864825738409
1900-01-01 12:53:00,0.9515047725056004,0.7266864081992257,0.731014931810818
1900-01-01 12:54:00,0.9587450144776837,0.707513466769786,0.734516890083162
1900-01-01 12:55:00,0.9505818346557873,0.7139943588019122,0.7138070908935044
1900-01-01 12:56:00,0.9329431775669248,0.7164040682279569,0.7254172472662707
1900-01-01 12:57:00,0.9430144026116785,0.71838604194773,0.7107160770480165
1900-01-01 12:58:00,0.9373711265830743,0.7253971749394925,0.7035143631735018
1900-01-01 12:59:00,0.9312497057499962,0.7090077038046816,0.7219469034705995
1900-01-01 13:00:00,0.9389611310215349,0.7148827473553376,0.7077596261762307
1900-01-01 13:01:00,0.9343099875880018,0.7085259342633896,0.706517418601268
1900-01-01 13:02:00,0.9255789115642539,0.7214688098404173,0.7135977535743094
1900-01-01 13:03:00,0.9347064612275062,0.7122943461661273,0.7124340704844262
1900-01-01 13:04:00,0.9202482072943017,0.6958792213750868,0.7125866557210722
1900-01-01 13:05:00,0.9365488551868574,0.7132997499590077,0.7073820454665758
1900-01-01 13:06:00,0.9255055453308259,0.7201037029788678,0.7130409738196107
1900-01-01 13:07:00,0.9203847696168891,0.7061107678200486,0.7047868503029231
1900-01-01 13:08:00,0.9115470489261768,0.7061846210437382,0.6995391182406295
1900-01-01 13:09:00,0.9227848746070991,0.6862865646152482,0.698561669909243
1900-01-01 13:10:00,0.9211063580844397,0.7004318427462085,0.6989509846916157
1900-01-01 13:11:00,0.9028160894868666,0.7053327793110109,0.6991335283954874
1900-01-01 13:12:00,0.9091603000668634,0.7002646562506605,0.6838546981909776
1900-01-01 13:13:00,0.9173800339427208,0.6753888514785666,0.7006781343631848
1900-01-01 13:14:00,0.9161206672437814,0.69671970899149,0.6953910983425491
1900-01-01 13:15:00,0.9119812642076336,0.6850753038586279,0.686115139877767
1900-01-01 13:16:00,0.9071896806494428,0.6849969692744103,0.6865635234008429
1900-01-01 13:17:00,0.9032122446616667,0.7032510672497035,0.7014114006445524
1900-01-01 13:18:00,0.9045552062942109,0.6848716962132386,0.6889896879372951
1900-01-01 13:19:00,0.9106093224701389,0.6900900284538607,0.6903622806887919
1900-01-01 13:20:00,0.9061831746359401,0.685456977312849,0.6890369534724134
1900-01-01 13:21:00,0.8989812675843054,0.6978961646204124,0.6854971649896844
1900-01-01 13:22:00,0.8992849208666149,0.6754900531813768,0.6833051648540941
1900-01-01 13:23:00,0.8980792943236842,0.6841035804480068,0.6832791910008948
1900-01-01 13:24:00,0.9076796253361874,0.6668546278994156,0.6828173143140952
1900-01-01 13:25:00,0.9051862025687574,0.6796469477960192,0.6788406064709024
1900-01-01 13:26:00,0.9001204347164032,0.6774247209229001,0.6859162542403037
1900-01-01 13:27:00,0.888350958175879,0.6607676415200388,0.6904240273118308
1900-01-01 13:28:00,0.8979385340791088,0.6893774906080639,0.6807275902301546
1900-01-01 13:29:00,0.8827267582819981,0.6621847072518265,0.6726744167175427
1900-01-01 13:30:00,0.9040667680197743,0.6695352597539549,0.6736937143589792
1900-01-01 13:31:00,0.8974984451698906,0.666513048073086,0.6707334834255966
1900-01-01 13:32:00,0.8890229932722313,0.6647047801098699,0.6663689676237435
1900-01-01 13:33:00,0.8791038748024835,0.6713723202651181,0.6750164439877524
1900-01-01 13:34:00,0.8855468794101052,0.6750396454779645,0.6708378591203614
1900-01-01 13:35:00,0.8745361958000416,0.6659474834546378,0.6630258142734305
1900-01-01 13:36:00,0.8705486626197113,0.6536819235150674,0.6471933345959543
1900-01-01 13:37:00,0.8823355754734633,0.6626704830667127,0.6598635524939069
1900-01-01 13:38:00,0.889411734624578,0.6550511982826152,0.6646383424613594
1900-01-01 13:39:00,0.869382548756615,0.6568965674492042,0.6561538558913008
1900-01-01 13:40:00,0.86973277327998,0.6673735013807945,0.6680455522759947
1900-01-01 13:41:00,0.8607475446479032,0.6504916611133903,0.6428419415385138
1900-01-01 13:42:00,0.8755296047596218,0.6573917610547076,0.6538853777508837
1900-01-01 13:43:00,0.867140895673753,0.6562837304117207,0.6569301903996175
1900-01-01 13:44:00,0.8538521230968772,0.6490970976521447,0.6474702979169454
1900-01-01 13:45:00,0.871724839418583,0.6501767535248456,0.6388173297160183
1900-01-01 13:46:00,0.8799450698324337,0.6652844012939124,0.6495143165618932
1900-01-01 13:47:00,0.8649425202758537,0.6547255881036501,0.660031417780497
1900-01-01 13:48:00,0.8697259505221219,0.6469093687916833,0.6386609325144703
1900-01-01 13:49:00,0.8661829173474735,0.6527997924549815,0.6439562667717699
1900-01-01 13:50:00,0.8710196035985568,0.6346963261322318,0.6431338586164652
1900-01-01 13:51:00,0.8676689765268348,0.6449748070587515,0.637273579660578
1900-01-01 13:52:00,0.8618308347559883,0.6456505559730953,0.6438707390798262
1900-01-01 13:53:00,0.8579729679093864,0.6452809302454228,0.6430422576616256
1900-01-01 13:54:00,0.851967016010995,0.6416156028379303,0.6494476617661906
1900-01-01 13:55:00,0.8449936477689944,0.6336726141939224,0.6397184820206409
1900-01-01 13:56:00,0.8393378319546886,0.6346875511758284,0.6404290147656744
1900-01-01 13:57:00,0.8718219237772356,0.6338575305186391,0.6320140216474311
1900-01-01 13:58:00,0.8555122470387145,0.6347887996589303,0.63296166658532
1900-01-01 13:59:00,0.853910807439081,0.6411604919929421,0.6302644030652393
1900-01-01 14:00:00,0.835592184168331,0.6357994275033627,0.6416015048845215
1900-01-01 14:01:00,0.836666626486517,0.6388388478357222,0.6274818719966905
1900-01-01 14:02:00,0.8276637456564113,0.6276328295032747,0.6391712562170053
1900-01-01 14:03:00,0.8347788162474259,0.6345526950122776,0.6405399759379943
1900-01-01 14:04:00,0.8397537120108218,0.6400941445452141,0.6231684007765675
1900-01-01 14:05:00,0.8384083165956484,0.6305230518662039,0.6213004702814142
1900-01-01 14:06:00,0.8341825979788386,0.6243911781864162,0.619558788382273
1900-01-01 14:07:00,0.823471644656433,0.6190313140324015,0.6328252278449079
1900-01-01 14:08:00,0.834106722848702,0.6248717839978343,0.6216249404922061
1900-01-01 14:09:00,0.8344559113102608,0.6271775904731623,0.6324906438789217
1900-01-01 14:10:00,0.8222809266377892,0.6188254569911322,0.6205686308923638
1900-01-01 14:11:00,0.8333244012923654,0.6181599500416933,0.6111484103281631
1900-01-01 14:12:00,0.8338889046539213,0.618137327172409,0.6162302654613205
1900-01-01 14:13:00,0.8143621036305984,0.6240300295180615,0.6111985567729613
1900-01-01 14:14:00,0.8160795521964321,0.6136236230164994,0.6098830434555504
1900-01-01 14:15:00,0.8170947270456816,0.604252651259824,0.6141223535825906
1900-01-01 14:16:00,0.8119992124475793,0.6086009321414912,0.6099810348401621
1900-01-01 14:17:00,0.8059671466865378,0.5978260484497856,0.6156654684543014
1900-01-01 14:18:00,0.8049321072993139,0.6054150300608263,0.6131208130401954
1900-01-01 14:19:00,0.8102124623011406,0.6085731817539185,0.6085690530003797
1900-01-01 14:20:00,0.810058779180679,0.6068178241399639,0.5985240298911976
1900-01-01 14:21:00,0.8227985692793571,0.6149443779441847,0.6017085174709154
1900-01-01 14:22:00,0.8084652372519217,0.6040880962254586,0.6096653887692185
1900-01-01 14:23:00,0.8173528119750791,0.6025760953300946,0.6034729791426029
1900-01-01 14:24:00,0.7945700333637612,0.6040652178799923,0.6042136356273224
1900-01-01 14:25:00,0.8314332434904452,0.5914943733565851,0.5985880914546017
1900-01-01 14:26:00,0.8127141367800182,0.5927443654489648,0.6019530713654295
1900-01-01 14:27:00,0.81268499366585,0.6002312705618376,0.6046627408257167
1900-01-01 14:28:00,0.8021815491927556,0.5871422488331992,0.5931389799766854
1900-01-01 14:29:00,0.7950136153869717,0.6028444147157639,0.5994539914809511
1900-01-01 14:30:00,0.8082607933753276,0.5993485557249792,0.5959226319090529
1900-01-01 14:31:00,0.8156035828700456,0.5929041477237745,0.581407265237337
1900-01-01 14:32:00,0.794947515635582,0.5930398246962924,0.5895677268224941
1900-01-01 14:33:00,0.7995937653775086,0.5938167227710879,0.589847010345754
1900-01-01 14:34:00,0.7834992977331117,0.5873082755152657,0.5878457761257141
1900-01-01 14:35:00,0.7891064521309533,0.5927769555364066,0.590456342709766
1900-01-01 14:36:00,0.7903676012276162,0.5879552545081087,0.5848283971031356
1900-01-01 14:37:00,0.7864009977091294,0.5915199178688466,0.5848163661482829
1900-01-01 14:38:00,0.7722440952166468,0.5942442680784695,0.5866673241100162
1900-01-01 14:39:00,0.7816246281030164,0.581992364525068,0.5801863987257156
1900-01-01 14:40:00,0.7732146709530269,0.5882529225967661,0.586203851638865
1900-01-01 14:41:00,0.7904955502975624,0.5783991635782143,0.5789536036114262
1900-01-01 14:42:00,0.7887111933661738,0.577321102809135,0.5843261575055259
1900-01-01 14:43:00,0.7810482477363393,0.5807749403347053,0.5823385074343645
1900-01-01 14:44:00,0.7784102791990942,0.5772569886234922,0.5815434532676668
1900-01-01 14:45:00,0.7785260355709072,0.5765221362973374,0.5784736608211719
1900-01-01 14:46:00,0.7807303227458811,0.5795058101246258,0.5759582514500742
1900-01-01 14:47:00,0.7760487616843448,0.5702220178820143,0.564684688097351
1900-01-01 14:48:00,0.7820540532798353,0.5735976312443685,0.5725095611823295
1900-01-01 14:49:00,0.7697889201819774,0.5697962911968115,0.5743925025793971
1900-01-01 14:50:00,0.7697103221146239,0.5698141384142312,0.5636544085932235
1900-01-01 14:51:00,0.7583861398825362,0.5702396761681474,0.561116074128541
1900-01-01 14:52:00,0.7805465662449516,0.561754079421781,0.5690995635134276
1900-01-01 14:53:00,0.7718621234482816,0.5608724009493283,0.561645039835463
1900-01-01 14:54:00,0.7587056060620844,0.5560394035384126,0.5597815550484161
1900-01-01 14:55:00,0.7621741492180331,0.5614262858411302,0.5627626320680136
1900-01-01 14:56:00,0.7745317551894317,0.5562126911689714,0.5605209043214745
1900-01-01 14:57:00,0.7490260631333714,0.5497036031632612,0.5658754914663993
1900-01-01 14:58:00,0.7555581698114457,0.5516959771647045,0.567226575947928
1900-01-01 14:59:00,0.7436068269633426,0.5514247679412029,0.5559016517651991
1900-01-01 15:00:00,0.7469594552728445,0.5585609404812725,0.5615806415495128
1900-01-01 15:01:00,0.754926699374124,0.5540670598695974,0.5571825490566404
1900-01-01 15:02:00,0.7684848301528526,0.5546141381539262,0.5557145061582308
1900-01-01 15:03:00,0.7733882009762644,0.5818163812430881,0.5713607302749761
1900-01-01 15:04:00,0.7773895745645673,0.5555230319671881,0.5697523961100525
1900-01-01 15:05:00,0.7783212604474296,0.5686419884312003,0.5773173448807258
1900-01-01 15:06:00,0.7609950617530553,0.5750714081260982,0.5817631857519487
1900-01-01 15:07:00,0.7994620398161572,0.5715455198964219,0.5802209522064788
1900-01-01 15:08:00,0.7841632903116186,0.5890712351826523,0.5812547531930671
1900-01-01 15:09:00,0.8122504306460775,0.5891208786383102,0.5932878372258218
1900-01-01 15:10:00,0.7857498548531748,0.5903525349414185,0.5907396231197559
1900-01-01 15:11:00,0.8126490164714715,0.5959857186318358,0.596039397062728
1900-01-01 15:12:00,0.8003223935910078,0.5957753881864568,0.6028384769714612
1900-01-01 15:13:00,0.8057442034626909,0.6122101680719356,0.5999856298065971
1900-01-01 15:14:00,0.8094790716901855,0.6016907020141855,0.6049730749937611
1900-01-01 15:15:00,0.8116440335628171,0.6107474150737499,0.6197859122294342
1900-01-01 15:16:00,0.8219896281064082,0.6117634563840822,0.6176339826034885
1900-01-01 15:17:00,0.8330082883888321,0.6255136510216799,0.6188479141005704
1900-01-01 15:18:00,0.8533771185341218,0.6256916752726921,0.613001421187002
1900-01-01 15:19:00,0.8546963060279767,0.6301481146940707,0.6198805593969077
1900-01-01 15:20:00,0.8406507899585591,0.6326441444822186,0.6350767583810536
1900-01-01 15:21:00,0.8374449374240611,0.6322611309577828,0.6223457364129598
1900-01-01 15:22:00,0.8437915643976178,0.6377328013983231,0.6455938053739834
1900-01-01 15:23:00,0.8683467455361766,0.6363062635254759,0.6438350495497875
1900-01-01 15:24:00,0.8505859142240236,0.6402752038496975,0.6516581599454273
1900-01-01 15:25:00,0.8717865544671131,0.6495523938697355,0.6642829683256424
1900-01-01 15:26:00,0.8749604919080708,0.6524694283861271,0.647804677285825
1900-01-01 15:27:00,0.8657539108814398,0.659291044856976,0.6561511067777757
1900-01-01 15:28:00,0.8663653274795952,0.6684325063831313,0.6540032899154162
1900-01-01 15:29:00,0.8833594083627729,0.6659009708167253,0.6784185823823191
1900-01-01 15:30:00,0.891447618370576,0.6739215229607161,0.6660207001521262
1900-01-01 15:31:00,0.8896853578098305,0.6647049400783749,0.6680401146138094
1900-01-01 15:32:00,0.8939746076198329,0.6744936740137875,0.6742425855164632
1900-01-01 15:33:00,0.9033317908403266,0.6943044211004082,0.6805374655670713
1900-01-01 15:34:00,0.898546182065365,0.696144278649223,0.6769138463224513
1900-01-01 15:35:00,0.8960272731618155,0.6961322702239342,0.7022779524001581
1900-01-01 15:36:00,0.8848646736461591,0.691935428610877,0.68453869830322
1900-01-01 15:37:00,0.9173806902284732,0.696700855488496,0.7039961244290895
1900-01-01 15:38:00,0.9212282090997307,0.6954606233656225,0.7027062680932954
1900-01-01 15:39:00,0.9205667180894552,0.72053202545639,0.6988854323779472
1900-01-01 15:40:00,0.9413369330491922,0.7069086110882037,0.7015444666284439
1900-01-01 15:41:00,0.9326573872786948,0.695446312065666,0.7166532135886441
1900-01-01 15:42:00,0.9509199311330723,0.7153528936247975,0.7151409168696371
1900-01-01 15:43:00,0.9595682978262188,0.7245628915336043,0.7264783772821386
1900-01-01 15:44:00,0.9661548826162244,0.733529445669358,0.7324718236841463
1900-01-01 15:45:00,0.960906736991378,0.7400675741529353,0.7371890989119357
1900-01-01 15:46:00,0.9720905430495748,0.740453561025022,0.7357066955990373
1900-01-01 15:47:00,0.9663583942340443,0.7456695718422007,0.7506625371077124
1900-01-01 15:48:00,0.9818952191561156,0.7465187336085429,0.7430969521262561
1900-01-01 15:49:00,0.9733677725799618,0.750391868047151,0.7623010604734085
1900-01-01 15:50:00,0.9836367285603366,0.7580734846326571,0.7544066307505015
1900-01-01 15:51:00,0.9879734313308661,0.7585450186058756,0.7652876106861051
1900-01-01 15:52:00,0.9852328917649792,0.7775948252246347,0.770677458565495
1900-01-01 15:53:00,1.0022096375295404,0.7722119022359988,0.7600291933643567
1900-01-01 15:54:00,0.9945981698212342,0.7725858858553687,0.7709662307681913
1900-01-01 15:55:00,0.9987981825746505,0.7792029664611415,0.7769648506289015
1900-01-01 15:56:00,1.0086939753267987,0.7797482925358645,0.7808817162323923
1900-01-01 15:57:00,1.0151727482602917,0.7823359000911202,0.7831713063597542
1900-01-01 15:58:00,1.0349512596373651,0.7963936402478279,0.7899504701862154
1900-01-01 15:59:00,1.0259878122678168,0.7825752466683031,0.7884202440338315
1900-01-01 16:00:00,1.0197060652030645,0.7872665202023107,1.028608697617588
1900-01-01 16:01:00,1.0388268565405356,0.8045961668797404,1.0254177568239984
1900-01-01 16:02:00,1.0295665280709638,0.8038673971352538,1.0385729153534686
1900-01-01 16:03:00,1.0442793532741064,0.8105735602779727,1.0285772594955465
1900-01-01 16:04:00,1.0403226148998805,0.7923183682359033,1.056644300781908
1900-01-01 16:05:00,1.0531563455642727,0.8133259378032198,1.038047415644088
1900-01-01 16:06:00,1.0628018296204225,0.8262465098815642,1.0514355307412058
1900-01-01 16:07:00,1.0375439079776827,0.823385821341371,1.0709352673983372
1900-01-01 16:08:00,1.0734947199194789,0.8340401187669411,1.0339057797422808
1900-01-01 16:09:00,1.0542440167874796,0.8318471744639846,1.0824387845560033
1900-01-01 16:10:00,1.0547216287270809,0.829943106142043,1.0705657307781276
1900-01-01 16:11:00,1.0858982119420186,0.8435132390697029,1.0752188202236237
1900-01-01 16:12:00,1.0665946229430852,0.8409360179705735,1.077911546830398
1900-01-01 16:13:00,1.0859225007601436,0.8409706323459166,1.0957769474563106
1900-01-01 16:14:00,1.081654723413817,0.8703145164939629,1.0792905494639806
1900-01-01 16:15:00,1.0980178482963443,0.8667507936577697,1.101500406181632
1900-01-01 16:16:00,1.103286609487957,0.8631344607559858,1.0965139902332608
1900-01-01 16:17:00,1.087756021741331,0.8596359089631938,1.0901611916357152
1900-01-01 16:18:00,1.1155465228596573,0.877975942620644,1.1016283741005604
1900-01-01 16:19:00,1.109271722087719,0.8762656818360656,1.0943166188933247
1900-01-01 16:20:00,1.1120787492286972,0.8745553787443896,1.1134635915481605
1900-01-01 16:21:00,1.1139450746889268,0.8792972146509269,1.1148895148989273
1900-01-01 16:22:00,1.1305700825300709,0.8802522870163114,1.1201847094242308
1900-01-01 16:23:00,1.131424960048306,0.8958084268618264,1.125830093793177
1900-01-01 16:24:00,1.1381610291756794,0.8827021061574986,1.1079239124177556
1900-01-01 16:25:00,1.1289124575513467,0.9029349512851016,1.1370695254024024
1900-01-01 16:26:00,1.1251182832419098,0.891804659028157,1.1302214891178943
1900-01-01 16:27:00,1.14587735014592,0.9071915017380605,1.1458075412067275
1900-01-01 16:28:00,1.1253208081238688,0.8943882765128847,1.1445149330061324
1900-01-01 16:29:00,1.158792695128421,0.9090439761954039,1.138946103399881
1900-01-01 16:30:00,1.1367625548269742,0.9161631798968115,1.1507040736928602
1900-01-01 16:31:00,1.1631098784898686,0.9473521669484305,1.151296633527322
1900-01-01 16:32:00,1.1735004821001715,0.9268611049336826,1.1551332515452735
1900-01-01 16:33:00,1.162989162441016,0.916930644004583,1.1591597850475657
1900-01-01 16:34:00,1.1642018533507974,0.9383124716293431,1.1537799736319494
1900-01-01 16:35:00,1.1790769547530764,0.9434133704583504,1.1751247934691293
1900-01-01 16:36:00,1.1762245320886877,0.9510564107154628,1.1781071409454889
1900-01-01 16:37:00,1.1768793568083002,0.9328320168794968,1.186150683548811
1900-01-01 16:38:00,1.1784582217587263,0.9726322866190145,1.1972480943044088
1900-01-01 16:39:00,1.1849941429644297,0.94273086640527,1.1996113874504213
1900-01-01 16:40:00,1.1996685525372084,0.941999138074704,1.202964363708769
1900-01-01 16:41:00,1.2013495938504195,0.9590188401054771,1.1962546445018158
1900-01-01 16:42:00,1.1910533819937743,0.9477028489785642,1.195549671775175
1900-01-01 16:43:00,1.1941277949729543,0.9488993953360896,1.2133455771479826
1900-01-01 16:44:00,1.2368731463622,0.9798137912690612,1.2088009512731144
1900-01-01 16:45:00,1.2061786718381144,0.9588888036442602,1.2343185336699647
1900-01-01 16:46:00,1.236129108766891,0.9913976040273552,1.243963814974856
1900-01-01 16:47:00,1.2181452702785647,0.9867416154615603,1.2231777109008832
1900-01-01 16:48:00,1.210529819759116,0.9910841354669898,1.221919513964147
1900-01-01 16:49:00,1.2587759568709496,0.98410801864216,1.2175254120144352
1900-01-01 16:50:00,1.2309798400963146,1.0027370083979341,1.220916139098644
1900-01-01 16:51:00,1.2453452253355066,1.000359064875785,1.2374305280719506
1900-01-01 16:52:00,1.2260793845699263,1.0122052342284498,1.2689356904394147
1900-01-01 16:53:00,1.2492735986712353,0.9977105246737982,1.2569975879387743
1900-01-01 16:54:00,1.256391357405338,1.029059586098437,1.2729182105392682
1900-01-01 16:55:00,1.2891957299478434,1.0324968960434286,1.2620779837730713
1900-01-01 16:56:00,1.2740066361018891,1.0227010267194008,1.2718679189645758
1900-01-01 16:57:00,1.2693372835845622,1.041470143444796,1.2731735603791308
1900-01-01 16:58:00,1.2772514417329681,1.0411556369558435,1.2650071118328623
1900-01-01 16:59:00,1.283519698873375,1.0421529585683695,1.2679212371983348
1900-01-01 17:00:00,1.2777552813406674,1.291040765842199,1.2987920107173152
1900-01-01 17:01:00,1.29126092408405,1.290329846957888,1.3017382792990033
1900-01-01 17:02:00,1.287281211226222,1.2816902029752935,1.2812138611298984
1900-01-01 17:03:00,1.2982017318293841,1.269078717051822,1.285390252107764
1900-01-01 17:04:00,1.2926919968252761,1.3127149046485909,1.299583855246896
1900-01-01 17:05:00,1.304550813035058,1.297265725179658,1.2930117252700801
1900-01-01 17:06:00,1.298723777418608,1.3027375269270496,1.3246074064085487
1900-01-01 17:07:00,1.3127013961087415,1.3177190539913135,1.328982331408961
1900-01-01 17:08:00,1.3193381536171638,1.3026376847188943,1.3196305146729768
1900-01-01 17:09:00,1.2980210942874446,1.3329749469288736,1.2993097517210084
1900-01-01 17:10:00,1.3209735180794675,1.3147311615828547,1.3021946328711766
1900-01-01 17:11:00,1.3253284400093561,1.3041824932433648,1.330014449981674
1900-01-01 17:12:00,1.2997488706020457,1.3112849938151456,1.3107375159916288
1900-01-01 17:13:00,1.3172333409377965,1.318101586049228,1.305368710103221
1900-01-01 17:14:00,1.3160158985607688,1.3360228025403145,1.327986414617157
1900-01-01 17:15:00,1.337233248887295,1.3162634279054155,1.3282440341152195
1900-01-01 17:16:00,1.3285844155954736,1.3241577263059234,1.3600216459177614
1900-01-01 17:17:00,1.3493093040378608,1.327301882953267,1.339275810893485
1900-01-01 17:18:00,1.3525618687186176,1.3132882034298579,1.3236218246840217
1900-01-01 17:19:00,1.3467332481542775,1.332801405141438,1.3485295960968158
1900-01-01 17:20:00,1.3509270337538943,1.3283090339590315,1.3312028423330684
1900-01-01 17:21:00,1.3244434863094117,1.3412143482557086,1.3495105440323103
1900-01-01 17:22:00,1.3628432395367807,1.362102604534864,1.337779529476004
1900-01-01 17:23:00,1.356991448410139,1.3342033261093174,1.3353321947297547
1900-01-01 17:24:00,1.3672730581469725,1.3742077826056784,1.37255603046469
1900-01-01 17:25:00,1.364465845766436,1.3843980440009356,1.3696363188503118
1900-01-01 17:26:00,1.3492744853793979,1.3723683446839425,1.3512147379963955
1900-01-01 17:27:00,1.3573046408336709,1.3445413973049916,1.3872598898211432
1900-01-01 17:28:00,1.372363744604348,1.3610586004111884,1.3679165617946842
1900-01-01 17:29:00,1.377611268799059,1.387893448354195,1.3705210345890328
1900-01-01 17:30:00,1.3730311901713597,1.3763510174905098,1.351216065272968
1900-01-01 17:31:00,1.3786335358816555,1.3599247579156162,1.3905334911288818
1900-01-01 17:32:00,1.371693552857457,1.3756262017732543,1.3687390773615349
1900-01-01 17:33:00,1.3808149949572575,1.3938864133037754,1.4028591609284464
1900-01-01 17:34:00,1.3620030578854458,1.3972110543247818,1.3635326493104902
1900-01-01 17:35:00,1.4132513092411203,1.4040429520335889,1.4038015158365278
1900-01-01 17:36:00,1.3822639010376883,1.4014293264286757,1.389735392632261
1900-01-01 17:37:00,1.3919090003746994,1.415643328748826,1.3887533711274445
1900-01-01 17:38:00,1.3817774783960983,1.4027952240811525,1.4113773948110782
1900-01-01 17:39:00,1.3875757066313992,1.3871408414089408,1.3885029339045025
1900-01-01 17:40:00,1.3988970085147925,1.3705327140115036,1.416029086222154
1900-01-01 17:41:00,1.4075199596543968,1.413143891446085,1.4074059219552186
1900-01-01 17:42:00,1.4232389256054518,1.4338522837733287,1.3967717172268197
1900-01-01 17:43:00,1.3968532427246685,1.3968106999782441,1.419610482176248
1900-01-01 17:44:00,1.4218878966143644,1.4109338430920522,1.4255404496726678
1900-01-01 17:45:00,1.4440270013089955,1.4384775405314563,1.4167128022636029
1900-01-01 17:46:00,1.418893939530401,1.3983413548187429,1.432220735036911
1900-01-01 17:47:00,1.4139875877974004,1.4428600816433086,1.4238396425718003
1900-01-01 17:48:00,1.4240207407912762,1.4558314917916648,1.4086132405520297
1900-01-01 17:49:00,1.4586095468050209,1.430933963625625,1.408027053719747
1900-01-01 17:50:00,1.4372828312985086,1.4417957335705545,1.4448109190553349
1900-01-01 17:51:00,1.4400165247926149,1.4459590217729803,1.4467672773240494
1900-01-01 17:52:00,1.4384351519630947,1.450435515175313,1.4205033355822332
1900-01-01 17:53:00,1.4512813095118573,1.4237044887034818,1.440142920055913
1900-01-01 17:54:00,1.4350202041946656,1.4517833192343141,1.4428859812465034
1900-01-01 17:55:00,1.4550140971498249,1.436719035644359,1.4448015410961221
1900-01-01 17:56:00,1.4598233800969205,1.4517776805329845,1.4535664423738508
1900-01-01 17:57:00,1.45945157294813,1.4530861203452492,1.46269801595346
1900-01-01 17:58:00,1.4219111804934514,1.4674342521660115,1.4493601650661998
1900-01-01 17:59:00,1.4755274112535868,1.469703130253738,1.4573376544604153
1900-01-01 18:00:00,1.4730538332302547,1.493691013694832,1.438129202608469
1900-01-01 18:01:00,1.4775481236262367,1.4471870118383265,1.490127924293925
1900-01-01 18:02:00,1.4413223541344844,1.4306573471361734,1.4556645747973533
1900-01-01 18:03:00,1.4739544057951743,1.5002426233830923,1.4517682282797022
1900-01-01 18:04:00,1.4675357159708609,1.4621301349476234,1.4551215991794302
1900-01-01 18:05:00,1.4588302543337957,1.474172602264312,1.4739079660436072
1900-01-01 18:06:00,1.4728734695500116,1.4508081126997272,1.4520428987425675
1900-01-01 18:07:00,1.4570273682945016,1.4723247046472105,1.4805160978666556
1900-01-01 18:08:00,1.4596054119481199,1.4689927167260446,1.4736138427151795
1900-01-01 18:09:00,1.4647648396427995,1.4622318753683634,1.4409445793943079
1900-01-01 18:10:00,1.4692945451597181,1.4736983649154805,1.4692216155693454
1900-01-01 18:11:00,1.4931048017656485,1.4693392746038603,1.4707869264747027
1900-01-01 18:12:00,1.457834860196539,1.4588099019669105,1.4856126352302164
1900-01-01 18:13:00,1.4900041592485103,1.453519628666022,1.4729765649822442
1900-01-01 18:14:00,1.4669953772480993,1.486222278312354,1.459656409723699
1900-01-01 18:15:00,1.4616702070520529,1.4552360511830142,1.465153179466029
1900-01-01 18:16:00,1.4704051608038582,1.4466216773082476,1.4765881704920205
1900-01-01 18:17:00,1.4707908120456072,1.4892953686157469,1.4529037060721857
1900-01-01 18:18:00,1.4850017780752232,1.474225428308044,1.4466510081203308
1900-01-01 18:19:00,1.4677079300861586,1.466833664133083,1.4522578371407309
1900-01-01 18:20:00,1.4700515141772104,1.4745350256677268,1.4746096384658365
1900-01-01 18:21:00,1.4834338237656892,1.4855504829262764,1.4675723911583622
1900-01-01 18:22:00,1.444650663787248,1.4565433849596936,1.4771587379092979
1900-01-01 18:23:00,1.4776087973861942,1.4429789236720116,1.5139391704652385
1900-01-01 18:24:00,1.4621965793065343,1.4457203428087213,1.4583903999090388
1900-01-01 18:25:00,1.4731059450062582,1.472579896927982,1.4560014970530675
1900-01-01 18:26:00,1.468575164899422,1.4584899619809462,1.4580760876336027
1900-01-01 18:27:00,1.4503035526293644,1.458003625046426,1.4778632880225222
1900-01-01 18:28:00,1.461257188628463,1.454988190069221,1.4635486022214343
1900-01-01 18:29:00,1.476498665967173,1.482363688950021,1.477736445909354
1900-01-01 18:30:00,1.4629223488516292,1.4580702618674957,1.4692937571842688
1900-01-01 18:31:00,1.4634732913857968,1.4399555584329384,1.4661235011834055
1900-01-01 18:32:00,1.4845980181821203,1.4718264370906615,1.4515918487248478
1900-01-01 18:33:00,1.4516979370490337,1.4586097442926627,1.465179164952331
1900-01-01 18:34:00,1.4617276016768295,1.4472558315385085,1.4506121206652631
1900-01-01 18:35:00,1.4489346040353728,1.4576801276792692,1.5033291381501508
1900-01-01 18:36:00,1.4627761859388788,1.4555103871258728,1.4744200083897303
1900-01-01 18:37:00,1.4628462957179094,1.4614151387874006,1.472105467651505
1900-01-01 18:38:00,1.449178204012561,1.4675862642857154,1.4750326252037917
1900-01-01 18:39:00,1.4573681426998766,1.4625262401137176,1.4790744209178692
1900-01-01 18:40:00,1.4579513387302134,1.4403669001327208,1.4998352514640463
1900-01-01 18:41:00,1.4718542622252577,1.4770739160749655,1.4616382102335672
1900-01-01 18:42:00,1.4602993914878888,1.4609501314619933,1.4550874551180493
1900-01-01 18:43:00,1.4630343204307183,1.432350018269894,1.440404480732779
1900-01-01 18:44:00,1.4956012610931482,1.4845885114561528,1.4631211352913855
1900-01-01 18:45:00,1.4656936391499469,1.4634864133906262,1.461877113587718
1900-01-01 18:46:00,1.4424009864543192,1.478335521925896,1.4566786223910388
1900-01-01 18:47:00,1.4608330551335327,1.4826469476810222,1.4957966411106756
1900-01-01 18:48:00,1.476077490749601,1.4655304672129452,1.4727145168021003
1900-01-01 18:49:00,1.478822977328528,1.4702611442260967,1.4698431022053142
1900-01-01 18:50:00,1.4599577139642497,1.4474894979548423,1.4286120223251966
1900-01-01 18:51:00,1.4643456578342655,1.450339138668135,1.473494086557014
1900-01-01 18:52:00,1.4461365146616458,1.4864784420542996,1.4743111456509053
1900-01-01 18:53:00,1.4601408308958053,1.476214604605973,1.4730580225596281
1900-01-01 18:54:00,1.457695322451648,1.4576948849498554,1.4712556519756657
1900-01-01 18:55:00,1.4639591546840505,1.4505253035272436,1.4612411139126333
1900-01-01 18:56:00,1.4912445855379466,1.4394979573960365,1.4602270131514594
1900-01-01 18:57:00,1.450393027685835,1.4538973460051121,1.492259096043374
1900-01-01 18:58:00,1.4865149555527408,1.4706592518486594,1.4657502676841485
1900-01-01 18:59:00,1.4571485162035698,1.467814055532329,1.4573843167563922
1900-01-01 19:00:00,1.463435119619117,1.4749041527288587,1.4654734169072805
1900-01-01 19:01:00,1.482513754495348,1.4578772955221846,1.4347685790387985
1900-01-01 19:02:00,1.4616589790039671,1.4442461742910309,1.4720960171920259
1900-01-01 19:03:00,1.458821065579898,1.4575971505498897,1.4676956123852807
1900-01-01 19:04:00,1.4555192327590274,1.4306069114694262,1.4720039962055527
1900-01-01 19:05:00,1.4527717233617643,1.4467726311704243,1.452474422314712
1900-01-01 19:06:00,1.4411935356188148,1.4409370237875452,1.4384202842004041
1900-01-01 19:07:00,1.4498446808363148,1.433615848325779,1.4669417997420264
1900-01-01 19:08:00,1.4277011798967274,1.4366025649560654,1.4350970746505014
1900-01-01 19:09:00,1.4344974112585287,1.4392038929260287,1.4335116984255152
1900-01-01 19:10:00,1.4378342724343038,1.4222426002030653,1.417660310803852
1900-01-01 19:11:00,1.4200356849921811,1.4458115587548608,1.4167166725868845
1900-01-01 19:12:00,1.4264433064479223,1.423015632901557,1.4288065479238736
1900-01-01 19:13:00,1.429243366227099,1.4158544334204757,1.4147213315892155
1900-01-01 19:14:00,1.450642086023686,1.400494976462578,1.4270916469608288
1900-01-01 19:15:00,1.4085312996660957,1.4256806636303403,1.4098411982665666
1900-01-01 19:16:00,1.4516367787026083,1.41279020833094,1.4272595249430875
1900-01-01 19:17:00,1.3940359414307992,1.400719362190634,1.4273087248011977
1900-01-01 19:18:00,1.4165926671345275,1.3853272909930265,1.406353858912484
1900-01-01 19:19:00,1.389094985279392,1.39397324334807,1.4340933198028931
1900-01-01 19:20:00,1.4022628633360035,1.398520044828228,1.4028465826360745
1900-01-01 19:21:00,1.401167375756267,1.4336379540894815,1.4078253118070352
1900-01-01 19:22:00,1.4088402046133457,1.3761436397987206,1.3938141951586434
1900-01-01 19:23:00,1.4033313448780211,1.4008322927650472,1.385435184142164
1900-01-01 19:24:00,1.419470757240086,1.409002628672048,1.3882043137243512
1900-01-01 19:25:00,1.3994818113327339,1.4027043142542168,1.3743630956478783
1900-01-01 19:26:00,1.3823487636147695,1.363897463885872,1.4061722919186486
1900-01-01 19:27:00,1.378370214090003,1.3653558940676322,1.4224896319934794
1900-01-01 19:28:00,1.3662759670318383,1.3920815934711745,1.3773196864979336
1900-01-01 19:29:00,1.3792789089249542,1.3622125831097966,1.3630132637673984
1900-01-01 19:30:00,1.3799825926855398,1.3458212846014652,1.4015328888311318
1900-01-01 19:31:00,1.3704103805307217,1.3615780899392744,1.3560565558220692
1900-01-01 19:32:00,1.369516178678777,1.333639988891886,1.3660844453276713
1900-01-01 19:33:00,1.3615666471509285,1.3597682932293966,1.3624692658331032
1900-01-01 19:34:00,1.3592894369496054,1.373247302972784,1.3321819044171914
1900-01-01 19:35:00,1.3700002606809267,1.3587423928131677,1.3577211622222936
1900-01-01 19:36:00,1.367019035667539,1.3294945570697299,1.3793705937119913
1900-01-01 19:37:00,1.3584863044915132,1.357764726654593,1.3453064774179573
1900-01-01 19:38:00,1.3477907555023563,1.3558748339169306,1.3438244072974155
1900-01-01 19:39:00,1.34089814344262,1.3545395958230662,1.3652481659079367
1900-01-01 19:40:00,1.3356186842880717,1.3479912457394136,1.342687115489047
1900-01-01 19:41:00,1.3454125143070674,1.3172515304642494,1.3378054756521618
1900-01-01 19:42:00,1.3626377134248853,1.3551369930050865,1.3646355935533048
1900-01-01 19:43:00,1.3254213460851092,1.3227436260575351,1.3616860256338417
1900-01-01 19:44:00,1.326372944623621,1.3423172874664475,1.3421820696434763
1900-01-01 19:45:00,1.3414592039291289,1.3403823526255338,1.3399203127474935
1900-01-01 19:46:00,1.313971414644081,1.319349275559439,1.336751794779754
1900-01-01 19:47:00,1.315079353097065,1.3178649034743564,1.3094646791743576
1900-01-01 19:48:00,1.3225052482378161,1.3154785390962014,1.3187306421258378
1900-01-01 19:49:00,1.300072606844738,1.2980731497900695,1.3178808178019947
1900-01-01 19:50:00,1.304648109751776,1.311037642488773,1.321886416794782
1900-01-01 19:51:00,1.3238188318080757,1.3269975131794074,1.3231770102462221
1900-01-01 19:52:00,1.3267356887554829,1.305563348230985,1.3118690870493483
1900-01-01 19:53:00,1.3437135046254496,1.3351709916751942,1.3216437070991853
1900-01-01 19:54:00,1.3218325488304696,1.3134626478724898,1.3243953485665556
1900-01-01 19:55:00,1.3070706099200167,1.288220637273817,1.3082429628681584
1900-01-01 19:56:00,1.2942924085698706,1.2900597665347646,1.285821286254117
1900-01-01 19:57:00,1.2852296114981443,1.302684648826129,1.3032573128978284
1900-01-01 19:58:00,1.3010484236753022,1.2943515298876642,1.2865258631589036
1900-01-01 19:59:00,1.2967012059982839,1.2786197115034008,1.2994354029725643
1900-01-01 20:00:00,1.3032273852054799,1.2785157049641327,1.2894766681134977
1900-01-01 20:01:00,1.3264262512073952,1.2826433022409438,1.2804348932182816
1900-01-01 20:02:00,1.2934981375737296,1.3037278304509645,1.2762867635433692
1900-01-01 20:03:00,1.2926686984043647,1.2974892424375186,1.2892361926092863
1900-01-01 20:04:00,1.30397605966139,1.32541021019446,1.2928302190940202
1900-01-01 20:05:00,1.3017013665533264,1.3181681255861706,1.2903529501679025
1900-01-01 20:06:00,1.2995788683075415,1.3120550514313944,1.3188364721112102
1900-01-01 20:07:00,1.2800784161374414,1.31499261140989,1.3065091490780114
1900-01-01 20:08:00,1.3077853423741015,1.3250071614141559,1.3240773804123231
1900-01-01 20:09:00,1.308057429252559,1.3258289553581681,1.3166909360277768
1900-01-01 20:10:00,1.3247809860584152,1.3172404890442606,1.309324569078337
1900-01-01 20:11:00,1.3200006418788777,1.3044747611067118,1.2974518287023675
1900-01-01 20:12:00,1.3312884867242472,1.3152797339229103,1.299144741554753
1900-01-01 20:13:00,1.325294777720147,1.3339064976000696,1.313572018163084
1900-01-01 20:14:00,1.32572262287523,1.3136094437572363,1.325482503286201
1900-01-01 20:15:00,1.3047256607421804,1.3506150417683376,1.349510576518285
1900-01-01 20:16:00,1.3243079355583323,1.3458512442565096,1.3142125145780896
1900-01-01 20:17:00,1.338881154426501,1.3428923319032586,1.3192273805679346
1900-01-01 20:18:00,1.3177273758183918,1.3530577306256988,1.3522613019627707
1900-01-01 20:19:00,1.3460893450646754,1.355862506850152,1.3385951362559816
1900-01-01 20:20:00,1.3389593192667233,1.3424520839179375,1.3512482470936764
1900-01-01 20:21:00,1.3719891784415412,1.338933975898718,1.338005806081712
1900-01-01 20:22:00,1.3169583828535725,1.3626932958856148,1.3799668051751768
1900-01-01 20:23:00,1.3370790434371014,1.349954049113155,1.3373920918510844
1900-01-01 20:24:00,1.3634426110015743,1.338181302427142,1.365027657423785
1900-01-01 20:25:00,1.3635169505481635,1.3706542887607105,1.3603745849819162
1900-01-01 20:26:00,1.3714438918463543,1.3485751036901743,1.3639120651292662
1900-01-01 20:27:00,1.3372062428392701,1.3903253332347072,1.365342490105155
1900-01-01 20:28:00,1.3966776397642449,1.3916310368739837,1.3747839501571781
1900-01-01 20:29:00,1.3554548794594719,1.4017697685901314,1.3632267018612403
1900-01-01 20:30:00,1.362476422598792,1.3760344796803672,1.3721180120270744
1900-01-01 20:31:00,1.3773285942779205,1.3612514502035176,1.3749232954256565
1900-01-01 20:32:00,1.3701802380078314,1.3939173448393176,1.3838932315686063
1900-01-01 20:33:00,1.401359053552679,1.403113178451613,1.365374531470895
1900-01-01 20:34:00,1.390744722912693,1.3819050244491204,1.3934579171357626
1900-01-01 20:35:00,1.4094596209880672,1.3935170235171703,1.3804068818696722
1900-01-01 20:36:00,1.393656149751652,1.4040221546761724,1.3957334608739345
1900-01-01 20:37:00,1.3802228483712415,1.3786190059591537,1.3977675902719378
1900-01-01 20:38:00,1.4047473064017557,1.4053104326392687,1.4077324013006487
1900-01-01 20:39:00,1.4067597724345993,1.382948733054172,1.40836701282721
1900-01-01 20:40:00,1.4127614739228134,1.406435118313963,1.3951251878107955
1900-01-01 20:41:00,1.4168242087763783,1.428282081491219,1.423636495533706
1900-01-01 20:42:00,1.4442134281545398,1.4287382404561648,1.3985235209859692
1900-01-01 20:43:00,1.4157958980203638,1.4227024737319764,1.406757384754812
1900-01-01 20:44:00,1.3999551205541807,1.4147006823252708,1.4069932306780273
1900-01-01 20:45:00,1.4324859437424808,1.4316607212142258,1.4336748389822889
1900-01-01 20:46:00,1.4380176439715868,1.3997585018588707,1.4239390763263673
1900-01-01 20:47:00,1.4013978546231083,1.428686349374461,1.4195745368301431
1900-01-01 20:48:00,1.43731930395844,1.41159510889866,1.433306458934592
1900-01-01 20:49:00,1.4295297337591575,1.4325443013525896,1.4116729519271187
1900-01-01 20:50:00,1.434735083437231,1.4326690966828264,1.4561514552111408
1900-01-01 20:51:00,1.431542834173795,1.4348380503890574,1.444803672505738
1900-01-01 20:52:00,1.4203320203830556,1.4616387063342615,1.4630466124015336
1900-01-01 20:53:00,1.4679014235988332,1.4512444360797652,1.4354140609284267
1900-01-01 20:54:00,1.4365923593853371,1.449023643372827,1.44162680422611
1900-01-01 20:55:00,1.460002963370191,1.4751002358628482,1.4387260647503797
1900-01-01 20:56:00,1.4502588283058913,1.470541146379227,1.4644673484107964
1900-01-01 20:57:00,1.4237832965386872,1.4554713502542795,1.475761587583078
1900-01-01 20:58:00,1.47159940888215,1.4699600723751802,1.447030176398215
1900-01-01 20:59:00,1.4695539925730423,1.4611936214117942,1.4555274464889005
1900-01-01 21:00:00,1.4897570322710312,1.4728295019864484,1.236324029885957
1900-01-01 21:01:00,1.4684104088621748,1.491184552169602,1.2028274470758649
1900-01-01 21:02:00,1.4710517075588614,1.4764980046341265,1.2161417687089706
1900-01-01 21:03:00,1.4610944731681443,1.4494510085761698,1.2026841746594423
1900-01-01 21:04:00,1.4655895948839153,1.4555889770993258,1.2192394046531838
1900-01-01 21:05:00,1.4730049687472353,1.467221277422646,1.1915352697078783
1900-01-01 21:06:00,1.4755082972056932,1.4464485498835749,1.2128745852122496
1900-01-01 21:07:00,1.4725137242190884,1.4374826184512377,1.2130540238945045
1900-01-01 21:08:00,1.4696588915177795,1.4647729018393996,1.2216902702296246
1900-01-01 21:09:00,1.4741120130693055,1.4654256184231258,1.2200235214737956
1900-01-01 21:10:00,1.450614149739293,1.4578853970269432,1.2039283039189104
1900-01-01 21:11:00,1.4560123043276674,1.4816127246821322,1.2184480678689196
1900-01-01 21:12:00,1.4672159633170492,1.46320492798438,1.226495668989603
1900-01-01 21:13:00,1.4619138375495877,1.449643952374314,1.1995947225504726
1900-01-01 21:14:00,1.446219417503139,1.461925611178634,1.1956037564517683
1900-01-01 21:15:00,1.459234951399362,1.4439214817962203,1.2070565022529052
1900-01-01 21:16:00,1.4625897834656165,1.4723656470781918,1.2189806231382898
1900-01-01 21:17:00,1.4653117963177138,1.4667841239672887,1.2248623355261838
1900-01-01 21:18:00,1.4788285604111993,1.4348843322287224,1.203611596201595
1900-01-01 21:19:00,1.4798653376005313,1.4757129785505658,1.1867916331875903
1900-01-01 21:20:00,1.4631647063444064,1.4462362717527857,1.2188922717837845
1900-01-01 21:21:00,1.4875063401308959,1.4654057301195544,1.2079704696179867
1900-01-01 21:22:00,1.457116414062935,1.467511323503076,1.2086669649736286
1900-01-01 21:23:00,1.4886399134292538,1.4705913259004433,1.2092370409115065
1900-01-01 21:24:00,1.471894404703113,1.470333795226599,1.2064899321007636
1900-01-01 21:25:00,1.4685730776361259,1.4619572034030521,1.1976339738681956
1900-01-01 21:26:00,1.4556741642831486,1.464179998903128,1.2226469636511659
1900-01-01 21:27:00,1.4694214580115592,1.4793797137583982,1.2096386536204584
1900-01-01 21:28:00,1.4801450709639463,1.470347521168725,1.2026544480466081
1900-01-01 21:29:00,1.440097157566508,1.462504600239444,1.2193047613174892
1900-01-01 21:30:00,1.447933199435901,1.4720813726713744,1.1905061962957637
1900-01-01 21:31:00,1.4523812938831624,1.4815282584970066,1.1970607810253306
1900-01-01 21:32:00,1.447956551590146,1.4599710063891729,1.2097590604070323
1900-01-01 21:33:00,1.465913676153495,1.4691107618728314,1.2166466294457854
1900-01-01 21:34:00,1.484905059952005,1.459323549725221,1.1934326293869162
1900-01-01 21:35:00,1.4626483568221265,1.4479783499453283,1.21291581918977
1900-01-01 21:36:00,1.442548116408275,1.479921564273682,1.2168532663075864
1900-01-01 21:37:00,1.4798199618384849,1.4468368426876224,1.2206170276376183
1900-01-01 21:38:00,1.4519941282901259,1.4740940438824803,1.2039585105594937
1900-01-01 21:39:00,1.479342833984791,1.4669040029263951,1.2207155228855975
1900-01-01 21:40:00,1.4599581698049278,1.4775724619030477,1.1976353590891327
1900-01-01 21:41:00,1.450591841733054,1.4853470916505362,1.2126461076456327
1900-01-01 21:42:00,1.472678900895259,1.4577583140528267,1.2098010428350416
1900-01-01 21:43:00,1.4791809301037846,1.4580289348068625,1.2219076284808306
1900-01-01 21:44:00,1.4527523062063945,1.4810454027909812,1.21350121588927
1900-01-01 21:45:00,1.4659149840590784,1.468456492984739,1.204634433443063
1900-01-01 21:46:00,1.4498197673406528,1.4648436554055722,1.1924397797019797
1900-01-01 21:47:00,1.4639364548217442,1.4499010176217149,1.225851357904646
1900-01-01 21:48:00,1.4349476127103526,1.4625637183031306,1.2248020364194998
1900-01-01 21:49:00,1.4633847226888035,1.4713687208051642,1.2048940600179785
1900-01-01 21:50:00,1.4819495506551346,1.4858500850925234,1.2326338780639223
1900-01-01 21:51:00,1.4620487746748936,1.484657464706221,1.2241756444657577
1900-01-01 21:52:00,1.4710728765491783,1.4949447127181639,1.1842632579881434
1900-01-01 21:53:00,1.4482802724996242,1.4743590199111163,1.194423978042009
1900-01-01 21:54:00,1.4723267830939235,1.4469983070588182,1.2097685082635479
1900-01-01 21:55:00,1.4596728399431984,1.4869876688051815,1.2233899007765594
1900-01-01 21:56:00,1.4819643454217035,1.4605429078880325,1.2208263247675721
1900-01-01 21:57:00,1.4615167842539678,1.4525814369903882,1.212867965751677
1900-01-01 21:58:00,1.4833326624015692,1.482916617028216,1.1960512505558234
1900-01-01 21:59:00,1.4643629768662094,1.460920833293284,1.207394186813138
1900-01-01 22:00:00,1.4546239140340305,1.2082637034993498,1.2183041990283852
1900-01-01 22:01:00,1.4587654807063801,1.1904941868581316,1.1847690649076517
1900-01-01 22:02:00,1.4707271538805882,1.2244752198863682,1.19201689109001
1900-01-01 22:03:00,1.46678905406762,1.188337268860689,1.195891722622205
1900-01-01 22:04:00,1.4882412579074196,1.2125751661312405,1.2443810624765814
1900-01-01 22:05:00,1.4791619622965628,1.1953166432144093,1.1954709575865117
1900-01-01 22:06:00,1.4546999395993807,1.1921115438042722,1.2154898578873536
1900-01-01 22:07:00,1.457519786131623,1.2008159340506017,1.2158132843368739
1900-01-01 22:08:00,1.4783917574412462,1.227640094393839,1.2349726437403583
1900-01-01 22:09:00,1.4766414987240215,1.2210594714473129,1.1971060019757045
1900-01-01 22:10:00,1.481414589519897,1.2203148984129402,1.1927304710854496
1900-01-01 22:11:00,1.4761550303348023,1.238848184535727,1.20162149246674
1900-01-01 22:12:00,1.4516961583713697,1.191410074654599,1.2025326919171166
1900-01-01 22:13:00,1.4818305175380553,1.2045728444380872,1.2056692016438664
1900-01-01 22:14:00,1.4764679199480197,1.226880752015844,1.231699614798651
1900-01-01 22:15:00,1.4471513812896326,1.2053545931832583,1.2126976319487839
1900-01-01 22:16:00,1.4502851904281542,1.1968833799124874,1.1913352714631953
1900-01-01 22:17:00,1.4605960236590187,1.2124868267118154,1.1942696661164773
1900-01-01 22:18:00,1.4663165451789884,1.2274048794619243,1.2053838871644924
1900-01-01 22:19:00,1.4523575237048663,1.2185102995843444,1.1947313160579587
1900-01-01 22:20:00,1.4567305348206447,1.1918096315666697,1.204535229941426
1900-01-01 22:21:00,1.4579982898824642,1.2181873637032976,1.2062676107942405
1900-01-01 22:22:00,1.4561900861837562,1.2122714618417112,1.2081424553204505
1900-01-01 22:23:00,1.4538167317489095,1.204968345209996,1.2081541704358525
1900-01-01 22:24:00,1.4846019313915453,1.2333646950014376,1.2081629463071302
1900-01-01 22:25:00,1.4482942768758147,1.2095303692190347,1.2097333454387285
1900-01-01 22:26:00,1.4288401078134423,1.1979097266143768,1.2176679561656922
1900-01-01 22:27:00,1.4511743186215558,1.2196743925094768,1.2120612599887368
1900-01-01 22:28:00,1.4747174262677392,1.2152610963049273,1.2094990188908326
1900-01-01 22:29:00,1.4741999509706623,1.222989692458517,1.2115794149731933
1900-01-01 22:30:00,1.4536734545765695,1.1960218929600983,1.204464560557741
1900-01-01 22:31:00,1.4947320573037077,1.2327977112509991,1.2015680008654552
1900-01-01 22:32:00,1.4347267100538499,1.207576762483068,1.217395534303311
1900-01-01 22:33:00,1.4650761412123279,1.2287067301910306,1.2167889397501965
1900-01-01 22:34:00,1.4805891028703202,1.2250185032098766,1.2045615761082644
1900-01-01 22:35:00,1.476682389902185,1.2157292374089295,1.2137177850675798
1900-01-01 22:36:00,1.4472722527026594,1.2149371995301066,1.223833529808662
1900-01-01 22:37:00,1.4571297205709757,1.2169933352905182,1.2035679745599868
1900-01-01 22:38:00,1.4666721256620499,1.2291064651972992,1.186040176885379
1900-01-01 22:39:00,1.4801335507155742,1.184475590998101,1.2064146068243085
1900-01-01 22:40:00,1.4529172619983053,1.2267274710578888,1.228428257087497
1900-01-01 22:41:00,1.4417429794870356,1.2258606153620948,1.2053927352538343
1900-01-01 22:42:00,1.4613901207570898,1.1964467029136734,1.1964177145719397
1900-01-01 22:43:00,1.4340232156603578,1.19531185946595,1.1841483728253541
1900-01-01 22:44:00,1.4549475985382967,1.2009332956420475,1.1932689174138844
1900-01-01 22:45:00,1.4761806446649528,1.1903592794890274,1.2148323111820383
1900-01-01 22:46:00,1.471032991934686,1.206192676072539,1.198408802219135
1900-01-01 22:47:00,1.4593054759842972,1.2084218235834745,1.2163121766712979
1900-01-01 22:48:00,1.4666775114625623,1.207318307091864,1.1980213285748966
1900-01-01 22:49:00,1.4707699036791408,1.2257975659243847,1.213125999109438
1900-01-01 22:50:00,1.4686742029285997,1.1959416645764984,1.2159603358798594
1900-01-01 22:51:00,1.4721348381161352,1.200545897398056,1.217850814682424
1900-01-01 22:52:00,1.4928377659759304,1.196203623231819,1.2048867615103775
1900-01-01 22:53:00,1.4488797414395043,1.231119818503398,1.228876379526881
1900-01-01 22:54:00,1.477493090170161,1.2086248268004018,1.1983898957478532
1900-01-01 22:55:00,1.491748611408231,1.212189236942411,1.2196805846768104
1900-01-01 22:56:00,1.4463661425355074,1.2075470352246058,1.211069613438062
1900-01-01 22:57:00,1.478475133313026,1.211040768629537,1.1967246413939432
1900-01-01 22:58:00,1.469150579307776,1.1921788891698026,1.2172552100379492
1900-01-01 22:59:00,1.4547849602881209,1.215143731541685,1.2130843820350659
1900-01-01 23:00:00,1.4444399727807247,1.2278442600689692,1.2088564477277772
1900-01-01 23:01:00,,,
1900-01-01 23:02:00,,,
1900-01-01 23:03:00,,,
1900-01-01 23:04:00,,,
1900-01-01 23:05:00,,,
1900-01-01 23:06:00,,,
1900-01-01 23:07:00,,,
1900-01-01 23:08:00,,,
1900-01-01 23:09:00,,,
1900-01-01 23:10:00,,,
1900-01-01 23:11:00,,,
1900-01-01 23:12:00,,,
1900-01-01 23:13:00,,,
1900-01-01 23:14:00,,,
1900-01-01 23:15:00,,,
1900-01-01 23:16:00,,,
1900-01-01 23:17:00,,,
1900-01-01 23:18:00,,,
1900-01-01 23:19:00,,,
1900-01-01 23:20:00,,,
1900-01-01 23:21:00,,,
1900-01-01 23:22:00,,,
1900-01-01 23:23:00,,,
1900-01-01 23:24:00,,,
1900-01-01 23:25:00,,,
1900-01-01 23:26:00,,,
1900-01-01 23:27:00,,,
1900-01-01 23:28:00,,,
1900-01-01 23:29:00,,,
1900-01-01 23:30:00,,,
1900-01-01 23:31:00,,,
1900-01-01 23:32:00,,,
1900-01-01 23:33:00,,,
1900-01-01 23:34:00,,,
1900-01-01 23:35:00,,,
1900-01-01 23:36:00,,,
1900-01-01 23:37:00,,,
1900-01-01 23:38:00,,,
1900-01-01 23:39:00,,,
1900-01-01 23:40:00,,,
1900-01-01 23:41:00,,,
1900-01-01 23:42:00,,,
1900-01-01 23:43:00,,,
1900-01-01 23:44:00,,,
1900-01-01 23:45:00,,,
1900-01-01 23:46:00,,,
1900-01-01 23:47:00,,,
1900-01-01 23:48:00,,,
1900-01-01 23:49:00,,,
1900-01-01 23:50:00,,,
1900-01-01 23:51:00,,,
1900-01-01 23:52:00,,,
1900-01-01 23:53:00,,,
1900-01-01 23:54:00,,,
1900-01-01 23:55:00,,,
1900-01-01 23:56:00,,,
1900-01-01 23:57:00,,,
1900-01-01 23:58:00,,,
1900-01-01 23:59:00,,,
