,always_on,night_setback,fixed_time_start
1900-01-01 00:00:00,2.9177467168666626,2.4907270630679816,2.532152175379915
1900-01-01 00:01:00,2.9652387372570828,2.4837805044935353,2.5679839639118462
1900-01-01 00:02:00,2.9910404772470347,2.5126375871954476,2.5131542492849865
1900-01-01 00:03:00,2.985950300751194,2.507355408320605,2.5298112176862135
1900-01-01 00:04:00,2.994979699646474,2.544775640231561,2.537922460044846
1900-01-01 00:05:00,2.969189840072005,2.527334514857628,2.5297265170143195
1900-01-01 00:06:00,3.0384434481069067,2.5413842588987965,2.5329702410399846
1900-01-01 00:07:00,3.075905599288969,2.559290698406992,2.5685017211119194
1900-01-01 00:08:00,3.001082438871788,2.598250419368286,2.544157363888811
1900-01-01 00:09:00,2.985285163969377,2.572200600493007,2.535785669906082
1900-01-01 00:10:00,2.9780000734509375,2.599422350671955,2.580450592270295
1900-01-01 00:11:00,3.0736626881716056,2.612146665335715,2.5951620702055536
1900-01-01 00:12:00,3.026450877421465,2.5586025796628307,2.5818297755833406
1900-01-01 00:13:00,3.0958613781368367,2.6027109935259136,2.6341350626749707
1900-01-01 00:14:00,3.0991822369737965,2.562944089608312,2.6163215253680647
1900-01-01 00:15:00,3.122610180519205,2.6671766674715554,2.5617513704737234
1900-01-01 00:16:00,3.0798290744580337,2.610915286761549,2.634407011047101
1900-01-01 00:17:00,3.1085679527412893,2.585035005679996,2.622651801210802
1900-01-01 00:18:00,3.1239504999063774,2.6622454382578864,2.678677147907823
1900-01-01 00:19:00,3.12973884436012,2.695226673470744,2.639701000495416
1900-01-01 00:20:00,3.1549891354116415,2.646684343494399,2.664660438903749
1900-01-01 00:21:00,3.149998335735904,2.6867286315383057,2.6806101852267945
1900-01-01 00:22:00,3.1202821096699074,2.7073609753267394,2.679671672401108
1900-01-01 00:23:00,3.145976001065098,2.6864732835676897,2.6631141824161766
1900-01-01 00:24:00,3.134048279971014,2.7031151248652385,2.6872822556938263
1900-01-01 00:25:00,3.1753394258828336,2.7140618022124463,2.7368110199125693
1900-01-01 00:26:00,3.171575777474535,2.7529208194782857,2.713203273253065
1900-01-01 00:27:00,3.157892209710857,2.7429386395053554,2.7212970696691796
1900-01-01 00:28:00,3.1793198473775424,2.7158887050881844,2.7187583208752293
1900-01-01 00:29:00,3.2256536480505855,2.7295253533094854,2.723277915919066
1900-01-01 00:30:00,3.274471998104252,2.7790944547686838,2.750615296211719
1900-01-01 00:31:00,3.2224087050352006,2.763770240457241,2.7480342878195727
1900-01-01 00:32:00,3.2829707556076535,2.7491690439452148,2.762811560219996
1900-01-01 00:33:00,3.3042748203653236,2.7466347127147723,2.7732125237741236
1900-01-01 00:34:00,3.276915649739852,2.781717542037577,2.74236723412593
1900-01-01 00:35:00,3.2977883358964855,2.82994313170076,2.8060014717045187
1900-01-01 00:36:00,3.3207693653607944,2.829462129779239,2.8139946552381843
1900-01-01 00:37:00,3.2922482696726267,2.7981913405513077,2.8438549625002194
1900-01-01 00:38:00,3.3070613609756636,2.8039582351732903,2.831919126882847
1900-01-01 00:39:00,3.29827677772236,2.830463417647418,2.8465839756825093
1900-01-01 00:40:00,3.435529504586591,2.812805476196229,2.829663357091001
1900-01-01 00:41:00,3.370616110767861,2.8713619163222956,2.864534801682547
1900-01-01 00:42:00,3.3367432531266448,2.902749768818211,2.837911412671391
1900-01-01 00:43:00,3.3613861731639982,2.885487010695374,2.8720455296959497
1900-01-01 00:44:00,3.466295941255058,2.824403921920599,2.878796245682808
1900-01-01 00:45:00,3.4375690798404985,2.8974702786764737,2.8915590676693523
1900-01-01 00:46:00,3.411910170675302,2.89268329835077,2.8686752733595364
1900-01-01 00:47:00,3.3506353192525484,2.892236025944423,2.8761467072050926
1900-01-01 00:48:00,3.4196961997044992,2.9045338998324794,2.9212987479121426
1900-01-01 00:49:00,3.453456304125236,2.904787221983863,2.907935555728944
1900-01-01 00:50:00,3.5223891834126184,2.9909381806681363,2.9536788841884314
1900-01-01 00:51:00,3.4411638084127905,2.935786025857151,2.9080523028706895
1900-01-01 00:52:00,3.5016694341490764,3.033647659828348,2.9956617538364596
1900-01-01 00:53:00,3.4649566703829002,2.965599025562696,2.974143579116061
1900-01-01 00:54:00,3.5125198829588293,2.9980021316939136,2.9498227335048997
1900-01-01 00:55:00,3.5347111271626455,2.9829636216749393,2.9568666213798647
1900-01-01 00:56:00,3.5098948813255135,2.975220586456091,3.024553253895014
1900-01-01 00:57:00,3.579104168951238,3.032001580666582,3.0147903046313433
1900-01-01 00:58:00,3.5419730508117397,3.062268180892894,2.997416485335942
1900-01-01 00:59:00,3.5064502853079107,3.016753870084009,3.080028214441858
1900-01-01 01:00:00,3.566440273960582,3.0194601952988522,2.992108416329723
1900-01-01 01:01:00,3.5938534970611875,3.068248642370845,3.0458674212855055
1900-01-01 01:02:00,3.5522571681439414,3.030304176686758,3.047204991921272
1900-01-01 01:03:00,3.5083680252466123,3.061008092096342,3.0771140540206767
1900-01-01 01:04:00,3.5209840447410605,3.0307784683849808,3.0178932473743987
1900-01-01 01:05:00,3.5452280367139366,3.0044540685347014,3.0202012182471534
1900-01-01 01:06:00,3.5376029232207626,3.0237709910156223,2.968092052916205
1900-01-01 01:07:00,3.620409781733006,2.988047682591568,3.0407656097719395
1900-01-01 01:08:00,3.539397018795134,3.0620417551514456,3.118713425409976
1900-01-01 01:09:00,3.589205285800307,3.081927398738188,3.055583898324528
1900-01-01 01:10:00,3.551048124377122,3.034336351222296,3.0033190922122825
1900-01-01 01:11:00,3.5281956996709996,2.993297634475921,3.048213855462311
1900-01-01 01:12:00,3.551555552251708,3.011529915677035,3.007500716416392
1900-01-01 01:13:00,3.5116343853170298,3.026036806788809,3.000443504990872
1900-01-01 01:14:00,3.5809942928836085,3.069353202753631,3.0355875038923728
1900-01-01 01:15:00,3.5557145967141333,3.0329872743772466,3.0654783167207476
1900-01-01 01:16:00,3.5998757782469624,3.056658225621087,3.025053326558969
1900-01-01 01:17:00,3.591991469786525,3.065576895736687,3.0952665726906865
1900-01-01 01:18:00,3.5850198021352004,3.0520419534811354,3.038466192183883
1900-01-01 01:19:00,3.5053451747199844,3.0094913599845534,2.9972336391178893
1900-01-01 01:20:00,3.616610471036239,3.037462291809455,3.037953213017193
1900-01-01 01:21:00,3.5678034619740715,3.003519638681553,3.03510278894128
1900-01-01 01:22:00,3.561730068845463,3.029538961368215,3.0854449405546656
1900-01-01 01:23:00,3.567217223967635,3.012326141506623,3.070369026543663
1900-01-01 01:24:00,3.558088860117069,3.065692891238004,2.983712871337787
1900-01-01 01:25:00,3.6140730555174807,3.0632969076693786,3.0121120929943257
1900-01-01 01:26:00,3.5765234466898583,3.029670121891063,3.057642156615534
1900-01-01 01:27:00,3.5862981179119746,3.0658378024764374,3.1074769500053354
1900-01-01 01:28:00,3.491127546251353,3.0133372931126465,3.0196543508374103
1900-01-01 01:29:00,3.5366958680434197,3.044299570775985,3.0214189979500934
1900-01-01 01:30:00,3.546373916155451,3.0208305687530825,3.001472763441475
1900-01-01 01:31:00,3.563227867991015,2.9718924045575332,3.022578788521189
1900-01-01 01:32:00,3.4650355222784985,3.0322133397419235,3.064733034743858
1900-01-01 01:33:00,3.6568443213495523,3.026571116636313,3.031322294867758
1900-01-01 01:34:00,3.5737286207812056,3.0588106920412153,3.024701200758745
1900-01-01 01:35:00,3.5774910114527456,3.0566832098476557,3.0475293179254344
1900-01-01 01:36:00,3.470615470980042,3.007558256770494,3.016943382020371
1900-01-01 01:37:00,3.4974179370773366,3.0298028925759355,3.0380900563347546
1900-01-01 01:38:00,3.5354966449807437,3.0205953104930168,3.017227456723444
1900-01-01 01:39:00,3.6046405131218227,3.040566143077786,3.077480574797087
1900-01-01 01:40:00,3.596629085310944,3.080002734451848,3.0733246499211813
1900-01-01 01:41:00,3.623048663378733,3.0490486332220987,3.0276025551172236
1900-01-01 01:42:00,3.5864876819755143,3.01777655210428,3.0106173410702417
1900-01-01 01:43:00,3.4996687451238415,3.0615327507205072,3.0650284838747606
1900-01-01 01:44:00,3.554732199737551,3.0577391620665195,3.050496580940131
1900-01-01 01:45:00,3.5579987532454775,3.0794204717591,3.0305196336128972
1900-01-01 01:46:00,3.56839737772816,2.9795969306977397,3.055340540258432
1900-01-01 01:47:00,3.531127168256831,3.0177217176243376,3.0838080317445002
1900-01-01 01:48:00,3.596341693447347,3.0199869207968373,2.997729221040483
1900-01-01 01:49:00,3.5451578423188876,3.048953378339209,3.006425850030235
1900-01-01 01:50:00,3.5740117770079656,3.0563761572087755,3.064723897363408
1900-01-01 01:51:00,3.5512708859195588,3.0377618026691575,3.0425734817537946
1900-01-01 01:52:00,3.567423902014487,3.0430694703059977,3.073387289857815
1900-01-01 01:53:00,3.5742971836247723,2.9758989863153618,3.0026783284038125
1900-01-01 01:54:00,3.553955903139715,3.0505500697796983,3.0042543170358735
1900-01-01 01:55:00,3.583964101605245,3.0117721165294338,3.0479960572086124
1900-01-01 01:56:00,3.5751254666193946,2.99637425465422,3.005630598524096
1900-01-01 01:57:00,3.5460099979204154,3.027876467912802,3.027491083984163
1900-01-01 01:58:00,3.623468422396333,3.053878572374688,3.049052398461469
1900-01-01 01:59:00,3.534157918738334,2.9851305458501027,2.9793179270667243
1900-01-01 02:00:00,3.5978566088247614,3.0669323753614277,3.015106255859768
1900-01-01 02:01:00,3.5171844497736724,3.079548388166189,3.0681764034153747
1900-01-01 02:02:00,3.530717476069295,3.0726541648247303,3.018317647012211
1900-01-01 02:03:00,3.63113936111178,3.0288554683474485,3.0225491507157343
1900-01-01 02:04:00,3.597871249736109,3.094103045078629,3.0259211778970463
1900-01-01 02:05:00,3.551536283437644,3.0548549091276374,3.0486001048358156
1900-01-01 02:06:00,3.5536796684567253,3.0600914303103326,3.040421773271421
1900-01-01 02:07:00,3.590231339299309,3.0133685755994284,3.0049130505055466
1900-01-01 02:08:00,3.5487352442372155,2.969280530521692,3.028470065802516
1900-01-01 02:09:00,3.525373581044732,3.0201921990162757,3.0318791241730834
1900-01-01 02:10:00,3.60253451266172,3.0129346787345344,3.050058006755862
1900-01-01 02:11:00,3.629436242762231,3.0427918088260095,3.075629428679883
1900-01-01 02:12:00,3.5245772672179014,3.1097127589575857,3.0246261582970813
1900-01-01 02:13:00,3.5838236336882803,3.0739632072592147,3.0483725617001447
1900-01-01 02:14:00,3.54246930007507,3.059845221644152,3.0723965866847367
1900-01-01 02:15:00,3.536720066605696,3.0004349217056,3.016778198840778
1900-01-01 02:16:00,3.5834833931746046,3.006819942720699,3.0871010968803914
1900-01-01 02:17:00,3.54181053787502,3.016254256660277,3.030129565005424
1900-01-01 02:18:00,3.5696581594599452,2.987328456800875,3.0590545163199145
1900-01-01 02:19:00,3.5477012015957645,3.0224014934007393,3.002654300439974
1900-01-01 02:20:00,3.5478657898416524,3.04971565985753,3.013063641757153
1900-01-01 02:21:00,3.578909195622412,3.066140718857259,2.99346393731411
1900-01-01 02:22:00,3.60102790522838,3.034371605313103,3.0270423642670163
1900-01-01 02:23:00,3.5978657656569966,3.068873704609472,3.027160350865306
1900-01-01 02:24:00,3.613303829928676,3.064649078488704,3.0292703822532028
1900-01-01 02:25:00,3.615390508618526,3.041180113134762,3.0524643943478864
1900-01-01 02:26:00,3.6282182358259667,3.040887393452915,3.0260954803824056
1900-01-01 02:27:00,3.5260374699006194,3.0664958496123806,3.057980850464544
1900-01-01 02:28:00,3.5449675330068886,3.030191133593155,3.0476945374193005
1900-01-01 02:29:00,3.5823615026997704,3.0882178043788233,3.0205826722505233
1900-01-01 02:30:00,3.574043740098176,3.023669505099185,3.0613760090951576
1900-01-01 02:31:00,3.5279546999854996,2.9951274300999002,3.0576586026810815
1900-01-01 02:32:00,3.5665345622417735,3.0247783091474476,2.982771952021694
1900-01-01 02:33:00,3.496992739959751,3.110675567518045,2.971446214751475
1900-01-01 02:34:00,3.5445847743450143,2.9927865159812788,3.058045077983558
1900-01-01 02:35:00,3.507928165576938,2.9901061023479456,3.059532844823335
1900-01-01 02:36:00,3.6093874049200676,2.9840550057887083,3.076351708634489
1900-01-01 02:37:00,3.5958229214789745,3.0753863060570863,3.0358484184006462
1900-01-01 02:38:00,3.591294182899646,3.043378856775242,3.054464885752023
1900-01-01 02:39:00,3.5316721019127737,3.014058181100208,3.020008279067688
1900-01-01 02:40:00,3.6641725562299015,3.0111986647668836,3.083067325052633
1900-01-01 02:41:00,3.5878705080073896,3.0526348665735927,3.047286380729444
1900-01-01 02:42:00,3.439095085159498,3.0166628648407454,3.035752471342879
1900-01-01 02:43:00,3.6043297255989013,3.02691591145971,2.9748566357025155
1900-01-01 02:44:00,3.5347370956879,3.078567801221511,2.985267311405987
1900-01-01 02:45:00,3.591927797173816,3.0698941631623216,2.9932689743308503
1900-01-01 02:46:00,3.5708903462646506,3.0531484579590393,3.0016837472930122
1900-01-01 02:47:00,3.5815650754501336,3.0310748605491233,3.019801185656754
1900-01-01 02:48:00,3.6684333770367825,3.047336091492228,3.0424022462180953
1900-01-01 02:49:00,3.570499175103473,3.040163665352725,3.0208454483482488
1900-01-01 02:50:00,3.5336140094055972,3.035494514309744,2.9689341094709834
1900-01-01 02:51:00,3.592722729773708,3.0264523502393765,3.063908566484849
1900-01-01 02:52:00,3.5488991517233144,3.0736152284822382,3.007588094391017
1900-01-01 02:53:00,3.6192122451355613,3.026685913607539,3.0723463786055447
1900-01-01 02:54:00,3.59320087886835,3.055211788444742,3.0720348443015832
1900-01-01 02:55:00,3.5884638803496043,3.0790663945923615,3.025559865665697
1900-01-01 02:56:00,3.5466007510537776,3.0435454034285954,3.1014123798982483
1900-01-01 02:57:00,3.67180030365686,3.0656492102638415,2.9459715704420613
1900-01-01 02:58:00,3.5502863525147452,3.05712791093513,3.070276483717451
1900-01-01 02:59:00,3.5475991740441386,2.977377462462133,3.03368833599245
1900-01-01 03:00:00,3.5294687743918662,3.04540707903528,3.0192540864484267
1900-01-01 03:01:00,3.49510262829587,3.020934486181869,3.0530442948681644
1900-01-01 03:02:00,3.6092262023325574,2.9654555851500493,3.092613156292958
1900-01-01 03:03:00,3.5891350959333805,3.0890107478440996,2.980002283773918
1900-01-01 03:04:00,3.482787636715019,3.0067576791922797,3.0496985072840026
1900-01-01 03:05:00,3.585836280838904,3.01733285160286,3.041108089000624
1900-01-01 03:06:00,3.5289570861315696,3.04884900960539,3.0328474733375983
1900-01-01 03:07:00,3.5921963373182977,3.0614148193403943,3.049651283613221
1900-01-01 03:08:00,3.5911950172286224,3.016717014380666,3.0197846185482273
1900-01-01 03:09:00,3.56474333666024,3.0207619311724137,3.110572360060882
1900-01-01 03:10:00,3.546424833851974,3.0667966021964252,3.007815725795966
1900-01-01 03:11:00,3.6125579462779958,3.0105674831692713,3.0345467659421836
1900-01-01 03:12:00,3.5643048902435153,3.0252847600684247,3.0400231508308737
1900-01-01 03:13:00,3.587047663071105,3.017316211300894,3.100755373659557
1900-01-01 03:14:00,3.5790667981772426,2.9604496201109396,3.0469251148336722
1900-01-01 03:15:00,3.610961929297712,3.051025655514173,3.0572659152453165
1900-01-01 03:16:00,3.542860263148429,3.056869220223983,3.0064139037329247
1900-01-01 03:17:00,3.5720856713594134,3.051436148592849,3.0549765919660596
1900-01-01 03:18:00,3.564603640174495,3.018942446254773,3.0608467826884267
1900-01-01 03:19:00,3.6259795744735173,3.052604779836016,3.065242519946105
1900-01-01 03:20:00,3.540455718802752,3.0632690757403735,3.0745589371632125
1900-01-01 03:21:00,3.6438296659466363,3.0417675304720864,3.0940682206923245
1900-01-01 03:22:00,3.634752919998455,3.0080658979299204,3.042204569195307
1900-01-01 03:23:00,3.5474328947803735,3.09796507806468,3.0783106578579487
1900-01-01 03:24:00,3.539791179681198,3.0333753610410494,3.0968305975620276
1900-01-01 03:25:00,3.6018942180872413,3.032431312822823,3.078096646582173
1900-01-01 03:26:00,3.5303096017234328,3.0219357447905395,3.0125979403470797
1900-01-01 03:27:00,3.551986536188529,3.0709310620163786,3.0167606920548904
1900-01-01 03:28:00,3.597739483942602,2.997249316973614,2.9890707955197833
1900-01-01 03:29:00,3.6029199666665983,3.0506710819798157,3.030230969930634
1900-01-01 03:30:00,3.62594782130286,3.0594222565016467,3.062401978625479
1900-01-01 03:31:00,3.566368749164659,3.015781381681633,3.1214635469619614
1900-01-01 03:32:00,3.5807061135510634,3.0648694877390597,3.0622633163554176
1900-01-01 03:33:00,3.5691158758955868,2.9988882752497217,3.0299981826221423
1900-01-01 03:34:00,3.4936411333464457,3.0410845809723255,3.037019394926353
1900-01-01 03:35:00,3.585865693210474,3.047983977324991,3.0174611885151887
1900-01-01 03:36:00,3.470934108558617,3.061802322814138,3.019828328944882
1900-01-01 03:37:00,3.6137474513125327,2.9887795543573334,3.0705301382342616
1900-01-01 03:38:00,3.51787003037714,3.0084947457070426,3.001269068857394
1900-01-01 03:39:00,3.608408309881373,3.050265487796258,3.013765746954407
1900-01-01 03:40:00,3.5249906325522766,3.062836218719132,3.0668505186300528
1900-01-01 03:41:00,3.557111937261864,3.081034811305087,3.0692065351648354
1900-01-01 03:42:00,3.566458577498976,3.0351434240713626,3.0285788904451816
1900-01-01 03:43:00,3.593187975110254,3.047760588675036,3.050988345415187
1900-01-01 03:44:00,3.523445129496707,3.053192046560315,3.0600970654123882
1900-01-01 03:45:00,3.558077059152546,3.103208242588296,3.09837214915738
1900-01-01 03:46:00,3.5772104617003375,3.0688830502572246,3.0340839677208455
1900-01-01 03:47:00,3.5714532839928554,2.986892494545449,3.0755530846475416
1900-01-01 03:48:00,3.590884152621251,3.064366858614755,3.0200131980852687
1900-01-01 03:49:00,3.5839778394363084,3.04993063742251,3.0461548552293523
1900-01-01 03:50:00,3.5315521972949697,3.0603590208651683,3.0940032705022897
1900-01-01 03:51:00,3.500670409082222,3.027905400675862,3.1177525850371755
1900-01-01 03:52:00,3.5863555420849864,3.080114654246791,3.0461463873896597
1900-01-01 03:53:00,3.5405617496535844,3.104361596902381,3.069830107932892
1900-01-01 03:54:00,3.564295087898954,2.9990666035839135,3.0167236177522296
1900-01-01 03:55:00,3.5507174825163816,3.0537855359170605,3.0384593342299806
1900-01-01 03:56:00,3.5578134123558414,3.0722627047134012,2.9661071950038473
1900-01-01 03:57:00,3.543432376922125,2.993882312847649,3.075659347150904
1900-01-01 03:58:00,3.592579704298786,3.0412874910292644,3.0404887908339395
1900-01-01 03:59:00,3.5671774274354164,3.0122238605125022,3.091051146837843
1900-01-01 04:00:00,3.569324617382378,3.039940882968898,3.033235163131321
1900-01-01 04:01:00,3.6338499375099294,3.0631825522984037,2.994766236023314
1900-01-01 04:02:00,3.6230176468153057,3.082770737440392,3.0399600532113076
1900-01-01 04:03:00,3.6009800352199637,3.096323417971139,3.043025995337698
1900-01-01 04:04:00,3.5900699653350547,3.0553990726968157,3.113788323473335
1900-01-01 04:05:00,3.6203154567391254,3.1240693611402737,3.167667297401285
1900-01-01 04:06:00,3.7046230538221647,3.1811465292955377,3.1357259480181754
1900-01-01 04:07:00,3.624792384942231,3.1350630068890744,3.0960297453646057
1900-01-01 04:08:00,3.6969104470826784,3.160049852111533,3.165744915521303
1900-01-01 04:09:00,3.751197365013897,3.161109321062734,3.1738155145373237
1900-01-01 04:10:00,3.767777507783829,3.228890380612354,3.206053789045548
1900-01-01 04:11:00,3.7999442371636953,3.237785037960205,3.181583002076376
1900-01-01 04:12:00,3.7709302875502324,3.2151973485596983,3.2123104531410873
1900-01-01 04:13:00,3.8357526732176743,3.2388862917384253,3.258081647873087
1900-01-01 04:14:00,3.837254028776308,3.2721128584029064,3.270593434373179
1900-01-01 04:15:00,3.820837602721947,3.276537194461827,3.331621771412942
1900-01-01 04:16:00,3.867749476860388,3.289758516751919,3.3492417057399475
1900-01-01 04:17:00,3.8681078679131344,3.2670573455229444,3.2888091973864695
1900-01-01 04:18:00,3.9090061907926725,3.3220447628519554,3.3132717646769976
1900-01-01 04:19:00,3.9050766183156425,3.3619503172977585,3.342008736438647
1900-01-01 04:20:00,3.920897908912843,3.394425606211153,3.3844665117106008
1900-01-01 04:21:00,3.901744542334287,3.3306319235744257,3.347068813220954
1900-01-01 04:22:00,4.018368904986949,3.4278003440611475,3.355430216929376
1900-01-01 04:23:00,4.0124077045050015,3.429453087513381,3.417221236321666
1900-01-01 04:24:00,4.027227125688392,3.405055789273326,3.449539900228817
1900-01-01 04:25:00,4.110034524849774,3.430030713670742,3.3964593177595472
1900-01-01 04:26:00,4.0122195622359955,3.4737140305641887,3.481486589498479
1900-01-01 04:27:00,4.106436690969155,3.4390837636856975,3.4473379307968015
1900-01-01 04:28:00,4.040787200563496,3.539676475436793,3.4632243413199224
1900-01-01 04:29:00,4.155126451144487,3.5025469910341003,3.495308013069384
1900-01-01 04:30:00,4.114758644521146,3.5573534407738263,3.51140695509038
1900-01-01 04:31:00,4.126939533169652,3.5235199529177033,3.503224442653098
1900-01-01 04:32:00,4.146713057782313,3.59411071101098,3.543626341986635
1900-01-01 04:33:00,4.229685774111637,3.5978766910680915,3.610464349794201
1900-01-01 04:34:00,4.177918581291358,3.6344829452537857,3.5715830424577133
1900-01-01 04:35:00,4.2701437278359915,3.656285062839612,3.5708141058567615
1900-01-01 04:36:00,4.223637359012099,3.5870263253420354,3.637683339690159
1900-01-01 04:37:00,4.2343414937036306,3.6625547612795506,3.6524570861541497
1900-01-01 04:38:00,4.344297320314086,3.6635115258455406,3.6601484056112445
1900-01-01 04:39:00,4.312117685386522,3.7128906106382105,3.6427063215692774
1900-01-01 04:40:00,4.4052950052049855,3.766878963553113,3.7768144010882327
1900-01-01 04:41:00,4.380374041870078,3.702171633597598,3.791882254526529
1900-01-01 04:42:00,4.3962297879297285,3.83704378353029,3.769582902839824
1900-01-01 04:43:00,4.435555123962925,3.8245199139111867,3.8048491125550328
1900-01-01 04:44:00,4.449267621582839,3.8121711260381765,3.86115061562454
1900-01-01 04:45:00,4.501726761859532,3.842797700017309,3.924322823494473
1900-01-01 04:46:00,4.537177372497345,3.917151875480763,3.804517283762178
1900-01-01 04:47:00,4.416888592138293,3.895819214109278,3.9048773582989815
1900-01-01 04:48:00,4.534207551155348,3.8914978784364127,3.848994421753122
1900-01-01 04:49:00,4.569095878452289,3.952394411497477,3.9187932249492023
1900-01-01 04:50:00,4.533483748624928,3.9296162753777413,3.8901627661231135
1900-01-01 04:51:00,4.654770927595421,4.008210071303334,3.9940755361335905
1900-01-01 04:52:00,4.636716140720375,4.050999643230966,4.019927479685768
1900-01-01 04:53:00,4.7003053652255735,4.01553246149308,3.9718024312041997
1900-01-01 04:54:00,4.735494206641709,4.053461869525932,4.044735852718847
1900-01-01 04:55:00,4.706383366698639,3.9958058320250496,4.071043966344932
1900-01-01 04:56:00,4.791312413828583,4.104468801161405,4.143867165804586
1900-01-01 04:57:00,4.769539533053105,4.0190374447095865,4.091650346717121
1900-01-01 04:58:00,4.918035220614317,4.156600334122839,4.176815371283818
1900-01-01 04:59:00,4.8220951299153265,4.163237973339847,4.187904875943438
1900-01-01 05:00:00,4.927884903650894,4.178392346515222,4.869812541130079
1900-01-01 05:01:00,4.921692089565549,4.170160638374279,4.869625916682148
1900-01-01 05:02:00,4.789355626918967,4.174089373613857,4.859269141966185
1900-01-01 05:03:00,4.790486312645064,4.170458563995496,4.827738318458175
1900-01-01 05:04:00,4.76208838272088,4.063563484228207,4.837322676137015
1900-01-01 05:05:00,4.705326681395655,4.142160888817709,4.803085524904103
1900-01-01 05:06:00,4.638015659517932,4.063192804052176,4.733969230549958
1900-01-01 05:07:00,4.700259268915523,4.081820998907555,4.738257349695846
1900-01-01 05:08:00,4.690009788179449,3.921912574579202,4.567432609987136
1900-01-01 05:09:00,4.668019939864399,3.9783619623811535,4.72979227729042
1900-01-01 05:10:00,4.611652393823611,3.9490514223342212,4.660332321579228
1900-01-01 05:11:00,4.538757798064331,3.964273351121697,4.619589462580076
1900-01-01 05:12:00,4.555714892576062,3.879611019566992,4.626377227633213
1900-01-01 05:13:00,4.420484481309817,3.87653143110511,4.488642625331282
1900-01-01 05:14:00,4.519369756277851,3.924046069337415,4.541158697295152
1900-01-01 05:15:00,4.483365968147132,3.9011495800228064,4.473874063512423
1900-01-01 05:16:00,4.440801475696342,3.8232723205889014,4.517980176324946
1900-01-01 05:17:00,4.39929484621536,3.7940940709074953,4.416401465487376
1900-01-01 05:18:00,4.405200304845225,3.8748752389215064,4.39359139255061
1900-01-01 05:19:00,4.436191765904793,3.794873884803003,4.418609094374744
1900-01-01 05:20:00,4.405306625855691,3.7198860923492423,4.385492905981573
1900-01-01 05:21:00,4.352872862181208,3.685542610439153,4.3528589459539955
1900-01-01 05:22:00,4.311065977554691,3.6766676371205245,4.296233990398007
1900-01-01 05:23:00,4.326035212165033,3.5990493571168716,4.276593721452492
1900-01-01 05:24:00,4.3540203921432745,3.594581329826685,4.2366297482116355
1900-01-01 05:25:00,4.220744476782802,3.579384428748896,4.259947979300384
1900-01-01 05:26:00,4.214882519317955,3.637713077747156,4.202968435943933
1900-01-01 05:27:00,4.2472239556264615,3.594672434304565,4.223004602890249
1900-01-01 05:28:00,4.259639391032659,3.6036646941114485,4.238019353714559
1900-01-01 05:29:00,4.170092758825718,3.6025043587209393,4.136907241738357
1900-01-01 05:30:00,4.143231710751134,3.5481361546700976,4.103941559974734
1900-01-01 05:31:00,4.08838701287529,3.4634187702188144,4.09940024107278
1900-01-01 05:32:00,4.115272857583836,3.557254114607525,4.077874872857056
1900-01-01 05:33:00,4.100113304095722,3.5342087267900553,3.9941929051058054
1900-01-01 05:34:00,4.022676017995483,3.440506803272468,4.074358247811186
1900-01-01 05:35:00,4.044700296320341,3.4243382248805028,4.047275536962945
1900-01-01 05:36:00,3.994782371592713,3.4458524067201926,4.001022332681952
1900-01-01 05:37:00,4.053970930677384,3.378465160946599,3.984256885643358
1900-01-01 05:38:00,3.926263648313146,3.429857619967349,4.018096765095598
1900-01-01 05:39:00,3.9253252624793804,3.3711180391939997,4.001511397753675
1900-01-01 05:40:00,3.945964953095103,3.348155152006384,3.9588520306783415
1900-01-01 05:41:00,3.882763994353555,3.3710573304734295,3.872453765350858
1900-01-01 05:42:00,3.8209597448777206,3.3150981702336466,3.928873371123551
1900-01-01 05:43:00,3.85797396194474,3.2763823026206733,3.919197533065665
1900-01-01 05:44:00,3.812715040449715,3.2573631288707214,3.865476608421559
1900-01-01 05:45:00,3.843179417164984,3.291663351740871,3.840777002785272
1900-01-01 05:46:00,3.84599189486555,3.305716504411151,3.766093403700259
1900-01-01 05:47:00,3.7360428040251192,3.2375957728994287,3.838600547138758
1900-01-01 05:48:00,3.8251689743523536,3.264119633610312,3.823325779213573
1900-01-01 05:49:00,3.77156094415883,3.1899444586014396,3.7671970279964655
1900-01-01 05:50:00,3.8131489165369246,3.1501755694889635,3.736221910041817
1900-01-01 05:51:00,3.7015154461309763,3.1779470725517034,3.7313416860642685
1900-01-01 05:52:00,3.7218975103521017,3.1532889987898933,3.6548999397864157
1900-01-01 05:53:00,3.7151299035407446,3.1364874121927664,3.7283856787779737
1900-01-01 05:54:00,3.668500128495482,3.132371790973002,3.694066384549591
1900-01-01 05:55:00,3.6712011335450985,3.0859545646391533,3.6430052938267674
1900-01-01 05:56:00,3.6317025429705545,3.0592794098458675,3.6789069275117585
1900-01-01 05:57:00,3.6304957253094634,3.0796908762621795,3.677301770571097
1900-01-01 05:58:00,3.638726441020922,3.1381722031071355,3.59425651067975
1900-01-01 05:59:00,3.5925830028820203,2.985397979021887,3.5946452760305307
1900-01-01 06:00:00,3.617704588793018,3.5727830059831374,3.549398067118025
1900-01-01 06:01:00,3.5578186268581606,3.5486140862835174,3.581185222826855
1900-01-01 06:02:00,3.6092885892852307,3.5478109793057198,3.521997876996257
1900-01-01 06:03:00,3.5975330035726665,3.512110368397427,3.533956678176195
1900-01-01 06:04:00,3.596659003156396,3.5340725215447595,3.6067848049995206
1900-01-01 06:05:00,3.5623997548943356,3.5273802570123807,3.571384752876936
1900-01-01 06:06:00,3.6311104622521504,3.566664720970921,3.555435483622702
1900-01-01 06:07:00,3.5757544326332718,3.579299970699946,3.620341046356441
1900-01-01 06:08:00,3.600534088516554,3.5736965753347096,3.5185316722362723
1900-01-01 06:09:00,3.6026395833235143,3.5097593479086884,3.5870085117475363
1900-01-01 06:10:00,3.580287802177893,3.59076380429476,3.529902289887839
1900-01-01 06:11:00,3.557298191405777,3.5369848877057586,3.568707140519846
1900-01-01 06:12:00,3.595454076071718,3.6147340980322067,3.5901337357375884
1900-01-01 06:13:00,3.5844820956892027,3.5299108655286027,3.5918974173293226
1900-01-01 06:14:00,3.527852559035275,3.511570580235163,3.522251186203556
1900-01-01 06:15:00,3.5548852331063774,3.576795626665188,3.5243351338513973
1900-01-01 06:16:00,3.627965889551911,3.5804511165742787,3.539153933584633
1900-01-01 06:17:00,3.549529136288513,3.571086973620615,3.5970335912761167
1900-01-01 06:18:00,3.5151318087329377,3.5768438722604996,3.556853575125255
1900-01-01 06:19:00,3.5873718055673485,3.605736458345608,3.5656491332228013
1900-01-01 06:20:00,3.6229467730181537,3.5189228875358274,3.5381768103607802
1900-01-01 06:21:00,3.573670666846167,3.5954199031248097,3.588235301568748
1900-01-01 06:22:00,3.6098206559059527,3.6097903338367154,3.5670593860385376
1900-01-01 06:23:00,3.5947175601136503,3.5920545870667198,3.597727382259828
1900-01-01 06:24:00,3.5857041628621142,3.5920249528259864,3.535439045522085
1900-01-01 06:25:00,3.5524607755846884,3.5853853546083227,3.559145713922638
1900-01-01 06:26:00,3.6115223006006625,3.5943961627569663,3.4939950249060217
1900-01-01 06:27:00,3.584602108424225,3.5422488820267626,3.609794441795808
1900-01-01 06:28:00,3.6063450328370155,3.5913423703113763,3.472179573416728
1900-01-01 06:29:00,3.6725669115169723,3.6154790784729904,3.605983424864017
1900-01-01 06:30:00,3.6005915154008283,3.5736292085649746,3.5604609794298847
1900-01-01 06:31:00,3.6366588693381146,3.570377806404764,3.538257538022277
1900-01-01 06:32:00,3.515608935060814,3.5425924802276256,3.5762147721842696
1900-01-01 06:33:00,3.53122030873105,3.5231571072155177,3.585685768359993
1900-01-01 06:34:00,3.570558280636741,3.5602814126645144,3.5436651601056663
1900-01-01 06:35:00,3.568044790377077,3.6006279934223318,3.6387376200828303
1900-01-01 06:36:00,3.584066212517897,3.631251058058674,3.589371302878841
1900-01-01 06:37:00,3.60302065736711,3.5518778559310373,3.607923163022849
1900-01-01 06:38:00,3.572493016657423,3.56769975388999,3.532860539339145
1900-01-01 06:39:00,3.529768313173168,3.615440599523017,3.6005876402760846
1900-01-01 06:40:00,3.5567651502279687,3.515391340870682,3.570203852828125
1900-01-01 06:41:00,3.576715224045051,3.608394930407113,3.560412940865523
1900-01-01 06:42:00,3.5820213465578217,3.6084326949134895,3.6176276955627253
1900-01-01 06:43:00,3.4981013692694383,3.5475469386745595,3.6215626147035014
1900-01-01 06:44:00,3.575841997393874,3.566409781624427,3.5684930461269757
1900-01-01 06:45:00,3.501328779798032,3.6102866275292165,3.5756220593733943
1900-01-01 06:46:00,3.56495968223957,3.518274124999502,3.6244199137355806
1900-01-01 06:47:00,3.56703206794081,3.5570474752362107,3.550313111369082
1900-01-01 06:48:00,3.4966616055144852,3.5463377437301355,3.5753837774166772
1900-01-01 06:49:00,3.581685149050489,3.578611299033128,3.619013023126247
1900-01-01 06:50:00,3.54123019617655,3.548260434347515,3.582447399613271
1900-01-01 06:51:00,3.5786837584347193,3.5288248910566127,3.58188190855988
1900-01-01 06:52:00,3.5877475374867682,3.632110019259065,3.54310983128461
1900-01-01 06:53:00,3.5829370100045774,3.575061550177192,3.56450427114886
1900-01-01 06:54:00,3.5398436699794007,3.5478355641950983,3.571041768963995
1900-01-01 06:55:00,3.554505442371293,3.5749630878377165,3.545859230573657
1900-01-01 06:56:00,3.62402957585736,3.588314174699279,3.582771493100143
1900-01-01 06:57:00,3.5193531569866336,3.5445279243072734,3.573477723224623
1900-01-01 06:58:00,3.547242771227784,3.5312219677571965,3.5448695887592225
1900-01-01 06:59:00,3.5679355650753,3.5347086748325736,3.5838432331668004
1900-01-01 07:00:00,3.530384212217406,3.535654742671417,3.5732820677017547
1900-01-01 07:01:00,3.530943950310974,3.572060639485292,3.577659624619776
1900-01-01 07:02:00,3.6045136888829563,3.6489856717067153,3.5600350430494396
1900-01-01 07:03:00,3.61416594322899,3.6533183921630736,3.6185522710934825
1900-01-01 07:04:00,3.6015220941547286,3.6129538915753123,3.6639028636664577
1900-01-01 07:05:00,3.6331734585363695,3.628645672740546,3.6513900508107247
1900-01-01 07:06:00,3.685161958939234,3.6133129755741185,3.7359846677682738
1900-01-01 07:07:00,3.6783879610129917,3.6473483485458433,3.684486527397075
1900-01-01 07:08:00,3.6734577415550698,3.690630380577458,3.7337323807100513
1900-01-01 07:09:00,3.7641220489838148,3.7515279791922636,3.7146583941233686
1900-01-01 07:10:00,3.7546238322030163,3.822040688711519,3.744869512396141
1900-01-01 07:11:00,3.751560901192989,3.6994130963062926,3.7243261501078897
1900-01-01 07:12:00,3.8091844391835803,3.7953738075962953,3.786300374058682
1900-01-01 07:13:00,3.81470681286707,3.737981814021499,3.847270107435243
1900-01-01 07:14:00,3.91979388093329,3.811696996353931,3.7889953757446997
1900-01-01 07:15:00,3.8276611228680815,3.752735207576685,3.811956870474979
1900-01-01 07:16:00,3.8435329315116276,3.829174793580634,3.938839155692352
1900-01-01 07:17:00,3.8881147911660943,3.8730335322571174,3.922476727303875
1900-01-01 07:18:00,3.951079214729919,3.7954394983188866,3.859733561742825
1900-01-01 07:19:00,3.9433886014342243,3.827858054910265,3.9617787182997932
1900-01-01 07:20:00,3.924489184596834,3.927360891810992,3.8993805196117313
1900-01-01 07:21:00,3.8922804313236954,3.919722434392622,3.9348008791002833
1900-01-01 07:22:00,3.997284018216494,3.9791451484547995,3.9852633886976188
1900-01-01 07:23:00,3.995438494194023,3.9115604450862844,3.9680249221735178
1900-01-01 07:24:00,3.956175320020274,4.070941243241738,4.007847655144265
1900-01-01 07:25:00,3.9905712055079916,4.0331048274989625,3.9811617822370957
1900-01-01 07:26:00,4.041476760578934,4.028848685992404,4.149505433357497
1900-01-01 07:27:00,4.051351329854789,4.057921981844892,4.065176166760625
1900-01-01 07:28:00,4.100719877573909,4.1849253483893305,4.038754840275633
1900-01-01 07:29:00,4.1982820717643685,4.155156270405282,4.196201413996615
1900-01-01 07:30:00,4.190060888727384,4.089497420246559,4.1858874680491525
1900-01-01 07:31:00,4.219527556879234,4.146913452540172,4.149976185641513
1900-01-01 07:32:00,4.134455734353982,4.147576788041554,4.1441995967458425
1900-01-01 07:33:00,4.193691219847133,4.189459747213976,4.125630904735869
1900-01-01 07:34:00,4.261197261675365,4.240396729695904,4.198973264554452
1900-01-01 07:35:00,4.3251405031089645,4.227499820649242,4.280203121421906
1900-01-01 07:36:00,4.281309572971464,4.301343084828111,4.271297029586255
1900-01-01 07:37:00,4.370160163786343,4.233424202383371,4.360848888059646
1900-01-01 07:38:00,4.302012333316707,4.351508163212171,4.333323070935642
1900-01-01 07:39:00,4.372912893690463,4.317805920519704,4.384835408771093
1900-01-01 07:40:00,4.326283826521752,4.311005185844532,4.369624812630813
1900-01-01 07:41:00,4.31542504054695,4.323664565473787,4.393499856976864
1900-01-01 07:42:00,4.354536964965898,4.402880463423012,4.447315836657115
1900-01-01 07:43:00,4.427535682966522,4.396101375418175,4.43883542179255
1900-01-01 07:44:00,4.4421665434363184,4.450396459842365,4.4618861064467685
1900-01-01 07:45:00,4.515446363357382,4.457695628590899,4.462404329722847
1900-01-01 07:46:00,4.514730118176691,4.54893210084855,4.526018960875113
1900-01-01 07:47:00,4.533694246648342,4.556786242515149,4.561706502528143
1900-01-01 07:48:00,4.520951768682657,4.561562291789036,4.514848887665796
1900-01-01 07:49:00,4.607087933502693,4.541947280452866,4.554247250747735
1900-01-01 07:50:00,4.611589717989816,4.589633840668047,4.536423479488498
1900-01-01 07:51:00,4.6304160157203675,4.592525387722946,4.56229185209476
1900-01-01 07:52:00,4.752770744316728,4.66328983886706,4.625812840168557
1900-01-01 07:53:00,4.705687221823648,4.700904528274434,4.707969425911623
1900-01-01 07:54:00,4.689450379347878,4.732470737865036,4.732945393066797
1900-01-01 07:55:00,4.789109416277697,4.748637534594578,4.774652738563172
1900-01-01 07:56:00,4.765086458382861,4.7526618282984625,4.656432836524213
1900-01-01 07:57:00,4.761033725204571,4.696813559359265,4.828191065891197
1900-01-01 07:58:00,4.69935686836213,4.841421132317631,4.855297670782422
1900-01-01 07:59:00,4.847144458407992,4.931693252875977,4.76792859984815
1900-01-01 08:00:00,4.818975172394567,4.901355091710896,4.890261450049494
1900-01-01 08:01:00,4.907560226586144,4.817255047158986,4.870914964524263
1900-01-01 08:02:00,4.812921810265987,4.812852331447909,4.886605534918291
1900-01-01 08:03:00,4.796426161188821,4.743507634545731,4.779047662267018
1900-01-01 08:04:00,4.688002333831446,4.618287389650487,4.696808269981752
1900-01-01 08:05:00,4.612645391130681,4.745546216845131,4.645623758530231
1900-01-01 08:06:00,4.623895343993399,4.645883763755108,4.621973473502219
1900-01-01 08:07:00,4.5721218494464315,4.53483377376852,4.573186780306293
1900-01-01 08:08:00,4.594733925616045,4.4236216940426285,4.545265382148395
1900-01-01 08:09:00,4.4941991069901865,4.497418519070289,4.448132509718641
1900-01-01 08:10:00,4.459050733727299,4.455057020841798,4.452044796559836
1900-01-01 08:11:00,4.476574100533996,4.31709587342935,4.350674296674096
1900-01-01 08:12:00,4.319204787182175,4.33945187204275,4.361078243092473
1900-01-01 08:13:00,4.295458903248512,4.258887581184662,4.294577377807028
1900-01-01 08:14:00,4.25411350021912,4.238441061952881,4.237283552833972
1900-01-01 08:15:00,4.266358515810706,4.222108480175956,4.193633994057357
1900-01-01 08:16:00,4.210328586522494,4.251044733307391,4.190008632669868
1900-01-01 08:17:00,4.2559758106988195,4.160544166008986,4.193549684666185
1900-01-01 08:18:00,4.118082479648272,4.170505636464796,4.142838087594447
1900-01-01 08:19:00,4.002519063998442,4.042869180899311,4.082397933697107
1900-01-01 08:20:00,4.012090866436333,4.034207563251201,4.126891600647312
1900-01-01 08:21:00,4.1023255952638475,3.987280129240856,3.9836864942168346
1900-01-01 08:22:00,3.978056330819931,3.99485771478758,3.980812450111848
1900-01-01 08:23:00,3.980862971300418,3.9073712288709013,3.9558701503670552
1900-01-01 08:24:00,3.9267509089804733,3.924664728624088,3.9104183964921555
1900-01-01 08:25:00,3.8803366513127133,3.888459854336572,3.889178062033084
1900-01-01 08:26:00,3.8719707785134494,3.8593057540698505,3.9186850507538677
1900-01-01 08:27:00,3.828531439657691,3.7912524962676373,3.757122563315555
1900-01-01 08:28:00,3.7567830737198022,3.841109798062014,3.7531661399366314
1900-01-01 08:29:00,3.7354436601269008,3.726416955066644,3.750078884222803
1900-01-01 08:30:00,3.6923847158785437,3.7965709622705255,3.716788634235848
1900-01-01 08:31:00,3.730566355378331,3.7009058488251254,3.648886123052125
1900-01-01 08:32:00,3.6819246971820623,3.6430891293196375,3.6756851886990063
1900-01-01 08:33:00,3.5849409927693348,3.5988779751910176,3.627689397522359
1900-01-01 08:34:00,3.548716949985704,3.6121213694647523,3.6122842906154338
1900-01-01 08:35:00,3.6328237220473185,3.5683823898611267,3.5577573692685984
1900-01-01 08:36:00,3.5742030166248253,3.480084752717838,3.525812043217653
1900-01-01 08:37:00,3.528992788254455,3.5017139182927104,3.501120434382301
1900-01-01 08:38:00,3.536399390055093,3.47270327597046,3.5097198372037566
1900-01-01 08:39:00,3.4911718260793383,3.4147120451240958,3.449656652771542
1900-01-01 08:40:00,3.433127097126385,3.4483089855933904,3.4821294705888235
1900-01-01 08:41:00,3.3902522835887963,3.455451470432601,3.3791667456097443
1900-01-01 08:42:00,3.41933172887868,3.3362351780795136,3.402876647583689
1900-01-01 08:43:00,3.4106091853029366,3.3406656145497395,3.2992970888176716
1900-01-01 08:44:00,3.3006602132161973,3.378149271701466,3.309210067272446
1900-01-01 08:45:00,3.326455999089923,3.2492021687889308,3.3098330120052997
1900-01-01 08:46:00,3.330327538384493,3.288043187491283,3.3408747320556254
1900-01-01 08:47:00,3.2348586296968564,3.298550249390545,3.2330677511987402
1900-01-01 08:48:00,3.277717357725514,3.2581996693036643,3.2648139011077006
1900-01-01 08:49:00,3.1579913477843053,3.164736378589778,3.293956039535579
1900-01-01 08:50:00,3.169254329057396,3.1709045045078126,3.200492421026062
1900-01-01 08:51:00,3.1777787402501922,3.133945915624209,3.167758843497062
1900-01-01 08:52:00,3.1016159055243318,3.097013891482236,3.157322889607031
1900-01-01 08:53:00,3.0939453981216256,3.1427921371831244,3.1591768657953176
1900-01-01 08:54:00,3.0447254516972038,3.0624513317576025,3.128983137625052
1900-01-01 08:55:00,2.998668460928509,3.0268491032793707,3.0985043929939815
1900-01-01 08:56:00,3.0511394681937154,3.015809942581482,3.046345439816959
1900-01-01 08:57:00,2.9991761990807975,2.9825131949248114,3.0117880690393224
1900-01-01 08:58:00,2.9674070728968753,2.963763271407501,2.9676270526114856
1900-01-01 08:59:00,3.0281814605408486,2.965784462699839,2.983683877628298
1900-01-01 09:00:00,2.9418664996559296,2.5146780652240808,2.4756413573019658
1900-01-01 09:01:00,2.9271164865414154,2.4827528309381424,2.489696184631006
1900-01-01 09:02:00,2.943374810610237,2.4419886947718847,2.4879909135652674
1900-01-01 09:03:00,2.8675598033774308,2.471172321553279,2.44283651774491
1900-01-01 09:04:00,2.8921097107806717,2.499759488701118,2.4195250618675743
1900-01-01 09:05:00,2.862310350148718,2.446317914022763,2.4400782510105845
1900-01-01 09:06:00,2.842244682450372,2.384917590400537,2.445259225825482
1900-01-01 09:07:00,2.8619783619750145,2.453847437147012,2.441859927026026
1900-01-01 09:08:00,2.8265565934755803,2.4010871745404954,2.4042398225165686
1900-01-01 09:09:00,2.82624175282695,2.349449789499807,2.3601940106559804
1900-01-01 09:10:00,2.839844574146794,2.3428583376427086,2.3745555654510766
1900-01-01 09:11:00,2.7873959746674153,2.338117850766148,2.3526497251912803
1900-01-01 09:12:00,2.754546591476808,2.3293355219833223,2.353965815926445
1900-01-01 09:13:00,2.7658758681882976,2.337699933349878,2.306517864294432
1900-01-01 09:14:00,2.791189685237145,2.3018852841218393,2.305363726666143
1900-01-01 09:15:00,2.7067684793073354,2.347511952131081,2.307183850849656
1900-01-01 09:16:00,2.716607464068194,2.282627300940159,2.238675239328064
1900-01-01 09:17:00,2.70688524345145,2.2716342490957016,2.259133611625503
1900-01-01 09:18:00,2.6760621981768518,2.2501550765668226,2.2820863798992033
1900-01-01 09:19:00,2.645400789634402,2.204038234826697,2.1902993565631594
1900-01-01 09:20:00,2.6915348628124134,2.2437413776430626,2.3060590833127486
1900-01-01 09:21:00,2.6482975128603705,2.257018667129286,2.220779632095948
1900-01-01 09:22:00,2.6495373061728005,2.1970393444338376,2.241406245903055
1900-01-01 09:23:00,2.6362207138532585,2.2247616933095142,2.179251047660241
1900-01-01 09:24:00,2.5804809183528317,2.1974027545321433,2.2128235162407974
1900-01-01 09:25:00,2.586700432332448,2.16266395617312,2.198322264134033
1900-01-01 09:26:00,2.641588774579484,2.150768396985556,2.164907018263759
1900-01-01 09:27:00,2.5585095121764283,2.184521699337006,2.186630719224129
1900-01-01 09:28:00,2.6019059358727024,2.1967075407801735,2.1239211595458802
1900-01-01 09:29:00,2.569119457830286,2.135922871446382,2.1442233990742654
1900-01-01 09:30:00,2.5209782453382976,2.1134484070127915,2.124443361189663
1900-01-01 09:31:00,2.5030724585364807,2.1415723824693784,2.1402971520334115
1900-01-01 09:32:00,2.5365175774329183,2.1429567679562203,2.110622469573263
1900-01-01 09:33:00,2.5138238405404048,2.081181627556229,2.0870205218043676
1900-01-01 09:34:00,2.4899796032310615,2.1062766252507337,2.065123488752091
1900-01-01 09:35:00,2.4668988954959494,2.0831010277103683,2.0716274155633205
1900-01-01 09:36:00,2.5001793111444646,2.0389310963702965,2.055386671701372
1900-01-01 09:37:00,2.4738446403919454,2.0370472710281238,2.0559886056006995
1900-01-01 09:38:00,2.4469146370242854,2.0257376127888485,2.032029765029321
1900-01-01 09:39:00,2.438559323461454,2.009216209776,2.018164272439291
1900-01-01 09:40:00,2.414744924565611,2.0289437999282014,2.0108692781850146
1900-01-01 09:41:00,2.384263997070036,1.9802820733603301,1.9978287181459247
1900-01-01 09:42:00,2.376520076575708,1.9962829359377883,2.008839295521621
1900-01-01 09:43:00,2.3602769094301776,1.944402891746541,2.0298257257328616
1900-01-01 09:44:00,2.405148404932288,1.9708510262968635,1.965294229737578
1900-01-01 09:45:00,2.3783889353267984,1.9515897969126543,1.957702465640319
1900-01-01 09:46:00,2.331214982563657,1.9700908782004516,1.982504371139902
1900-01-01 09:47:00,2.325906807631909,1.9354527862316588,1.9562423947199594
1900-01-01 09:48:00,2.3374251841131555,1.9705993797313983,1.9117901139900098
1900-01-01 09:49:00,2.3111996510201376,1.9132177114748257,1.902059560359727
1900-01-01 09:50:00,2.3037500710972107,1.9127345755370027,1.916026918713244
1900-01-01 09:51:00,2.3278135202802623,1.873891026555985,1.8965239486752958
1900-01-01 09:52:00,2.2915661668880936,1.8807512671704605,1.9057938497717557
1900-01-01 09:53:00,2.2527765588683026,1.8941341022996532,1.8710423808626977
1900-01-01 09:54:00,2.2741150577970655,1.867438911740141,1.8979004669521358
1900-01-01 09:55:00,2.265448037621144,1.8509455385893085,1.8773107696815132
1900-01-01 09:56:00,2.250201476819399,1.877291598090238,1.8549570246999523
1900-01-01 09:57:00,2.230869742178837,1.8299129018816094,1.8410700982648216
1900-01-01 09:58:00,2.1942305139368603,1.8582293250730888,1.8561481998460885
1900-01-01 09:59:00,2.2066142445015497,1.8179902477452023,1.8083324547994373
1900-01-01 10:00:00,2.2032718853944853,1.8336847199168493,1.806761349119001
1900-01-01 10:01:00,2.16560734449014,1.821690224102324,1.7897149407384287
1900-01-01 10:02:00,2.177518821327234,1.7919521543822667,1.8301347256100653
1900-01-01 10:03:00,2.1901655252600074,1.8103225575425959,1.8264189083734863
1900-01-01 10:04:00,2.1645004252093756,1.805277681665819,1.8063792613806904
1900-01-01 10:05:00,2.1521283990284124,1.8107693300650356,1.798139850784619
1900-01-01 10:06:00,2.1689024218820103,1.8067641432194683,1.7882925322781678
1900-01-01 10:07:00,2.178222347980634,1.7998155473185056,1.8135795700338198
1900-01-01 10:08:00,2.181679145519028,1.7634690229372474,1.7843307225027332
1900-01-01 10:09:00,2.1574622982792118,1.7750340497413546,1.7817100439786635
1900-01-01 10:10:00,2.129065859252453,1.7534847318254037,1.7883480671093528
1900-01-01 10:11:00,2.1371425496773098,1.776596595311303,1.7546809001183585
1900-01-01 10:12:00,2.1484391248888866,1.7507503169614607,1.7635274289165765
1900-01-01 10:13:00,2.125111967361248,1.7500817308339909,1.7870527834840926
1900-01-01 10:14:00,2.140658439112506,1.7822373699111413,1.7397941569201154
1900-01-01 10:15:00,2.098752838617765,1.7523880355041814,1.7214868963214478
1900-01-01 10:16:00,2.120262325833113,1.7713597225607343,1.7437095269306517
1900-01-01 10:17:00,2.1333409956764373,1.6988403986656582,1.7437152688398985
1900-01-01 10:18:00,2.1356367768573716,1.767751737425822,1.7466674963893583
1900-01-01 10:19:00,2.1289765861115706,1.7223942582208225,1.7795721125093875
1900-01-01 10:20:00,2.099976541853084,1.7176300284714094,1.7270506427025545
1900-01-01 10:21:00,2.0814874839885786,1.7569181987307103,1.7305851666309746
1900-01-01 10:22:00,2.123656456236098,1.697547518715927,1.728673649688973
1900-01-01 10:23:00,2.0789518531237277,1.6691617910384793,1.7306851823338911
1900-01-01 10:24:00,2.086453472276976,1.69206364603082,1.717849229344389
1900-01-01 10:25:00,2.0759325076127335,1.716997193521424,1.719289248287425
1900-01-01 10:26:00,2.0892522748148736,1.6989220527545117,1.7060513471190966
1900-01-01 10:27:00,2.091526829242208,1.6786091035305852,1.6971795307847388
1900-01-01 10:28:00,2.0575857665210107,1.7073420558282786,1.6726170536293061
1900-01-01 10:29:00,2.0612897433189508,1.668011258499922,1.6814564082994783
1900-01-01 10:30:00,2.081286257327422,1.6823685693023118,1.677004321082897
1900-01-01 10:31:00,2.0549975887410152,1.6352476376698937,1.7004394373965483
1900-01-01 10:32:00,2.0300652180433265,1.7136287568320308,1.6861145594449174
1900-01-01 10:33:00,2.0674541607903283,1.6735825350625773,1.6672177352531188
1900-01-01 10:34:00,2.0534225569034232,1.6242799772650973,1.6874998378608521
1900-01-01 10:35:00,2.0337731944614426,1.7086527779604024,1.6815465013646187
1900-01-01 10:36:00,2.0333004850323255,1.6700665316752463,1.6587223580140689
1900-01-01 10:37:00,2.0469921716631068,1.6502084216226205,1.649810695501792
1900-01-01 10:38:00,2.036837444932074,1.6604628527567022,1.663861345463778
1900-01-01 10:39:00,2.061600987548375,1.656544070653338,1.659123139814747
1900-01-01 10:40:00,2.0098560163410655,1.6553661592689828,1.6397538292808809
1900-01-01 10:41:00,1.9739659895837587,1.6647859440136372,1.6375986742403954
1900-01-01 10:42:00,1.988483124181161,1.6246269661723869,1.6369376405025653
1900-01-01 10:43:00,2.0138409701612825,1.6233742039119172,1.6140866638338112
1900-01-01 10:44:00,1.9923380726074824,1.610216619022835,1.63296876419139
1900-01-01 10:45:00,1.9923647687083637,1.6485504417243386,1.6122608953847766
1900-01-01 10:46:00,1.9756276032773705,1.6422212916441135,1.6188993194729613
1900-01-01 10:47:00,2.0132682108619138,1.6071903677235595,1.6311003258359438
1900-01-01 10:48:00,2.0190231392283953,1.6197621251698304,1.629620443807736
1900-01-01 10:49:00,2.0044237479151876,1.624370782584233,1.613498443972488
1900-01-01 10:50:00,1.9869753217916157,1.6034068551960043,1.6125196026183002
1900-01-01 10:51:00,1.9798235986939923,1.596540612229626,1.6150383641880914
1900-01-01 10:52:00,1.9481906045090138,1.578223741080914,1.611028086821242
1900-01-01 10:53:00,2.002062006400758,1.5769032018596394,1.5887862338433523
1900-01-01 10:54:00,1.9787980698826837,1.5848993358575818,1.6247184723590073
1900-01-01 10:55:00,1.952070958449303,1.5616268610800865,1.5840292782806695
1900-01-01 10:56:00,1.9487390108146205,1.5819595835266562,1.5978042279711437
1900-01-01 10:57:00,1.9322622041510085,1.5781124136478784,1.5603958948379242
1900-01-01 10:58:00,1.94918396506405,1.5888125502102304,1.5974192509676244
1900-01-01 10:59:00,1.943124121898588,1.5694790072003648,1.560953298896264
1900-01-01 11:00:00,1.9173128965204231,1.5878367365661679,1.5771903099460192
1900-01-01 11:01:00,1.8931645224872735,1.563709537555438,1.5319953731249563
1900-01-01 11:02:00,1.9225554238791667,1.504696562858799,1.554259306652799
1900-01-01 11:03:00,1.91175786033565,1.5517985089680881,1.5533795960539125
1900-01-01 11:04:00,1.9032795433961476,1.5660213772021598,1.5396496393664176
1900-01-01 11:05:00,1.8900713874687018,1.5404988034820544,1.524163342729252
1900-01-01 11:06:00,1.8902171380139392,1.5106635746579724,1.5392603187880756
1900-01-01 11:07:00,1.868058763914563,1.5204834062121857,1.516475668131907
1900-01-01 11:08:00,1.8805192345221915,1.5240568857182935,1.5158006011394687
1900-01-01 11:09:00,1.8681543861199605,1.4992419445196852,1.5135893847083959
1900-01-01 11:10:00,1.884145284187941,1.4905196893234671,1.4964067762784634
1900-01-01 11:11:00,1.8554523257369748,1.4912423368024537,1.4918718052986266
1900-01-01 11:12:00,1.8680063077706923,1.506660756171166,1.4787000508636374
1900-01-01 11:13:00,1.8818309482824613,1.4813910993609585,1.4535689333270996
1900-01-01 11:14:00,1.8200594219882695,1.4804522112574452,1.496349896073521
1900-01-01 11:15:00,1.8172804220186394,1.4691359498133245,1.4661840995829398
1900-01-01 11:16:00,1.8303019754804657,1.4483318109288816,1.4657137602167543
1900-01-01 11:17:00,1.821690967799016,1.4562369150787104,1.4581441772404529
1900-01-01 11:18:00,1.816168679022917,1.4460086005867825,1.4552750616306627
1900-01-01 11:19:00,1.8019714728872789,1.4362334436127033,1.4602113909557215
1900-01-01 11:20:00,1.7924842652747282,1.4519761880056319,1.4615805415463932
1900-01-01 11:21:00,1.7926862626190379,1.4328226950625018,1.4376090728610902
1900-01-01 11:22:00,1.7856102959424798,1.427001076196159,1.4240707245727104
1900-01-01 11:23:00,1.784034547244207,1.4262032974141141,1.4233305750741654
1900-01-01 11:24:00,1.779703057928796,1.4403303345208587,1.409846285685948
1900-01-01 11:25:00,1.7215509167407992,1.426528513906649,1.4041039597294145
1900-01-01 11:26:00,1.7387653156067477,1.4025952596478743,1.3857597988893329
1900-01-01 11:27:00,1.7833657712751185,1.3984387245170438,1.3642666176805909
1900-01-01 11:28:00,1.7307779099085803,1.401680030735584,1.3868211097882077
1900-01-01 11:29:00,1.737557708566717,1.4017410722528374,1.3978299933899931
1900-01-01 11:30:00,1.7143222375643583,1.3681575935283068,1.3735453773768216
1900-01-01 11:31:00,1.7403725049631629,1.3504602596439477,1.4250989360152415
1900-01-01 11:32:00,1.7212025903263413,1.371305540564489,1.3770459324695588
1900-01-01 11:33:00,1.7113034138226129,1.349820951853262,1.3650510604784276
1900-01-01 11:34:00,1.7023062082946905,1.3684739158775914,1.3620214552451657
1900-01-01 11:35:00,1.7171411340915828,1.3737857068388326,1.3605129294572849
1900-01-01 11:36:00,1.6841420281077808,1.3122356151475856,1.3231175245357913
1900-01-01 11:37:00,1.694438303634363,1.302304228811428,1.3373731612198743
1900-01-01 11:38:00,1.683757157579998,1.3097614484577782,1.3350156362050192
1900-01-01 11:39:00,1.6631533022045577,1.3155228327139457,1.3395042156081356
1900-01-01 11:40:00,1.6492851724821687,1.310992616253666,1.3045820383391113
1900-01-01 11:41:00,1.6625909905980425,1.317924782535179,1.3176542592364793
1900-01-01 11:42:00,1.6420371956849895,1.3013192993201794,1.3077305352370574
1900-01-01 11:43:00,1.6317065120987395,1.2968224129574117,1.3009500043825364
1900-01-01 11:44:00,1.6509777238376333,1.2850457021962667,1.3056153375300825
1900-01-01 11:45:00,1.6243810437056234,1.3152308000442512,1.288790840728858
1900-01-01 11:46:00,1.6341628578770333,1.2939501702020275,1.2878338985195827
1900-01-01 11:47:00,1.6045046601496582,1.284424549189799,1.2752480061352396
1900-01-01 11:48:00,1.6291208205462309,1.2612759527277262,1.263317723497373
1900-01-01 11:49:00,1.5709630978300135,1.2826213839773442,1.2581963912404748
1900-01-01 11:50:00,1.6168782788939542,1.2327401593509633,1.2760335246718455
1900-01-01 11:51:00,1.592128635287517,1.2572826048149495,1.265833449540824
1900-01-01 11:52:00,1.5905128850446135,1.238229887780992,1.2195603069490082
1900-01-01 11:53:00,1.5928198268241047,1.2375229387696536,1.2389446577583692
1900-01-01 11:54:00,1.560469920682172,1.252872055795309,1.2215503060224708
1900-01-01 11:55:00,1.5555179823320733,1.2198472718293083,1.2214742625189507
1900-01-01 11:56:00,1.562796459217678,1.2272162661708632,1.247563576173799
1900-01-01 11:57:00,1.57630419022069,1.2235615906310244,1.2258204968882904
1900-01-01 11:58:00,1.5569483435364546,1.2134877479597734,1.2150751034536227
1900-01-01 11:59:00,1.549781511927799,1.1824859578646125,1.2244992609738319
1900-01-01 12:00:00,1.5418166465303669,1.1951780721376388,1.1885463994316585
1900-01-01 12:01:00,1.5282151218169802,1.2097357091576804,1.2151934359455268
1900-01-01 12:02:00,1.5285002795556666,1.2051613676795943,1.2039816973938025
1900-01-01 12:03:00,1.524034748542709,1.2114754130830296,1.1870941386851879
1900-01-01 12:04:00,1.5118354361372173,1.1740226788510106,1.2115459596956768
1900-01-01 12:05:00,1.5283547576296534,1.1671700806777219,1.2110243586123024
1900-01-01 12:06:00,1.5284610993340437,1.1928185232759971,1.1971426078688308
1900-01-01 12:07:00,1.5144858814426334,1.180708455734882,1.214045459026069
1900-01-01 12:08:00,1.5037957994086435,1.167078250864877,1.1606815149931247
1900-01-01 12:09:00,1.5121280791382234,1.1756887671495038,1.1842960670085745
1900-01-01 12:10:00,1.5338612258389468,1.1831685994251402,1.1805095183918097
1900-01-01 12:11:00,1.51610151755272,1.188135388399724,1.1855763125285166
1900-01-01 12:12:00,1.5166369400925996,1.1828375096449693,1.1768338980145954
1900-01-01 12:13:00,1.5094905073791636,1.1755942373158175,1.1715698696511905
1900-01-01 12:14:00,1.5183461080166618,1.1767512718837867,1.178009236247282
1900-01-01 12:15:00,1.5203203849592848,1.1672000348405809,1.1907847404099117
1900-01-01 12:16:00,1.5090908181419527,1.1612817700943538,1.1634622606817488
1900-01-01 12:17:00,1.51232699267169,1.1553486492841674,1.1592101145687046
1900-01-01 12:18:00,1.4976128829336124,1.1585988152486404,1.1383678341488201
1900-01-01 12:19:00,1.507580370318597,1.1670704669263432,1.1633909885750002
1900-01-01 12:20:00,1.5038153199551283,1.1568380526225535,1.1613528590212256
1900-01-01 12:21:00,1.476988671600762,1.152124168792453,1.1585655912116841
1900-01-01 12:22:00,1.4677952364863192,1.1463857010279077,1.1188039425525644
1900-01-01 12:23:00,1.4801417997436952,1.1502427475940555,1.1473268329581205
1900-01-01 12:24:00,1.4825245068619761,1.1329589329321994,1.1448686549750298
1900-01-01 12:25:00,1.4782624395753043,1.1327981558680493,1.1379722162212575
1900-01-01 12:26:00,1.4861461959825923,1.1377969209695522,1.1317079927151563
1900-01-01 12:27:00,1.4878087391360764,1.1423028526740602,1.1342030786737838
1900-01-01 12:28:00,1.4731896457865985,1.1626583911307602,1.1324032616091195
1900-01-01 12:29:00,1.5021602878896108,1.1259343253051775,1.1322456082719972
1900-01-01 12:30:00,1.4624696650494375,1.1460438560622277,1.1402867019627254
1900-01-01 12:31:00,1.4422633289804916,1.1219823783741307,1.1336510168565417
1900-01-01 12:32:00,1.47382671152883,1.113280983346686,1.1215343390031272
1900-01-01 12:33:00,1.4655258826064372,1.1318216431428751,1.0959200356482048
1900-01-01 12:34:00,1.451585373427493,1.120858859711348,1.142718681073358
1900-01-01 12:35:00,1.4599673707164171,1.0939501022806957,1.1145011039645096
1900-01-01 12:36:00,1.4648983062925731,1.1167675097800223,1.1333546015641505
1900-01-01 12:37:00,1.4440453878006665,1.1234283330207133,1.1291714993217963
1900-01-01 12:38:00,1.4647989212988644,1.1013170273646957,1.1251075335516154
1900-01-01 12:39:00,1.4457934224334743,1.1018876007220932,1.118850175741845
1900-01-01 12:40:00,1.437845050954332,1.1138252280924217,1.112984564545974
1900-01-01 12:41:00,1.4306622961293176,1.116187629055041,1.1048395570003462
1900-01-01 12:42:00,1.4316609785807137,1.1178002206346,1.0949757899304855
1900-01-01 12:43:00,1.4300974881973065,1.099144979057771,1.1177934901442055
1900-01-01 12:44:00,1.4454056511313618,1.1082361557043556,1.1056206130514825
1900-01-01 12:45:00,1.4636574615781603,1.099494905380195,1.117026165692795
1900-01-01 12:46:00,1.4471838915354145,1.1007464160220164,1.1016917501220043
1900-01-01 12:47:00,1.4407158937536302,1.0857548765343352,1.0923973558899587
1900-01-01 12:48:00,1.4227999466861323,1.0891616889497782,1.084650362947088
1900-01-01 12:49:00,1.4390678602509137,1.085910384504311,1.0685907485733621
1900-01-01 12:50:00,1.4078171368428711,1.0926488987252814,1.0920006385998553
1900-01-01 12:51:00,1.420697583469351,1.0798220651114825,1.0899543962967557
1900-01-01 12:52:00,1.4181854027249852,1.1256752900622549,1.0896641036690662
1900-01-01 12:53:00,1.4262681762919769,1.083201511879813,1.0965984815958625
1900-01-01 12:54:00,1.426020944872975,1.0809065900207688,1.085227183176176
1900-01-01 12:55:00,1.4176841262315212,1.0810406892422062,1.0912166623353892
1900-01-01 12:56:00,1.4014750345353275,1.1027919848829513,1.0768022854349506
1900-01-01 12:57:00,1.4053456051729718,1.0723611044470935,1.079614403135348
1900-01-01 12:58:00,1.382030084403144,1.0770728831842042,1.0913844873477645
1900-01-01 12:59:00,1.3885348132190305,1.0860861001189535,1.0824920250512164
1900-01-01 13:00:00,1.414335998663506,1.0732352760817838,1.102233423320805
1900-01-01 13:01:00,1.3743294565470463,1.0806255631086592,1.0641680877830917
1900-01-01 13:02:00,1.4040669419674003,1.0734639391071752,1.0683781080552315
1900-01-01 13:03:00,1.3762845469091483,1.0743794697323825,1.0657316971684108
1900-01-01 13:04:00,1.3944581375792637,1.049945144946302,1.0444585677293572
1900-01-01 13:05:00,1.4052022726797007,1.0588027547187282,1.066257824833723
1900-01-01 13:06:00,1.3846726231278248,1.0327139995961288,1.0451839157886231
1900-01-01 13:07:00,1.382339699798133,1.0566292175084138,1.0480306081931494
1900-01-01 13:08:00,1.384505131867921,1.047112262213728,1.0801224925700943
1900-01-01 13:09:00,1.3652982712230177,1.056784226621999,1.029070315652866
1900-01-01 13:10:00,1.3769503291440088,1.0443403881551208,1.0438402736560173
1900-01-01 13:11:00,1.38195690137693,1.0662912862683784,1.0559258933348838
1900-01-01 13:12:00,1.3793076001654843,1.0304381272171486,1.0536860468312077
1900-01-01 13:13:00,1.3579155146539725,1.0311702134801772,1.0418607419093464
1900-01-01 13:14:00,1.344101679794126,1.0256732422192694,1.041386279496021
1900-01-01 13:15:00,1.3611279757034338,1.0518328181982162,1.032796367934528
1900-01-01 13:16:00,1.3627707890111802,1.0438140585512994,1.0477528555872773
1900-01-01 13:17:00,1.354912367461646,1.0442403273516752,1.040793085055756
1900-01-01 13:18:00,1.350776118413568,1.0361169932676961,1.0510892828801959
1900-01-01 13:19:00,1.366665780113156,1.0484708717164866,1.0174162768854131
1900-01-01 13:20:00,1.3535957330823907,1.0385389255543942,1.041030345677214
1900-01-01 13:21:00,1.3520408016562573,1.0216520796116881,1.0226716288606321
1900-01-01 13:22:00,1.3417922779232725,1.0079790036147434,1.0179723016145727
1900-01-01 13:23:00,1.3410944159548575,1.028577356795076,1.017888264994522
1900-01-01 13:24:00,1.3463187410053097,1.0182965950630825,1.0190698241342284
1900-01-01 13:25:00,1.3442322197177257,1.0382557119030618,1.0255052069237394
1900-01-01 13:26:00,1.3778739314985304,1.0035203455653088,1.0148679154297444
1900-01-01 13:27:00,1.3617643732361815,1.009884828488271,1.000219976627131
1900-01-01 13:28:00,1.3322830237470036,0.987191488396799,1.0135693501330036
1900-01-01 13:29:00,1.352901776803969,1.0133027239982173,1.018717100160185
1900-01-01 13:30:00,1.3312519233483637,1.0037386658536933,1.0054799906507865
1900-01-01 13:31:00,1.3357837847284537,1.0124263393554118,0.99315509887259
1900-01-01 13:32:00,1.3322506375492968,0.991598105780581,0.9988017853889111
1900-01-01 13:33:00,1.3388910433999883,1.0166256576024577,1.0094765619274173
1900-01-01 13:34:00,1.316240939049559,1.012842233496566,1.0050317710347496
1900-01-01 13:35:00,1.3167807822421704,0.9889841668367462,0.9939457403686568
1900-01-01 13:36:00,1.2936607307477601,1.0207292878232088,0.9952471659328564
1900-01-01 13:37:00,1.320442944557795,0.997185238007436,0.9881820383636044
1900-01-01 13:38:00,1.3125202971139622,1.0188954311857472,1.0058983698929536
1900-01-01 13:39:00,1.3333874667311405,0.9722051699240706,0.9894096536831053
1900-01-01 13:40:00,1.2871832219092185,0.9780041913187628,0.9853287550296304
1900-01-01 13:41:00,1.3035253526846788,0.9759815954470208,0.9972440850583855
1900-01-01 13:42:00,1.2938886521511384,0.9819314002756562,1.004721925394874
1900-01-01 13:43:00,1.2819591529674175,0.9927096360331286,0.9839159641067414
1900-01-01 13:44:00,1.2989962141577946,0.9794489453360362,0.9854935390878699
1900-01-01 13:45:00,1.2881286991691012,0.9983163294885629,0.9881226634761373
1900-01-01 13:46:00,1.295027260794475,0.9707819804172914,0.9897470842986708
1900-01-01 13:47:00,1.2876582032115027,0.9846269814818882,0.9847708422265334
1900-01-01 13:48:00,1.2938620742324054,0.959407948266883,0.9695195581171228
1900-01-01 13:49:00,1.2848304917087654,0.9616360081632104,0.9630812267978979
1900-01-01 13:50:00,1.2955704605228933,0.9660514202400994,0.9616125877401872
1900-01-01 13:51:00,1.280069780216074,0.9720317694143811,0.9604303752528334
1900-01-01 13:52:00,1.2658809076628286,0.957797476573989,0.9798523577624223
1900-01-01 13:53:00,1.2770924587045671,0.9491546176817144,0.9573041705207523
1900-01-01 13:54:00,1.2840829123231297,0.9624041002232504,0.9457547046338314
1900-01-01 13:55:00,1.2658196528176517,0.9456874945861381,0.9572794369744115
1900-01-01 13:56:00,1.2867064374458634,0.9539922065962656,0.9747105828496724
1900-01-01 13:57:00,1.2683487810036516,0.9648467131557742,0.9589023482320489
1900-01-01 13:58:00,1.2543581817111544,0.9646785686806812,0.9568086332855135
1900-01-01 13:59:00,1.2771454317147681,0.9347162738881474,0.9479545773139699
1900-01-01 14:00:00,1.2730889192919628,0.9826668976296549,0.9440352637353253
1900-01-01 14:01:00,1.2914094860145366,0.9570424269021748,0.9601277602142688
1900-01-01 14:02:00,1.2579087825230637,0.9497461454437126,0.9485291280447774
1900-01-01 14:03:00,1.241870125069911,0.9346461994224143,0.9393882386661444
1900-01-01 14:04:00,1.2615105200435055,0.9438355894882036,0.9581256134560876
1900-01-01 14:05:00,1.2769235126475391,0.9364048876854705,0.9393512174866289
1900-01-01 14:06:00,1.2490400602469696,0.9531249469191777,0.9399685066266878
1900-01-01 14:07:00,1.260877769215561,0.9351264407084248,0.9381060105006901
1900-01-01 14:08:00,1.2621037452067707,0.9275942293480555,0.9346805376616025
1900-01-01 14:09:00,1.2520364543568734,0.9194731144112567,0.9165079681824784
1900-01-01 14:10:00,1.2519050879135438,0.9306266658543431,0.929040013506738
1900-01-01 14:11:00,1.242053124774484,0.9165380506073554,0.9256443713711917
1900-01-01 14:12:00,1.255803362493504,0.9312273682543466,0.9205718970512333
1900-01-01 14:13:00,1.2451289316736447,0.921582674363269,0.9249410758025158
1900-01-01 14:14:00,1.2417489078550072,0.9405403025950757,0.9176123973461409
1900-01-01 14:15:00,1.2066242513452017,0.9141989033925978,0.9265390502186343
1900-01-01 14:16:00,1.2230956563132611,0.9038622384179968,0.8900012084099357
1900-01-01 14:17:00,1.2170984727157985,0.8977518531471882,0.9172116559850698
1900-01-01 14:18:00,1.2245077265170017,0.922263444042168,0.9219934910078944
1900-01-01 14:19:00,1.2222643591673965,0.9103228824562274,0.9034941695504131
1900-01-01 14:20:00,1.209905818023138,0.90043960827527,0.9107506794562517
1900-01-01 14:21:00,1.2256280554624657,0.911569249056586,0.9008601140616206
1900-01-01 14:22:00,1.2291482384171637,0.9167329057289877,0.8965250611045616
1900-01-01 14:23:00,1.2285562478873633,0.8996748259997295,0.9052091780647763
1900-01-01 14:24:00,1.22138053986767,0.9017575623380447,0.911694960055888
1900-01-01 14:25:00,1.2276099275532846,0.9061266174546304,0.8942882067583726
1900-01-01 14:26:00,1.2073390326414652,0.908874869496926,0.8900629379893628
1900-01-01 14:27:00,1.2002888830331864,0.8972164650144213,0.9117375815451001
1900-01-01 14:28:00,1.2051969994346847,0.8946027234322739,0.8818379840336933
1900-01-01 14:29:00,1.214480947600205,0.9005620409746642,0.8692067728533323
1900-01-01 14:30:00,1.2156560315462703,0.8732614349340587,0.8855364806208266
1900-01-01 14:31:00,1.2168674906295232,0.8966518157564597,0.8874842927638866
1900-01-01 14:32:00,1.1949165349864732,0.8910193820546988,0.8903347924304892
1900-01-01 14:33:00,1.1833235668073063,0.8866408462153066,0.8753963270989883
1900-01-01 14:34:00,1.1952678348372838,0.9015986304721324,0.8849841180017631
1900-01-01 14:35:00,1.185561813264696,0.8807557567798191,0.8783041248418226
1900-01-01 14:36:00,1.1871272328904787,0.8848148417599441,0.8765059836998129
1900-01-01 14:37:00,1.1749535768696255,0.8812979821801645,0.8677177029301566
1900-01-01 14:38:00,1.206780122834958,0.8819403512665215,0.8744521068416583
1900-01-01 14:39:00,1.190268590734291,0.8832863124977044,0.8709448567600648
1900-01-01 14:40:00,1.1759785826816898,0.8798628669747663,0.8792975904570741
1900-01-01 14:41:00,1.1781138573184724,0.8673960490645928,0.8765640010596957
1900-01-01 14:42:00,1.1753720510632144,0.8725567111305658,0.8532878285096963
1900-01-01 14:43:00,1.1760964857688525,0.856499626872326,0.8499019554908142
1900-01-01 14:44:00,1.1745147958646058,0.8747526969110481,0.87382811573606
1900-01-01 14:45:00,1.1668295401733746,0.8522138660101138,0.8586273713787744
1900-01-01 14:46:00,1.1596493345535883,0.8555111492317843,0.8609498168858962
1900-01-01 14:47:00,1.1705830650312605,0.8472288583272747,0.8638070299074424
1900-01-01 14:48:00,1.148150822139986,0.8424537675961425,0.8616945873531267
1900-01-01 14:49:00,1.1514528939058237,0.8469672875424877,0.8639865890762589
1900-01-01 14:50:00,1.1405780111905393,0.8609564098112674,0.8532417266658737
1900-01-01 14:51:00,1.1557345001152928,0.8544214873136134,0.8449998912069948
1900-01-01 14:52:00,1.1685986726071433,0.8550944327716786,0.8431804236437969
1900-01-01 14:53:00,1.158239324592674,0.8463768322569767,0.835096135076887
1900-01-01 14:54:00,1.149433373703759,0.8342476451852388,0.8365337759770264
1900-01-01 14:55:00,1.1559879543251408,0.852497207112882,0.8445508176079457
1900-01-01 14:56:00,1.1210244838440315,0.845175951140025,0.83783360738148
1900-01-01 14:57:00,1.1645798258522289,0.8207047215317987,0.8460962258154613
1900-01-01 14:58:00,1.1563757843061038,0.8404954923478516,0.838712599483878
1900-01-01 14:59:00,1.1515837187935232,0.8341202770872511,0.8342799761333647
1900-01-01 15:00:00,1.1309182551367916,0.8236423897833097,0.8202605657249481
1900-01-01 15:01:00,1.1440007089005584,0.8308696520512258,0.8323726692883835
1900-01-01 15:02:00,1.1299449089396814,0.8439714564347726,0.8497206550345885
1900-01-01 15:03:00,1.1617824933847711,0.8519924666964445,0.8549984216677204
1900-01-01 15:04:00,1.1501164226203293,0.8402763059572719,0.8597754691368749
1900-01-01 15:05:00,1.1619978084853446,0.853812693904663,0.858865184222382
1900-01-01 15:06:00,1.159378243765453,0.8601826275258001,0.8539865010710351
1900-01-01 15:07:00,1.1707687399524962,0.8643452227453987,0.8741131838067977
1900-01-01 15:08:00,1.1562714744741047,0.8790663384934424,0.8898536333381618
1900-01-01 15:09:00,1.1828689725461523,0.8874890421665844,0.8647093271679597
1900-01-01 15:10:00,1.202809156668929,0.9034511113509166,0.8935703838110295
1900-01-01 15:11:00,1.2063964007589039,0.8903272306064572,0.90503203101424
1900-01-01 15:12:00,1.20347108385415,0.895506784768955,0.8914854610347072
1900-01-01 15:13:00,1.2378570573316847,0.8883349387307643,0.9130403241312934
1900-01-01 15:14:00,1.2055582460666718,0.9157242084095027,0.8981335071016358
1900-01-01 15:15:00,1.2396964773120152,0.9212938324570157,0.923329131408662
1900-01-01 15:16:00,1.2488851894247293,0.9264523373936419,0.929235948718849
1900-01-01 15:17:00,1.2274678681251878,0.9169347681580629,0.9387852065592043
1900-01-01 15:18:00,1.2592601526055973,0.9350662172322302,0.9421935541806989
1900-01-01 15:19:00,1.251871666048607,0.9515967836919401,0.9338721715132307
1900-01-01 15:20:00,1.2490091483694667,0.945478723373153,0.947718201548595
1900-01-01 15:21:00,1.2761075231087005,0.9376383941853469,0.9639449660872836
1900-01-01 15:22:00,1.2802619761739993,0.9653617568252191,0.9554330632716543
1900-01-01 15:23:00,1.2850945875382336,0.9505076028217403,0.9512432550159755
1900-01-01 15:24:00,1.2619507004564061,0.972305337933161,0.9885349507618695
1900-01-01 15:25:00,1.2816304248996562,0.9765357212812491,0.9826389201092925
1900-01-01 15:26:00,1.2893921886216528,0.9717808401456509,0.9770197578116453
1900-01-01 15:27:00,1.3173652231336794,0.98905208494456,0.9865993004966032
1900-01-01 15:28:00,1.3153423186005413,0.9909534553643967,0.99263985534385
1900-01-01 15:29:00,1.3214552243824278,0.9855707937835653,0.9900220235776858
1900-01-01 15:30:00,1.3405258447329615,1.006793103652848,1.0212535443341517
1900-01-01 15:31:00,1.3335177447148403,1.01700960891228,1.0137144459929464
1900-01-01 15:32:00,1.3355902130522186,1.00510593047338,0.9825642111994362
1900-01-01 15:33:00,1.3360075645868275,1.0254004785364028,1.0328663114540066
1900-01-01 15:34:00,1.359979259845886,1.0188588043574454,1.0413145458698267
1900-01-01 15:35:00,1.3615925385503165,1.0195249463460812,1.0530642152907626
1900-01-01 15:36:00,1.358810468614622,1.0588638350673842,1.0456959251078333
1900-01-01 15:37:00,1.3648302360693467,1.062353589509723,1.069470734873131
1900-01-01 15:38:00,1.3761994210492283,1.0588915665108918,1.0474596398478484
1900-01-01 15:39:00,1.3946265682259313,1.0637784317100123,1.0553952947630354
1900-01-01 15:40:00,1.4072076869226544,1.0553472274893378,1.0631264969040402
1900-01-01 15:41:00,1.4111497966105977,1.0740774932191015,1.063742117741608
1900-01-01 15:42:00,1.398549556814195,1.081844602041474,1.0834486894166147
1900-01-01 15:43:00,1.4276344398627177,1.087730714103324,1.0862884355971476
1900-01-01 15:44:00,1.4252390502337464,1.0860044906679438,1.110048803421229
1900-01-01 15:45:00,1.4382790401537031,1.0918183701841295,1.1121251206496614
1900-01-01 15:46:00,1.4349229654482918,1.103559694483485,1.0911192317027714
1900-01-01 15:47:00,1.464501745533941,1.1209660153482293,1.0947742045510953
1900-01-01 15:48:00,1.4558844422688386,1.1277063440050132,1.123611150141626
1900-01-01 15:49:00,1.4689733510141745,1.1228885663899224,1.1148058526842521
1900-01-01 15:50:00,1.4631842397062556,1.126051152378161,1.1187359430518307
1900-01-01 15:51:00,1.4666720256250654,1.1244373942731951,1.1349167934720903
1900-01-01 15:52:00,1.4530078805877091,1.1393885250324822,1.1358720334101027
1900-01-01 15:53:00,1.485105559807024,1.154281534135511,1.16369640882661
1900-01-01 15:54:00,1.5102648695518184,1.1729574665134173,1.1672991830936932
1900-01-01 15:55:00,1.4945389564014893,1.1619842351249279,1.1656189851863874
1900-01-01 15:56:00,1.502991463735786,1.168348915891136,1.1629895563663128
1900-01-01 15:57:00,1.5128822290687625,1.199484940283098,1.1807587157879775
1900-01-01 15:58:00,1.5503433336873236,1.1789707333456132,1.1846655853211838
1900-01-01 15:59:00,1.5539219808008637,1.2121760507940809,1.1904678165100313
1900-01-01 16:00:00,1.528649493899329,1.2007021434014304,1.5610014926101183
1900-01-01 16:01:00,1.5646718371666448,1.2048981005132187,1.5529433396812993
1900-01-01 16:02:00,1.5621824521459278,1.1964173898529553,1.543373970133244
1900-01-01 16:03:00,1.582263689066893,1.2087537250573546,1.5505648194771813
1900-01-01 16:04:00,1.5528059432315726,1.1976198980812973,1.5447359732227817
1900-01-01 16:05:00,1.5824985524250035,1.224923855776476,1.5487819638613693
1900-01-01 16:06:00,1.5844928804020855,1.2410556749631392,1.5823835872262575
1900-01-01 16:07:00,1.5827852631713653,1.2209837139710116,1.5760682004613995
1900-01-01 16:08:00,1.590859302785079,1.2516610618954014,1.5694793707348678
1900-01-01 16:09:00,1.6053819760547803,1.2537929862933745,1.6084801401031308
1900-01-01 16:10:00,1.5749801227788736,1.2725637475508185,1.62754507641607
1900-01-01 16:11:00,1.6462716774299284,1.2633633071397024,1.6211212385235525
1900-01-01 16:12:00,1.6165364941537155,1.2698967708253444,1.6342306729171956
1900-01-01 16:13:00,1.6338344225542338,1.2759090609775803,1.6057805468752366
1900-01-01 16:14:00,1.6363377407342294,1.2662482583553887,1.6602012185922628
1900-01-01 16:15:00,1.6239504572105004,1.2746226170945383,1.6444321253390752
1900-01-01 16:16:00,1.6461989758709479,1.2782528495052923,1.6459563431982225
1900-01-01 16:17:00,1.6464655357674451,1.286214909210955,1.629483015343675
1900-01-01 16:18:00,1.6626257857105862,1.3140466036918257,1.6801864917718576
1900-01-01 16:19:00,1.6264023871466198,1.3205503586528438,1.6566748751012512
1900-01-01 16:20:00,1.6407551195684336,1.3367775273296254,1.6595311014547047
1900-01-01 16:21:00,1.6614048656793525,1.3324317593777124,1.6586748991390419
1900-01-01 16:22:00,1.651702671938079,1.3419057512715855,1.6833689332255055
1900-01-01 16:23:00,1.7004584632687294,1.3454283291553961,1.6853608514505187
1900-01-01 16:24:00,1.6777514385178671,1.3502560224408693,1.6779490602340612
1900-01-01 16:25:00,1.7029844437716821,1.342880393425995,1.6634791152724882
1900-01-01 16:26:00,1.6988711676977637,1.3504913248181731,1.6920667708759276
1900-01-01 16:27:00,1.7433868900488525,1.384012489004481,1.691112044644953
1900-01-01 16:28:00,1.7237713086640525,1.3567390802921824,1.7367623895639666
1900-01-01 16:29:00,1.7393657034822165,1.3695440238638543,1.7164614292732199
1900-01-01 16:30:00,1.7479177592461288,1.3762158651410437,1.7189084397031402
1900-01-01 16:31:00,1.7321475706405982,1.3736041515412147,1.7196781329119466
1900-01-01 16:32:00,1.7623759823623284,1.4116247229021868,1.7370849413620915
1900-01-01 16:33:00,1.7159426510986089,1.4050740126686598,1.7608283505915303
1900-01-01 16:34:00,1.736276990396497,1.4043064719369043,1.7655940917082444
1900-01-01 16:35:00,1.8081261126481076,1.3953578946045844,1.7711768204095173
1900-01-01 16:36:00,1.7747663531817048,1.4108860718706706,1.7772364095126472
1900-01-01 16:37:00,1.7893972903378406,1.4282644991036249,1.7708905023909023
1900-01-01 16:38:00,1.7719808263180368,1.4180901645399429,1.7678733458975484
1900-01-01 16:39:00,1.7967581113365554,1.4339654243045754,1.786023179691905
1900-01-01 16:40:00,1.8019448321384675,1.4347373468204072,1.7335177219348448
1900-01-01 16:41:00,1.8184652499910703,1.4438737664227101,1.7990106134456865
1900-01-01 16:42:00,1.8207969993244637,1.4622497085782604,1.7989441827086023
1900-01-01 16:43:00,1.8147139170886926,1.465703543432378,1.8372288435143727
1900-01-01 16:44:00,1.817136337214496,1.454702736041671,1.8350567081023235
1900-01-01 16:45:00,1.8353827972063523,1.453020840895003,1.8305998056011372
1900-01-01 16:46:00,1.8211077524072936,1.4556737336250214,1.8165519636444643
1900-01-01 16:47:00,1.8657040908620368,1.4965028186339169,1.8310892504009162
1900-01-01 16:48:00,1.8616999632902969,1.462871853664542,1.841311660166916
1900-01-01 16:49:00,1.835428029688949,1.4890688489022792,1.8384855017609498
1900-01-01 16:50:00,1.8632965460051192,1.5100262217914842,1.87823802236011
1900-01-01 16:51:00,1.8638629381110525,1.5061871740241835,1.8712452012361032
1900-01-01 16:52:00,1.8931955854890954,1.5016806508893432,1.8538034538790122
1900-01-01 16:53:00,1.8887530580554999,1.5336700319059349,1.8885153772642258
1900-01-01 16:54:00,1.8891904296678697,1.536425422672628,1.872020960156376
1900-01-01 16:55:00,1.9370886910559488,1.5285126984706874,1.9005298903594863
1900-01-01 16:56:00,1.930338378008911,1.529389347783691,1.8993455660197343
1900-01-01 16:57:00,1.9231515403027895,1.5346818815492043,1.908673903029324
1900-01-01 16:58:00,1.9038532238160228,1.5327168233387154,1.9148876362960572
1900-01-01 16:59:00,1.9095063628933797,1.571823108088219,1.9178248429765727
1900-01-01 17:00:00,1.90452002176319,1.88590012177644,1.9218641700176973
1900-01-01 17:01:00,1.8685020467037654,1.971200815104409,1.9625996430484827
1900-01-01 17:02:00,1.9548045170025619,1.9505215413569519,1.9263147516893155
1900-01-01 17:03:00,1.9517424190036834,1.9191728933932868,1.9162681530830787
1900-01-01 17:04:00,1.9392629745758065,1.9436437973197656,1.9650269121097423
1900-01-01 17:05:00,1.9713622773091082,1.9512570191940601,1.9379712527755089
1900-01-01 17:06:00,1.932843313846573,1.9209327224852308,1.976604431111194
1900-01-01 17:07:00,1.971481677482661,1.9640580249994308,1.9674172317765548
1900-01-01 17:08:00,1.980046150703846,1.9435149680286414,1.9575777934047247
1900-01-01 17:09:00,1.9541258682526477,1.9736492310688365,1.9734827152823082
1900-01-01 17:10:00,2.0290525978857636,1.9582802149990801,1.995207140826223
1900-01-01 17:11:00,1.9657143712844858,2.0091684767842843,1.9879760798880983
1900-01-01 17:12:00,1.9681226514805583,1.9643640729201322,1.9709704151776095
1900-01-01 17:13:00,1.983248167290625,1.9630715045960987,2.000000070522587
1900-01-01 17:14:00,1.9865926341442088,2.0152025135680045,1.9845685819865126
1900-01-01 17:15:00,2.0029908042021405,1.975264581644827,1.9795545734672046
1900-01-01 17:16:00,1.980442690324116,1.9975108787184663,1.941993916434465
1900-01-01 17:17:00,2.0124455633128138,1.9904526939199516,2.01221668009508
1900-01-01 17:18:00,1.995995944075873,2.0280301471479114,2.0013275187684876
1900-01-01 17:19:00,1.9585565772236455,2.0038965365851142,2.009422380115371
1900-01-01 17:20:00,2.035252318201562,2.0021830192930814,2.013408997720116
1900-01-01 17:21:00,2.005914221310124,2.0134796007079494,1.9961355538538903
1900-01-01 17:22:00,2.0399653611074853,2.0361745314956785,2.024642040002426
1900-01-01 17:23:00,2.0430305974483605,2.03453342071762,2.0378504330681717
1900-01-01 17:24:00,2.045448075953197,2.0545233883825698,2.0282888088527744
1900-01-01 17:25:00,2.03171368839866,2.0675751403963316,2.0378645783742226
1900-01-01 17:26:00,2.049986694573853,2.034714118305174,2.0716153279961746
1900-01-01 17:27:00,2.026157830150897,2.0455821952770146,2.042820933895482
1900-01-01 17:28:00,2.0473276482234866,2.0350109616819694,2.032932996327628
1900-01-01 17:29:00,2.0201918087514734,2.077573579849141,2.050314065644175
1900-01-01 17:30:00,2.021545509835595,2.0627424055638817,2.0548481102605614
1900-01-01 17:31:00,2.047109976381649,2.077990177996067,2.0534033008288697
1900-01-01 17:32:00,2.070298665944034,2.0793096675719487,2.0790445518865304
1900-01-01 17:33:00,2.0682795217436607,2.069717504518168,2.049808982996915
1900-01-01 17:34:00,2.070542251713165,2.0420110994145917,2.0904324827391956
1900-01-01 17:35:00,2.068815301744286,2.072810758169226,2.0756246806078567
1900-01-01 17:36:00,2.123909923999086,2.089872003310803,2.0908708212308245
1900-01-01 17:37:00,2.1333761975502465,2.06068552793313,2.0747419158809857
1900-01-01 17:38:00,2.076575449069082,2.112466542963383,2.0890342730822384
1900-01-01 17:39:00,2.0958122335057845,2.1119875840268483,2.095343979978065
1900-01-01 17:40:00,2.13228006891589,2.100701403274182,2.10456724710175
1900-01-01 17:41:00,2.1143903548678886,2.086175542063367,2.1036809435082726
1900-01-01 17:42:00,2.145676201107623,2.111283760238459,2.129221371175353
1900-01-01 17:43:00,2.140759221419944,2.09606262044093,2.1333437112326865
1900-01-01 17:44:00,2.113561387544899,2.1443570154919405,2.081286746930768
1900-01-01 17:45:00,2.1671059782512736,2.117961915082059,2.1500674151672725
1900-01-01 17:46:00,2.155261029859737,2.1513156956342416,2.185521210688555
1900-01-01 17:47:00,2.125218442301032,2.1526551153247295,2.1479756976652284
1900-01-01 17:48:00,2.1271988259643444,2.178644905375474,2.1760176294194875
1900-01-01 17:49:00,2.1441175454107277,2.1549651981723845,2.1575245463736543
1900-01-01 17:50:00,2.144212044596507,2.165854795784887,2.1266860898652435
1900-01-01 17:51:00,2.1367208931325856,2.1494329797755714,2.204509093116901
1900-01-01 17:52:00,2.158449514192992,2.1419184784474363,2.159024493647932
1900-01-01 17:53:00,2.1495031297960834,2.1758897470600087,2.152808957840454
1900-01-01 17:54:00,2.1769909132655516,2.182091896858619,2.1528447161060624
1900-01-01 17:55:00,2.1727849915887045,2.212769910880469,2.179036099316549
1900-01-01 17:56:00,2.1857506668561495,2.2121275411562973,2.1880119302210974
1900-01-01 17:57:00,2.203365609406386,2.135595801526626,2.2195428424764656
1900-01-01 17:58:00,2.199651468771061,2.1451199997313872,2.179118819728477
1900-01-01 17:59:00,2.176469069091999,2.2152321432780524,2.1857050551116206
1900-01-01 18:00:00,2.2272335225490636,2.1971772628985446,2.2131382203196512
1900-01-01 18:01:00,2.1757011972311346,2.183432394375452,2.190112568600896
1900-01-01 18:02:00,2.1551295894409557,2.1839882971865396,2.2015017097905525
1900-01-01 18:03:00,2.220112283176596,2.2142901963331463,2.1730607294717164
1900-01-01 18:04:00,2.187467337746831,2.195749366878308,2.1997739420998306
1900-01-01 18:05:00,2.2009455969925193,2.1750904285818193,2.1610594512265915
1900-01-01 18:06:00,2.1997188996880133,2.170789163555459,2.219419596460992
1900-01-01 18:07:00,2.2063770033133623,2.2309594168952716,2.2277752633765164
1900-01-01 18:08:00,2.2181143943669532,2.207799070588249,2.1970507499365426
1900-01-01 18:09:00,2.206319682041232,2.186090453270481,2.233475509998016
1900-01-01 18:10:00,2.2203869202766775,2.17983299197122,2.178406493100644
1900-01-01 18:11:00,2.1880906515522067,2.169744105758771,2.1992687693965665
1900-01-01 18:12:00,2.1991833605950313,2.1854379255494587,2.1960011516426117
1900-01-01 18:13:00,2.200254726468128,2.2043186308442615,2.23211935448482
1900-01-01 18:14:00,2.1913626372150294,2.1562281909082155,2.180612233311268
1900-01-01 18:15:00,2.190950977253608,2.2089239651794905,2.1666899164884246
1900-01-01 18:16:00,2.238560717626724,2.242852666782716,2.23079871486084
1900-01-01 18:17:00,2.1896812592353205,2.224132417465719,2.1824667869544614
1900-01-01 18:18:00,2.217544597632247,2.190909591226414,2.264375006337622
1900-01-01 18:19:00,2.2066568664533004,2.1654955374596083,2.1742476818719023
1900-01-01 18:20:00,2.2249926873594923,2.1971483978137742,2.2203549275256576
1900-01-01 18:21:00,2.1883968283270745,2.2124161167900653,2.217974608207961
1900-01-01 18:22:00,2.2292565603460313,2.2390371342385196,2.184086824200181
1900-01-01 18:23:00,2.170298559721467,2.205237895385281,2.1969518586108245
1900-01-01 18:24:00,2.2289035180975407,2.195299564307233,2.230996678368461
1900-01-01 18:25:00,2.2051946269147824,2.217227672257639,2.16119321325298
1900-01-01 18:26:00,2.177413401102041,2.173588291941276,2.2049132500491355
1900-01-01 18:27:00,2.1970296895492307,2.20533606764508,2.2033797627926246
1900-01-01 18:28:00,2.1805293314224037,2.2039977318357353,2.159106907623413
1900-01-01 18:29:00,2.174505927089608,2.2113095046856346,2.215991006975864
1900-01-01 18:30:00,2.21387625054273,2.183668121223479,2.2107996553976546
1900-01-01 18:31:00,2.1765040470087853,2.178244025054727,2.218868265689853
1900-01-01 18:32:00,2.1826634260081668,2.2160896747651817,2.2106365508445633
1900-01-01 18:33:00,2.2143495976161702,2.2232305162751604,2.1606477094692176
1900-01-01 18:34:00,2.191381982789322,2.227066416175397,2.1685284048087086
1900-01-01 18:35:00,2.1664913861350175,2.1725395062185364,2.1713124863337168
1900-01-01 18:36:00,2.190284348875529,2.188195654381452,2.14860141644364
1900-01-01 18:37:00,2.2042812195320254,2.178928721365427,2.202730565319392
1900-01-01 18:38:00,2.162732953693721,2.2057557461551838,2.1800484070231763
1900-01-01 18:39:00,2.2027565132918143,2.1669636500471467,2.2000917593649625
1900-01-01 18:40:00,2.193135128507438,2.1510181360010128,2.1896816824154732
1900-01-01 18:41:00,2.239753952731909,2.177440638491959,2.204266455683873
1900-01-01 18:42:00,2.21480772231964,2.17527922393123,2.1924434540498368
1900-01-01 18:43:00,2.187964483828676,2.1759013960408207,2.1636304289966293
1900-01-01 18:44:00,2.1839838699222613,2.1948096401303476,2.1804424739599857
1900-01-01 18:45:00,2.225889562250286,2.2375403885161913,2.205608205059367
1900-01-01 18:46:00,2.205342803172963,2.2250217365493885,2.194418285710057
1900-01-01 18:47:00,2.190567673433789,2.229038538350397,2.205017203588894
1900-01-01 18:48:00,2.2043352986980826,2.204133915965954,2.199554462362311
1900-01-01 18:49:00,2.170272086056071,2.198565816584075,2.1823548463164575
1900-01-01 18:50:00,2.194386234974275,2.2162164778691427,2.166293516036711
1900-01-01 18:51:00,2.2002488683475043,2.2100805129434518,2.221200805435744
1900-01-01 18:52:00,2.1655948474413402,2.188089817188588,2.2055580508624946
1900-01-01 18:53:00,2.1948516878272386,2.137275117806802,2.172493493705791
1900-01-01 18:54:00,2.2168172939888096,2.1921482940370542,2.159827390527539
1900-01-01 18:55:00,2.22231271460032,2.180447760814364,2.1931209350715006
1900-01-01 18:56:00,2.1941928059979556,2.206678323392706,2.206124433206175
1900-01-01 18:57:00,2.1638963311139117,2.1732140862700287,2.2183367186846445
1900-01-01 18:58:00,2.182389272320496,2.19340554550804,2.1762574035472286
1900-01-01 18:59:00,2.200602235246524,2.164393480863764,2.188985084582848
1900-01-01 19:00:00,2.210038978621231,2.211654391350724,2.2161946688419123
1900-01-01 19:01:00,2.203270389997631,2.200516780946483,2.206410209981371
1900-01-01 19:02:00,2.173058806376119,2.175387598612653,2.2020743446748403
1900-01-01 19:03:00,2.212717939717898,2.1729611908340383,2.1899798545575964
1900-01-01 19:04:00,2.1998963323000553,2.2011706086345724,2.175174690776859
1900-01-01 19:05:00,2.165152030245817,2.165990426559968,2.1530080546569175
1900-01-01 19:06:00,2.1528165413106826,2.1893232203436006,2.1664360452652787
1900-01-01 19:07:00,2.163741426341549,2.2018852240093163,2.1871074178925642
1900-01-01 19:08:00,2.1633160269962035,2.1731346180188806,2.154689837148128
1900-01-01 19:09:00,2.18581417469692,2.1582132049256093,2.1473606498080446
1900-01-01 19:10:00,2.1060894944281077,2.1181060867395227,2.1604772591216026
1900-01-01 19:11:00,2.1269591131470595,2.186671529337989,2.0990256610947258
1900-01-01 19:12:00,2.120329280794735,2.127067110265163,2.152110662055505
1900-01-01 19:13:00,2.1198432772259377,2.1288387489263814,2.1366730943709618
1900-01-01 19:14:00,2.1339050074731514,2.1612470877622685,2.107328967388608
1900-01-01 19:15:00,2.130649335172709,2.1679290543630447,2.1451878249058094
1900-01-01 19:16:00,2.114162329631,2.1430392975746493,2.135954327271705
1900-01-01 19:17:00,2.086546776653756,2.114925446051111,2.102453377507182
1900-01-01 19:18:00,2.155234627069375,2.1387423355350443,2.1170426445041164
1900-01-01 19:19:00,2.1043106198521824,2.067596475298964,2.131966054920527
1900-01-01 19:20:00,2.0659521112759887,2.1297902062653997,2.0952473583690776
1900-01-01 19:21:00,2.1045841301624937,2.1118646091902535,2.1466335973482313
1900-01-01 19:22:00,2.119764024820784,2.123984038495725,2.1139135958203004
1900-01-01 19:23:00,2.102613316647294,2.0856414921134934,2.0575961861396
1900-01-01 19:24:00,2.0666749716925263,2.101131023820624,2.0861163189078398
1900-01-01 19:25:00,2.084448631448847,2.0850973777653983,2.0891165491057824
1900-01-01 19:26:00,2.09940095405992,2.1072301355573164,2.092488768119778
1900-01-01 19:27:00,2.0523213157602602,2.0846569627565543,2.11058653761924
1900-01-01 19:28:00,2.098915468084818,2.055247315984709,2.0655972491490413
1900-01-01 19:29:00,2.093609523760436,2.036865146076576,2.0357014927750954
1900-01-01 19:30:00,2.0578304719350022,2.087608956949519,2.0377597648782073
1900-01-01 19:31:00,2.0234823828354354,2.045109081258155,2.058995646636245
1900-01-01 19:32:00,2.035771904160216,2.0662904657524153,2.064118544675764
1900-01-01 19:33:00,2.0379444718333333,2.0458647208805876,1.9954480903178298
1900-01-01 19:34:00,2.0583308326471093,2.03091281985785,2.048286903638468
1900-01-01 19:35:00,2.0509575243681497,2.057545681456568,2.0033695872283896
1900-01-01 19:36:00,2.003216210027638,2.0532726646980386,2.042921047335583
1900-01-01 19:37:00,2.0449511959390847,2.0191639279397235,2.008818624714763
1900-01-01 19:38:00,1.9943135697578795,2.0085454162853287,2.032468930573732
1900-01-01 19:39:00,2.0094059181765402,2.0078934912073008,2.045265942157383
1900-01-01 19:40:00,2.0165467507538484,2.0186688852020342,2.007272652205191
1900-01-01 19:41:00,1.9671924360616289,1.9894517446261402,2.020941799647046
1900-01-01 19:42:00,1.9952279129196018,2.0136237355652296,2.024874332601422
1900-01-01 19:43:00,2.0087839639994582,2.028536520086771,2.022238991098501
1900-01-01 19:44:00,1.9759101919379185,1.994541263670375,1.9848164951043237
1900-01-01 19:45:00,1.9729506980768485,2.004738361457382,1.996188258429277
1900-01-01 19:46:00,1.9906004860827748,2.021406745147633,2.02674421771454
1900-01-01 19:47:00,1.9772081669517012,2.007598506925403,2.0341184549125044
1900-01-01 19:48:00,1.9814313775362549,1.9925859463957727,1.977341154229653
1900-01-01 19:49:00,1.9855330463793175,1.9671929183017363,1.9714994737751628
1900-01-01 19:50:00,1.9756348840270719,1.9972576609700736,1.9808075857746046
1900-01-01 19:51:00,1.9865752427497005,1.9725180063884709,1.9559327484321707
1900-01-01 19:52:00,1.9781149896646935,2.001457074255597,1.9639122588407634
1900-01-01 19:53:00,1.9925533049757043,1.98178194383139,1.953630256286759
1900-01-01 19:54:00,1.9424263167462583,1.9550945241574211,1.9623202921507659
1900-01-01 19:55:00,1.9712165380475335,1.9499872892219146,1.9683131358502397
1900-01-01 19:56:00,1.9914176179835836,1.9712595933637602,1.9124040384595387
1900-01-01 19:57:00,1.9036738806613158,1.9584543575323772,1.9354418560209719
1900-01-01 19:58:00,1.9528866215923943,1.904168225702838,1.9293352707146025
1900-01-01 19:59:00,1.9611524921380936,1.9518564490845274,1.911275201571412
1900-01-01 20:00:00,1.953278202497276,1.9501087192318203,1.9269860423548388
1900-01-01 20:01:00,1.9375545021211313,1.9044941578225987,1.9387763388668098
1900-01-01 20:02:00,1.9323191045658787,1.9426932645410913,1.927127634098355
1900-01-01 20:03:00,1.9566678263780328,1.982536137356515,1.9378909466511685
1900-01-01 20:04:00,1.944235783634993,1.9660610582400515,1.9844171179089043
1900-01-01 20:05:00,1.9319464575802607,1.9193891835639885,1.929293912741664
1900-01-01 20:06:00,1.9927963373865283,1.971942209813702,1.9658618555219707
1900-01-01 20:07:00,1.9918652716947263,1.9485546133382512,1.9724898587463378
1900-01-01 20:08:00,1.9752069073654774,1.9830669617689065,1.9785823453621172
1900-01-01 20:09:00,1.9882430618356808,1.9528970589101682,1.9605851166663375
1900-01-01 20:10:00,1.9874596383561354,1.9811736551018662,1.9822084822818644
1900-01-01 20:11:00,1.9743747968267413,1.987177765162288,1.9535314786487603
1900-01-01 20:12:00,1.991789837743657,1.9749523512582634,1.9563007118051696
1900-01-01 20:13:00,2.0163606480920864,1.959166553769366,2.0003815582311755
1900-01-01 20:14:00,1.9989583397346617,2.0254989311108957,1.9858645676835063
1900-01-01 20:15:00,1.993160726250729,2.0179844855359224,1.9903870384516287
1900-01-01 20:16:00,1.9885100462395764,1.995203869187086,1.9989963973257636
1900-01-01 20:17:00,2.0025063423689042,2.037940172583233,1.9666555056724346
1900-01-01 20:18:00,1.9889176775465487,2.0133866082207064,2.0475000415594313
1900-01-01 20:19:00,2.009860222758285,2.0314049404877075,2.0358635254571804
1900-01-01 20:20:00,1.9661996529741956,1.9892456585668894,1.9928323328467439
1900-01-01 20:21:00,2.003090488220078,2.0335949097661796,1.9936470515573583
1900-01-01 20:22:00,2.0436353478180105,2.0507017587702006,2.0337116262868378
1900-01-01 20:23:00,2.0182758353129113,2.018372308085947,2.0497097030773244
1900-01-01 20:24:00,2.012631886051573,2.083378952832769,2.013832718620029
1900-01-01 20:25:00,2.03306562807391,2.0514187771817194,2.0344251453974085
1900-01-01 20:26:00,2.0106072575634877,2.033533156700021,2.0337625599415707
1900-01-01 20:27:00,2.027269656946238,2.0648826673986505,2.0275921913325456
1900-01-01 20:28:00,2.055014532843914,2.06777887415838,2.057337800712055
1900-01-01 20:29:00,2.033454673109324,2.0486411393799733,2.05900381364804
1900-01-01 20:30:00,2.066157152008284,2.0495294108586375,2.086683865096194
1900-01-01 20:31:00,2.0605776489034238,2.0571283440228614,2.035633982875843
1900-01-01 20:32:00,2.0493921392290986,2.0569912351160977,2.0889676393314587
1900-01-01 20:33:00,2.0588649944992916,2.0918579079748536,2.0751551607805
1900-01-01 20:34:00,2.05219301328317,2.1035721355775046,2.1170082720648438
1900-01-01 20:35:00,2.112624303492395,2.082237432247865,2.1444904473940234
1900-01-01 20:36:00,2.0802958860262835,2.0638739641067136,2.1057804218665472
1900-01-01 20:37:00,2.1043406446289716,2.1111351720425713,2.077051465352768
1900-01-01 20:38:00,2.103183364520329,2.1191851347504613,2.064627432979274
1900-01-01 20:39:00,2.0672716425006836,2.0954232356068587,2.087425918574177
1900-01-01 20:40:00,2.1373891016746986,2.1166352865146982,2.0986598310245004
1900-01-01 20:41:00,2.142456964597906,2.1523226420875865,2.144117869674017
1900-01-01 20:42:00,2.113522390487986,2.1329946675555527,2.1170015070570027
1900-01-01 20:43:00,2.0845658989360842,2.130681583347201,2.1351184332598647
1900-01-01 20:44:00,2.0980917848130742,2.1144360621080227,2.1017479955301517
1900-01-01 20:45:00,2.1750248038959747,2.129200267285097,2.1386956202106666
1900-01-01 20:46:00,2.1003647959588836,2.128558460906348,2.138342510099357
1900-01-01 20:47:00,2.161474853037768,2.123382814331577,2.1178303162356666
1900-01-01 20:48:00,2.1126162216863547,2.164567350740299,2.124026816288341
1900-01-01 20:49:00,2.180342329660089,2.118940397113728,2.1259723731414564
1900-01-01 20:50:00,2.1675384776242077,2.1595496910411036,2.1592944649262305
1900-01-01 20:51:00,2.1713942558638,2.1853560353865413,2.202568342609191
1900-01-01 20:52:00,2.190915685236707,2.139356877341113,2.1734182506426127
1900-01-01 20:53:00,2.1621453744013577,2.1488716655882554,2.1508334841345054
1900-01-01 20:54:00,2.1825800027222457,2.147430725683995,2.199208258866781
1900-01-01 20:55:00,2.1505374777945923,2.1469916326391214,2.182808241544358
1900-01-01 20:56:00,2.17692713144771,2.198978465039193,2.162613324964306
1900-01-01 20:57:00,2.214583284486594,2.1540866780204833,2.1488637770374117
1900-01-01 20:58:00,2.1759486096166754,2.228616270830753,2.1734963499825337
1900-01-01 20:59:00,2.1843864835546016,2.195680169092627,2.2112481697300668
1900-01-01 21:00:00,2.1727972594689113,2.1935767984581607,1.8238855017436668
1900-01-01 21:01:00,2.167698897435754,2.217206833066402,1.832311412025674
1900-01-01 21:02:00,2.169430392765732,2.179909267211263,1.8028687591650228
1900-01-01 21:03:00,2.178799136990303,2.184383535115245,1.8114314375141194
1900-01-01 21:04:00,2.2018869962160603,2.182658160894764,1.8188342842212009
1900-01-01 21:05:00,2.1582899124076613,2.2103665481695227,1.8337743087431375
1900-01-01 21:06:00,2.1946931782569727,2.216262127208152,1.828531027906496
1900-01-01 21:07:00,2.169928401367097,2.167611614938874,1.8171278452093764
1900-01-01 21:08:00,2.193247987850002,2.2135107156531464,1.822327822419114
1900-01-01 21:09:00,2.184352140858851,2.198306425710934,1.813728579552902
1900-01-01 21:10:00,2.2290859599794364,2.21346935430939,1.8069552828435125
1900-01-01 21:11:00,2.190592260020559,2.1659027190845555,1.8334368885886352
1900-01-01 21:12:00,2.213117623106906,2.1958354172816343,1.8084507565903414
1900-01-01 21:13:00,2.1978288422746757,2.232546167410076,1.8240916364723991
1900-01-01 21:14:00,2.1640577998246227,2.192583423837159,1.826021614067619
1900-01-01 21:15:00,2.1606401021530663,2.2048335545500115,1.818355157301283
1900-01-01 21:16:00,2.1980798792535907,2.2097402690395325,1.816567562377485
1900-01-01 21:17:00,2.224620074770637,2.18666271043494,1.793547061247094
1900-01-01 21:18:00,2.203243561344206,2.20667910462425,1.7816180217953022
1900-01-01 21:19:00,2.194771117900975,2.191613463814465,1.8194978623411264
1900-01-01 21:20:00,2.1915877343277677,2.2229071837610643,1.809926032770061
1900-01-01 21:21:00,2.1921366107810085,2.2068441935899266,1.8243314188785094
1900-01-01 21:22:00,2.2142932893927196,2.231895931985485,1.8571694404692998
1900-01-01 21:23:00,2.222079886648549,2.217493786642444,1.8340082527027453
1900-01-01 21:24:00,2.1750346642090435,2.213931051829263,1.7742254085282925
1900-01-01 21:25:00,2.203004376740485,2.205542895641918,1.8409058173455206
1900-01-01 21:26:00,2.1747639191650823,2.1742402504235177,1.8150140192185835
1900-01-01 21:27:00,2.1997540440840377,2.226307404003352,1.8364433174372594
1900-01-01 21:28:00,2.172330058646763,2.196615444780293,1.854170891827949
1900-01-01 21:29:00,2.1630533900834235,2.222599243274872,1.8451352074498715
1900-01-01 21:30:00,2.203634469283275,2.164633745549054,1.7964856470022204
1900-01-01 21:31:00,2.198707895794899,2.18600917321781,1.803596752802118
1900-01-01 21:32:00,2.175292335378398,2.18149809018816,1.8397159860643564
1900-01-01 21:33:00,2.1792853946607975,2.188318276127042,1.8099773836951996
1900-01-01 21:34:00,2.2071028298774107,2.1816880122801474,1.7879148248618346
1900-01-01 21:35:00,2.202472795471942,2.172536568968943,1.8128077132726639
1900-01-01 21:36:00,2.2126825394357867,2.1633685073613074,1.8116608575009554
1900-01-01 21:37:00,2.2046195240989563,2.17230307562194,1.8130609404832119
1900-01-01 21:38:00,2.22077721997703,2.178026809925201,1.813243846885579
1900-01-01 21:39:00,2.2338776368337325,2.186004893022258,1.85149216109109
1900-01-01 21:40:00,2.204926209597486,2.192869730812803,1.821250384623712
1900-01-01 21:41:00,2.2219872797925153,2.2306733987094614,1.790097237868546
1900-01-01 21:42:00,2.175541980803227,2.1766100017132697,1.8150111009965695
1900-01-01 21:43:00,2.216537515964764,2.1950136956524724,1.832326950336096
1900-01-01 21:44:00,2.1956185088840927,2.215134110776099,1.8374332917743121
1900-01-01 21:45:00,2.1816170090638636,2.1744038576017224,1.814414098801756
1900-01-01 21:46:00,2.206302049285159,2.201064026576828,1.8006705135853154
1900-01-01 21:47:00,2.214845490350836,2.2308211414539705,1.8344091148839878
1900-01-01 21:48:00,2.181355656014244,2.207375193254984,1.8494763667595695
1900-01-01 21:49:00,2.199591569468992,2.18342794216921,1.8129558332194915
1900-01-01 21:50:00,2.209011482462163,2.1845002705483667,1.810799438063768
1900-01-01 21:51:00,2.253375968810265,2.1950447756738165,1.8089409832485153
1900-01-01 21:52:00,2.2096022672869484,2.22946710706113,1.8358768850543943
1900-01-01 21:53:00,2.197732431577721,2.246898165450093,1.828743670259492
1900-01-01 21:54:00,2.1962315008974875,2.1983279674082166,1.8458901986233414
1900-01-01 21:55:00,2.223778914733824,2.2117636546153987,1.808274194515465
1900-01-01 21:56:00,2.196140166863172,2.2260405772847696,1.7932297227885545
1900-01-01 21:57:00,2.2146427254966583,2.207395352869629,1.8066237714093891
1900-01-01 21:58:00,2.2095227265479793,2.253422512556988,1.8210227815791322
1900-01-01 21:59:00,2.1457169280881674,2.1931253901924768,1.8116458840009695
1900-01-01 22:00:00,2.1595740415704148,1.8163397940044497,1.8505159018311892
1900-01-01 22:01:00,2.185049122152242,1.788030119051144,1.809129909273072
1900-01-01 22:02:00,2.2185161203092907,1.7875743202981655,1.7953709861267324
1900-01-01 22:03:00,2.218970462186003,1.8076660960018274,1.8079041741183486
1900-01-01 22:04:00,2.216364806368202,1.7880058817418463,1.831999862236081
1900-01-01 22:05:00,2.1847699089350248,1.8120261491289162,1.8743294025609172
1900-01-01 22:06:00,2.213511368397895,1.8273931974167608,1.7965579073302216
1900-01-01 22:07:00,2.1740443060714814,1.7887053995803746,1.8380429204288826
1900-01-01 22:08:00,2.199150244911617,1.8101932870311772,1.8094281385621858
1900-01-01 22:09:00,2.223313131004581,1.8374087701703483,1.7972980812528792
1900-01-01 22:10:00,2.1632060113741627,1.8279167837531842,1.7913117230165045
1900-01-01 22:11:00,2.1682215519915156,1.7957649514626424,1.829201194122987
1900-01-01 22:12:00,2.213895287962389,1.82443583434637,1.8165603760360491
1900-01-01 22:13:00,2.209498570773156,1.80119050717948,1.7965869564214327
1900-01-01 22:14:00,2.246146752637761,1.779938019184071,1.8103876104304188
1900-01-01 22:15:00,2.2232877183113677,1.8166910403881253,1.810036842429976
1900-01-01 22:16:00,2.2273123272345354,1.7875092030332096,1.779835143072373
1900-01-01 22:17:00,2.2011297827395673,1.8052479390245466,1.8266274603744153
1900-01-01 22:18:00,2.2143960326254013,1.832855377787172,1.8344227474885804
1900-01-01 22:19:00,2.2106120148754234,1.8199454165726368,1.8366448843294525
1900-01-01 22:20:00,2.1576225372302242,1.823244570305471,1.8205044016118617
1900-01-01 22:21:00,2.185034419346715,1.8373777948497683,1.8328437999322826
1900-01-01 22:22:00,2.174051534423586,1.8049348525051008,1.821865381360939
1900-01-01 22:23:00,2.1840673646083992,1.8223517424943096,1.81185457107146
1900-01-01 22:24:00,2.2003142793292914,1.803889044647984,1.7959563956552238
1900-01-01 22:25:00,2.1911800855996386,1.7934467340301705,1.8071872185637885
1900-01-01 22:26:00,2.222823668597538,1.7903427928090774,1.796845325201428
1900-01-01 22:27:00,2.17477534631462,1.7904033372011892,1.8060696568602739
1900-01-01 22:28:00,2.2153852035800496,1.7998748352929688,1.8012563817988831
1900-01-01 22:29:00,2.1900784224169487,1.834567311363733,1.7915937531033188
1900-01-01 22:30:00,2.188633332887172,1.837796290801504,1.8421067119158612
1900-01-01 22:31:00,2.1902778841379433,1.8522424816035883,1.830730532703627
1900-01-01 22:32:00,2.1869328650090756,1.810216297658264,1.8131690082963396
1900-01-01 22:33:00,2.196844683250771,1.800949208640869,1.8184678114112303
1900-01-01 22:34:00,2.1835931786475786,1.8264894019820745,1.8429226910177958
1900-01-01 22:35:00,2.2010049897050417,1.7963422864836593,1.8161971326007802
1900-01-01 22:36:00,2.1923194600077975,1.8273534523066939,1.8211943171396232
1900-01-01 22:37:00,2.204370974568369,1.8148363149370945,1.810305790919908
1900-01-01 22:38:00,2.212286759085357,1.8189584337365297,1.8140392513870174
1900-01-01 22:39:00,2.2188930554560895,1.8158367908418511,1.819334672987066
1900-01-01 22:40:00,2.195937033900576,1.7997830394263215,1.793047114911975
1900-01-01 22:41:00,2.1978293047448725,1.7920782025033604,1.8113747565238525
1900-01-01 22:42:00,2.189451398634302,1.8088935093402054,1.807300968353817
1900-01-01 22:43:00,2.17055474831544,1.8129115954192154,1.808348717140576
1900-01-01 22:44:00,2.1632739502171843,1.8269806124516885,1.7916149234050245
1900-01-01 22:45:00,2.2286764942103665,1.8411885474389862,1.8296680806668941
1900-01-01 22:46:00,2.234268927433921,1.8163944657521203,1.8240421633746435
1900-01-01 22:47:00,2.263086927246935,1.8078426230947795,1.8165066970219308
1900-01-01 22:48:00,2.1768706095238777,1.8268258327223963,1.8592877160213146
1900-01-01 22:49:00,2.2042785464835255,1.7882345769046428,1.815039925736953
1900-01-01 22:50:00,2.157076935615122,1.830534153083426,1.8060863021811675
1900-01-01 22:51:00,2.235817839086832,1.8096933404419302,1.792953186782137
1900-01-01 22:52:00,2.1816684251262934,1.8121901846022586,1.840823172912245
1900-01-01 22:53:00,2.2308540700530983,1.8012945940350222,1.8432222671987915
1900-01-01 22:54:00,2.182108525366388,1.786567441122589,1.842138811772069
1900-01-01 22:55:00,2.2120307609305905,1.8468471390247905,1.8139952187639763
1900-01-01 22:56:00,2.1931484223515407,1.8312367426609613,1.8408821853561894
1900-01-01 22:57:00,2.1793503440124944,1.8021497720785156,1.8219529097758294
1900-01-01 22:58:00,2.229578204142419,1.8185019257563309,1.8138240486075978
1900-01-01 22:59:00,2.218950550512524,1.80306170073513,1.8107071307638067
1900-01-01 23:00:00,2.1969867600584894,1.8323789630291498,1.8143577874975911
1900-01-01 23:01:00,,,
1900-01-01 23:02:00,,,
1900-01-01 23:03:00,,,
1900-01-01 23:04:00,,,
1900-01-01 23:05:00,,,
1900-01-01 23:06:00,,,
1900-01-01 23:07:00,,,
1900-01-01 23:08:00,,,
1900-01-01 23:09:00,,,
1900-01-01 23:10:00,,,
1900-01-01 23:11:00,,,
1900-01-01 23:12:00,,,
1900-01-01 23:13:00,,,
1900-01-01 23:14:00,,,
1900-01-01 23:15:00,,,
1900-01-01 23:16:00,,,
1900-01-01 23:17:00,,,
1900-01-01 23:18:00,,,
1900-01-01 23:19:00,,,
1900-01-01 23:20:00,,,
1900-01-01 23:21:00,,,
1900-01-01 23:22:00,,,
1900-01-01 23:23:00,,,
1900-01-01 23:24:00,,,
1900-01-01 23:25:00,,,
1900-01-01 23:26:00,,,
1900-01-01 23:27:00,,,
1900-01-01 23:28:00,,,
1900-01-01 23:29:00,,,
1900-01-01 23:30:00,,,
1900-01-01 23:31:00,,,
1900-01-01 23:32:00,,,
1900-01-01 23:33:00,,,
1900-01-01 23:34:00,,,
1900-01-01 23:35:00,,,
1900-01-01 23:36:00,,,
1900-01-01 23:37:00,,,
1900-01-01 23:38:00,,,
1900-01-01 23:39:00,,,
1900-01-01 23:40:00,,,
1900-01-01 23:41:00,,,
1900-01-01 23:42:00,,,
1900-01-01 23:43:00,,,
1900-01-01 23:44:00,,,
1900-01-01 23:45:00,,,
1900-01-01 23:46:00,,,
1900-01-01 23:47:00,,,
1900-01-01 23:48:00,,,
1900-01-01 23:49:00,,,
1900-01-01 23:50:00,,,
1900-01-01 23:51:00,,,
1900-01-01 23:52:00,,,
1900-01-01 23:53:00,,,
1900-01-01 23:54:00,,,
1900-01-01 23:55:00,,,
1900-01-01 23:56:00,,,
1900-01-01 23:57:00,,,
1900-01-01 23:58:00,,,
1900-01-01 23:59:00,,,
