,always_on,night_setback,fixed_time_start
1900-01-01 00:00:00,1.0087544464319447,0.8345055773786696,0.8457416492095602
1900-01-01 00:01:00,0.9683027342916386,0.828075476905752,0.8446433614750836
1900-01-01 00:02:00,0.9972139260056289,0.8354129884117577,0.8494970017879255
1900-01-01 00:03:00,1.0043882472495733,0.8359984930758074,0.836773958802024
1900-01-01 00:04:00,0.982667717995931,0.8369710429054913,0.8326908568592625
1900-01-01 00:05:00,0.9884027686071575,0.8516731644205279,0.8389261763071147
1900-01-01 00:06:00,0.9986929858410742,0.8395803973926677,0.8566207641723345
1900-01-01 00:07:00,1.0058931974021161,0.8417562732234347,0.840712658849509
1900-01-01 00:08:00,1.0009361955966762,0.8621243700977933,0.8469341860305306
1900-01-01 00:09:00,1.0119582178148574,0.8512091889291828,0.8636338404693708
1900-01-01 00:10:00,1.0041781942800427,0.8749138675201527,0.8682405049503529
1900-01-01 00:11:00,1.0203036561731536,0.8650118037245446,0.8675305003496139
1900-01-01 00:12:00,1.0309188278661536,0.8785790839564791,0.8672264836740944
1900-01-01 00:13:00,1.034591651355159,0.8747379501409253,0.8698476619712702
1900-01-01 00:14:00,1.0168440828769394,0.8599222812976095,0.8603816500493271
1900-01-01 00:15:00,1.0336733165790541,0.8809951628439922,0.8738475904001721
1900-01-01 00:16:00,1.0223133997253024,0.8774841017986866,0.8725939922121632
1900-01-01 00:17:00,1.0349661536612893,0.8832360173447499,0.8841020948372476
1900-01-01 00:18:00,1.0555899688622585,0.8904559738591253,0.8860145088151062
1900-01-01 00:19:00,1.0435628224153657,0.885031860872496,0.8950043579023994
1900-01-01 00:20:00,1.0383052711693708,0.883541345596434,0.8882172298148008
1900-01-01 00:21:00,1.07831177853839,0.9026735650903971,0.8978617460371536
1900-01-01 00:22:00,1.0644535565712883,0.8918074647160363,0.8910870387143016
1900-01-01 00:23:00,1.055725495687057,0.8989529877100875,0.8924623543772858
1900-01-01 00:24:00,1.0442818953154211,0.9131759453274142,0.8951533122042754
1900-01-01 00:25:00,1.054744273239394,0.9002257942379364,0.9140854783702188
1900-01-01 00:26:00,1.0720996277326444,0.8989107400656328,0.8953498845026968
1900-01-01 00:27:00,1.0656412250883909,0.9089594943221198,0.9095351843234312
1900-01-01 00:28:00,1.0607187417695911,0.8972315295701656,0.9067877850415389
1900-01-01 00:29:00,1.0721550211875583,0.9119587362172933,0.9025065253084824
1900-01-01 00:30:00,1.1022376542467258,0.9062004292955721,0.9052904539737412
1900-01-01 00:31:00,1.0995686822436297,0.9006466647014764,0.9168627279524219
1900-01-01 00:32:00,1.0810486745482375,0.907606339011304,0.9100548658856302
1900-01-01 00:33:00,1.0698642183570288,0.9202458736720547,0.9228369788701212
1900-01-01 00:34:00,1.1095942794106008,0.9116158117227253,0.9191785795437118
1900-01-01 00:35:00,1.0866377536829752,0.9392137422114449,0.9423361318566493
1900-01-01 00:36:00,1.0773581207529161,0.9371070713649501,0.9230241998900475
1900-01-01 00:37:00,1.1155476797385828,0.9338056084762553,0.9482976766779515
1900-01-01 00:38:00,1.1037962768828666,0.9447971820008462,0.9405578935044199
1900-01-01 00:39:00,1.1126937164008814,0.9488104213019524,0.9534456007812399
1900-01-01 00:40:00,1.1063746309954172,0.9435056027356038,0.9600218733628562
1900-01-01 00:41:00,1.1199869597396608,0.9534975729724314,0.9419480964017632
1900-01-01 00:42:00,1.1078566427798613,0.9718003073759612,0.9473779791262238
1900-01-01 00:43:00,1.1131929875586346,0.9665353533524956,0.9528770460391779
1900-01-01 00:44:00,1.11523244233123,0.9546627859242865,0.9601304982752206
1900-01-01 00:45:00,1.1158002101892601,0.9476359475133008,0.9526489884929512
1900-01-01 00:46:00,1.1400632157779187,0.9645604431313385,0.9773459657319407
1900-01-01 00:47:00,1.139046699499362,0.9674691483627258,0.9758120533094712
1900-01-01 00:48:00,1.1426894198389204,0.9626686158706024,0.976320146492029
1900-01-01 00:49:00,1.1530603774588972,0.9617580338255461,0.9785581903137482
1900-01-01 00:50:00,1.171369032453399,0.9775582682206205,0.9717276899139029
1900-01-01 00:51:00,1.141788538057779,0.9810901420149083,0.977983060596847
1900-01-01 00:52:00,1.15832988705142,0.9972747262896751,0.972829001684311
1900-01-01 00:53:00,1.1582503752895594,1.0018319502096,0.9851014824158136
1900-01-01 00:54:00,1.1525995317312796,0.9929795607020302,0.9812589008273672
1900-01-01 00:55:00,1.1486601104683374,0.9892305826152392,0.9805716410603814
1900-01-01 00:56:00,1.169365304413221,0.9908060867409517,0.9999905921241847
1900-01-01 00:57:00,1.1713671893236126,1.0116468512926415,1.0044343596387875
1900-01-01 00:58:00,1.1946318516425214,1.014120986380275,0.9994093643773873
1900-01-01 00:59:00,1.19458446313114,1.0235965968143788,0.996639988554316
1900-01-01 01:00:00,1.1799191365093324,1.0176674332726428,1.0180524788525243
1900-01-01 01:01:00,1.1817270314842425,1.0101194135526448,0.9896281304311206
1900-01-01 01:02:00,1.201434750125567,1.0051181164283873,1.0060536502207058
1900-01-01 01:03:00,1.198803193010694,0.9990349539321854,1.007584214803643
1900-01-01 01:04:00,1.1763336719797168,1.0003741691775816,0.9882733591742339
1900-01-01 01:05:00,1.1866681306206197,1.0110373247066373,1.020260553663988
1900-01-01 01:06:00,1.1851533454542384,1.0048370156243156,1.0310647786212557
1900-01-01 01:07:00,1.1984849263272463,1.0123553471483815,1.01233246985208
1900-01-01 01:08:00,1.211798998419233,1.009949049635729,1.0147517319731567
1900-01-01 01:09:00,1.1994242516484215,1.0107326170401825,0.9955269846190852
1900-01-01 01:10:00,1.173805770192082,1.0059564118924114,1.020801137738889
1900-01-01 01:11:00,1.164741350742762,0.9966004720775435,1.0336907585970176
1900-01-01 01:12:00,1.1650330520733698,1.0119483342855444,1.0180449232146103
1900-01-01 01:13:00,1.1966238070166213,1.0123856095501118,1.0266067423575367
1900-01-01 01:14:00,1.1757006781705455,0.9994398387095269,1.0323226693113963
1900-01-01 01:15:00,1.1935428967433364,1.0214426503259249,1.0146213988691442
1900-01-01 01:16:00,1.1797278076017261,1.0053580611522754,1.0209332125808763
1900-01-01 01:17:00,1.1908941586326942,1.005068090115244,1.020504752495442
1900-01-01 01:18:00,1.178831184406308,1.0135800413469727,1.02345975264475
1900-01-01 01:19:00,1.1733667218582717,1.0217146639040087,0.9872105711286381
1900-01-01 01:20:00,1.1706301834500297,1.0248814824996757,1.0304073906153512
1900-01-01 01:21:00,1.1704354304008178,1.0165510501702582,1.0098756810519478
1900-01-01 01:22:00,1.1689906665207799,1.0338915912773716,1.0147771201783613
1900-01-01 01:23:00,1.1714027827402524,1.014869629976427,1.0148391210555063
1900-01-01 01:24:00,1.189836994327188,1.0160713598869366,1.013257698796015
1900-01-01 01:25:00,1.1995110963037907,1.0142071388958014,1.0215491745309098
1900-01-01 01:26:00,1.1929254593267464,1.0301369374314513,1.0324154090462214
1900-01-01 01:27:00,1.1946030152097014,1.0164498741261943,1.0092018789407173
1900-01-01 01:28:00,1.1876112574206898,1.014681230829052,1.0115731595920014
1900-01-01 01:29:00,1.190056370787111,1.0087077533928073,0.991571945863775
1900-01-01 01:30:00,1.1984927424526925,1.01653148744918,1.016656257233433
1900-01-01 01:31:00,1.1985507272391551,1.0082540272438836,1.0363509628647056
1900-01-01 01:32:00,1.1949045276271648,0.99284114881086,1.0182860750704668
1900-01-01 01:33:00,1.1770200237782484,0.994855537211353,1.022048182975343
1900-01-01 01:34:00,1.1898090760930882,1.014483953889996,1.0101071429157467
1900-01-01 01:35:00,1.1859823844976143,1.0016401899955525,0.9969255324071011
1900-01-01 01:36:00,1.1913264227636835,1.0083056899869691,1.0171936874333822
1900-01-01 01:37:00,1.186717053744383,1.0230266687628686,1.025820100473565
1900-01-01 01:38:00,1.1844550322490646,0.9944099863200485,0.9980881365112926
1900-01-01 01:39:00,1.1729778210322948,1.0268260453080655,0.9978121861952443
1900-01-01 01:40:00,1.1837149030936247,1.0094284048646553,1.0335196456718805
1900-01-01 01:41:00,1.1956928897938626,1.0002214895958839,0.9991632285252371
1900-01-01 01:42:00,1.2040033357751068,1.010468706441652,1.0232590258285776
1900-01-01 01:43:00,1.2088961204841893,1.0389707150827587,1.0112490399972687
1900-01-01 01:44:00,1.1860203683846327,1.0199439190177582,1.0141004409094294
1900-01-01 01:45:00,1.184276199601368,1.0250648486038394,1.0133961319289722
1900-01-01 01:46:00,1.162331288642077,1.0268990383933412,1.0104217047389124
1900-01-01 01:47:00,1.1763113536191778,1.005113828999353,1.0161701534410534
1900-01-01 01:48:00,1.195911611069303,1.026222967106995,1.0272973171635178
1900-01-01 01:49:00,1.189763640183241,1.0130740010248627,0.9989335780266979
1900-01-01 01:50:00,1.2024755605822939,1.0178158618255118,1.0098893956013564
1900-01-01 01:51:00,1.19160050002797,1.0202211021854164,0.9983971175316763
1900-01-01 01:52:00,1.1872674815471562,1.0363766708942044,1.001555799756269
1900-01-01 01:53:00,1.1723990105922175,0.9856421530825574,1.034312413192188
1900-01-01 01:54:00,1.1834011661427788,1.0056497335168009,1.0120119990681031
1900-01-01 01:55:00,1.1856883316209188,1.0073770416522791,1.0153114971481352
1900-01-01 01:56:00,1.2154985984454936,1.0136569494325387,1.023377717936037
1900-01-01 01:57:00,1.1920927962411856,1.0143677678624548,1.001661224097343
1900-01-01 01:58:00,1.196836089561289,1.0125540741685919,1.0130058271557654
1900-01-01 01:59:00,1.1889471264236304,1.027695304316565,1.0105499973328107
1900-01-01 02:00:00,1.191234852359182,1.0049470781311973,1.0088081960312527
1900-01-01 02:01:00,1.1887613402389887,1.006174639642179,0.9959037122878798
1900-01-01 02:02:00,1.2054112931478114,1.0310057888230064,1.0007637858579406
1900-01-01 02:03:00,1.2113416145876656,1.0188995976116395,1.0277658392190263
1900-01-01 02:04:00,1.2050778308029029,1.0048552547203706,1.0253362226950375
1900-01-01 02:05:00,1.2159557339413862,0.999988881177454,1.0165179497050716
1900-01-01 02:06:00,1.1766857375069089,1.0144293238295372,0.9895469875493671
1900-01-01 02:07:00,1.1889679204196433,1.0026595847307702,0.9919671278082608
1900-01-01 02:08:00,1.1755763943188517,1.0162134758048031,1.007409588387749
1900-01-01 02:09:00,1.195656186491489,1.0264262049393622,1.00561492492412
1900-01-01 02:10:00,1.199972794451886,1.0224831402947845,1.0044364191050157
1900-01-01 02:11:00,1.165241225955375,1.0142718228796819,0.9904750772465227
1900-01-01 02:12:00,1.1743428233210942,1.014296032002616,1.0356490538863576
1900-01-01 02:13:00,1.2028683304503325,1.0045352165678567,1.0155019259417561
1900-01-01 02:14:00,1.1831009263153895,0.9992019815782793,1.007251171919698
1900-01-01 02:15:00,1.1925648216276679,1.0397789512974807,1.0035917224841573
1900-01-01 02:16:00,1.2076233269396475,1.0306099255042422,1.0166023894907121
1900-01-01 02:17:00,1.18772096569758,1.01624079284735,1.0075864096870333
1900-01-01 02:18:00,1.1791974806841936,1.0138647252101987,1.0331782573541597
1900-01-01 02:19:00,1.1856689874752562,1.010204818708502,0.9928792644777233
1900-01-01 02:20:00,1.2142296600171214,1.006964085836387,1.0125162778890855
1900-01-01 02:21:00,1.175458549882965,1.0019435903618252,1.0266160261416637
1900-01-01 02:22:00,1.1927468920826667,1.0207296014555873,1.0172218229833816
1900-01-01 02:23:00,1.2005607648959982,0.99471164950711,1.016891055058027
1900-01-01 02:24:00,1.1945353799167406,1.0181892457402948,1.0142266625403424
1900-01-01 02:25:00,1.2070801948127938,1.0121695946531664,1.00521851192845
1900-01-01 02:26:00,1.1935912199539724,1.021587269870761,1.0163931934903134
1900-01-01 02:27:00,1.2020201438389597,1.029394224801974,1.0234837955955762
1900-01-01 02:28:00,1.189523266912404,1.0319046219368748,1.0067162803063696
1900-01-01 02:29:00,1.1826554735311814,1.006324701739918,1.0187973752321173
1900-01-01 02:30:00,1.1927018046577158,0.9940109850941723,0.9994241192365563
1900-01-01 02:31:00,1.2103563045416488,1.0060847474385488,1.007088719572133
1900-01-01 02:32:00,1.1722071067290716,1.0293641567348788,1.0117272090100304
1900-01-01 02:33:00,1.1831720414861628,1.0272316129234913,1.014848977932449
1900-01-01 02:34:00,1.1909974687112814,1.0030134588338526,1.0131748855803584
1900-01-01 02:35:00,1.1911734324390044,1.0214844076545797,1.0279042647802772
1900-01-01 02:36:00,1.163393922714027,0.9990823327805907,1.0285253738529772
1900-01-01 02:37:00,1.1751335845176187,1.012563770199515,1.0195015845003974
1900-01-01 02:38:00,1.1998821281413905,0.9999022556589896,1.0070848085933979
1900-01-01 02:39:00,1.1734647644260827,1.007426302067951,1.004340195974702
1900-01-01 02:40:00,1.2009692769356632,0.9992942850675032,1.0157656956243792
1900-01-01 02:41:00,1.172880874430703,1.0012216902942401,1.011742957626736
1900-01-01 02:42:00,1.1985819851047752,1.0320754350284345,1.014987877048704
1900-01-01 02:43:00,1.1502118965320254,1.0197965450331001,1.0189613438420007
1900-01-01 02:44:00,1.1971574408361583,1.0223645543225537,1.0211968793476502
1900-01-01 02:45:00,1.1977258220724976,1.0045927255859781,0.9947320881558368
1900-01-01 02:46:00,1.1830178241430611,1.0133218317654726,0.9886387429101786
1900-01-01 02:47:00,1.2001797553998808,1.015517034900988,1.0076530073850407
1900-01-01 02:48:00,1.188515698029342,1.0117641304158527,1.016176201388391
1900-01-01 02:49:00,1.1824113122820998,1.025131163349697,0.9922461134720468
1900-01-01 02:50:00,1.1933860290702711,1.0193215558548292,1.0215447592537514
1900-01-01 02:51:00,1.1993059445518657,1.0210790293780216,1.0202147819175176
1900-01-01 02:52:00,1.171116169290942,1.0136683900693328,1.0155603739161465
1900-01-01 02:53:00,1.1875317626147737,1.0174427480682775,1.0158058900512734
1900-01-01 02:54:00,1.1996648735686724,1.0214355238186845,1.028131712827438
1900-01-01 02:55:00,1.1626526015171152,0.9991787598183306,1.0170571776977697
1900-01-01 02:56:00,1.1859323516682183,1.011938923903471,1.0245032381395929
1900-01-01 02:57:00,1.2091234613520516,1.0212104964694786,0.9943720976411273
1900-01-01 02:58:00,1.193638421866534,1.0243692695036142,1.0023039863161505
1900-01-01 02:59:00,1.2040733156090675,0.9954810710607271,1.0116844488036727
1900-01-01 03:00:00,1.205188301258104,1.0132329163419243,1.0045899456539535
1900-01-01 03:01:00,1.2055390786564069,1.0283965008478015,1.0144333976924451
1900-01-01 03:02:00,1.2013335873806594,1.031557595456445,1.0085922125339366
1900-01-01 03:03:00,1.195241168855476,1.0242331168433199,1.014237995752135
1900-01-01 03:04:00,1.189027367224556,1.0250261534507186,1.009782392841903
1900-01-01 03:05:00,1.188737798010629,0.9914079820002215,1.0080413527767687
1900-01-01 03:06:00,1.1834009912434518,1.0085968935915515,1.0244337330714652
1900-01-01 03:07:00,1.1902773875396546,1.0134451423862416,1.0193555192248447
1900-01-01 03:08:00,1.2023428996178238,1.0097407608239513,1.0043212252031495
1900-01-01 03:09:00,1.1804289735327085,1.034232097634709,1.0177739402821884
1900-01-01 03:10:00,1.2146631713479632,1.0014827974519005,1.0096157079269061
1900-01-01 03:11:00,1.189250976516127,1.0079013282697618,1.0245353177342855
1900-01-01 03:12:00,1.1886002670997642,1.0115550477004478,1.0160745649316123
1900-01-01 03:13:00,1.2023649680006678,1.028431860172448,1.0036953141485057
1900-01-01 03:14:00,1.1817264063999404,0.9948141797560238,1.008149431457163
1900-01-01 03:15:00,1.1850442089355617,1.0109928114443367,1.0281262786595393
1900-01-01 03:16:00,1.199236506954751,1.0101534783402368,1.003210075035443
1900-01-01 03:17:00,1.1911803031500796,1.0236828512376999,1.014608167128019
1900-01-01 03:18:00,1.192376726258083,1.0160127080669419,1.0158287054396995
1900-01-01 03:19:00,1.1888209989596137,1.013160004904879,1.0102071709441063
1900-01-01 03:20:00,1.1969054469559355,1.024532987598044,1.0152738531324201
1900-01-01 03:21:00,1.1968408524910898,1.0106024613393894,1.0034858192100484
1900-01-01 03:22:00,1.174794680075464,1.0190793646832834,1.0087999596365431
1900-01-01 03:23:00,1.193457614648038,1.0031502088111532,1.006860053873124
1900-01-01 03:24:00,1.1958918595675785,1.017383650257742,0.9976293442655467
1900-01-01 03:25:00,1.2018389660512747,1.0026889893506135,1.0002507182442468
1900-01-01 03:26:00,1.210865369083593,0.9989300343882515,0.9954956572926537
1900-01-01 03:27:00,1.1755363268533803,1.012067631626801,1.018995651522602
1900-01-01 03:28:00,1.1865390881474833,1.0175990777096529,1.0145012005701062
1900-01-01 03:29:00,1.1820653263848568,1.0168344993815726,1.0148582734745082
1900-01-01 03:30:00,1.1794514217320033,1.019097451598101,1.028606749870909
1900-01-01 03:31:00,1.1846309175027308,1.0155783686585174,1.0129993135058886
1900-01-01 03:32:00,1.1801246123576044,1.0211947190859743,1.0224037282620784
1900-01-01 03:33:00,1.1947206866139475,0.9994759512392333,0.9976525329930749
1900-01-01 03:34:00,1.1819067111243047,1.0004923226224083,1.0052255464174278
1900-01-01 03:35:00,1.1843154507964122,0.9936548389854419,1.0217538640963524
1900-01-01 03:36:00,1.168597111470561,1.0008982986775568,1.0082639152400124
1900-01-01 03:37:00,1.1643373370913142,1.0152899353084233,1.0201969679779965
1900-01-01 03:38:00,1.1798005683430748,1.0043990549677169,1.0065659916265988
1900-01-01 03:39:00,1.1904190148480784,0.9966715469859737,1.0065969872044007
1900-01-01 03:40:00,1.1772589989460167,1.011080789948227,1.0113013817489356
1900-01-01 03:41:00,1.2062481774868417,0.999173805589688,1.0141018922264293
1900-01-01 03:42:00,1.1815253181121177,0.9965743176329763,1.025100039126219
1900-01-01 03:43:00,1.2149833956131268,1.0146284848222669,1.0166972056054948
1900-01-01 03:44:00,1.1752668299016582,1.028320631376958,1.0189755063253219
1900-01-01 03:45:00,1.1912459352900846,1.0046622534477814,1.0199843169754905
1900-01-01 03:46:00,1.1999062340371884,1.006467977010934,1.0131485555738058
1900-01-01 03:47:00,1.1786292619900085,1.0267729049866217,1.018433902746213
1900-01-01 03:48:00,1.193488646987168,0.9996623660938281,1.021387559206935
1900-01-01 03:49:00,1.1938133396970219,1.0215994658457883,1.0022449519850665
1900-01-01 03:50:00,1.1925545442926202,1.0125201604993,1.0086262125130017
1900-01-01 03:51:00,1.1838803525656245,1.0218437597228536,1.0214076768430962
1900-01-01 03:52:00,1.1773892820566672,1.0298962632301352,1.0212133832064398
1900-01-01 03:53:00,1.1886598256510013,1.0152822729441713,1.0088087800185426
1900-01-01 03:54:00,1.180628760640569,1.0086171766229428,1.006803094832441
1900-01-01 03:55:00,1.1887255382905135,1.0078415428879826,1.0046713556805174
1900-01-01 03:56:00,1.2049209447910585,1.0061685296112501,1.0067777115374061
1900-01-01 03:57:00,1.190776433521894,1.035003557659194,1.0042502380931073
1900-01-01 03:58:00,1.1793673607584712,1.0341486005519316,1.0165988342622345
1900-01-01 03:59:00,1.1975568543870894,1.0162742138820928,1.006059514010812
1900-01-01 04:00:00,1.1944145311811645,0.9915815544900695,1.014035443405704
1900-01-01 04:01:00,1.1915905079699163,1.0250699643164176,1.0199980975102603
1900-01-01 04:02:00,1.1935862229846566,1.0041051652208426,1.0062786860543473
1900-01-01 04:03:00,1.2108308055590218,1.032580550149729,1.005728920983876
1900-01-01 04:04:00,1.2183064941964294,1.0536618067752972,1.0301476481065592
1900-01-01 04:05:00,1.2133362903131975,1.0446988136337707,1.0414292928927613
1900-01-01 04:06:00,1.2437277035764331,1.0264017164556163,1.0439909912786272
1900-01-01 04:07:00,1.235740656769636,1.0435022940971692,1.0369114835010176
1900-01-01 04:08:00,1.2440383932773313,1.0531081188930516,1.0452442919608838
1900-01-01 04:09:00,1.25462053244296,1.058128373966808,1.0655787488200126
1900-01-01 04:10:00,1.2560166428046808,1.064646491611821,1.059188905217978
1900-01-01 04:11:00,1.2557492334373208,1.0550216074323657,1.0643026835661358
1900-01-01 04:12:00,1.263606494524832,1.0762113302019327,1.076821351959802
1900-01-01 04:13:00,1.26500669375717,1.0688803675655258,1.1012247863186215
1900-01-01 04:14:00,1.2598041192230856,1.0888171642961875,1.0847986645422942
1900-01-01 04:15:00,1.2828574164132518,1.1061495601418043,1.1047242791573684
1900-01-01 04:16:00,1.2877846707878629,1.1062628111602695,1.1094296937804775
1900-01-01 04:17:00,1.2873488713899568,1.0940766147780998,1.0874160031248492
1900-01-01 04:18:00,1.3212341720648553,1.0943757383985788,1.1045152333709238
1900-01-01 04:19:00,1.2929010317621503,1.1197659641867437,1.1000019096723328
1900-01-01 04:20:00,1.3116370237479782,1.1246116895038007,1.112949625950071
1900-01-01 04:21:00,1.3139633339320442,1.119170155900905,1.1135541712736583
1900-01-01 04:22:00,1.3482978441617761,1.136415916627871,1.1153232522585788
1900-01-01 04:23:00,1.337151405802588,1.1378584600636246,1.1421123117136007
1900-01-01 04:24:00,1.3296689004529658,1.1441364652803947,1.1369942369799497
1900-01-01 04:25:00,1.3486259648381773,1.1375569514129262,1.1551480179923617
1900-01-01 04:26:00,1.353148237103535,1.1596700541271872,1.1525623666003315
1900-01-01 04:27:00,1.3441367242455766,1.155563365264483,1.169694620808079
1900-01-01 04:28:00,1.366084939028356,1.149323072520498,1.1469609563791856
1900-01-01 04:29:00,1.3581886412507571,1.1640124435845436,1.1680128497959175
1900-01-01 04:30:00,1.3861474975596353,1.1938197324266968,1.1970772393970732
1900-01-01 04:31:00,1.378575143249881,1.17434580895021,1.1992688783320113
1900-01-01 04:32:00,1.4071516894633613,1.1999268347384877,1.215804320171054
1900-01-01 04:33:00,1.372794367181826,1.1881276110652144,1.2174236595687111
1900-01-01 04:34:00,1.423954700718635,1.2159040494100573,1.1920520468926399
1900-01-01 04:35:00,1.4050050663292888,1.2008727149078446,1.222260798592983
1900-01-01 04:36:00,1.3902195923688507,1.2114218063968498,1.198516663149239
1900-01-01 04:37:00,1.427133838292812,1.2227236697529391,1.241063984764767
1900-01-01 04:38:00,1.4550923936669096,1.2442406547068219,1.2201346002911995
1900-01-01 04:39:00,1.438466943141365,1.2405312402596766,1.2243714172468019
1900-01-01 04:40:00,1.4327289388946225,1.2566120017112679,1.2322564888078655
1900-01-01 04:41:00,1.4680039457269345,1.2464709719966565,1.2434347516880138
1900-01-01 04:42:00,1.4793009058702948,1.2630279356963556,1.2595347123799931
1900-01-01 04:43:00,1.4808002158448568,1.2640786641663446,1.2659397924493445
1900-01-01 04:44:00,1.529181687082109,1.2562173326164607,1.277172652399638
1900-01-01 04:45:00,1.4960159363277872,1.2837438918928077,1.302300099123328
1900-01-01 04:46:00,1.4779817575577943,1.2855758115896747,1.2793722900697517
1900-01-01 04:47:00,1.507565462964376,1.2963965055199809,1.2909322582791813
1900-01-01 04:48:00,1.554257081706829,1.317645768660298,1.3109025716302254
1900-01-01 04:49:00,1.5205936709487269,1.3193491085349216,1.2690876645726232
1900-01-01 04:50:00,1.5657367768250787,1.3209945247512984,1.3086981939179423
1900-01-01 04:51:00,1.5459462059129778,1.3139249863436575,1.3315460128655145
1900-01-01 04:52:00,1.542138921894674,1.313078364587899,1.3402225700365236
1900-01-01 04:53:00,1.580680664122505,1.3491027208162993,1.3322753498326212
1900-01-01 04:54:00,1.598526642528367,1.3443303500631048,1.358143111431914
1900-01-01 04:55:00,1.54261836071387,1.3533037169108812,1.3625130076102896
1900-01-01 04:56:00,1.589752470230239,1.3580730081602572,1.3558930407894043
1900-01-01 04:57:00,1.5885223791274639,1.3832778395621865,1.3762136304073698
1900-01-01 04:58:00,1.5913268882364726,1.3788738592368934,1.3805775514522862
1900-01-01 04:59:00,1.6197271101247104,1.3889341952092897,1.401027516538217
1900-01-01 05:00:00,1.628172832141873,1.3911425475052552,1.635891050938985
1900-01-01 05:01:00,1.6339260957444155,1.402504317671131,1.617134892165504
1900-01-01 05:02:00,1.5804749776759475,1.383174966207732,1.5999416343749244
1900-01-01 05:03:00,1.60093705183132,1.3663533966387948,1.5969395434231113
1900-01-01 05:04:00,1.5976141628593143,1.3941782171004167,1.5899021772971864
1900-01-01 05:05:00,1.5929487994937104,1.3383242587281303,1.5771164937545914
1900-01-01 05:06:00,1.552219151547177,1.3271371960756189,1.557183858309936
1900-01-01 05:07:00,1.5488190756111235,1.3284987213248713,1.5480186166071976
1900-01-01 05:08:00,1.5536720498826537,1.3671618855250063,1.5575785440370227
1900-01-01 05:09:00,1.5347595505008025,1.3243420478185006,1.555246278550687
1900-01-01 05:10:00,1.5384583412970079,1.3266154647173678,1.5665545973222068
1900-01-01 05:11:00,1.530680411937611,1.30015495284607,1.534839954199189
1900-01-01 05:12:00,1.5366658731104659,1.2971328898446344,1.5110221187465607
1900-01-01 05:13:00,1.4943023234803814,1.2827190577496899,1.5004590355089833
1900-01-01 05:14:00,1.5030418064144755,1.295311104379931,1.4885105560857799
1900-01-01 05:15:00,1.504172017885647,1.2632502119079183,1.5111336316805686
1900-01-01 05:16:00,1.4928278003050386,1.2776479300628336,1.496127959729289
1900-01-01 05:17:00,1.4888056217810648,1.2686188896572341,1.490762534002939
1900-01-01 05:18:00,1.4534438845671989,1.2497832855478594,1.4687652763889387
1900-01-01 05:19:00,1.4598475946616205,1.2493113461692704,1.4701573614957069
1900-01-01 05:20:00,1.4473729016049335,1.237660444941663,1.462891896002252
1900-01-01 05:21:00,1.437581146886459,1.2576127894679252,1.4631507814921554
1900-01-01 05:22:00,1.4644353213134083,1.2138698086940076,1.4563816368790068
1900-01-01 05:23:00,1.3984899669206432,1.2184459429978811,1.4125732628065435
1900-01-01 05:24:00,1.4449181946195195,1.2193561282494778,1.4384327740958074
1900-01-01 05:25:00,1.4090294569456585,1.2021784659339532,1.4035287947703186
1900-01-01 05:26:00,1.4035120682553435,1.2052615662998527,1.410844713828717
1900-01-01 05:27:00,1.4099952825518158,1.2080951792682153,1.3837322678882251
1900-01-01 05:28:00,1.405682237596985,1.1716741294110244,1.3698389577841417
1900-01-01 05:29:00,1.3777875392716394,1.1780629354518675,1.416331000176335
1900-01-01 05:30:00,1.4039212256428246,1.1959037612530423,1.3770374365788587
1900-01-01 05:31:00,1.3602369670884102,1.1834995980892156,1.368811351763217
1900-01-01 05:32:00,1.3689547843643917,1.161410591105564,1.3645893497127501
1900-01-01 05:33:00,1.368453095493653,1.1676124238613768,1.3499278285473655
1900-01-01 05:34:00,1.3553144511135833,1.1585865557093924,1.3328124724926311
1900-01-01 05:35:00,1.353017111780508,1.1431608828433693,1.3326855674598945
1900-01-01 05:36:00,1.3373844247312892,1.1280266593792991,1.3525298775439443
1900-01-01 05:37:00,1.2950418351117041,1.1378189141745778,1.3322393920642042
1900-01-01 05:38:00,1.3181802378499456,1.130311725030342,1.3399821414315745
1900-01-01 05:39:00,1.3143143032540336,1.1238015789646418,1.3363010346346966
1900-01-01 05:40:00,1.3240270262405112,1.1065389501209493,1.3128251201626
1900-01-01 05:41:00,1.318001660860214,1.116873289945375,1.314614074221079
1900-01-01 05:42:00,1.293611077735051,1.1102413479251048,1.3339935882200955
1900-01-01 05:43:00,1.2890624553066152,1.1040161021232895,1.2848545019909365
1900-01-01 05:44:00,1.2843427691148055,1.0973358146632715,1.2709566145850164
1900-01-01 05:45:00,1.2888166179914702,1.113515016100431,1.2705189469884068
1900-01-01 05:46:00,1.2735939851865838,1.0815936679250466,1.2668952291609241
1900-01-01 05:47:00,1.2635070993910482,1.081969557416748,1.2739350581190894
1900-01-01 05:48:00,1.2540832598287825,1.0713106570009305,1.2279888904243101
1900-01-01 05:49:00,1.2398804804226282,1.0706507395006202,1.258859964782772
1900-01-01 05:50:00,1.2683590425086688,1.0615573071402735,1.252337828177772
1900-01-01 05:51:00,1.2299181253798963,1.062726015819685,1.2444241058141066
1900-01-01 05:52:00,1.2280742398738862,1.0706578426012066,1.2184816208447105
1900-01-01 05:53:00,1.2270766993347446,1.05098753095967,1.2403371770699176
1900-01-01 05:54:00,1.2338415841221,1.0277939149877446,1.21013726754593
1900-01-01 05:55:00,1.195645614841492,1.0274798605315163,1.205656619542831
1900-01-01 05:56:00,1.2004483670922064,1.0204971630749822,1.2116320231674782
1900-01-01 05:57:00,1.1905214616857587,1.056764466951332,1.2265797983121467
1900-01-01 05:58:00,1.1933629132562702,1.0020455111896696,1.222984950279033
1900-01-01 05:59:00,1.2099156208912099,1.0096557842388587,1.1880461910202955
1900-01-01 06:00:00,1.179310887605763,1.1807392552724938,1.1857740894308297
1900-01-01 06:01:00,1.2143319382771973,1.2119163370855222,1.182265969173635
1900-01-01 06:02:00,1.1899321751450578,1.1780690445560729,1.1824050722099313
1900-01-01 06:03:00,1.1807670289207637,1.1915198516815768,1.2000479615126733
1900-01-01 06:04:00,1.193598108560032,1.1877730538462694,1.2208368360560775
1900-01-01 06:05:00,1.1878777222807049,1.165515983885199,1.1948736553446782
1900-01-01 06:06:00,1.1959812310754492,1.1907662106444896,1.1943198816865632
1900-01-01 06:07:00,1.2111456739988327,1.1735733327988855,1.1929403704680401
1900-01-01 06:08:00,1.192142287147656,1.1867778450962359,1.2000599876265172
1900-01-01 06:09:00,1.1683111645531796,1.1908067634507737,1.1951733886629266
1900-01-01 06:10:00,1.1935336234385014,1.1857726611419237,1.1877478117404086
1900-01-01 06:11:00,1.1966873657274752,1.196814495013058,1.1943530220411456
1900-01-01 06:12:00,1.1964844059069972,1.1832582599213266,1.1725298951061804
1900-01-01 06:13:00,1.2123185286123894,1.1899870391821663,1.1768947643398862
1900-01-01 06:14:00,1.1732231516137914,1.1873762476294305,1.1714116712188867
1900-01-01 06:15:00,1.2044997473505297,1.165046509954185,1.1841575999676397
1900-01-01 06:16:00,1.1900496103743463,1.177083388829117,1.203237284767604
1900-01-01 06:17:00,1.2023991081359522,1.1839054883348923,1.1767836724645833
1900-01-01 06:18:00,1.2096693164451493,1.167821415019437,1.174496554199303
1900-01-01 06:19:00,1.1868499647814135,1.1940701163807783,1.1776951969278557
1900-01-01 06:20:00,1.1715187470947213,1.1899730725002673,1.1556339714767778
1900-01-01 06:21:00,1.1928093439036331,1.1779906299029013,1.1721632274305827
1900-01-01 06:22:00,1.1986640984921446,1.182641588199643,1.1778497169353985
1900-01-01 06:23:00,1.187440105195306,1.1994800634387235,1.1946923879875995
1900-01-01 06:24:00,1.1977812657299662,1.2048243581943372,1.187843005748899
1900-01-01 06:25:00,1.1963494678094502,1.195293636149831,1.1769410346850655
1900-01-01 06:26:00,1.1804423335560037,1.1864652358224117,1.1837928746347286
1900-01-01 06:27:00,1.190040242893727,1.1879361352691205,1.1897073379795893
1900-01-01 06:28:00,1.1719684194186533,1.199273211951012,1.2006556087167377
1900-01-01 06:29:00,1.1614669029918814,1.1914409275323434,1.1950312384644186
1900-01-01 06:30:00,1.175883306653244,1.1880905370995911,1.1998166874467573
1900-01-01 06:31:00,1.1862848468061578,1.181240323211121,1.1852034449427236
1900-01-01 06:32:00,1.18545350048223,1.192735906615734,1.1703636913450073
1900-01-01 06:33:00,1.2043996326810682,1.2049778349775728,1.181620660201507
1900-01-01 06:34:00,1.1866824230388753,1.2108126043323664,1.1861315584100633
1900-01-01 06:35:00,1.2006539090741342,1.2011175178839726,1.203926737171825
1900-01-01 06:36:00,1.1759124035901278,1.1775463164754447,1.1866532701836667
1900-01-01 06:37:00,1.1840299462571775,1.1751610200722666,1.1964831978194683
1900-01-01 06:38:00,1.1863520333580753,1.1754639529442463,1.1800587689180344
1900-01-01 06:39:00,1.212368342383459,1.1865481415464112,1.1927214180047452
1900-01-01 06:40:00,1.1877930455975538,1.1857402610289216,1.1740754146262369
1900-01-01 06:41:00,1.1926706756585042,1.2060161517012458,1.1878060970753164
1900-01-01 06:42:00,1.1887568461216502,1.1929275968102773,1.1866818699630324
1900-01-01 06:43:00,1.1883144125622187,1.1878013278269293,1.1637285372693782
1900-01-01 06:44:00,1.202920447784291,1.1950201507904121,1.1880593752633322
1900-01-01 06:45:00,1.1842567795437002,1.1987639643503871,1.186505169731293
1900-01-01 06:46:00,1.194072777469413,1.1940456944050422,1.1620128208123504
1900-01-01 06:47:00,1.1862973318602652,1.2120584754012271,1.1994930043050775
1900-01-01 06:48:00,1.1639249515154724,1.1819858709020254,1.1761492242175693
1900-01-01 06:49:00,1.1945555646700647,1.204043057708874,1.1811745123586632
1900-01-01 06:50:00,1.1750374489258129,1.1927950321184326,1.181696141298818
1900-01-01 06:51:00,1.1972796403226778,1.1690911503292647,1.1881075654905633
1900-01-01 06:52:00,1.1913354538828782,1.1888530127069779,1.2104540753028386
1900-01-01 06:53:00,1.1630988840906222,1.194678227613518,1.20150434278768
1900-01-01 06:54:00,1.1855339599055223,1.170059493053042,1.1995160051938458
1900-01-01 06:55:00,1.1869025999692562,1.1887791990392373,1.1969537039364848
1900-01-01 06:56:00,1.1937742668391291,1.1877974614751112,1.1885805753562273
1900-01-01 06:57:00,1.1557827880409173,1.191981393966738,1.2189703750495058
1900-01-01 06:58:00,1.182523252340959,1.1895125443790904,1.1950057282109725
1900-01-01 06:59:00,1.1776214259356246,1.1842704870868423,1.1878817644334434
1900-01-01 07:00:00,1.1923199646654272,1.179686933541268,1.2007058945901548
1900-01-01 07:01:00,1.1941486725034818,1.2022544450878,1.1872150233479046
1900-01-01 07:02:00,1.2060887767434176,1.2232829304178157,1.1783371349429603
1900-01-01 07:03:00,1.2053352006873495,1.2104371959879698,1.2217680870775067
1900-01-01 07:04:00,1.2284668088713422,1.215771858226405,1.2034870979825956
1900-01-01 07:05:00,1.2258823024235623,1.229177781424863,1.2169309254796317
1900-01-01 07:06:00,1.2338109030973798,1.23965076452456,1.2179018017503556
1900-01-01 07:07:00,1.21953573200348,1.232981184009307,1.2242191706287815
1900-01-01 07:08:00,1.2245563575927207,1.219604979852482,1.2374123073249939
1900-01-01 07:09:00,1.2474557468085774,1.2343883433984553,1.2323129107964976
1900-01-01 07:10:00,1.2398943268627511,1.2453901549076511,1.2584121440830958
1900-01-01 07:11:00,1.2559740866293698,1.2223078712499802,1.2468766904382587
1900-01-01 07:12:00,1.2668916651947206,1.2368225972699018,1.2596059589877933
1900-01-01 07:13:00,1.269824852092456,1.26144050715634,1.2538497452190382
1900-01-01 07:14:00,1.2774753534873424,1.2787184678356927,1.2868718156149552
1900-01-01 07:15:00,1.27579169423836,1.2725126660706438,1.3074553191483786
1900-01-01 07:16:00,1.2812145999862763,1.3060839927595462,1.2865023351965565
1900-01-01 07:17:00,1.300997343584617,1.3226836533932036,1.304536154978867
1900-01-01 07:18:00,1.3007469761888477,1.3042209846815043,1.3104248567827774
1900-01-01 07:19:00,1.329718011332678,1.3107944553191866,1.2976120099588955
1900-01-01 07:20:00,1.306714035320344,1.3294863388629696,1.2962634554622208
1900-01-01 07:21:00,1.310224752118702,1.3187165438866018,1.3045289868335395
1900-01-01 07:22:00,1.292429724337627,1.3348983109213368,1.3166989146308
1900-01-01 07:23:00,1.3429249224133337,1.3425731041908036,1.3274707662015512
1900-01-01 07:24:00,1.3359040248909273,1.3301146987906938,1.3334594583528139
1900-01-01 07:25:00,1.3374099577462575,1.347740156834974,1.3461449733061814
1900-01-01 07:26:00,1.3333374714153106,1.3582715229350872,1.3771253590631618
1900-01-01 07:27:00,1.3724356973510543,1.35848820029163,1.3652390715615945
1900-01-01 07:28:00,1.3549552200032016,1.357530711777833,1.3663858865403626
1900-01-01 07:29:00,1.3691601651485596,1.3797598271839042,1.3570094796320746
1900-01-01 07:30:00,1.372902424636712,1.3794511169818793,1.3780122909188424
1900-01-01 07:31:00,1.3854623872893383,1.398740979842061,1.3679455797406823
1900-01-01 07:32:00,1.3672336195865213,1.4019287823150757,1.3873074478712475
1900-01-01 07:33:00,1.4002845182145218,1.3757720283153803,1.4085412986282688
1900-01-01 07:34:00,1.3885996556712035,1.4129378182023817,1.4261280406887145
1900-01-01 07:35:00,1.4042834348146513,1.4182070442657753,1.3987971185584074
1900-01-01 07:36:00,1.4129430773263032,1.41376523356634,1.4217419348554976
1900-01-01 07:37:00,1.4331061104581533,1.4323278670089197,1.434861780565431
1900-01-01 07:38:00,1.4483483292085675,1.444222950372907,1.4384902043842789
1900-01-01 07:39:00,1.4453056921048564,1.429911051003685,1.4681534207035973
1900-01-01 07:40:00,1.4568123609083061,1.4400168620248115,1.4523335078634516
1900-01-01 07:41:00,1.497400626129651,1.4565665447176421,1.4750260950665566
1900-01-01 07:42:00,1.4823522717875122,1.4792095724511285,1.455778834535287
1900-01-01 07:43:00,1.487788628373286,1.4672755177246435,1.465726132786012
1900-01-01 07:44:00,1.4699738569146572,1.4946444359312434,1.4940690818905065
1900-01-01 07:45:00,1.5086471580506313,1.482947699331894,1.4848574129697456
1900-01-01 07:46:00,1.500624068015969,1.4957465667925227,1.498481155129675
1900-01-01 07:47:00,1.5050217832111348,1.517517302078227,1.519620849970521
1900-01-01 07:48:00,1.5190290811196474,1.5117870802461988,1.5291686364821457
1900-01-01 07:49:00,1.5278736465224991,1.5251855043026583,1.5233052678880887
1900-01-01 07:50:00,1.5716877080718035,1.5562757246675873,1.5369679290683167
1900-01-01 07:51:00,1.5280498117493693,1.5447950105040789,1.547558445602129
1900-01-01 07:52:00,1.551115990299212,1.585837516993785,1.5686966135575102
1900-01-01 07:53:00,1.5858875836439268,1.5537694595097589,1.5519010255561443
1900-01-01 07:54:00,1.5335611772381035,1.5404621586262617,1.545935754767846
1900-01-01 07:55:00,1.5799116519474072,1.5518134677640674,1.58752706700246
1900-01-01 07:56:00,1.5809183859968916,1.5791776303736678,1.5901382689244143
1900-01-01 07:57:00,1.5887944978091568,1.6120793005198066,1.602086685111994
1900-01-01 07:58:00,1.5814479409276625,1.607293076679696,1.6092818928739638
1900-01-01 07:59:00,1.6062405810379665,1.6247615747325823,1.6393387375848927
1900-01-01 08:00:00,1.6392686985854374,1.6470437396666178,1.6264859969605348
1900-01-01 08:01:00,1.6237899514686842,1.612585951988609,1.6300716444602017
1900-01-01 08:02:00,1.5763438050659881,1.6010827469379303,1.6240538176144115
1900-01-01 08:03:00,1.5579770452725124,1.5608429959639767,1.595444349147745
1900-01-01 08:04:00,1.5595821074981966,1.591537025763823,1.5513056199586641
1900-01-01 08:05:00,1.5752164842164937,1.5549161386339985,1.5707504295724155
1900-01-01 08:06:00,1.5371176424004922,1.5259760171780496,1.523361241885153
1900-01-01 08:07:00,1.491433375343516,1.5126247238666695,1.5452133353480635
1900-01-01 08:08:00,1.5082291878650966,1.5100802068166714,1.5055586355805792
1900-01-01 08:09:00,1.5066591616113585,1.4982381541814307,1.4932640276303768
1900-01-01 08:10:00,1.4758037156541786,1.471694918206863,1.4817265975730671
1900-01-01 08:11:00,1.4581237405960374,1.4471019327552836,1.469576186564659
1900-01-01 08:12:00,1.4578889066790728,1.4302251447626473,1.440222539527192
1900-01-01 08:13:00,1.41477099222263,1.4317124425331178,1.407402815484708
1900-01-01 08:14:00,1.41238998638188,1.4305883058538449,1.4052871520848447
1900-01-01 08:15:00,1.4235016196040415,1.4027700500999598,1.3921035557125099
1900-01-01 08:16:00,1.4018772868955718,1.4025305938149781,1.395963816968111
1900-01-01 08:17:00,1.3829046252139554,1.3942417874511697,1.421314176232538
1900-01-01 08:18:00,1.3741724185539177,1.3793380669449231,1.375213683369262
1900-01-01 08:19:00,1.342128462748217,1.35328056447604,1.3695296484178694
1900-01-01 08:20:00,1.3296544486705535,1.3452978213000257,1.3625832015242854
1900-01-01 08:21:00,1.343853110525468,1.3625493450780612,1.3498674635247518
1900-01-01 08:22:00,1.329545345509238,1.3180217255369358,1.3292140805572596
1900-01-01 08:23:00,1.3069185891016006,1.310402185712038,1.3078040756899192
1900-01-01 08:24:00,1.313539374991744,1.3189413552830391,1.2943892145556768
1900-01-01 08:25:00,1.3231467363268703,1.2840265550333538,1.2932772275398985
1900-01-01 08:26:00,1.2829267939474363,1.305413443483314,1.27346156279591
1900-01-01 08:27:00,1.2648688589900112,1.2874680394428875,1.2760454088118955
1900-01-01 08:28:00,1.2575859521881831,1.2497719539779977,1.2721579698083199
1900-01-01 08:29:00,1.2441445634914579,1.2463513511400717,1.2581485182850056
1900-01-01 08:30:00,1.2255021410901956,1.2344279476109417,1.2287863686716467
1900-01-01 08:31:00,1.227280514586763,1.2208057720871854,1.2353560822212524
1900-01-01 08:32:00,1.2221190104216737,1.2098770669229546,1.2195238801022608
1900-01-01 08:33:00,1.2139709906037095,1.2195906474336076,1.2177651491270192
1900-01-01 08:34:00,1.1945956984938115,1.1953747921095301,1.1944921527235315
1900-01-01 08:35:00,1.1975707006492815,1.1959326257035825,1.200076332426658
1900-01-01 08:36:00,1.1929311347658194,1.1824021639308353,1.1877927262440509
1900-01-01 08:37:00,1.183704242817679,1.1796129689491384,1.152142306224557
1900-01-01 08:38:00,1.1538955322472004,1.1619096124882187,1.174459599080061
1900-01-01 08:39:00,1.1378025215364853,1.1416143831189933,1.1607705964963595
1900-01-01 08:40:00,1.1493743907879401,1.1394262794775094,1.139228334059092
1900-01-01 08:41:00,1.12823024827072,1.1371346816908545,1.135726153915243
1900-01-01 08:42:00,1.1141954798836586,1.1069326480673862,1.1221342157414615
1900-01-01 08:43:00,1.1030449355246748,1.1083053161810197,1.1007640818094209
1900-01-01 08:44:00,1.0862773863934976,1.1052100250677888,1.1040242072314264
1900-01-01 08:45:00,1.094993349334972,1.0971691137975885,1.0889945401296408
1900-01-01 08:46:00,1.1184690676287523,1.085468902360341,1.1073134741861037
1900-01-01 08:47:00,1.0897719212703052,1.1079068615126666,1.0893218232000743
1900-01-01 08:48:00,1.067988446059814,1.053671199384138,1.0942582558038207
1900-01-01 08:49:00,1.0628235597788631,1.057419754221985,1.062860699776284
1900-01-01 08:50:00,1.0410781632339143,1.0536143879902427,1.062374254065137
1900-01-01 08:51:00,1.0501078555704209,1.038655854166588,1.0510854948408375
1900-01-01 08:52:00,1.044794820060515,1.0403811762032251,1.060485131526846
1900-01-01 08:53:00,1.0284255909465128,1.0419081091632227,1.041270500422058
1900-01-01 08:54:00,1.0246549365946962,1.0246484867076457,1.0402649205798709
1900-01-01 08:55:00,1.0068994586471909,0.9971763289725856,1.0245469370138562
1900-01-01 08:56:00,1.0087258683886828,0.9990429055590684,1.0017571912921535
1900-01-01 08:57:00,0.9982289916694281,1.0075290165432866,0.9941602061201507
1900-01-01 08:58:00,0.9881304542185547,0.9861089396312597,0.998946845697064
1900-01-01 08:59:00,1.0010110826995395,1.0034140137735634,1.0011134227613419
1900-01-01 09:00:00,0.9822970088369621,0.8245966607065005,0.8285881924840541
1900-01-01 09:01:00,0.953194822718336,0.8209526611522228,0.8375152952533105
1900-01-01 09:02:00,0.9782980197316742,0.8199911987052646,0.8326840018350843
1900-01-01 09:03:00,0.9675074318578885,0.8293225787527816,0.8129289377828923
1900-01-01 09:04:00,0.9617832256240137,0.8199878305763733,0.823882862400047
1900-01-01 09:05:00,0.9643726260693544,0.7994186454799183,0.8048076599181839
1900-01-01 09:06:00,0.9478097882150206,0.8041249977467924,0.7987174260962939
1900-01-01 09:07:00,0.9490055816271268,0.8014506380526832,0.8065026064158523
1900-01-01 09:08:00,0.9348206153989401,0.7880403362315027,0.8042074162102627
1900-01-01 09:09:00,0.9219998764872837,0.7976597306072071,0.7904576384845247
1900-01-01 09:10:00,0.9309907936122895,0.7921893825290889,0.7924195120079855
1900-01-01 09:11:00,0.9433699762669371,0.7903884985160253,0.7762183928717253
1900-01-01 09:12:00,0.9299413560060085,0.7936513171928469,0.7803946477162994
1900-01-01 09:13:00,0.9321677156595394,0.7775699417804623,0.779606966013473
1900-01-01 09:14:00,0.9064996279470166,0.7661656136549572,0.765346651486809
1900-01-01 09:15:00,0.9178905024968899,0.7622585386955497,0.7588704672326958
1900-01-01 09:16:00,0.9123649774018331,0.76740689240085,0.7699122841006452
1900-01-01 09:17:00,0.8964550455927516,0.757720891853651,0.763265360738763
1900-01-01 09:18:00,0.9027284159714989,0.7638141415315399,0.7578249751248028
1900-01-01 09:19:00,0.8919457252927049,0.7636986099908163,0.7597753734615043
1900-01-01 09:20:00,0.8777658617445746,0.7576251374364043,0.7569848641043825
1900-01-01 09:21:00,0.8891776271935401,0.7489553630656866,0.7502706231615117
1900-01-01 09:22:00,0.8739095785304779,0.7359270190189998,0.7556709020705141
1900-01-01 09:23:00,0.8659574255339927,0.7342064652340088,0.7223732340933869
1900-01-01 09:24:00,0.8707293192783256,0.7311414396360084,0.7360519072556273
1900-01-01 09:25:00,0.8832829377434166,0.7388519982150658,0.7408961207690405
1900-01-01 09:26:00,0.8785513261911192,0.7284002743412544,0.7188851012194407
1900-01-01 09:27:00,0.8679924000535585,0.7096468903980327,0.7195076248060351
1900-01-01 09:28:00,0.8508361411450246,0.7171875256595447,0.7162148618952611
1900-01-01 09:29:00,0.8476393368997664,0.7252170420735963,0.7058597878995327
1900-01-01 09:30:00,0.8505168066515598,0.7060769968969114,0.7116858785011575
1900-01-01 09:31:00,0.8264541051259402,0.7173891138947888,0.70926889925447
1900-01-01 09:32:00,0.8509759393612756,0.7071716872260663,0.704485685794348
1900-01-01 09:33:00,0.8375949293112241,0.7026463197499039,0.698235749616192
1900-01-01 09:34:00,0.8358011499015486,0.6995509474998385,0.6960903240628121
1900-01-01 09:35:00,0.8288045047462685,0.679602077409363,0.695782973379115
1900-01-01 09:36:00,0.8332211627997215,0.6942805092543631,0.6940069515490813
1900-01-01 09:37:00,0.8230609318081636,0.678056037353278,0.683177573950496
1900-01-01 09:38:00,0.8146077029409184,0.678435651437466,0.6927347294293165
1900-01-01 09:39:00,0.8273610899107617,0.6842566486744427,0.668246736928641
1900-01-01 09:40:00,0.8076037159587006,0.6616304071433682,0.6740869123643618
1900-01-01 09:41:00,0.8049893758101417,0.6710698854160322,0.6598580160925108
1900-01-01 09:42:00,0.8029997852897491,0.6663224553849996,0.6643498634149804
1900-01-01 09:43:00,0.7997597065057584,0.660261704157916,0.6645700492240446
1900-01-01 09:44:00,0.8007329890863936,0.6618626356147232,0.655360501623911
1900-01-01 09:45:00,0.7901205861765791,0.6447917742532163,0.655840156931845
1900-01-01 09:46:00,0.7827085810319759,0.6494873018672488,0.6413074727834526
1900-01-01 09:47:00,0.7747934834572057,0.6435157290031581,0.64924355455389
1900-01-01 09:48:00,0.7738232254540983,0.6547682536258191,0.6422519912653671
1900-01-01 09:49:00,0.7804694721998598,0.6395039773973699,0.6374258117428009
1900-01-01 09:50:00,0.7741050848134632,0.6443047281352361,0.6257883928938567
1900-01-01 09:51:00,0.7645669798141064,0.6332855832065231,0.6263421331738802
1900-01-01 09:52:00,0.772277641138147,0.6369998234046349,0.6325533180206951
1900-01-01 09:53:00,0.754476532646451,0.6261583042311119,0.6165070095499009
1900-01-01 09:54:00,0.7514035997894469,0.6381625129101044,0.6336703583478956
1900-01-01 09:55:00,0.7500047999053456,0.6100945704362278,0.6220315269049984
1900-01-01 09:56:00,0.7525567435564474,0.6179564870666987,0.6106143245526596
1900-01-01 09:57:00,0.7410531105577369,0.6115269719242675,0.618822254317787
1900-01-01 09:58:00,0.7465793110239636,0.6204954858659172,0.6063766705321781
1900-01-01 09:59:00,0.7419266691267703,0.6054899312857303,0.6106177720532037
1900-01-01 10:00:00,0.7199263774276565,0.6077860092303405,0.6026123992339526
1900-01-01 10:01:00,0.7250478918533084,0.6108542870062746,0.6083313039678342
1900-01-01 10:02:00,0.7346793093988367,0.6025233699399515,0.5959458180627418
1900-01-01 10:03:00,0.7219950086465471,0.6009766680659928,0.6084975359458717
1900-01-01 10:04:00,0.7194877940296323,0.6011201338147071,0.5991014056163054
1900-01-01 10:05:00,0.7049576477456112,0.6026594809799821,0.5909742422235451
1900-01-01 10:06:00,0.7329784357418334,0.5898775800816267,0.602249236584471
1900-01-01 10:07:00,0.7169183533963563,0.5999220293002117,0.6057848469234713
1900-01-01 10:08:00,0.7142112137534488,0.5858161008897718,0.5862444826812728
1900-01-01 10:09:00,0.71214304142618,0.5900407845196171,0.5925873231624916
1900-01-01 10:10:00,0.7157737501409858,0.5924013240839163,0.5809110950888656
1900-01-01 10:11:00,0.7073898274909132,0.5827164365644546,0.5932711828070671
1900-01-01 10:12:00,0.7159366519640223,0.5809838380656284,0.5774302171972613
1900-01-01 10:13:00,0.7144923606980969,0.5933341711487549,0.5831012508162813
1900-01-01 10:14:00,0.716245476391803,0.5852355156656814,0.5940933214607588
1900-01-01 10:15:00,0.7111993165012331,0.5886515804351743,0.5822483371730933
1900-01-01 10:16:00,0.7075913024708342,0.5855882796170178,0.5786995966244459
1900-01-01 10:17:00,0.7076859717198271,0.5943827922922233,0.5765909976496166
1900-01-01 10:18:00,0.7010832718035368,0.5872925609682734,0.5803287082305417
1900-01-01 10:19:00,0.7089407636364157,0.5728375249451211,0.5830531332845975
1900-01-01 10:20:00,0.6877323185293307,0.5746422233773776,0.5692301124983776
1900-01-01 10:21:00,0.6969781781573361,0.5755544878123042,0.5806522842926437
1900-01-01 10:22:00,0.6969380695366746,0.5743031483142828,0.5786645409948878
1900-01-01 10:23:00,0.7023934614433843,0.5657962503265248,0.5707392092120699
1900-01-01 10:24:00,0.7041968692036955,0.5710956508715839,0.573780306450421
1900-01-01 10:25:00,0.699313714056554,0.5696248703559343,0.5717626940102962
1900-01-01 10:26:00,0.7021706971967652,0.5697600614254085,0.570018090552087
1900-01-01 10:27:00,0.6943034839236752,0.5604319531233716,0.5682491986596081
1900-01-01 10:28:00,0.6933327223127711,0.560843393803959,0.5665662496077306
1900-01-01 10:29:00,0.6947369340135611,0.5598111842008572,0.563702572098403
1900-01-01 10:30:00,0.690714680694099,0.5603959563042835,0.5574743918923549
1900-01-01 10:31:00,0.6825056048354197,0.5635748273745814,0.5662135030448389
1900-01-01 10:32:00,0.6934369125135708,0.5509624409351219,0.5647695573151978
1900-01-01 10:33:00,0.6828581695044114,0.558032292103081,0.5589024773710001
1900-01-01 10:34:00,0.6902527275827162,0.5591142508778217,0.5600935204748452
1900-01-01 10:35:00,0.6895983165586256,0.5629332377901558,0.5529528663716473
1900-01-01 10:36:00,0.6824287295831775,0.5534165940621849,0.5567227635202441
1900-01-01 10:37:00,0.6706558681258198,0.5470073454433075,0.5580024890915328
1900-01-01 10:38:00,0.6797810672635203,0.5467677637163235,0.5487506769530132
1900-01-01 10:39:00,0.6920820049690888,0.5585460004262066,0.5538904064836592
1900-01-01 10:40:00,0.6629054234502229,0.543267648339378,0.5474618092898164
1900-01-01 10:41:00,0.6622384135641343,0.5492735091574282,0.5545694614563301
1900-01-01 10:42:00,0.6866203946334214,0.5448804352044748,0.545532239834869
1900-01-01 10:43:00,0.6642014561666403,0.5439733874078654,0.5429731464309614
1900-01-01 10:44:00,0.6625603659551575,0.542251564675128,0.5439963471935052
1900-01-01 10:45:00,0.6652837017950587,0.5384498700078252,0.5511625832888909
1900-01-01 10:46:00,0.6625203433382169,0.5468956480792464,0.5434771048872128
1900-01-01 10:47:00,0.6732412670621616,0.5499912297665297,0.5352111697396799
1900-01-01 10:48:00,0.6642082444490688,0.5407683882683902,0.54058327877057
1900-01-01 10:49:00,0.6691575637231759,0.5312270641841788,0.5375061803179947
1900-01-01 10:50:00,0.6624961135489,0.535351211039682,0.5337852760536643
1900-01-01 10:51:00,0.6530298457557743,0.5363180914615524,0.5416159559207591
1900-01-01 10:52:00,0.6568901383567107,0.5314150399946042,0.5207114387674006
1900-01-01 10:53:00,0.6664509383983301,0.5203366068944727,0.5291996077285415
1900-01-01 10:54:00,0.6648723348019117,0.5232255686294298,0.5249486973289321
1900-01-01 10:55:00,0.648887528077392,0.5445758389271551,0.5309741423960221
1900-01-01 10:56:00,0.6466626791143155,0.5316188863484308,0.5309167243571461
1900-01-01 10:57:00,0.6515436341347094,0.5227380943468967,0.5280425235569097
1900-01-01 10:58:00,0.6400317460757757,0.5220802355458151,0.5220948306413592
1900-01-01 10:59:00,0.6482944601435165,0.5258617823636803,0.5327976790412522
1900-01-01 11:00:00,0.6438683517892364,0.5273667498748228,0.5263345535878292
1900-01-01 11:01:00,0.6387130672177234,0.5187667161512687,0.5277496431321546
1900-01-01 11:02:00,0.6420948170245773,0.5168397769384921,0.5249638828673546
1900-01-01 11:03:00,0.6358761511925279,0.5162580966652753,0.5122416577241277
1900-01-01 11:04:00,0.6355236704025434,0.5163306696749305,0.5141721134169984
1900-01-01 11:05:00,0.6389161213316361,0.5174194254504648,0.5050894129933233
1900-01-01 11:06:00,0.6297785971664694,0.5181783631299773,0.5155379699833055
1900-01-01 11:07:00,0.6249386664364092,0.5058528848311096,0.5092768256326117
1900-01-01 11:08:00,0.6241270711236448,0.5107833545581092,0.5126828299641067
1900-01-01 11:09:00,0.6232353990236958,0.5025378666281809,0.5042641005826481
1900-01-01 11:10:00,0.6259847803771748,0.4940987740248316,0.5026751529550428
1900-01-01 11:11:00,0.6143176649206169,0.4930925945595796,0.4977436447542694
1900-01-01 11:12:00,0.601839386611309,0.49627415214842463,0.4952092685494076
1900-01-01 11:13:00,0.6173232236826707,0.4934222198277375,0.492869212350694
1900-01-01 11:14:00,0.6075712335095236,0.4891512421883971,0.4945232802802857
1900-01-01 11:15:00,0.6033909041505325,0.4836801904597741,0.4837112679419312
1900-01-01 11:16:00,0.6009872257421441,0.4878215150717522,0.48363312802352465
1900-01-01 11:17:00,0.6047474691166996,0.48503312080402383,0.4874616340155533
1900-01-01 11:18:00,0.6085896913800767,0.4878814273596781,0.4881871116332593
1900-01-01 11:19:00,0.608137320645079,0.48765080390818455,0.4725525607704248
1900-01-01 11:20:00,0.5950828135678194,0.47639386420128105,0.48545751300452333
1900-01-01 11:21:00,0.5955186248946703,0.4791071400426682,0.4775715888584582
1900-01-01 11:22:00,0.5882560974994292,0.48174484032461495,0.4764597659024962
1900-01-01 11:23:00,0.5919734825015361,0.4665835411349311,0.4692405202241302
1900-01-01 11:24:00,0.5930650320425165,0.4691438031992968,0.4677305428367922
1900-01-01 11:25:00,0.5850714536351482,0.46645459821916885,0.465956602367333
1900-01-01 11:26:00,0.5724185999108306,0.45761212471180734,0.4667198693516206
1900-01-01 11:27:00,0.5863642325824598,0.4557404245866586,0.4684119124490234
1900-01-01 11:28:00,0.5806271746576395,0.457636377675325,0.4651581299199707
1900-01-01 11:29:00,0.5692034719347757,0.4656385062184313,0.4651264012876295
1900-01-01 11:30:00,0.574267789358048,0.46009201893705465,0.45820943841834594
1900-01-01 11:31:00,0.5744173414868291,0.45648834385196224,0.4465216461565482
1900-01-01 11:32:00,0.5668756219470056,0.4637565812843752,0.4545482109367247
1900-01-01 11:33:00,0.5770040530767115,0.4612216439520171,0.4582180432870231
1900-01-01 11:34:00,0.5807603168571202,0.4535475963885497,0.44822533586065627
1900-01-01 11:35:00,0.5675296302871813,0.45502987016275914,0.4491949344254929
1900-01-01 11:36:00,0.558282615404067,0.447336077522627,0.4507284331463207
1900-01-01 11:37:00,0.5681697531451602,0.43889175318545304,0.44201990145881354
1900-01-01 11:38:00,0.5576362194235638,0.439722278351541,0.45073921014919927
1900-01-01 11:39:00,0.5504112025627925,0.4368911597015685,0.4426496004366673
1900-01-01 11:40:00,0.5644084480258975,0.4465888260992779,0.44277441627862735
1900-01-01 11:41:00,0.5433209838416152,0.4341860751220359,0.4431992720838643
1900-01-01 11:42:00,0.5500509322167224,0.4442327119960773,0.4381369601152475
1900-01-01 11:43:00,0.5535519664849979,0.43282149549623306,0.4393608539501061
1900-01-01 11:44:00,0.5364452363465733,0.4334973431683443,0.42912337858007715
1900-01-01 11:45:00,0.5472704521463772,0.4276918001200515,0.42919061535810193
1900-01-01 11:46:00,0.5521556593920345,0.42642613221252745,0.4284597069641409
1900-01-01 11:47:00,0.5405337741751736,0.4268124639632761,0.4162928740393299
1900-01-01 11:48:00,0.5344682880107651,0.42404111113922227,0.4187963481901253
1900-01-01 11:49:00,0.537053419198845,0.42750311117415857,0.419494997520632
1900-01-01 11:50:00,0.5333698594422122,0.42050469284680464,0.41873713143762215
1900-01-01 11:51:00,0.5348927504876052,0.4218898440551608,0.4101492488799767
1900-01-01 11:52:00,0.5240442362631833,0.41960413681513403,0.4187232522060168
1900-01-01 11:53:00,0.5253641253085974,0.414713705052813,0.4238861001286245
1900-01-01 11:54:00,0.5229128131605589,0.41042946939454505,0.4153507522054649
1900-01-01 11:55:00,0.5323800625156527,0.4045073416458447,0.41092723024783545
1900-01-01 11:56:00,0.5234062977369959,0.4071385747878714,0.41654044439998866
1900-01-01 11:57:00,0.5321301735394426,0.39369377260370386,0.40620815173549535
1900-01-01 11:58:00,0.5145107710727452,0.4031440057366577,0.4094893359225079
1900-01-01 11:59:00,0.5063145086377316,0.40841342298026717,0.4038354113005297
1900-01-01 12:00:00,0.5179631059486757,0.3954638693887828,0.39365030114078525
1900-01-01 12:01:00,0.5156206786464087,0.4040554744324368,0.3899748257786508
1900-01-01 12:02:00,0.5140869523074095,0.4002717360933734,0.3988578748497299
1900-01-01 12:03:00,0.5218798831910957,0.40144121912033914,0.39676522075112286
1900-01-01 12:04:00,0.5037912879286832,0.3933146755843739,0.40189748051593294
1900-01-01 12:05:00,0.5161810234229666,0.3957086422028507,0.399028067857885
1900-01-01 12:06:00,0.509279156939119,0.3997335682027901,0.393958645600074
1900-01-01 12:07:00,0.5043430146944736,0.3937179135701596,0.38575796673244517
1900-01-01 12:08:00,0.5048011864073045,0.3927875527038948,0.3980013206627748
1900-01-01 12:09:00,0.5080223062011584,0.39321454052616084,0.3993354993272145
1900-01-01 12:10:00,0.5111957492400955,0.39910640117087254,0.3936740667545154
1900-01-01 12:11:00,0.49598570260657626,0.3884161977080199,0.3819987510332989
1900-01-01 12:12:00,0.4976829879113927,0.39297407053013905,0.3851291194685698
1900-01-01 12:13:00,0.49717390873817413,0.3957167805493556,0.39293135580281524
1900-01-01 12:14:00,0.5104089545420862,0.39367700833227554,0.3830938934195733
1900-01-01 12:15:00,0.5018193207202922,0.3814386582141934,0.3877094965713391
1900-01-01 12:16:00,0.49170716748908155,0.3968973770574776,0.3927745953074703
1900-01-01 12:17:00,0.501447090336354,0.38697559345703025,0.38659539028452394
1900-01-01 12:18:00,0.49801761945058654,0.3856539753260798,0.38475672064493593
1900-01-01 12:19:00,0.4969287542299382,0.3896338589708436,0.37985736028110634
1900-01-01 12:20:00,0.49848947796797355,0.38477143242900763,0.37963776657221787
1900-01-01 12:21:00,0.5073434176892488,0.38017796595052056,0.38373129461676286
1900-01-01 12:22:00,0.49974126002571323,0.37567521301469003,0.3822939851840814
1900-01-01 12:23:00,0.4904859221724277,0.380940148489291,0.3839600761579831
1900-01-01 12:24:00,0.49666495675277134,0.3877245124480363,0.3848209575033989
1900-01-01 12:25:00,0.496520576608328,0.3886087218744654,0.3812641866179772
1900-01-01 12:26:00,0.5011323741928394,0.3807945284336907,0.38042382164771743
1900-01-01 12:27:00,0.49759770075497955,0.3808578859601993,0.38210734973761756
1900-01-01 12:28:00,0.4931728433485577,0.37986887099485456,0.37649757752555735
1900-01-01 12:29:00,0.4937558542650313,0.38210444679361455,0.3781168512165243
1900-01-01 12:30:00,0.481427738893792,0.36973313779865025,0.38221288131876746
1900-01-01 12:31:00,0.49468624177920145,0.37360214301643757,0.37520694647150926
1900-01-01 12:32:00,0.47915319874056644,0.37828572352943873,0.3746306238007219
1900-01-01 12:33:00,0.4756058005138578,0.37230043145176667,0.37788292589496825
1900-01-01 12:34:00,0.4807028228289253,0.38529151562082165,0.3809091713388121
1900-01-01 12:35:00,0.4826042141979489,0.372467818110778,0.37929556558724714
1900-01-01 12:36:00,0.4905647374698698,0.3721483944487103,0.3749801107977328
1900-01-01 12:37:00,0.4872638146819705,0.37021896986763486,0.3809141980421883
1900-01-01 12:38:00,0.4907767165625879,0.3695168697435973,0.3718777078784621
1900-01-01 12:39:00,0.48386555374711665,0.37243548086968636,0.37359964476228147
1900-01-01 12:40:00,0.4855782695569907,0.36455705803729976,0.3739922164831655
1900-01-01 12:41:00,0.47955771446428225,0.37887024128584756,0.37360992967955853
1900-01-01 12:42:00,0.47653176749736303,0.3713934759409408,0.36844765270118157
1900-01-01 12:43:00,0.481615464005733,0.3704877889536634,0.36887605838004567
1900-01-01 12:44:00,0.4739140249259779,0.3660949253015591,0.3713844619116213
1900-01-01 12:45:00,0.47620317149836655,0.36805021059814264,0.3668730906077392
1900-01-01 12:46:00,0.4790848995405395,0.36833476827237394,0.36881292862581566
1900-01-01 12:47:00,0.47176566034112605,0.36432663961618955,0.37238554899971604
1900-01-01 12:48:00,0.4808267695990423,0.3611287157763495,0.37122280487485987
1900-01-01 12:49:00,0.4696686339409957,0.3627896916617678,0.3657449854418922
1900-01-01 12:50:00,0.47004279788451486,0.3602986602199745,0.3643416041152685
1900-01-01 12:51:00,0.4746264387164169,0.36657364829604777,0.36634947007272545
1900-01-01 12:52:00,0.4716475448159419,0.3654397147621059,0.3613193162356997
1900-01-01 12:53:00,0.46860377966991273,0.36039569440305946,0.36507076814565437
1900-01-01 12:54:00,0.4729046664722407,0.36096071221234455,0.3641855488164399
1900-01-01 12:55:00,0.4692896257583023,0.35642412018758,0.36184259702929156
1900-01-01 12:56:00,0.4670781661549887,0.357666662196487,0.358890095990446
1900-01-01 12:57:00,0.4702975359104455,0.35521908592640294,0.35965071460511183
1900-01-01 12:58:00,0.47343849904625934,0.36703195671909505,0.3560648617597343
1900-01-01 12:59:00,0.475974997674218,0.3555483878271014,0.3525766923536441
1900-01-01 13:00:00,0.46511468084554114,0.3610325948635812,0.35426734900551893
1900-01-01 13:01:00,0.46837426527118164,0.35453764470588794,0.35837760930681645
1900-01-01 13:02:00,0.4682680667570735,0.3551240076837566,0.35550408889157914
1900-01-01 13:03:00,0.4641129494796493,0.3591734809315189,0.3541580974822803
1900-01-01 13:04:00,0.4645801913886427,0.3582208253457732,0.35593148779552414
1900-01-01 13:05:00,0.46377426036157476,0.3539363347240503,0.3534388448759256
1900-01-01 13:06:00,0.4499970634321817,0.36028828640950106,0.3496825912307227
1900-01-01 13:07:00,0.45711630958249444,0.35154568660003027,0.3554420863178147
1900-01-01 13:08:00,0.4557031621369585,0.3513383670012837,0.35291943529718967
1900-01-01 13:09:00,0.4612299223025154,0.34886290566196,0.3484136067310834
1900-01-01 13:10:00,0.459935769073157,0.3469116164427557,0.3509874372059459
1900-01-01 13:11:00,0.46500254732030616,0.35538254923420887,0.3469244858214353
1900-01-01 13:12:00,0.4592208180429307,0.3505313602112186,0.34776638757867684
1900-01-01 13:13:00,0.456779288850948,0.3427638075945059,0.3496525316862321
1900-01-01 13:14:00,0.4558286654177922,0.3431412930472499,0.3561455993684614
1900-01-01 13:15:00,0.4604233914345838,0.3434342629229086,0.34925536021710274
1900-01-01 13:16:00,0.45662995486582814,0.3451361972303944,0.3418993726226502
1900-01-01 13:17:00,0.4484912953738365,0.3433694078370925,0.34199971851602623
1900-01-01 13:18:00,0.4473581590062458,0.34613318217214617,0.3440348608662887
1900-01-01 13:19:00,0.44892530778967654,0.33882502776930046,0.3405786607730908
1900-01-01 13:20:00,0.44725800908186364,0.3505354696422508,0.3415890194380603
1900-01-01 13:21:00,0.46452321896825227,0.34154983326111554,0.3400397898680775
1900-01-01 13:22:00,0.44873667408453954,0.34245333766558006,0.3436262669519419
1900-01-01 13:23:00,0.4412746396869296,0.33419597817725955,0.34401567845144715
1900-01-01 13:24:00,0.4533658133226834,0.33906067754494396,0.33902435198291486
1900-01-01 13:25:00,0.44481831192426613,0.3358018075968701,0.34016493648261104
1900-01-01 13:26:00,0.45097309008247033,0.33006516938009917,0.338110394805764
1900-01-01 13:27:00,0.4411876644974716,0.3408232349362288,0.33173746105440133
1900-01-01 13:28:00,0.44537213318243873,0.3356841524109798,0.34255569379205175
1900-01-01 13:29:00,0.44738856068463334,0.33676043626334595,0.3382306960807248
1900-01-01 13:30:00,0.44225009050919495,0.34069432139429773,0.3352399518450033
1900-01-01 13:31:00,0.43633253526054055,0.3359726746717023,0.3361428728668378
1900-01-01 13:32:00,0.44214554371269493,0.33859888493659956,0.3373604960642619
1900-01-01 13:33:00,0.434755705902985,0.336556203819433,0.3326490611223994
1900-01-01 13:34:00,0.44036516642036816,0.34116211219205594,0.3336468053782145
1900-01-01 13:35:00,0.44183144555345466,0.3343713731902857,0.3355620553756663
1900-01-01 13:36:00,0.4354844882292974,0.3304923244658416,0.32901133601379906
1900-01-01 13:37:00,0.44015266587768037,0.3275163960048879,0.3380468888666281
1900-01-01 13:38:00,0.44457436323117505,0.3347723561901668,0.33314571726587155
1900-01-01 13:39:00,0.43976677954037324,0.3326264944532333,0.3267002105826211
1900-01-01 13:40:00,0.4400543918113271,0.32904373124321945,0.33062773733629813
1900-01-01 13:41:00,0.43341217234970353,0.3297866147424824,0.3297511729633372
1900-01-01 13:42:00,0.43124180909542403,0.3308401039432745,0.32752816964167375
1900-01-01 13:43:00,0.4270931624964165,0.3259820982987836,0.32506167178866247
1900-01-01 13:44:00,0.4378066600018694,0.323251032390038,0.3263455934744636
1900-01-01 13:45:00,0.4318707634980074,0.32818160547813224,0.3252509608019879
1900-01-01 13:46:00,0.44039182478797845,0.32574849336327405,0.3274155032326613
1900-01-01 13:47:00,0.4355630128036341,0.32347291108113174,0.3210030246027314
1900-01-01 13:48:00,0.4322464640224457,0.32055599551056757,0.32301796465665145
1900-01-01 13:49:00,0.4329587455492132,0.3262001817006205,0.32401435840725534
1900-01-01 13:50:00,0.4301703886305317,0.3200023371090316,0.3186362412487155
1900-01-01 13:51:00,0.4270767494182472,0.32198411829435913,0.32484219498811534
1900-01-01 13:52:00,0.43648548095950324,0.3224957731403684,0.321904389076875
1900-01-01 13:53:00,0.42632671766595975,0.3159947389836556,0.3188279864882173
1900-01-01 13:54:00,0.4263579207680466,0.3182702436820357,0.3241136816318242
1900-01-01 13:55:00,0.4277085345677116,0.3241941908115559,0.3219837687526011
1900-01-01 13:56:00,0.42565681127404886,0.32293769704112946,0.3220708614135017
1900-01-01 13:57:00,0.4229604769776884,0.3150762417129721,0.3206153573799337
1900-01-01 13:58:00,0.4281963897451411,0.31895867589678045,0.3145399067762219
1900-01-01 13:59:00,0.42420150102205045,0.31739863487450276,0.3169137503435574
1900-01-01 14:00:00,0.42092922795816773,0.31811640946087555,0.3174109943441667
1900-01-01 14:01:00,0.4245829913244865,0.3197876383269776,0.3194954964231512
1900-01-01 14:02:00,0.42296518508175845,0.31141226611151157,0.3133085215795847
1900-01-01 14:03:00,0.4171408161146922,0.31635891624213136,0.3151368535058696
1900-01-01 14:04:00,0.42182838158513136,0.31485829588184966,0.3143061676932205
1900-01-01 14:05:00,0.41789641429239865,0.3165904171750106,0.30870201755786264
1900-01-01 14:06:00,0.428800750395599,0.3113140834311868,0.316081177499165
1900-01-01 14:07:00,0.42158901169002744,0.3105620806667477,0.3115921793013733
1900-01-01 14:08:00,0.416727594928369,0.3057843614893256,0.31499945610225755
1900-01-01 14:09:00,0.4133950213512984,0.30606040537538226,0.31355259064523505
1900-01-01 14:10:00,0.42475919580110266,0.3089715197015537,0.31308257391312594
1900-01-01 14:11:00,0.4130377321884801,0.30704966975959497,0.31464017035824254
1900-01-01 14:12:00,0.40951999554139135,0.30857025263932963,0.3088362180380285
1900-01-01 14:13:00,0.40984308287924975,0.30702785170324104,0.30816639143281976
1900-01-01 14:14:00,0.40987528433703796,0.3044167575683765,0.3093248800319706
1900-01-01 14:15:00,0.41127583239811316,0.307530087622909,0.30664193498734954
1900-01-01 14:16:00,0.40889429297579555,0.3113170862268975,0.30397543825510215
1900-01-01 14:17:00,0.41241273945268236,0.30622647693509375,0.304515133562879
1900-01-01 14:18:00,0.4112199089096875,0.2996131003130565,0.3064954988681898
1900-01-01 14:19:00,0.4128269818152986,0.30247953268578787,0.2989446289495926
1900-01-01 14:20:00,0.4126422827649001,0.30088077885467973,0.30432767772664726
1900-01-01 14:21:00,0.4090028556882479,0.3029194549894438,0.3085445949956329
1900-01-01 14:22:00,0.4054294671947706,0.3036247448508545,0.2987585005520897
1900-01-01 14:23:00,0.4056435580933738,0.29866306149066485,0.2973333908422692
1900-01-01 14:24:00,0.39875249301941684,0.29772242490565376,0.30052163727217424
1900-01-01 14:25:00,0.40322260293094336,0.30226144315736536,0.29868990403427514
1900-01-01 14:26:00,0.4035492126131215,0.29644322777809984,0.29776040311544055
1900-01-01 14:27:00,0.40597474845922193,0.30011079200285307,0.3029249280082571
1900-01-01 14:28:00,0.40110033772647413,0.29643918360053045,0.299373275988354
1900-01-01 14:29:00,0.4037600612170724,0.2929023893257674,0.2970547137870371
1900-01-01 14:30:00,0.3961159502983876,0.2962429399072698,0.29392770834471993
1900-01-01 14:31:00,0.40234755966061037,0.301281027653903,0.29805683666552907
1900-01-01 14:32:00,0.4075979160370164,0.2955049731277001,0.2932407279819874
1900-01-01 14:33:00,0.39878817803302385,0.29152744745071346,0.2969614564404767
1900-01-01 14:34:00,0.396597387527277,0.2894821306852826,0.29101817102990823
1900-01-01 14:35:00,0.4050721916042484,0.29501961209197153,0.29809886710844796
1900-01-01 14:36:00,0.3997686199851904,0.29417114756973456,0.2906853083328914
1900-01-01 14:37:00,0.39616073346569947,0.2955906096076751,0.29654039423665174
1900-01-01 14:38:00,0.3874050642118453,0.29617701477718134,0.288023059066037
1900-01-01 14:39:00,0.39355466820894863,0.2872221657438003,0.2945724330811672
1900-01-01 14:40:00,0.39543033646252845,0.2901144654162549,0.2934129488573972
1900-01-01 14:41:00,0.3924400851769159,0.29178130296428373,0.289538711123568
1900-01-01 14:42:00,0.3884408162366581,0.2886872744834397,0.2869487372301398
1900-01-01 14:43:00,0.39815313134937735,0.2914902809623001,0.28831909279653417
1900-01-01 14:44:00,0.3942076719697686,0.2882690271951146,0.2871427011493615
1900-01-01 14:45:00,0.3958481118340207,0.2843950920958027,0.28516456902358295
1900-01-01 14:46:00,0.384385681672764,0.2891366475747625,0.28333458553690305
1900-01-01 14:47:00,0.38636358204744936,0.28949046134194834,0.2871146222596775
1900-01-01 14:48:00,0.3858104154773516,0.28879331709523914,0.2833001678718834
1900-01-01 14:49:00,0.3862483574785074,0.28315828628844397,0.2842894729484405
1900-01-01 14:50:00,0.3827789315850284,0.2846154977891847,0.28771439393980297
1900-01-01 14:51:00,0.38316986539394343,0.28255623476917807,0.27860862598571434
1900-01-01 14:52:00,0.3872064186337827,0.2870807568382552,0.2833811781168444
1900-01-01 14:53:00,0.3855348918912771,0.2806502095914033,0.2786185569613341
1900-01-01 14:54:00,0.3813864307373163,0.28102576144663727,0.28156582155665627
1900-01-01 14:55:00,0.38297753338312873,0.2823043337596876,0.27898785579412627
1900-01-01 14:56:00,0.3784140606097663,0.27904617909730417,0.27815006404782616
1900-01-01 14:57:00,0.38716972456952364,0.27879041230844,0.27920221880797247
1900-01-01 14:58:00,0.3776763408463045,0.27338781685569163,0.2819134703767461
1900-01-01 14:59:00,0.37321027297538845,0.2796261735664596,0.28028512305815184
1900-01-01 15:00:00,0.37326047120526207,0.28119384109374995,0.27574291931021505
1900-01-01 15:01:00,0.3826955558995449,0.2819393428384557,0.2783510286097602
1900-01-01 15:02:00,0.38263416414823814,0.279053377482971,0.2825604048508931
1900-01-01 15:03:00,0.38632300657089985,0.2844042282405382,0.28332534132782977
1900-01-01 15:04:00,0.3899023826388743,0.28281012118432214,0.2876320785214232
1900-01-01 15:05:00,0.3898072936310619,0.28480971235408603,0.2902975888329429
1900-01-01 15:06:00,0.39268771029757543,0.2917788043860886,0.28692157700351095
1900-01-01 15:07:00,0.3992921671674345,0.2959098477643326,0.2890583927192222
1900-01-01 15:08:00,0.39155210487554,0.29321235889347036,0.29144844605679576
1900-01-01 15:09:00,0.3996059052229947,0.2966079620700138,0.2955267785927781
1900-01-01 15:10:00,0.39474939113354396,0.29916021489307065,0.29697011261845085
1900-01-01 15:11:00,0.4049928191116687,0.29993956545841616,0.29284935237477294
1900-01-01 15:12:00,0.39722251144953885,0.29541904740752273,0.3004762255508617
1900-01-01 15:13:00,0.4046647431375646,0.29569136260940815,0.29460171776355093
1900-01-01 15:14:00,0.4076663132831221,0.30600664497625496,0.3098214870697554
1900-01-01 15:15:00,0.41277208404586313,0.30208228814726434,0.30758593508823295
1900-01-01 15:16:00,0.41119521056375957,0.3088237028424416,0.30982181388410823
1900-01-01 15:17:00,0.4123141629422069,0.3106622661271016,0.30975184952363766
1900-01-01 15:18:00,0.41949255083015,0.3077273644282791,0.31203709355210413
1900-01-01 15:19:00,0.4144764881541492,0.3189085686562118,0.31137404074634095
1900-01-01 15:20:00,0.41457065102816976,0.31680365387056414,0.31125512352293216
1900-01-01 15:21:00,0.4257378101860976,0.31872855971082326,0.3151283271868025
1900-01-01 15:22:00,0.4276353140732285,0.3110043114924644,0.3214213635822485
1900-01-01 15:23:00,0.4264538660218086,0.3211100918797396,0.32511649377961227
1900-01-01 15:24:00,0.42713619671147524,0.3246883255627264,0.3260964244131703
1900-01-01 15:25:00,0.43812693718236023,0.3249023727031257,0.32253269515973837
1900-01-01 15:26:00,0.4392209070435431,0.32662268448462994,0.32664527091481416
1900-01-01 15:27:00,0.42444725644941034,0.3238228164080242,0.32823263640655603
1900-01-01 15:28:00,0.4366020996005685,0.32783914756856347,0.33439136396338487
1900-01-01 15:29:00,0.4343808525576697,0.3349501206727889,0.3345148051649444
1900-01-01 15:30:00,0.44846241935338765,0.33083071269851133,0.3368284251010716
1900-01-01 15:31:00,0.44915006676138747,0.3278803235377515,0.33984678849255306
1900-01-01 15:32:00,0.44482054258439935,0.34114580503692626,0.3336913874615806
1900-01-01 15:33:00,0.45110148764345054,0.3430933070496891,0.3406994770850399
1900-01-01 15:34:00,0.4400355161011868,0.3427741186935117,0.33828027139374633
1900-01-01 15:35:00,0.4625324917207822,0.3418572017965002,0.34359695576627725
1900-01-01 15:36:00,0.4549890446474739,0.35253611280410857,0.3512451188429104
1900-01-01 15:37:00,0.45387102745335356,0.356102372064426,0.3477259795978276
1900-01-01 15:38:00,0.46003432905267416,0.34525620594169254,0.3448786209155566
1900-01-01 15:39:00,0.45965773600176424,0.3531373060999255,0.3547844741454545
1900-01-01 15:40:00,0.4539664919493768,0.3528976856726293,0.3593802532495403
1900-01-01 15:41:00,0.46656831482624933,0.3589502976123292,0.35538363430191633
1900-01-01 15:42:00,0.47368902655894185,0.3542702408943634,0.36103135648253865
1900-01-01 15:43:00,0.4764451108890119,0.3631789344726687,0.35978549144032324
1900-01-01 15:44:00,0.48409447395497646,0.35888935181471276,0.3648083195361674
1900-01-01 15:45:00,0.4703754720847429,0.36412684750879676,0.37060214499762467
1900-01-01 15:46:00,0.4807230554292748,0.3609338235505367,0.36974415588071885
1900-01-01 15:47:00,0.47388558042491397,0.37542044345805325,0.37301136790160677
1900-01-01 15:48:00,0.47818230254635585,0.3729339878259723,0.3802448142484276
1900-01-01 15:49:00,0.4888717708918391,0.37308950569970034,0.37639335263037577
1900-01-01 15:50:00,0.5005334635119181,0.3737863918588159,0.37755576644043765
1900-01-01 15:51:00,0.49640707645685467,0.3842361668868039,0.3819698805281226
1900-01-01 15:52:00,0.4868415202307752,0.37310798134727524,0.37210377701694364
1900-01-01 15:53:00,0.48501031703866293,0.37871658034389033,0.38363767149501865
1900-01-01 15:54:00,0.49586219749876215,0.3862768247151716,0.38946050203958327
1900-01-01 15:55:00,0.5006288647178043,0.3886351140274075,0.39590378767359663
1900-01-01 15:56:00,0.5064162847865129,0.38722060922663,0.3881658387715682
1900-01-01 15:57:00,0.5177928877969195,0.39575819289594216,0.39488405194267645
1900-01-01 15:58:00,0.5100440708524685,0.3984489036940385,0.39536152674953257
1900-01-01 15:59:00,0.5179735598335646,0.396012401346917,0.3959834491049048
1900-01-01 16:00:00,0.516077235354466,0.3997246903643599,0.5158890461081689
1900-01-01 16:01:00,0.5242808421689498,0.41048813850800087,0.5228316202839922
1900-01-01 16:02:00,0.5277275258866185,0.40602906734047517,0.5224234033345497
1900-01-01 16:03:00,0.5244480319173536,0.4111511933431053,0.5121831419933152
1900-01-01 16:04:00,0.5261540264001321,0.4048517110447065,0.5243006679128417
1900-01-01 16:05:00,0.5229840238843975,0.4117277883373617,0.514214367180172
1900-01-01 16:06:00,0.5205518830406954,0.4165395836415664,0.5273513869437432
1900-01-01 16:07:00,0.5241388782982276,0.41638974229517917,0.5179827735673704
1900-01-01 16:08:00,0.527153574734955,0.4180048668853452,0.5257506059909622
1900-01-01 16:09:00,0.537043744859028,0.42427403038429823,0.5374189581679435
1900-01-01 16:10:00,0.5351773071261192,0.4124493621126976,0.5472540833909572
1900-01-01 16:11:00,0.5363247163328492,0.42075385476370997,0.5410837101682465
1900-01-01 16:12:00,0.5369048490730286,0.4236250412917829,0.5390663604727945
1900-01-01 16:13:00,0.5325665230591013,0.42740097062184396,0.5459630846190525
1900-01-01 16:14:00,0.5260571856910434,0.4255367145744065,0.5385771748632934
1900-01-01 16:15:00,0.5387238531467873,0.4284432564234757,0.5398590005008335
1900-01-01 16:16:00,0.5417381264744383,0.4395360310903212,0.5421447473341325
1900-01-01 16:17:00,0.5480126211826057,0.4397876247353584,0.5498719198686677
1900-01-01 16:18:00,0.5557017169762044,0.43505107553981404,0.5473859474812279
1900-01-01 16:19:00,0.5560042038716313,0.44365866763770556,0.5536500623517879
1900-01-01 16:20:00,0.5524643973023827,0.43408214088708935,0.5616123876289656
1900-01-01 16:21:00,0.5657946815638059,0.4403737289814202,0.5510410514732628
1900-01-01 16:22:00,0.5500570972757326,0.4383763226855798,0.5605808627526269
1900-01-01 16:23:00,0.5616257000361635,0.44946611765669225,0.5605744421935946
1900-01-01 16:24:00,0.5625426484724961,0.4501317669024212,0.5592771051555215
1900-01-01 16:25:00,0.5658687890941163,0.4358543081983874,0.5675043722942739
1900-01-01 16:26:00,0.5705494958318614,0.4557954673296606,0.5698006296929106
1900-01-01 16:27:00,0.5770091710478559,0.45274101781389753,0.5667402063421553
1900-01-01 16:28:00,0.5681590613739238,0.4504851250955554,0.5662855698812221
1900-01-01 16:29:00,0.5724807345980927,0.4634862549999194,0.5754671990697132
1900-01-01 16:30:00,0.570660030067647,0.4532099217399694,0.5766250974307773
1900-01-01 16:31:00,0.5745974092825774,0.4568786740990549,0.5884161876749182
1900-01-01 16:32:00,0.5756931023602313,0.4658002209088814,0.5723540033416047
1900-01-01 16:33:00,0.5832323215114419,0.4603180839114434,0.5718568360349994
1900-01-01 16:34:00,0.5844914190280864,0.45910357072663716,0.5905837631010042
1900-01-01 16:35:00,0.5766395620609372,0.4689794143767368,0.5891840503034511
1900-01-01 16:36:00,0.5976628713480445,0.46890898890177674,0.5915079556844854
1900-01-01 16:37:00,0.5996691461224495,0.4792563749362337,0.5835068171494288
1900-01-01 16:38:00,0.5964783535281485,0.4698297389550704,0.5970985057131997
1900-01-01 16:39:00,0.5915749695112054,0.4748798009946539,0.5898113208803434
1900-01-01 16:40:00,0.6026266540294954,0.4749447133761635,0.5955047538619486
1900-01-01 16:41:00,0.6017432225628301,0.47937153674569416,0.5908367031684725
1900-01-01 16:42:00,0.592837906614893,0.47429177519139104,0.612736807664201
1900-01-01 16:43:00,0.608830228275023,0.48040028934596035,0.5913054851057871
1900-01-01 16:44:00,0.6085429902128081,0.4831498188988676,0.5999111211051479
1900-01-01 16:45:00,0.598740176019176,0.49233982892329814,0.6157486960045643
1900-01-01 16:46:00,0.6115602861693124,0.4830297380354999,0.6093024087896555
1900-01-01 16:47:00,0.6133996846141452,0.4929783085452038,0.6141234010381973
1900-01-01 16:48:00,0.6186494182703572,0.49208213566315007,0.6088412945405424
1900-01-01 16:49:00,0.6220822151851855,0.48835354019701194,0.6220877058452293
1900-01-01 16:50:00,0.6068496094289426,0.5044964387494117,0.6215457959669457
1900-01-01 16:51:00,0.6258464175766109,0.5010184382461415,0.6178424389731817
1900-01-01 16:52:00,0.6198883043232815,0.5078770019874714,0.6299969669851145
1900-01-01 16:53:00,0.6297209599765248,0.4957676669481662,0.6266474189174905
1900-01-01 16:54:00,0.634248212180739,0.5055819621056636,0.6448252149496423
1900-01-01 16:55:00,0.6254629979098716,0.51439033938782,0.6398252148813053
1900-01-01 16:56:00,0.6309774205007324,0.5167232734915159,0.6319008461578364
1900-01-01 16:57:00,0.6287489328895577,0.5122733533436671,0.6266636517263487
1900-01-01 16:58:00,0.6396092431952928,0.5162516687439488,0.643420205943394
1900-01-01 16:59:00,0.6390659487713335,0.510907498483027,0.6263668590463384
1900-01-01 17:00:00,0.6396004027202468,0.6480938160867161,0.6377389683567251
1900-01-01 17:01:00,0.638132309791307,0.6384935570900073,0.6323469132325235
1900-01-01 17:02:00,0.6458762458014493,0.6466243520593142,0.6502766966230437
1900-01-01 17:03:00,0.63562937195457,0.6464434312529449,0.6472962790648668
1900-01-01 17:04:00,0.6408581181513252,0.6559164546802785,0.6488232453659507
1900-01-01 17:05:00,0.6509905332931039,0.6495020843009262,0.6415142076791414
1900-01-01 17:06:00,0.6625545749985767,0.6547780657152998,0.6556204523930218
1900-01-01 17:07:00,0.6572999946319027,0.6550953881489039,0.6533053767413729
1900-01-01 17:08:00,0.6677519461831208,0.6586451817122951,0.6553758158871296
1900-01-01 17:09:00,0.6613174754335575,0.6544269204846163,0.651804629941858
1900-01-01 17:10:00,0.6612549634817619,0.6638686390849774,0.6560095234973037
1900-01-01 17:11:00,0.6585352350612372,0.666368341976913,0.655710926255745
1900-01-01 17:12:00,0.6594971197122559,0.65762391565421,0.6577155657032419
1900-01-01 17:13:00,0.6698419416436769,0.6571343170325643,0.6627058503182922
1900-01-01 17:14:00,0.6452325254554719,0.6516173052265342,0.6562591278219267
1900-01-01 17:15:00,0.6715412924206294,0.6559434082180148,0.6615837703572292
1900-01-01 17:16:00,0.6720323102393699,0.6670923955982572,0.6584514937128009
1900-01-01 17:17:00,0.6736396672713604,0.6709105540301131,0.6734972556060945
1900-01-01 17:18:00,0.6722421512496548,0.6608409914099834,0.6675558612341798
1900-01-01 17:19:00,0.6752020342331359,0.6592472465690219,0.6754687355849072
1900-01-01 17:20:00,0.662123488931679,0.6747683637269647,0.6720900911978479
1900-01-01 17:21:00,0.676124376259858,0.676021122721075,0.6777988392340529
1900-01-01 17:22:00,0.6693681578032951,0.6860374993248972,0.6778950456194408
1900-01-01 17:23:00,0.6766521026698633,0.6813179705037905,0.6794212836569801
1900-01-01 17:24:00,0.6810141121140189,0.6780759279390951,0.6704570386909469
1900-01-01 17:25:00,0.6887685469786237,0.6877475385085896,0.6764769677384533
1900-01-01 17:26:00,0.6874688794276196,0.6787779683501872,0.6719294715654004
1900-01-01 17:27:00,0.6770890240694679,0.6846106473152727,0.6823666619459258
1900-01-01 17:28:00,0.6867970948823787,0.6740069647386095,0.6834693247861103
1900-01-01 17:29:00,0.6863312209013294,0.6915425801095787,0.6769000768695921
1900-01-01 17:30:00,0.6865498026798225,0.6915676856133899,0.6874070916945978
1900-01-01 17:31:00,0.6963678031751277,0.6930039648741098,0.690777618952225
1900-01-01 17:32:00,0.6974317417562437,0.6855772825565423,0.698852964506884
1900-01-01 17:33:00,0.6847585078651266,0.6912588383156573,0.6844824823871692
1900-01-01 17:34:00,0.6981391282132208,0.7009566590163321,0.6940527056539071
1900-01-01 17:35:00,0.7044804380589129,0.6993650875507008,0.7043167276637914
1900-01-01 17:36:00,0.6974299287427873,0.6970027263489144,0.6959475104273576
1900-01-01 17:37:00,0.6952145983771842,0.6968612279658757,0.6976675281858624
1900-01-01 17:38:00,0.6990020875461199,0.6988601514318517,0.7014514017922878
1900-01-01 17:39:00,0.7021530339896737,0.6983142974464227,0.688362562240919
1900-01-01 17:40:00,0.7049782303493666,0.6958319257772425,0.7108535799981125
1900-01-01 17:41:00,0.7059611730629336,0.6993716260117998,0.6986563178143607
1900-01-01 17:42:00,0.7122933446806021,0.7029875193142553,0.6954081109877132
1900-01-01 17:43:00,0.7017094278460894,0.7061776900901939,0.7164167701187799
1900-01-01 17:44:00,0.7084782210223649,0.7119117432836847,0.7016689429855416
1900-01-01 17:45:00,0.7219388983013404,0.7043221087541541,0.705451760532129
1900-01-01 17:46:00,0.7107514019848682,0.7101996716881138,0.7127084842845085
1900-01-01 17:47:00,0.7163765419099424,0.7149141647378058,0.7066634526377621
1900-01-01 17:48:00,0.7156324446728117,0.7174064938719724,0.7162059804357201
1900-01-01 17:49:00,0.7213531870858165,0.7247872321287732,0.7206010538875205
1900-01-01 17:50:00,0.7144182913941723,0.7138598637356327,0.7103213618473412
1900-01-01 17:51:00,0.711745882442481,0.7240902985075427,0.7242006294038454
1900-01-01 17:52:00,0.7185464928288161,0.729620741152779,0.7209668039727638
1900-01-01 17:53:00,0.7210866548144477,0.7192834145218248,0.7210927705903853
1900-01-01 17:54:00,0.7203685534568627,0.7257968065496612,0.718344448356545
1900-01-01 17:55:00,0.7287713237016727,0.7207766290931285,0.7238243620199181
1900-01-01 17:56:00,0.7186404563837446,0.7313472628913305,0.724864604585529
1900-01-01 17:57:00,0.7270365107323182,0.7254161480595855,0.7321963398502856
1900-01-01 17:58:00,0.729083231571779,0.7228309630642387,0.7320662544743977
1900-01-01 17:59:00,0.7422629322491537,0.7175028191688266,0.7218861306745624
1900-01-01 18:00:00,0.7341111542209898,0.7307258272265663,0.7412099005001695
1900-01-01 18:01:00,0.7313542978694166,0.7291946163954754,0.7320687130483305
1900-01-01 18:02:00,0.7306949334808848,0.7153692796443277,0.7214900163496183
1900-01-01 18:03:00,0.7360192569862433,0.7167133924256232,0.733172341747673
1900-01-01 18:04:00,0.7387391644599497,0.7464189730714914,0.7304531989894709
1900-01-01 18:05:00,0.7365538966046239,0.721353295949239,0.7257439906112227
1900-01-01 18:06:00,0.7354726838636395,0.7275601506150291,0.7334506018221467
1900-01-01 18:07:00,0.7274910163568805,0.7377027696151582,0.7375942759107853
1900-01-01 18:08:00,0.7445641036011202,0.7262585317463202,0.7390319919436019
1900-01-01 18:09:00,0.7139145669486164,0.730882754374243,0.7330200519483084
1900-01-01 18:10:00,0.7227026476942164,0.7355508126495975,0.7457720029292273
1900-01-01 18:11:00,0.7323823642130286,0.7328554704118609,0.7310669784224604
1900-01-01 18:12:00,0.7254308530523713,0.7371858517028046,0.7250794977989738
1900-01-01 18:13:00,0.7220363289234295,0.7267605921657173,0.7358065782425411
1900-01-01 18:14:00,0.7340389570330874,0.7436258679610933,0.7384184703151498
1900-01-01 18:15:00,0.7263008227349667,0.7297743796847563,0.7380232399383543
1900-01-01 18:16:00,0.7348281402431153,0.7347711122335173,0.7428591385279577
1900-01-01 18:17:00,0.7425055047002513,0.7344185877358016,0.727666936204887
1900-01-01 18:18:00,0.7303039689628474,0.732104842828822,0.7391069786299878
1900-01-01 18:19:00,0.7354323853276088,0.7224688585961961,0.7434165093730423
1900-01-01 18:20:00,0.7381820157167224,0.7184958938511412,0.7401479148130327
1900-01-01 18:21:00,0.7431144144075329,0.7343984145146272,0.7364252848688134
1900-01-01 18:22:00,0.7350430373670521,0.7171390989781062,0.7345585963234234
1900-01-01 18:23:00,0.7430923736355697,0.7403529782990357,0.7375106821075709
1900-01-01 18:24:00,0.7248290611896285,0.728763632812292,0.7291224011341837
1900-01-01 18:25:00,0.7283336099288675,0.7228143356951142,0.724320793757737
1900-01-01 18:26:00,0.732348581802031,0.726261522917818,0.737602139667693
1900-01-01 18:27:00,0.7397403696219373,0.7204344876102158,0.7242627284485947
1900-01-01 18:28:00,0.7338213299971224,0.7385839096680963,0.7366999875775554
1900-01-01 18:29:00,0.7348887069290737,0.7369456096467999,0.7391121825190561
1900-01-01 18:30:00,0.7232750698770654,0.7484594364095061,0.7310959102826993
1900-01-01 18:31:00,0.7185692778894905,0.7305269477513188,0.743899729501408
1900-01-01 18:32:00,0.7262476926142153,0.7340686749099787,0.7298275959963265
1900-01-01 18:33:00,0.7370087528719118,0.7339806490271178,0.7311996417669734
1900-01-01 18:34:00,0.7308209435440547,0.7355577165983503,0.7430262048578051
1900-01-01 18:35:00,0.736339965588425,0.7471049029679147,0.7254098798779294
1900-01-01 18:36:00,0.7357429250708373,0.7273615942308851,0.7339368310837622
1900-01-01 18:37:00,0.7373315641528918,0.7380355859332356,0.7393295009349093
1900-01-01 18:38:00,0.7275064874225611,0.739610797861329,0.7367557272362515
1900-01-01 18:39:00,0.7419212047725976,0.7290341402789234,0.7315647145297833
1900-01-01 18:40:00,0.7252883094403115,0.727862858537908,0.7446652085555907
1900-01-01 18:41:00,0.7322511247320103,0.73010542481958,0.7437152298873166
1900-01-01 18:42:00,0.7273980110390308,0.727666003243687,0.731832937194285
1900-01-01 18:43:00,0.731708960838434,0.7281284109431128,0.7329215310959251
1900-01-01 18:44:00,0.7229966119073293,0.7365901104433104,0.7353226582280291
1900-01-01 18:45:00,0.7324365341681413,0.732416473516264,0.729775644085089
1900-01-01 18:46:00,0.7374781481389157,0.7389741829832787,0.7394584978491971
1900-01-01 18:47:00,0.7404711597889894,0.7422987546230204,0.7230030572649547
1900-01-01 18:48:00,0.7174162081764925,0.7289081215969685,0.7471070383536482
1900-01-01 18:49:00,0.7155807235991505,0.73625735148049,0.7261776464164971
1900-01-01 18:50:00,0.7277310235303022,0.7186539666037417,0.7276881628633347
1900-01-01 18:51:00,0.7188512043345111,0.7276878038249942,0.7269997774141118
1900-01-01 18:52:00,0.7290346174343222,0.7283928617362518,0.7324161694843088
1900-01-01 18:53:00,0.7400381558463907,0.7447319802675314,0.7280006315404838
1900-01-01 18:54:00,0.7227554096514475,0.7335031169023833,0.7304830347044929
1900-01-01 18:55:00,0.7286387982973132,0.7265345637027727,0.7400974697280263
1900-01-01 18:56:00,0.7307523558402087,0.734957177866399,0.7337874503401655
1900-01-01 18:57:00,0.7394352780935498,0.7421914491089148,0.7347842542984565
1900-01-01 18:58:00,0.7332165197442726,0.7310468223825741,0.7530573764255931
1900-01-01 18:59:00,0.7369816849829066,0.735709628896656,0.7309570541912884
1900-01-01 19:00:00,0.7456573920780354,0.7366530455512229,0.7261985004845883
1900-01-01 19:01:00,0.7368897909783827,0.7388578345841355,0.7312827769377163
1900-01-01 19:02:00,0.7281376801571691,0.7354375784350033,0.7397945882765982
1900-01-01 19:03:00,0.7303346429411207,0.730121993863917,0.7213322516838258
1900-01-01 19:04:00,0.7365740885228134,0.7219236609452541,0.72346426264159
1900-01-01 19:05:00,0.735228989703035,0.7287885461197391,0.7287690990714634
1900-01-01 19:06:00,0.7226983213961748,0.7235215124093737,0.7263141992072127
1900-01-01 19:07:00,0.7241403919590648,0.7161074578921203,0.7127843014329318
1900-01-01 19:08:00,0.7126108943442172,0.7126685392851001,0.7126855431497252
1900-01-01 19:09:00,0.7217615869867852,0.723650540163917,0.7368584750430547
1900-01-01 19:10:00,0.7031445983706811,0.7267528661273377,0.7184694869010191
1900-01-01 19:11:00,0.7185607838751126,0.7190214545470528,0.7225159095899232
1900-01-01 19:12:00,0.7036660454115492,0.7056008964549065,0.7204723585837083
1900-01-01 19:13:00,0.7058589894879097,0.7207688649369072,0.7075785136384103
1900-01-01 19:14:00,0.7085345981882876,0.705994839399616,0.7015813192851262
1900-01-01 19:15:00,0.720070006545301,0.6950008314235807,0.7084075211262252
1900-01-01 19:16:00,0.7129951486893717,0.6937775924760697,0.7100802212369833
1900-01-01 19:17:00,0.7008430412485114,0.7236683466769577,0.7115494189826601
1900-01-01 19:18:00,0.6996607827433997,0.7196970372296093,0.7088958512726967
1900-01-01 19:19:00,0.6922014653249063,0.6980557522937373,0.7080531579941208
1900-01-01 19:20:00,0.7095948366071819,0.7201296624098896,0.6986208843282241
1900-01-01 19:21:00,0.7133662833642377,0.7015333249417525,0.7038033346760028
1900-01-01 19:22:00,0.709495094656428,0.6963256356505148,0.7024326810818218
1900-01-01 19:23:00,0.7018754508149702,0.6900909570562925,0.6899968522579092
1900-01-01 19:24:00,0.7113467853017371,0.69786744845905,0.6955577135190324
1900-01-01 19:25:00,0.6920324050538523,0.6947107378365858,0.6865061477724484
1900-01-01 19:26:00,0.6967537504300771,0.6964533940862324,0.697491610995604
1900-01-01 19:27:00,0.6891766473139211,0.6948702334308213,0.6987948834925543
1900-01-01 19:28:00,0.7035960734254778,0.6989232143983212,0.7032094029708446
1900-01-01 19:29:00,0.6964003762064666,0.6887184928885867,0.6832058363666705
1900-01-01 19:30:00,0.6917145041268956,0.7029157546779836,0.6805076424485114
1900-01-01 19:31:00,0.6736583945216129,0.6830202669160066,0.6855710193485364
1900-01-01 19:32:00,0.6892759849690019,0.6668634138372264,0.6771204445196704
1900-01-01 19:33:00,0.6862076156120335,0.6876336900048436,0.6931519931113448
1900-01-01 19:34:00,0.6748607084057918,0.678598828032648,0.6814118815841359
1900-01-01 19:35:00,0.672757807682376,0.6688740466264356,0.6889220771146316
1900-01-01 19:36:00,0.6812837521612641,0.6844710559276861,0.6793723028869829
1900-01-01 19:37:00,0.6769649230085654,0.6647449583245816,0.6835745195437622
1900-01-01 19:38:00,0.6742134351432939,0.6697320795799986,0.6754062436053005
1900-01-01 19:39:00,0.6740526779237682,0.6729733859202843,0.6743780200061297
1900-01-01 19:40:00,0.6747880269859183,0.6715807480721766,0.6776376512724867
1900-01-01 19:41:00,0.684515010174588,0.6808911879196047,0.6716955211717291
1900-01-01 19:42:00,0.6686553173774076,0.6645462058383111,0.6810640844763376
1900-01-01 19:43:00,0.674370324017552,0.665909917199692,0.6646472911153938
1900-01-01 19:44:00,0.6805289500928543,0.6843115250344551,0.6611521543872425
1900-01-01 19:45:00,0.6717280108958961,0.6754760693947509,0.6690983814126803
1900-01-01 19:46:00,0.6542791056618034,0.6602991658447032,0.6540398323516358
1900-01-01 19:47:00,0.6655889640997107,0.6568556369992519,0.6642493035056829
1900-01-01 19:48:00,0.6474855470573061,0.6781485061433533,0.656307375253632
1900-01-01 19:49:00,0.662840026620456,0.6553124810836795,0.6542357140413648
1900-01-01 19:50:00,0.663700351224277,0.6656281382818929,0.6553752847267335
1900-01-01 19:51:00,0.6589926128930038,0.6530872046833822,0.6666084365960798
1900-01-01 19:52:00,0.6511284939333905,0.6471344782899134,0.6483296647759722
1900-01-01 19:53:00,0.6561735421434517,0.653431234008118,0.6562033657387422
1900-01-01 19:54:00,0.6467107511453267,0.6513972353072219,0.6579017894542553
1900-01-01 19:55:00,0.6515529956957465,0.6532860814456254,0.6403373924209822
1900-01-01 19:56:00,0.6612583933171906,0.6411295929415084,0.6608117608372541
1900-01-01 19:57:00,0.6525702431713261,0.6519231258459017,0.6504296142109366
1900-01-01 19:58:00,0.6521733145196835,0.6454270570023208,0.6403512044312542
1900-01-01 19:59:00,0.6405618965880646,0.6490178626468444,0.6542290422072994
1900-01-01 20:00:00,0.6343556340218153,0.651417704515749,0.6441560480507933
1900-01-01 20:01:00,0.6438816635170108,0.643390192799216,0.6538465361754273
1900-01-01 20:02:00,0.6486318301917624,0.6499794844949369,0.6433940913775934
1900-01-01 20:03:00,0.6489462852771031,0.6547471081829134,0.6493437632704534
1900-01-01 20:04:00,0.6381491903225357,0.6482552634631573,0.6445935978662458
1900-01-01 20:05:00,0.6564308634952376,0.6645719901020791,0.650007457015679
1900-01-01 20:06:00,0.6553159040236876,0.6572135430408202,0.6361976386489385
1900-01-01 20:07:00,0.6564351842118301,0.6591651776851274,0.6519082149726952
1900-01-01 20:08:00,0.6500271108755497,0.6529018516646461,0.64859848995067
1900-01-01 20:09:00,0.6477679888393209,0.6588234087937272,0.656297174282133
1900-01-01 20:10:00,0.6555961339011686,0.6546599098993001,0.6547524444977986
1900-01-01 20:11:00,0.6466490551777663,0.6640092466301957,0.6550662237613993
1900-01-01 20:12:00,0.6605854680091993,0.6630963884426169,0.6580047069483517
1900-01-01 20:13:00,0.6496068108098855,0.6731951754694842,0.6617740035062248
1900-01-01 20:14:00,0.6594915520441276,0.6722543753259397,0.6659056840415507
1900-01-01 20:15:00,0.6522952742123556,0.6803824871612247,0.6746050291538087
1900-01-01 20:16:00,0.6764100211088263,0.6793406057572171,0.6672910373044135
1900-01-01 20:17:00,0.6630657081085238,0.663936273258911,0.6747512255542536
1900-01-01 20:18:00,0.6759992322349232,0.6674820663213562,0.6843548244461004
1900-01-01 20:19:00,0.6741256726055893,0.6600325002355243,0.6776796923486286
1900-01-01 20:20:00,0.675816396139449,0.6729335477593074,0.6879988954534467
1900-01-01 20:21:00,0.6616232401917502,0.6782053556515342,0.6688652386869726
1900-01-01 20:22:00,0.6770668339722669,0.6727713233063959,0.6831143557963376
1900-01-01 20:23:00,0.6909071780138015,0.6788105016650754,0.6815775655895192
1900-01-01 20:24:00,0.6847062031241375,0.6890008206817263,0.663315586274093
1900-01-01 20:25:00,0.688949389966361,0.6748077102393345,0.6933348410506204
1900-01-01 20:26:00,0.6805716182325042,0.6746833878361093,0.6799164558944055
1900-01-01 20:27:00,0.681314748654749,0.6880796185903173,0.6832744338379205
1900-01-01 20:28:00,0.6879193205181517,0.6765019645360547,0.6964606487438426
1900-01-01 20:29:00,0.6793359751810001,0.682206552214585,0.695043859219904
1900-01-01 20:30:00,0.6862568238940416,0.6765757587337934,0.689878468111053
1900-01-01 20:31:00,0.6984816037222762,0.695178528989645,0.6933147044035339
1900-01-01 20:32:00,0.672120675117824,0.7038856343076397,0.6846741430499815
1900-01-01 20:33:00,0.6844374211064682,0.6945407436376817,0.6963080634184445
1900-01-01 20:34:00,0.6810994999839991,0.6923471105248882,0.6963076024511512
1900-01-01 20:35:00,0.7082181386796452,0.6993892579697113,0.6856113915694928
1900-01-01 20:36:00,0.6890144976860662,0.6962699335275134,0.6995727619274146
1900-01-01 20:37:00,0.6924417418942266,0.7042591318777107,0.702757620285301
1900-01-01 20:38:00,0.7186510434609337,0.7001073273553968,0.6911639167571357
1900-01-01 20:39:00,0.7086337521624033,0.708487396546896,0.7126725434252844
1900-01-01 20:40:00,0.7084709794029223,0.7067259091928803,0.700934968532525
1900-01-01 20:41:00,0.7023837297328722,0.7057943713365807,0.7153619849818074
1900-01-01 20:42:00,0.7051053445755087,0.7129183878518317,0.708862936567362
1900-01-01 20:43:00,0.7150183449688505,0.7116033425640476,0.6961519406949891
1900-01-01 20:44:00,0.7122506549687122,0.707651721305289,0.7154999074177276
1900-01-01 20:45:00,0.7092248926766759,0.7233010387770384,0.7072800633292622
1900-01-01 20:46:00,0.708131704130077,0.7031287329904577,0.7216511569053544
1900-01-01 20:47:00,0.6987337129967369,0.7147276168982166,0.7271038935947872
1900-01-01 20:48:00,0.7201838632846583,0.6987860171677454,0.7056984618213715
1900-01-01 20:49:00,0.7141516316472128,0.7069100008797301,0.7081261881920946
1900-01-01 20:50:00,0.7152674629689296,0.712356093821037,0.729591984038639
1900-01-01 20:51:00,0.7267446816227304,0.7063085931469094,0.7294775679430934
1900-01-01 20:52:00,0.726552062727687,0.7146540248725366,0.7247916571468299
1900-01-01 20:53:00,0.7129709481363449,0.722031196879798,0.7150328678437187
1900-01-01 20:54:00,0.7162253185078348,0.7261983611213028,0.7218573653809437
1900-01-01 20:55:00,0.7207615421630145,0.7147858226143525,0.7304554526628528
1900-01-01 20:56:00,0.7355722575829629,0.7233502552594351,0.7212061033967221
1900-01-01 20:57:00,0.7249688093035781,0.7202236161685551,0.7396158568180455
1900-01-01 20:58:00,0.7228441794929003,0.7283051483756172,0.7276596327051463
1900-01-01 20:59:00,0.7290082955370647,0.7258205930572339,0.7343746035831108
1900-01-01 21:00:00,0.7429108967515219,0.7215805348661901,0.6081884811350942
1900-01-01 21:01:00,0.7258327821399202,0.7226921119335201,0.5980286913696042
1900-01-01 21:02:00,0.7342488745912698,0.7343258516670307,0.6052546103200545
1900-01-01 21:03:00,0.7289575031443194,0.735045790675504,0.6013420128147263
1900-01-01 21:04:00,0.7225040867266614,0.7246524274323524,0.6044695405038093
1900-01-01 21:05:00,0.7423202654345971,0.7329513753538303,0.6147623289560579
1900-01-01 21:06:00,0.736285641132649,0.7324465992032675,0.6031938471600723
1900-01-01 21:07:00,0.7356267919469502,0.7315736804216175,0.609407785214085
1900-01-01 21:08:00,0.7284743784901982,0.7402825301135676,0.6102963164520908
1900-01-01 21:09:00,0.7337234149997544,0.7263216047879819,0.6139374946260124
1900-01-01 21:10:00,0.7329426563837924,0.7329005002325314,0.6071363432068257
1900-01-01 21:11:00,0.7264199146378347,0.7346394445631761,0.6026680449655223
1900-01-01 21:12:00,0.7261227227538991,0.7338769192593498,0.60642501915386
1900-01-01 21:13:00,0.727840744441606,0.7252358983734463,0.6112535654212442
1900-01-01 21:14:00,0.7492453013927816,0.7396383158057929,0.6007675109544071
1900-01-01 21:15:00,0.7375262884724837,0.7334794260331366,0.6133359018883182
1900-01-01 21:16:00,0.7351156903194276,0.7327996394042479,0.6008455793246361
1900-01-01 21:17:00,0.7236980432790954,0.7356651385440153,0.6062172147432745
1900-01-01 21:18:00,0.7267714349813115,0.7285506902200207,0.6091062773346614
1900-01-01 21:19:00,0.7312060909638224,0.7232057313542509,0.6057213961400483
1900-01-01 21:20:00,0.7224847726606868,0.7181217653785965,0.6020552594578927
1900-01-01 21:21:00,0.7279251993849964,0.7283837494228519,0.6034544545780549
1900-01-01 21:22:00,0.7341157647252304,0.7299070865977179,0.6079611180251275
1900-01-01 21:23:00,0.7342343114757723,0.7300251770676031,0.606878838371164
1900-01-01 21:24:00,0.734630976017786,0.7403022706722451,0.6061775242216387
1900-01-01 21:25:00,0.7351341905840466,0.7304654864351584,0.6094108054824796
1900-01-01 21:26:00,0.7298293853697655,0.7295260822811601,0.6089227387417115
1900-01-01 21:27:00,0.7313643212978483,0.7265675854916873,0.6106730277068578
1900-01-01 21:28:00,0.7384891220149321,0.724148571516365,0.606505692728225
1900-01-01 21:29:00,0.7352749871106088,0.738382549784883,0.5998431249072486
1900-01-01 21:30:00,0.7419588945422839,0.7420112339076148,0.6045350403274309
1900-01-01 21:31:00,0.733282987658494,0.7260757355727274,0.6073957529642402
1900-01-01 21:32:00,0.7399593143960924,0.7333825163416245,0.6024487818327231
1900-01-01 21:33:00,0.7350452327822777,0.7390773563915233,0.6023413555048626
1900-01-01 21:34:00,0.7270455046371049,0.734391979444137,0.6012596376600956
1900-01-01 21:35:00,0.7443943562888429,0.7269426343761044,0.612448658144437
1900-01-01 21:36:00,0.7425869411849636,0.7158264408606699,0.6118014257407688
1900-01-01 21:37:00,0.728060532890751,0.7372940740278435,0.5919326540099988
1900-01-01 21:38:00,0.7368672442566728,0.738845391790324,0.6073742841493877
1900-01-01 21:39:00,0.7376911778533672,0.7395856420326132,0.6088480233015287
1900-01-01 21:40:00,0.7234853348817244,0.7351475845220597,0.6111035897932913
1900-01-01 21:41:00,0.7373436333768444,0.7368047392949051,0.6089368717425663
1900-01-01 21:42:00,0.7262971748636022,0.7177238775852673,0.5889544971350995
1900-01-01 21:43:00,0.7386206948347369,0.7348711018072505,0.5976290896291068
1900-01-01 21:44:00,0.721075499882881,0.7434714651797104,0.6097531647033085
1900-01-01 21:45:00,0.7199952447507895,0.7423172193254439,0.6178641921985293
1900-01-01 21:46:00,0.7326809014872273,0.7478723658801733,0.6076753626218379
1900-01-01 21:47:00,0.7342699707020509,0.7385431868848286,0.6025963371436847
1900-01-01 21:48:00,0.7311592125694483,0.7379761044046953,0.5930562433221284
1900-01-01 21:49:00,0.7343491703890481,0.7227633464885745,0.6007660004730957
1900-01-01 21:50:00,0.7359864365619555,0.7297272294597497,0.5979083927460931
1900-01-01 21:51:00,0.7303837149715052,0.7270282400194912,0.6044306886828711
1900-01-01 21:52:00,0.7275742893261312,0.7237309205257624,0.60636103182633
1900-01-01 21:53:00,0.7331642017133503,0.7404767279709258,0.6038663439307687
1900-01-01 21:54:00,0.745627974721315,0.7350370312240289,0.606738292588946
1900-01-01 21:55:00,0.739162633753893,0.7407132262613987,0.6054426678428464
1900-01-01 21:56:00,0.7420984455030912,0.7303139426932956,0.6134170788601568
1900-01-01 21:57:00,0.7507231112226447,0.7149850688635261,0.6025856907266562
1900-01-01 21:58:00,0.7197553171911436,0.7400074856113024,0.6063328730035937
1900-01-01 21:59:00,0.7319198478883246,0.7217370287461747,0.5984150013586471
1900-01-01 22:00:00,0.7286976150572179,0.6087983836456305,0.6045253953273003
1900-01-01 22:01:00,0.7271746241715552,0.6136577370859142,0.598397331341192
1900-01-01 22:02:00,0.7197605663451819,0.6046364743490606,0.5990446158876859
1900-01-01 22:03:00,0.7255531023974884,0.6103993534621035,0.6124427100969696
1900-01-01 22:04:00,0.730576714407828,0.6043289290387445,0.6068525814920437
1900-01-01 22:05:00,0.7262341337681858,0.5983566318889716,0.6155201282781233
1900-01-01 22:06:00,0.7369838025043974,0.6073139572580244,0.6101465432613915
1900-01-01 22:07:00,0.7283593654400389,0.6021454622612158,0.6138736264464498
1900-01-01 22:08:00,0.7242850380558064,0.6068786755250557,0.6058689784650269
1900-01-01 22:09:00,0.7191750729075606,0.6057332388054228,0.5986750397789684
1900-01-01 22:10:00,0.728822308124945,0.5969545423147914,0.6055440859194028
1900-01-01 22:11:00,0.7276338064792935,0.6104481942687927,0.604436781443461
1900-01-01 22:12:00,0.7323499277973755,0.5964474373226973,0.6034757552229516
1900-01-01 22:13:00,0.7330801426679178,0.6047910622080838,0.6047357369495643
1900-01-01 22:14:00,0.7378513840514924,0.5976802068457923,0.599951029968175
1900-01-01 22:15:00,0.7416328394745236,0.6035635300380675,0.6136124828956571
1900-01-01 22:16:00,0.7259728622027374,0.5944695842214854,0.6003458974340098
1900-01-01 22:17:00,0.7357067150461029,0.5987245843860732,0.6007929962160024
1900-01-01 22:18:00,0.7357156005055626,0.6044902594165633,0.6066439568101218
1900-01-01 22:19:00,0.7262888593056681,0.605442770399915,0.6074057269172519
1900-01-01 22:20:00,0.739972631397184,0.6056981488058859,0.5962240195725858
1900-01-01 22:21:00,0.7313239651887706,0.6161926285200345,0.6074990433978346
1900-01-01 22:22:00,0.7362046705272846,0.5926044532483706,0.6120479379771703
1900-01-01 22:23:00,0.7377405853081921,0.6069844490114089,0.6013523909659139
1900-01-01 22:24:00,0.7294564980768656,0.6051197677680528,0.6133721147442266
1900-01-01 22:25:00,0.7431145820703151,0.6069393060658225,0.601379808314375
1900-01-01 22:26:00,0.7431142591583066,0.5908114210909192,0.6069731805353228
1900-01-01 22:27:00,0.7219523535080669,0.6023313383670695,0.6085601850584547
1900-01-01 22:28:00,0.7260432671041399,0.6120357564163261,0.6032535634492451
1900-01-01 22:29:00,0.7347931168270905,0.6019670935563903,0.6046403084151125
1900-01-01 22:30:00,0.7353265042416272,0.6100009686757738,0.5985201673124525
1900-01-01 22:31:00,0.7286841731480432,0.6022212711403638,0.6036116784988136
1900-01-01 22:32:00,0.716957854640417,0.604786779244357,0.6062750630712541
1900-01-01 22:33:00,0.7407276479978654,0.5967309215513492,0.614010507521881
1900-01-01 22:34:00,0.7316271470160176,0.6002689118218629,0.6067331635691716
1900-01-01 22:35:00,0.7253299454074847,0.5930713455995656,0.6006290762291576
1900-01-01 22:36:00,0.7315013193620352,0.5968869776272675,0.6085598196359845
1900-01-01 22:37:00,0.7269041024104043,0.612998092608597,0.6011121207697376
1900-01-01 22:38:00,0.7408072165412551,0.6086857686276221,0.6120293670723073
1900-01-01 22:39:00,0.7345257073356838,0.6132325460510477,0.6090013666720552
1900-01-01 22:40:00,0.7348645796373061,0.6049432075285555,0.6121479445295761
1900-01-01 22:41:00,0.7409643922132964,0.6091763728339256,0.6115151159261989
1900-01-01 22:42:00,0.7254432341232109,0.6011324842545012,0.5983998118811839
1900-01-01 22:43:00,0.7397374765474247,0.6005211226546434,0.6096717704235165
1900-01-01 22:44:00,0.7258448025673738,0.6074095270477684,0.6114110314062561
1900-01-01 22:45:00,0.7493536094508618,0.6017413942199077,0.6008555908924866
1900-01-01 22:46:00,0.7331905548835608,0.6100964542600977,0.6051746235190631
1900-01-01 22:47:00,0.7436467229419321,0.6002712886819362,0.6026018234090327
1900-01-01 22:48:00,0.7352681169895185,0.604162131748736,0.6037307110300068
1900-01-01 22:49:00,0.7274565520620427,0.6054260272029119,0.6089939471302419
1900-01-01 22:50:00,0.7268194321479418,0.6042868089756048,0.6024633548589586
1900-01-01 22:51:00,0.7371669993356456,0.6063947376504744,0.6029026430621744
1900-01-01 22:52:00,0.7388158071819056,0.6030012535986718,0.5970386638110408
1900-01-01 22:53:00,0.726636177917473,0.6022411782308317,0.594996147420035
1900-01-01 22:54:00,0.7282555202403426,0.6130702190067389,0.6062404945235108
1900-01-01 22:55:00,0.740133399462915,0.6087887733856614,0.5981853086903774
1900-01-01 22:56:00,0.7358101343455655,0.6097036424225021,0.5994041102012321
1900-01-01 22:57:00,0.7364358765148127,0.6067714450784603,0.6092960192560327
1900-01-01 22:58:00,0.7368380651382535,0.6063981480662216,0.5954059476620035
1900-01-01 22:59:00,0.7340466967304337,0.6071711274638228,0.5970568730526682
1900-01-01 23:00:00,0.7348157750657681,0.6065299535925185,0.604197589258924
1900-01-01 23:01:00,,,
1900-01-01 23:02:00,,,
1900-01-01 23:03:00,,,
1900-01-01 23:04:00,,,
1900-01-01 23:05:00,,,
1900-01-01 23:06:00,,,
1900-01-01 23:07:00,,,
1900-01-01 23:08:00,,,
1900-01-01 23:09:00,,,
1900-01-01 23:10:00,,,
1900-01-01 23:11:00,,,
1900-01-01 23:12:00,,,
1900-01-01 23:13:00,,,
1900-01-01 23:14:00,,,
1900-01-01 23:15:00,,,
1900-01-01 23:16:00,,,
1900-01-01 23:17:00,,,
1900-01-01 23:18:00,,,
1900-01-01 23:19:00,,,
1900-01-01 23:20:00,,,
1900-01-01 23:21:00,,,
1900-01-01 23:22:00,,,
1900-01-01 23:23:00,,,
1900-01-01 23:24:00,,,
1900-01-01 23:25:00,,,
1900-01-01 23:26:00,,,
1900-01-01 23:27:00,,,
1900-01-01 23:28:00,,,
1900-01-01 23:29:00,,,
1900-01-01 23:30:00,,,
1900-01-01 23:31:00,,,
1900-01-01 23:32:00,,,
1900-01-01 23:33:00,,,
1900-01-01 23:34:00,,,
1900-01-01 23:35:00,,,
1900-01-01 23:36:00,,,
1900-01-01 23:37:00,,,
1900-01-01 23:38:00,,,
1900-01-01 23:39:00,,,
1900-01-01 23:40:00,,,
1900-01-01 23:41:00,,,
1900-01-01 23:42:00,,,
1900-01-01 23:43:00,,,
1900-01-01 23:44:00,,,
1900-01-01 23:45:00,,,
1900-01-01 23:46:00,,,
1900-01-01 23:47:00,,,
1900-01-01 23:48:00,,,
1900-01-01 23:49:00,,,
1900-01-01 23:50:00,,,
1900-01-01 23:51:00,,,
1900-01-01 23:52:00,,,
1900-01-01 23:53:00,,,
1900-01-01 23:54:00,,,
1900-01-01 23:55:00,,,
1900-01-01 23:56:00,,,
1900-01-01 23:57:00,,,
1900-01-01 23:58:00,,,
1900-01-01 23:59:00,,,
