datetime,MAC000028,MAC000041,MAC000058,MAC000089,MAC000095,MAC000126,MAC000143,MAC000144,MAC000148,MAC000172,MAC000176,MAC000182,MAC000200,MAC000240,MAC000258,MAC000268,MAC004457,MAC004490,MAC004496,MAC004521,MAC004528,MAC004540,MAC004550,MAC004553,MAC004862,MAC004874,MAC004918,MAC004998,MAC005000,MAC005016,MAC005024,MAC005025,MAC005193,MAC005227,MAC005229,MAC005257,MAC005261,MAC005268,MAC005270,MAC005273
2012-02-11 00:00:00,0.15,0.124,0.15,0.116,0.108,0.246,0.176,0.07,0.276,0.044,0.238,0.12,0.246,0.212,0.142,0.224,0.254,0.532,0.312,0.508,0.528,0.342,0.264,0.462,0.166,0.334,0.16,0.202,0.316,0.086,0.112,0.42,0.264,0.132,0.066,0.174,0.256,0.838,0.238,0.354
2012-02-11 00:01:00,0.15,0.124,0.15,0.116,0.108,0.246,0.176,0.07,0.276,0.044,0.238,0.12,0.246,0.212,0.142,0.224,0.254,0.532,0.312,0.508,0.528,0.342,0.264,0.462,0.166,0.334,0.16,0.202,0.316,0.086,0.112,0.42,0.264,0.132,0.066,0.174,0.256,0.838,0.238,0.354
2012-02-11 00:02:00,0.15,0.124,0.15,0.116,0.108,0.246,0.176,0.07,0.276,0.044,0.238,0.12,0.246,0.212,0.142,0.224,0.254,0.532,0.312,0.508,0.528,0.342,0.264,0.462,0.166,0.334,0.16,0.202,0.316,0.086,0.112,0.42,0.264,0.132,0.066,0.174,0.256,0.838,0.238,0.354
2012-02-11 00:03:00,0.15,0.124,0.15,0.116,0.108,0.246,0.176,0.07,0.276,0.044,0.238,0.12,0.246,0.212,0.142,0.224,0.254,0.532,0.312,0.508,0.528,0.342,0.264,0.462,0.166,0.334,0.16,0.202,0.316,0.086,0.112,0.42,0.264,0.132,0.066,0.174,0.256,0.838,0.238,0.354
2012-02-11 00:04:00,0.15,0.124,0.15,0.116,0.108,0.246,0.176,0.07,0.276,0.044,0.238,0.12,0.246,0.212,0.142,0.224,0.254,0.532,0.312,0.508,0.528,0.342,0.264,0.462,0.166,0.334,0.16,0.202,0.316,0.086,0.112,0.42,0.264,0.132,0.066,0.174,0.256,0.838,0.238,0.354
2012-02-11 00:05:00,0.15,0.124,0.15,0.116,0.108,0.246,0.176,0.07,0.276,0.044,0.238,0.12,0.246,0.212,0.142,0.224,0.254,0.532,0.312,0.508,0.528,0.342,0.264,0.462,0.166,0.334,0.16,0.202,0.316,0.086,0.112,0.42,0.264,0.132,0.066,0.174,0.256,0.838,0.238,0.354
2012-02-11 00:06:00,0.15,0.124,0.15,0.116,0.108,0.246,0.176,0.07,0.276,0.044,0.238,0.12,0.246,0.212,0.142,0.224,0.254,0.532,0.312,0.508,0.528,0.342,0.264,0.462,0.166,0.334,0.16,0.202,0.316,0.086,0.112,0.42,0.264,0.132,0.066,0.174,0.256,0.838,0.238,0.354
2012-02-11 00:07:00,0.15,0.124,0.15,0.116,0.108,0.246,0.176,0.07,0.276,0.044,0.238,0.12,0.246,0.212,0.142,0.224,0.254,0.532,0.312,0.508,0.528,0.342,0.264,0.462,0.166,0.334,0.16,0.202,0.316,0.086,0.112,0.42,0.264,0.132,0.066,0.174,0.256,0.838,0.238,0.354
2012-02-11 00:08:00,0.15,0.124,0.15,0.116,0.108,0.246,0.176,0.07,0.276,0.044,0.238,0.12,0.246,0.212,0.142,0.224,0.254,0.532,0.312,0.508,0.528,0.342,0.264,0.462,0.166,0.334,0.16,0.202,0.316,0.086,0.112,0.42,0.264,0.132,0.066,0.174,0.256,0.838,0.238,0.354
2012-02-11 00:09:00,0.15,0.124,0.15,0.116,0.108,0.246,0.176,0.07,0.276,0.044,0.238,0.12,0.246,0.212,0.142,0.224,0.254,0.532,0.312,0.508,0.528,0.342,0.264,0.462,0.166,0.334,0.16,0.202,0.316,0.086,0.112,0.42,0.264,0.132,0.066,0.174,0.256,0.838,0.238,0.354
2012-02-11 00:10:00,0.15,0.124,0.15,0.116,0.108,0.246,0.176,0.07,0.276,0.044,0.238,0.12,0.246,0.212,0.142,0.224,0.254,0.532,0.312,0.508,0.528,0.342,0.264,0.462,0.166,0.334,0.16,0.202,0.316,0.086,0.112,0.42,0.264,0.132,0.066,0.174,0.256,0.838,0.238,0.354
2012-02-11 00:11:00,0.15,0.124,0.15,0.116,0.108,0.246,0.176,0.07,0.276,0.044,0.238,0.12,0.246,0.212,0.142,0.224,0.254,0.532,0.312,0.508,0.528,0.342,0.264,0.462,0.166,0.334,0.16,0.202,0.316,0.086,0.112,0.42,0.264,0.132,0.066,0.174,0.256,0.838,0.238,0.354
2012-02-11 00:12:00,0.15,0.124,0.15,0.116,0.108,0.246,0.176,0.07,0.276,0.044,0.238,0.12,0.246,0.212,0.142,0.224,0.254,0.532,0.312,0.508,0.528,0.342,0.264,0.462,0.166,0.334,0.16,0.202,0.316,0.086,0.112,0.42,0.264,0.132,0.066,0.174,0.256,0.838,0.238,0.354
2012-02-11 00:13:00,0.15,0.124,0.15,0.116,0.108,0.246,0.176,0.07,0.276,0.044,0.238,0.12,0.246,0.212,0.142,0.224,0.254,0.532,0.312,0.508,0.528,0.342,0.264,0.462,0.166,0.334,0.16,0.202,0.316,0.086,0.112,0.42,0.264,0.132,0.066,0.174,0.256,0.838,0.238,0.354
2012-02-11 00:14:00,0.15,0.124,0.15,0.116,0.108,0.246,0.176,0.07,0.276,0.044,0.238,0.12,0.246,0.212,0.142,0.224,0.254,0.532,0.312,0.508,0.528,0.342,0.264,0.462,0.166,0.334,0.16,0.202,0.316,0.086,0.112,0.42,0.264,0.132,0.066,0.174,0.256,0.838,0.238,0.354
2012-02-11 00:15:00,0.15,0.124,0.15,0.116,0.108,0.246,0.176,0.07,0.276,0.044,0.238,0.12,0.246,0.212,0.142,0.224,0.254,0.532,0.312,0.508,0.528,0.342,0.264,0.462,0.166,0.334,0.16,0.202,0.316,0.086,0.112,0.42,0.264,0.132,0.066,0.174,0.256,0.838,0.238,0.354
2012-02-11 00:16:00,0.15,0.124,0.15,0.116,0.108,0.246,0.176,0.07,0.276,0.044,0.238,0.12,0.246,0.212,0.142,0.224,0.254,0.532,0.312,0.508,0.528,0.342,0.264,0.462,0.166,0.334,0.16,0.202,0.316,0.086,0.112,0.42,0.264,0.132,0.066,0.174,0.256,0.838,0.238,0.354
2012-02-11 00:17:00,0.15,0.124,0.15,0.116,0.108,0.246,0.176,0.07,0.276,0.044,0.238,0.12,0.246,0.212,0.142,0.224,0.254,0.532,0.312,0.508,0.528,0.342,0.264,0.462,0.166,0.334,0.16,0.202,0.316,0.086,0.112,0.42,0.264,0.132,0.066,0.174,0.256,0.838,0.238,0.354
2012-02-11 00:18:00,0.15,0.124,0.15,0.116,0.108,0.246,0.176,0.07,0.276,0.044,0.238,0.12,0.246,0.212,0.142,0.224,0.254,0.532,0.312,0.508,0.528,0.342,0.264,0.462,0.166,0.334,0.16,0.202,0.316,0.086,0.112,0.42,0.264,0.132,0.066,0.174,0.256,0.838,0.238,0.354
2012-02-11 00:19:00,0.15,0.124,0.15,0.116,0.108,0.246,0.176,0.07,0.276,0.044,0.238,0.12,0.246,0.212,0.142,0.224,0.254,0.532,0.312,0.508,0.528,0.342,0.264,0.462,0.166,0.334,0.16,0.202,0.316,0.086,0.112,0.42,0.264,0.132,0.066,0.174,0.256,0.838,0.238,0.354
2012-02-11 00:20:00,0.15,0.124,0.15,0.116,0.108,0.246,0.176,0.07,0.276,0.044,0.238,0.12,0.246,0.212,0.142,0.224,0.254,0.532,0.312,0.508,0.528,0.342,0.264,0.462,0.166,0.334,0.16,0.202,0.316,0.086,0.112,0.42,0.264,0.132,0.066,0.174,0.256,0.838,0.238,0.354
2012-02-11 00:21:00,0.15,0.124,0.15,0.116,0.108,0.246,0.176,0.07,0.276,0.044,0.238,0.12,0.246,0.212,0.142,0.224,0.254,0.532,0.312,0.508,0.528,0.342,0.264,0.462,0.166,0.334,0.16,0.202,0.316,0.086,0.112,0.42,0.264,0.132,0.066,0.174,0.256,0.838,0.238,0.354
2012-02-11 00:22:00,0.15,0.124,0.15,0.116,0.108,0.246,0.176,0.07,0.276,0.044,0.238,0.12,0.246,0.212,0.142,0.224,0.254,0.532,0.312,0.508,0.528,0.342,0.264,0.462,0.166,0.334,0.16,0.202,0.316,0.086,0.112,0.42,0.264,0.132,0.066,0.174,0.256,0.838,0.238,0.354
2012-02-11 00:23:00,0.15,0.124,0.15,0.116,0.108,0.246,0.176,0.07,0.276,0.044,0.238,0.12,0.246,0.212,0.142,0.224,0.254,0.532,0.312,0.508,0.528,0.342,0.264,0.462,0.166,0.334,0.16,0.202,0.316,0.086,0.112,0.42,0.264,0.132,0.066,0.174,0.256,0.838,0.238,0.354
2012-02-11 00:24:00,0.15,0.124,0.15,0.116,0.108,0.246,0.176,0.07,0.276,0.044,0.238,0.12,0.246,0.212,0.142,0.224,0.254,0.532,0.312,0.508,0.528,0.342,0.264,0.462,0.166,0.334,0.16,0.202,0.316,0.086,0.112,0.42,0.264,0.132,0.066,0.174,0.256,0.838,0.238,0.354
2012-02-11 00:25:00,0.15,0.124,0.15,0.116,0.108,0.246,0.176,0.07,0.276,0.044,0.238,0.12,0.246,0.212,0.142,0.224,0.254,0.532,0.312,0.508,0.528,0.342,0.264,0.462,0.166,0.334,0.16,0.202,0.316,0.086,0.112,0.42,0.264,0.132,0.066,0.174,0.256,0.838,0.238,0.354
2012-02-11 00:26:00,0.15,0.124,0.15,0.116,0.108,0.246,0.176,0.07,0.276,0.044,0.238,0.12,0.246,0.212,0.142,0.224,0.254,0.532,0.312,0.508,0.528,0.342,0.264,0.462,0.166,0.334,0.16,0.202,0.316,0.086,0.112,0.42,0.264,0.132,0.066,0.174,0.256,0.838,0.238,0.354
2012-02-11 00:27:00,0.15,0.124,0.15,0.116,0.108,0.246,0.176,0.07,0.276,0.044,0.238,0.12,0.246,0.212,0.142,0.224,0.254,0.532,0.312,0.508,0.528,0.342,0.264,0.462,0.166,0.334,0.16,0.202,0.316,0.086,0.112,0.42,0.264,0.132,0.066,0.174,0.256,0.838,0.238,0.354
2012-02-11 00:28:00,0.15,0.124,0.15,0.116,0.108,0.246,0.176,0.07,0.276,0.044,0.238,0.12,0.246,0.212,0.142,0.224,0.254,0.532,0.312,0.508,0.528,0.342,0.264,0.462,0.166,0.334,0.16,0.202,0.316,0.086,0.112,0.42,0.264,0.132,0.066,0.174,0.256,0.838,0.238,0.354
2012-02-11 00:29:00,0.15,0.124,0.15,0.116,0.108,0.246,0.176,0.07,0.276,0.044,0.238,0.12,0.246,0.212,0.142,0.224,0.254,0.532,0.312,0.508,0.528,0.342,0.264,0.462,0.166,0.334,0.16,0.202,0.316,0.086,0.112,0.42,0.264,0.132,0.066,0.174,0.256,0.838,0.238,0.354
2012-02-11 00:30:00,0.128,0.124,0.154,0.108,0.108,0.49,0.176,0.11,0.278,0.092,0.286,0.15,0.056,0.144,0.062,0.154,1.528,0.906,0.246,0.292,0.61,0.372,0.14,0.432,0.152,0.694,0.138,0.044,0.396,0.1,0.14,0.082,0.174,0.122,0.094,0.104,0.308,0.906,0.17,0.168
2012-02-11 00:31:00,0.128,0.124,0.154,0.108,0.108,0.49,0.176,0.11,0.278,0.092,0.286,0.15,0.056,0.144,0.062,0.154,1.528,0.906,0.246,0.292,0.61,0.372,0.14,0.432,0.152,0.694,0.138,0.044,0.396,0.1,0.14,0.082,0.174,0.122,0.094,0.104,0.308,0.906,0.17,0.168
2012-02-11 00:32:00,0.128,0.124,0.154,0.108,0.108,0.49,0.176,0.11,0.278,0.092,0.286,0.15,0.056,0.144,0.062,0.154,1.528,0.906,0.246,0.292,0.61,0.372,0.14,0.432,0.152,0.694,0.138,0.044,0.396,0.1,0.14,0.082,0.174,0.122,0.094,0.104,0.308,0.906,0.17,0.168
2012-02-11 00:33:00,0.128,0.124,0.154,0.108,0.108,0.49,0.176,0.11,0.278,0.092,0.286,0.15,0.056,0.144,0.062,0.154,1.528,0.906,0.246,0.292,0.61,0.372,0.14,0.432,0.152,0.694,0.138,0.044,0.396,0.1,0.14,0.082,0.174,0.122,0.094,0.104,0.308,0.906,0.17,0.168
2012-02-11 00:34:00,0.128,0.124,0.154,0.108,0.108,0.49,0.176,0.11,0.278,0.092,0.286,0.15,0.056,0.144,0.062,0.154,1.528,0.906,0.246,0.292,0.61,0.372,0.14,0.432,0.152,0.694,0.138,0.044,0.396,0.1,0.14,0.082,0.174,0.122,0.094,0.104,0.308,0.906,0.17,0.168
2012-02-11 00:35:00,0.128,0.124,0.154,0.108,0.108,0.49,0.176,0.11,0.278,0.092,0.286,0.15,0.056,0.144,0.062,0.154,1.528,0.906,0.246,0.292,0.61,0.372,0.14,0.432,0.152,0.694,0.138,0.044,0.396,0.1,0.14,0.082,0.174,0.122,0.094,0.104,0.308,0.906,0.17,0.168
2012-02-11 00:36:00,0.128,0.124,0.154,0.108,0.108,0.49,0.176,0.11,0.278,0.092,0.286,0.15,0.056,0.144,0.062,0.154,1.528,0.906,0.246,0.292,0.61,0.372,0.14,0.432,0.152,0.694,0.138,0.044,0.396,0.1,0.14,0.082,0.174,0.122,0.094,0.104,0.308,0.906,0.17,0.168
2012-02-11 00:37:00,0.128,0.124,0.154,0.108,0.108,0.49,0.176,0.11,0.278,0.092,0.286,0.15,0.056,0.144,0.062,0.154,1.528,0.906,0.246,0.292,0.61,0.372,0.14,0.432,0.152,0.694,0.138,0.044,0.396,0.1,0.14,0.082,0.174,0.122,0.094,0.104,0.308,0.906,0.17,0.168
2012-02-11 00:38:00,0.128,0.124,0.154,0.108,0.108,0.49,0.176,0.11,0.278,0.092,0.286,0.15,0.056,0.144,0.062,0.154,1.528,0.906,0.246,0.292,0.61,0.372,0.14,0.432,0.152,0.694,0.138,0.044,0.396,0.1,0.14,0.082,0.174,0.122,0.094,0.104,0.308,0.906,0.17,0.168
2012-02-11 00:39:00,0.128,0.124,0.154,0.108,0.108,0.49,0.176,0.11,0.278,0.092,0.286,0.15,0.056,0.144,0.062,0.154,1.528,0.906,0.246,0.292,0.61,0.372,0.14,0.432,0.152,0.694,0.138,0.044,0.396,0.1,0.14,0.082,0.174,0.122,0.094,0.104,0.308,0.906,0.17,0.168
2012-02-11 00:40:00,0.128,0.124,0.154,0.108,0.108,0.49,0.176,0.11,0.278,0.092,0.286,0.15,0.056,0.144,0.062,0.154,1.528,0.906,0.246,0.292,0.61,0.372,0.14,0.432,0.152,0.694,0.138,0.044,0.396,0.1,0.14,0.082,0.174,0.122,0.094,0.104,0.308,0.906,0.17,0.168
2012-02-11 00:41:00,0.128,0.124,0.154,0.108,0.108,0.49,0.176,0.11,0.278,0.092,0.286,0.15,0.056,0.144,0.062,0.154,1.528,0.906,0.246,0.292,0.61,0.372,0.14,0.432,0.152,0.694,0.138,0.044,0.396,0.1,0.14,0.082,0.174,0.122,0.094,0.104,0.308,0.906,0.17,0.168
2012-02-11 00:42:00,0.128,0.124,0.154,0.108,0.108,0.49,0.176,0.11,0.278,0.092,0.286,0.15,0.056,0.144,0.062,0.154,1.528,0.906,0.246,0.292,0.61,0.372,0.14,0.432,0.152,0.694,0.138,0.044,0.396,0.1,0.14,0.082,0.174,0.122,0.094,0.104,0.308,0.906,0.17,0.168
2012-02-11 00:43:00,0.128,0.124,0.154,0.108,0.108,0.49,0.176,0.11,0.278,0.092,0.286,0.15,0.056,0.144,0.062,0.154,1.528,0.906,0.246,0.292,0.61,0.372,0.14,0.432,0.152,0.694,0.138,0.044,0.396,0.1,0.14,0.082,0.174,0.122,0.094,0.104,0.308,0.906,0.17,0.168
2012-02-11 00:44:00,0.128,0.124,0.154,0.108,0.108,0.49,0.176,0.11,0.278,0.092,0.286,0.15,0.056,0.144,0.062,0.154,1.528,0.906,0.246,0.292,0.61,0.372,0.14,0.432,0.152,0.694,0.138,0.044,0.396,0.1,0.14,0.082,0.174,0.122,0.094,0.104,0.308,0.906,0.17,0.168
2012-02-11 00:45:00,0.128,0.124,0.154,0.108,0.108,0.49,0.176,0.11,0.278,0.092,0.286,0.15,0.056,0.144,0.062,0.154,1.528,0.906,0.246,0.292,0.61,0.372,0.14,0.432,0.152,0.694,0.138,0.044,0.396,0.1,0.14,0.082,0.174,0.122,0.094,0.104,0.308,0.906,0.17,0.168
2012-02-11 00:46:00,0.128,0.124,0.154,0.108,0.108,0.49,0.176,0.11,0.278,0.092,0.286,0.15,0.056,0.144,0.062,0.154,1.528,0.906,0.246,0.292,0.61,0.372,0.14,0.432,0.152,0.694,0.138,0.044,0.396,0.1,0.14,0.082,0.174,0.122,0.094,0.104,0.308,0.906,0.17,0.168
2012-02-11 00:47:00,0.128,0.124,0.154,0.108,0.108,0.49,0.176,0.11,0.278,0.092,0.286,0.15,0.056,0.144,0.062,0.154,1.528,0.906,0.246,0.292,0.61,0.372,0.14,0.432,0.152,0.694,0.138,0.044,0.396,0.1,0.14,0.082,0.174,0.122,0.094,0.104,0.308,0.906,0.17,0.168
2012-02-11 00:48:00,0.128,0.124,0.154,0.108,0.108,0.49,0.176,0.11,0.278,0.092,0.286,0.15,0.056,0.144,0.062,0.154,1.528,0.906,0.246,0.292,0.61,0.372,0.14,0.432,0.152,0.694,0.138,0.044,0.396,0.1,0.14,0.082,0.174,0.122,0.094,0.104,0.308,0.906,0.17,0.168
2012-02-11 00:49:00,0.128,0.124,0.154,0.108,0.108,0.49,0.176,0.11,0.278,0.092,0.286,0.15,0.056,0.144,0.062,0.154,1.528,0.906,0.246,0.292,0.61,0.372,0.14,0.432,0.152,0.694,0.138,0.044,0.396,0.1,0.14,0.082,0.174,0.122,0.094,0.104,0.308,0.906,0.17,0.168
2012-02-11 00:50:00,0.128,0.124,0.154,0.108,0.108,0.49,0.176,0.11,0.278,0.092,0.286,0.15,0.056,0.144,0.062,0.154,1.528,0.906,0.246,0.292,0.61,0.372,0.14,0.432,0.152,0.694,0.138,0.044,0.396,0.1,0.14,0.082,0.174,0.122,0.094,0.104,0.308,0.906,0.17,0.168
2012-02-11 00:51:00,0.128,0.124,0.154,0.108,0.108,0.49,0.176,0.11,0.278,0.092,0.286,0.15,0.056,0.144,0.062,0.154,1.528,0.906,0.246,0.292,0.61,0.372,0.14,0.432,0.152,0.694,0.138,0.044,0.396,0.1,0.14,0.082,0.174,0.122,0.094,0.104,0.308,0.906,0.17,0.168
2012-02-11 00:52:00,0.128,0.124,0.154,0.108,0.108,0.49,0.176,0.11,0.278,0.092,0.286,0.15,0.056,0.144,0.062,0.154,1.528,0.906,0.246,0.292,0.61,0.372,0.14,0.432,0.152,0.694,0.138,0.044,0.396,0.1,0.14,0.082,0.174,0.122,0.094,0.104,0.308,0.906,0.17,0.168
2012-02-11 00:53:00,0.128,0.124,0.154,0.108,0.108,0.49,0.176,0.11,0.278,0.092,0.286,0.15,0.056,0.144,0.062,0.154,1.528,0.906,0.246,0.292,0.61,0.372,0.14,0.432,0.152,0.694,0.138,0.044,0.396,0.1,0.14,0.082,0.174,0.122,0.094,0.104,0.308,0.906,0.17,0.168
2012-02-11 00:54:00,0.128,0.124,0.154,0.108,0.108,0.49,0.176,0.11,0.278,0.092,0.286,0.15,0.056,0.144,0.062,0.154,1.528,0.906,0.246,0.292,0.61,0.372,0.14,0.432,0.152,0.694,0.138,0.044,0.396,0.1,0.14,0.082,0.174,0.122,0.094,0.104,0.308,0.906,0.17,0.168
2012-02-11 00:55:00,0.128,0.124,0.154,0.108,0.108,0.49,0.176,0.11,0.278,0.092,0.286,0.15,0.056,0.144,0.062,0.154,1.528,0.906,0.246,0.292,0.61,0.372,0.14,0.432,0.152,0.694,0.138,0.044,0.396,0.1,0.14,0.082,0.174,0.122,0.094,0.104,0.308,0.906,0.17,0.168
2012-02-11 00:56:00,0.128,0.124,0.154,0.108,0.108,0.49,0.176,0.11,0.278,0.092,0.286,0.15,0.056,0.144,0.062,0.154,1.528,0.906,0.246,0.292,0.61,0.372,0.14,0.432,0.152,0.694,0.138,0.044,0.396,0.1,0.14,0.082,0.174,0.122,0.094,0.104,0.308,0.906,0.17,0.168
2012-02-11 00:57:00,0.128,0.124,0.154,0.108,0.108,0.49,0.176,0.11,0.278,0.092,0.286,0.15,0.056,0.144,0.062,0.154,1.528,0.906,0.246,0.292,0.61,0.372,0.14,0.432,0.152,0.694,0.138,0.044,0.396,0.1,0.14,0.082,0.174,0.122,0.094,0.104,0.308,0.906,0.17,0.168
2012-02-11 00:58:00,0.128,0.124,0.154,0.108,0.108,0.49,0.176,0.11,0.278,0.092,0.286,0.15,0.056,0.144,0.062,0.154,1.528,0.906,0.246,0.292,0.61,0.372,0.14,0.432,0.152,0.694,0.138,0.044,0.396,0.1,0.14,0.082,0.174,0.122,0.094,0.104,0.308,0.906,0.17,0.168
2012-02-11 00:59:00,0.128,0.124,0.154,0.108,0.108,0.49,0.176,0.11,0.278,0.092,0.286,0.15,0.056,0.144,0.062,0.154,1.528,0.906,0.246,0.292,0.61,0.372,0.14,0.432,0.152,0.694,0.138,0.044,0.396,0.1,0.14,0.082,0.174,0.122,0.094,0.104,0.308,0.906,0.17,0.168
2012-02-11 01:00:00,0.14,0.122,0.082,0.09,0.17,0.174,0.174,0.058,0.282,0.102,0.222,0.114,0.024,0.186,0.052,0.226,1.176,0.408,0.17,0.16,0.57,0.418,0.12,0.308,0.154,1.104,0.098,0.128,0.446,0.166,0.096,0.064,0.182,0.144,0.048,0.05,0.242,0.784,0.164,0.334
2012-02-11 01:01:00,0.14,0.122,0.082,0.09,0.17,0.174,0.174,0.058,0.282,0.102,0.222,0.114,0.024,0.186,0.052,0.226,1.176,0.408,0.17,0.16,0.57,0.418,0.12,0.308,0.154,1.104,0.098,0.128,0.446,0.166,0.096,0.064,0.182,0.144,0.048,0.05,0.242,0.784,0.164,0.334
2012-02-11 01:02:00,0.14,0.122,0.082,0.09,0.17,0.174,0.174,0.058,0.282,0.102,0.222,0.114,0.024,0.186,0.052,0.226,1.176,0.408,0.17,0.16,0.57,0.418,0.12,0.308,0.154,1.104,0.098,0.128,0.446,0.166,0.096,0.064,0.182,0.144,0.048,0.05,0.242,0.784,0.164,0.334
2012-02-11 01:03:00,0.14,0.122,0.082,0.09,0.17,0.174,0.174,0.058,0.282,0.102,0.222,0.114,0.024,0.186,0.052,0.226,1.176,0.408,0.17,0.16,0.57,0.418,0.12,0.308,0.154,1.104,0.098,0.128,0.446,0.166,0.096,0.064,0.182,0.144,0.048,0.05,0.242,0.784,0.164,0.334
2012-02-11 01:04:00,0.14,0.122,0.082,0.09,0.17,0.174,0.174,0.058,0.282,0.102,0.222,0.114,0.024,0.186,0.052,0.226,1.176,0.408,0.17,0.16,0.57,0.418,0.12,0.308,0.154,1.104,0.098,0.128,0.446,0.166,0.096,0.064,0.182,0.144,0.048,0.05,0.242,0.784,0.164,0.334
2012-02-11 01:05:00,0.14,0.122,0.082,0.09,0.17,0.174,0.174,0.058,0.282,0.102,0.222,0.114,0.024,0.186,0.052,0.226,1.176,0.408,0.17,0.16,0.57,0.418,0.12,0.308,0.154,1.104,0.098,0.128,0.446,0.166,0.096,0.064,0.182,0.144,0.048,0.05,0.242,0.784,0.164,0.334
2012-02-11 01:06:00,0.14,0.122,0.082,0.09,0.17,0.174,0.174,0.058,0.282,0.102,0.222,0.114,0.024,0.186,0.052,0.226,1.176,0.408,0.17,0.16,0.57,0.418,0.12,0.308,0.154,1.104,0.098,0.128,0.446,0.166,0.096,0.064,0.182,0.144,0.048,0.05,0.242,0.784,0.164,0.334
2012-02-11 01:07:00,0.14,0.122,0.082,0.09,0.17,0.174,0.174,0.058,0.282,0.102,0.222,0.114,0.024,0.186,0.052,0.226,1.176,0.408,0.17,0.16,0.57,0.418,0.12,0.308,0.154,1.104,0.098,0.128,0.446,0.166,0.096,0.064,0.182,0.144,0.048,0.05,0.242,0.784,0.164,0.334
2012-02-11 01:08:00,0.14,0.122,0.082,0.09,0.17,0.174,0.174,0.058,0.282,0.102,0.222,0.114,0.024,0.186,0.052,0.226,1.176,0.408,0.17,0.16,0.57,0.418,0.12,0.308,0.154,1.104,0.098,0.128,0.446,0.166,0.096,0.064,0.182,0.144,0.048,0.05,0.242,0.784,0.164,0.334
2012-02-11 01:09:00,0.14,0.122,0.082,0.09,0.17,0.174,0.174,0.058,0.282,0.102,0.222,0.114,0.024,0.186,0.052,0.226,1.176,0.408,0.17,0.16,0.57,0.418,0.12,0.308,0.154,1.104,0.098,0.128,0.446,0.166,0.096,0.064,0.182,0.144,0.048,0.05,0.242,0.784,0.164,0.334
2012-02-11 01:10:00,0.14,0.122,0.082,0.09,0.17,0.174,0.174,0.058,0.282,0.102,0.222,0.114,0.024,0.186,0.052,0.226,1.176,0.408,0.17,0.16,0.57,0.418,0.12,0.308,0.154,1.104,0.098,0.128,0.446,0.166,0.096,0.064,0.182,0.144,0.048,0.05,0.242,0.784,0.164,0.334
2012-02-11 01:11:00,0.14,0.122,0.082,0.09,0.17,0.174,0.174,0.058,0.282,0.102,0.222,0.114,0.024,0.186,0.052,0.226,1.176,0.408,0.17,0.16,0.57,0.418,0.12,0.308,0.154,1.104,0.098,0.128,0.446,0.166,0.096,0.064,0.182,0.144,0.048,0.05,0.242,0.784,0.164,0.334
2012-02-11 01:12:00,0.14,0.122,0.082,0.09,0.17,0.174,0.174,0.058,0.282,0.102,0.222,0.114,0.024,0.186,0.052,0.226,1.176,0.408,0.17,0.16,0.57,0.418,0.12,0.308,0.154,1.104,0.098,0.128,0.446,0.166,0.096,0.064,0.182,0.144,0.048,0.05,0.242,0.784,0.164,0.334
2012-02-11 01:13:00,0.14,0.122,0.082,0.09,0.17,0.174,0.174,0.058,0.282,0.102,0.222,0.114,0.024,0.186,0.052,0.226,1.176,0.408,0.17,0.16,0.57,0.418,0.12,0.308,0.154,1.104,0.098,0.128,0.446,0.166,0.096,0.064,0.182,0.144,0.048,0.05,0.242,0.784,0.164,0.334
2012-02-11 01:14:00,0.14,0.122,0.082,0.09,0.17,0.174,0.174,0.058,0.282,0.102,0.222,0.114,0.024,0.186,0.052,0.226,1.176,0.408,0.17,0.16,0.57,0.418,0.12,0.308,0.154,1.104,0.098,0.128,0.446,0.166,0.096,0.064,0.182,0.144,0.048,0.05,0.242,0.784,0.164,0.334
2012-02-11 01:15:00,0.14,0.122,0.082,0.09,0.17,0.174,0.174,0.058,0.282,0.102,0.222,0.114,0.024,0.186,0.052,0.226,1.176,0.408,0.17,0.16,0.57,0.418,0.12,0.308,0.154,1.104,0.098,0.128,0.446,0.166,0.096,0.064,0.182,0.144,0.048,0.05,0.242,0.784,0.164,0.334
2012-02-11 01:16:00,0.14,0.122,0.082,0.09,0.17,0.174,0.174,0.058,0.282,0.102,0.222,0.114,0.024,0.186,0.052,0.226,1.176,0.408,0.17,0.16,0.57,0.418,0.12,0.308,0.154,1.104,0.098,0.128,0.446,0.166,0.096,0.064,0.182,0.144,0.048,0.05,0.242,0.784,0.164,0.334
2012-02-11 01:17:00,0.14,0.122,0.082,0.09,0.17,0.174,0.174,0.058,0.282,0.102,0.222,0.114,0.024,0.186,0.052,0.226,1.176,0.408,0.17,0.16,0.57,0.418,0.12,0.308,0.154,1.104,0.098,0.128,0.446,0.166,0.096,0.064,0.182,0.144,0.048,0.05,0.242,0.784,0.164,0.334
2012-02-11 01:18:00,0.14,0.122,0.082,0.09,0.17,0.174,0.174,0.058,0.282,0.102,0.222,0.114,0.024,0.186,0.052,0.226,1.176,0.408,0.17,0.16,0.57,0.418,0.12,0.308,0.154,1.104,0.098,0.128,0.446,0.166,0.096,0.064,0.182,0.144,0.048,0.05,0.242,0.784,0.164,0.334
2012-02-11 01:19:00,0.14,0.122,0.082,0.09,0.17,0.174,0.174,0.058,0.282,0.102,0.222,0.114,0.024,0.186,0.052,0.226,1.176,0.408,0.17,0.16,0.57,0.418,0.12,0.308,0.154,1.104,0.098,0.128,0.446,0.166,0.096,0.064,0.182,0.144,0.048,0.05,0.242,0.784,0.164,0.334
2012-02-11 01:20:00,0.14,0.122,0.082,0.09,0.17,0.174,0.174,0.058,0.282,0.102,0.222,0.114,0.024,0.186,0.052,0.226,1.176,0.408,0.17,0.16,0.57,0.418,0.12,0.308,0.154,1.104,0.098,0.128,0.446,0.166,0.096,0.064,0.182,0.144,0.048,0.05,0.242,0.784,0.164,0.334
2012-02-11 01:21:00,0.14,0.122,0.082,0.09,0.17,0.174,0.174,0.058,0.282,0.102,0.222,0.114,0.024,0.186,0.052,0.226,1.176,0.408,0.17,0.16,0.57,0.418,0.12,0.308,0.154,1.104,0.098,0.128,0.446,0.166,0.096,0.064,0.182,0.144,0.048,0.05,0.242,0.784,0.164,0.334
2012-02-11 01:22:00,0.14,0.122,0.082,0.09,0.17,0.174,0.174,0.058,0.282,0.102,0.222,0.114,0.024,0.186,0.052,0.226,1.176,0.408,0.17,0.16,0.57,0.418,0.12,0.308,0.154,1.104,0.098,0.128,0.446,0.166,0.096,0.064,0.182,0.144,0.048,0.05,0.242,0.784,0.164,0.334
2012-02-11 01:23:00,0.14,0.122,0.082,0.09,0.17,0.174,0.174,0.058,0.282,0.102,0.222,0.114,0.024,0.186,0.052,0.226,1.176,0.408,0.17,0.16,0.57,0.418,0.12,0.308,0.154,1.104,0.098,0.128,0.446,0.166,0.096,0.064,0.182,0.144,0.048,0.05,0.242,0.784,0.164,0.334
2012-02-11 01:24:00,0.14,0.122,0.082,0.09,0.17,0.174,0.174,0.058,0.282,0.102,0.222,0.114,0.024,0.186,0.052,0.226,1.176,0.408,0.17,0.16,0.57,0.418,0.12,0.308,0.154,1.104,0.098,0.128,0.446,0.166,0.096,0.064,0.182,0.144,0.048,0.05,0.242,0.784,0.164,0.334
2012-02-11 01:25:00,0.14,0.122,0.082,0.09,0.17,0.174,0.174,0.058,0.282,0.102,0.222,0.114,0.024,0.186,0.052,0.226,1.176,0.408,0.17,0.16,0.57,0.418,0.12,0.308,0.154,1.104,0.098,0.128,0.446,0.166,0.096,0.064,0.182,0.144,0.048,0.05,0.242,0.784,0.164,0.334
2012-02-11 01:26:00,0.14,0.122,0.082,0.09,0.17,0.174,0.174,0.058,0.282,0.102,0.222,0.114,0.024,0.186,0.052,0.226,1.176,0.408,0.17,0.16,0.57,0.418,0.12,0.308,0.154,1.104,0.098,0.128,0.446,0.166,0.096,0.064,0.182,0.144,0.048,0.05,0.242,0.784,0.164,0.334
2012-02-11 01:27:00,0.14,0.122,0.082,0.09,0.17,0.174,0.174,0.058,0.282,0.102,0.222,0.114,0.024,0.186,0.052,0.226,1.176,0.408,0.17,0.16,0.57,0.418,0.12,0.308,0.154,1.104,0.098,0.128,0.446,0.166,0.096,0.064,0.182,0.144,0.048,0.05,0.242,0.784,0.164,0.334
2012-02-11 01:28:00,0.14,0.122,0.082,0.09,0.17,0.174,0.174,0.058,0.282,0.102,0.222,0.114,0.024,0.186,0.052,0.226,1.176,0.408,0.17,0.16,0.57,0.418,0.12,0.308,0.154,1.104,0.098,0.128,0.446,0.166,0.096,0.064,0.182,0.144,0.048,0.05,0.242,0.784,0.164,0.334
2012-02-11 01:29:00,0.14,0.122,0.082,0.09,0.17,0.174,0.174,0.058,0.282,0.102,0.222,0.114,0.024,0.186,0.052,0.226,1.176,0.408,0.17,0.16,0.57,0.418,0.12,0.308,0.154,1.104,0.098,0.128,0.446,0.166,0.096,0.064,0.182,0.144,0.048,0.05,0.242,0.784,0.164,0.334
2012-02-11 01:30:00,0.122,0.122,0.078,0.088,0.146,0.184,0.27,0.058,0.28,0.262,0.136,0.136,0.056,0.164,0.128,0.236,0.932,0.29,0.138,0.146,0.53,0.516,0.056,0.462,0.154,0.394,0.118,0.102,0.228,0.174,0.086,0.05,0.198,0.138,0.072,0.022,0.138,0.966,0.226,0.132
2012-02-11 01:31:00,0.122,0.122,0.078,0.088,0.146,0.184,0.27,0.058,0.28,0.262,0.136,0.136,0.056,0.164,0.128,0.236,0.932,0.29,0.138,0.146,0.53,0.516,0.056,0.462,0.154,0.394,0.118,0.102,0.228,0.174,0.086,0.05,0.198,0.138,0.072,0.022,0.138,0.966,0.226,0.132
2012-02-11 01:32:00,0.122,0.122,0.078,0.088,0.146,0.184,0.27,0.058,0.28,0.262,0.136,0.136,0.056,0.164,0.128,0.236,0.932,0.29,0.138,0.146,0.53,0.516,0.056,0.462,0.154,0.394,0.118,0.102,0.228,0.174,0.086,0.05,0.198,0.138,0.072,0.022,0.138,0.966,0.226,0.132
2012-02-11 01:33:00,0.122,0.122,0.078,0.088,0.146,0.184,0.27,0.058,0.28,0.262,0.136,0.136,0.056,0.164,0.128,0.236,0.932,0.29,0.138,0.146,0.53,0.516,0.056,0.462,0.154,0.394,0.118,0.102,0.228,0.174,0.086,0.05,0.198,0.138,0.072,0.022,0.138,0.966,0.226,0.132
2012-02-11 01:34:00,0.122,0.122,0.078,0.088,0.146,0.184,0.27,0.058,0.28,0.262,0.136,0.136,0.056,0.164,0.128,0.236,0.932,0.29,0.138,0.146,0.53,0.516,0.056,0.462,0.154,0.394,0.118,0.102,0.228,0.174,0.086,0.05,0.198,0.138,0.072,0.022,0.138,0.966,0.226,0.132
2012-02-11 01:35:00,0.122,0.122,0.078,0.088,0.146,0.184,0.27,0.058,0.28,0.262,0.136,0.136,0.056,0.164,0.128,0.236,0.932,0.29,0.138,0.146,0.53,0.516,0.056,0.462,0.154,0.394,0.118,0.102,0.228,0.174,0.086,0.05,0.198,0.138,0.072,0.022,0.138,0.966,0.226,0.132
2012-02-11 01:36:00,0.122,0.122,0.078,0.088,0.146,0.184,0.27,0.058,0.28,0.262,0.136,0.136,0.056,0.164,0.128,0.236,0.932,0.29,0.138,0.146,0.53,0.516,0.056,0.462,0.154,0.394,0.118,0.102,0.228,0.174,0.086,0.05,0.198,0.138,0.072,0.022,0.138,0.966,0.226,0.132
2012-02-11 01:37:00,0.122,0.122,0.078,0.088,0.146,0.184,0.27,0.058,0.28,0.262,0.136,0.136,0.056,0.164,0.128,0.236,0.932,0.29,0.138,0.146,0.53,0.516,0.056,0.462,0.154,0.394,0.118,0.102,0.228,0.174,0.086,0.05,0.198,0.138,0.072,0.022,0.138,0.966,0.226,0.132
2012-02-11 01:38:00,0.122,0.122,0.078,0.088,0.146,0.184,0.27,0.058,0.28,0.262,0.136,0.136,0.056,0.164,0.128,0.236,0.932,0.29,0.138,0.146,0.53,0.516,0.056,0.462,0.154,0.394,0.118,0.102,0.228,0.174,0.086,0.05,0.198,0.138,0.072,0.022,0.138,0.966,0.226,0.132
2012-02-11 01:39:00,0.122,0.122,0.078,0.088,0.146,0.184,0.27,0.058,0.28,0.262,0.136,0.136,0.056,0.164,0.128,0.236,0.932,0.29,0.138,0.146,0.53,0.516,0.056,0.462,0.154,0.394,0.118,0.102,0.228,0.174,0.086,0.05,0.198,0.138,0.072,0.022,0.138,0.966,0.226,0.132
2012-02-11 01:40:00,0.122,0.122,0.078,0.088,0.146,0.184,0.27,0.058,0.28,0.262,0.136,0.136,0.056,0.164,0.128,0.236,0.932,0.29,0.138,0.146,0.53,0.516,0.056,0.462,0.154,0.394,0.118,0.102,0.228,0.174,0.086,0.05,0.198,0.138,0.072,0.022,0.138,0.966,0.226,0.132
2012-02-11 01:41:00,0.122,0.122,0.078,0.088,0.146,0.184,0.27,0.058,0.28,0.262,0.136,0.136,0.056,0.164,0.128,0.236,0.932,0.29,0.138,0.146,0.53,0.516,0.056,0.462,0.154,0.394,0.118,0.102,0.228,0.174,0.086,0.05,0.198,0.138,0.072,0.022,0.138,0.966,0.226,0.132
2012-02-11 01:42:00,0.122,0.122,0.078,0.088,0.146,0.184,0.27,0.058,0.28,0.262,0.136,0.136,0.056,0.164,0.128,0.236,0.932,0.29,0.138,0.146,0.53,0.516,0.056,0.462,0.154,0.394,0.118,0.102,0.228,0.174,0.086,0.05,0.198,0.138,0.072,0.022,0.138,0.966,0.226,0.132
2012-02-11 01:43:00,0.122,0.122,0.078,0.088,0.146,0.184,0.27,0.058,0.28,0.262,0.136,0.136,0.056,0.164,0.128,0.236,0.932,0.29,0.138,0.146,0.53,0.516,0.056,0.462,0.154,0.394,0.118,0.102,0.228,0.174,0.086,0.05,0.198,0.138,0.072,0.022,0.138,0.966,0.226,0.132
2012-02-11 01:44:00,0.122,0.122,0.078,0.088,0.146,0.184,0.27,0.058,0.28,0.262,0.136,0.136,0.056,0.164,0.128,0.236,0.932,0.29,0.138,0.146,0.53,0.516,0.056,0.462,0.154,0.394,0.118,0.102,0.228,0.174,0.086,0.05,0.198,0.138,0.072,0.022,0.138,0.966,0.226,0.132
2012-02-11 01:45:00,0.122,0.122,0.078,0.088,0.146,0.184,0.27,0.058,0.28,0.262,0.136,0.136,0.056,0.164,0.128,0.236,0.932,0.29,0.138,0.146,0.53,0.516,0.056,0.462,0.154,0.394,0.118,0.102,0.228,0.174,0.086,0.05,0.198,0.138,0.072,0.022,0.138,0.966,0.226,0.132
2012-02-11 01:46:00,0.122,0.122,0.078,0.088,0.146,0.184,0.27,0.058,0.28,0.262,0.136,0.136,0.056,0.164,0.128,0.236,0.932,0.29,0.138,0.146,0.53,0.516,0.056,0.462,0.154,0.394,0.118,0.102,0.228,0.174,0.086,0.05,0.198,0.138,0.072,0.022,0.138,0.966,0.226,0.132
2012-02-11 01:47:00,0.122,0.122,0.078,0.088,0.146,0.184,0.27,0.058,0.28,0.262,0.136,0.136,0.056,0.164,0.128,0.236,0.932,0.29,0.138,0.146,0.53,0.516,0.056,0.462,0.154,0.394,0.118,0.102,0.228,0.174,0.086,0.05,0.198,0.138,0.072,0.022,0.138,0.966,0.226,0.132
2012-02-11 01:48:00,0.122,0.122,0.078,0.088,0.146,0.184,0.27,0.058,0.28,0.262,0.136,0.136,0.056,0.164,0.128,0.236,0.932,0.29,0.138,0.146,0.53,0.516,0.056,0.462,0.154,0.394,0.118,0.102,0.228,0.174,0.086,0.05,0.198,0.138,0.072,0.022,0.138,0.966,0.226,0.132
2012-02-11 01:49:00,0.122,0.122,0.078,0.088,0.146,0.184,0.27,0.058,0.28,0.262,0.136,0.136,0.056,0.164,0.128,0.236,0.932,0.29,0.138,0.146,0.53,0.516,0.056,0.462,0.154,0.394,0.118,0.102,0.228,0.174,0.086,0.05,0.198,0.138,0.072,0.022,0.138,0.966,0.226,0.132
2012-02-11 01:50:00,0.122,0.122,0.078,0.088,0.146,0.184,0.27,0.058,0.28,0.262,0.136,0.136,0.056,0.164,0.128,0.236,0.932,0.29,0.138,0.146,0.53,0.516,0.056,0.462,0.154,0.394,0.118,0.102,0.228,0.174,0.086,0.05,0.198,0.138,0.072,0.022,0.138,0.966,0.226,0.132
2012-02-11 01:51:00,0.122,0.122,0.078,0.088,0.146,0.184,0.27,0.058,0.28,0.262,0.136,0.136,0.056,0.164,0.128,0.236,0.932,0.29,0.138,0.146,0.53,0.516,0.056,0.462,0.154,0.394,0.118,0.102,0.228,0.174,0.086,0.05,0.198,0.138,0.072,0.022,0.138,0.966,0.226,0.132
2012-02-11 01:52:00,0.122,0.122,0.078,0.088,0.146,0.184,0.27,0.058,0.28,0.262,0.136,0.136,0.056,0.164,0.128,0.236,0.932,0.29,0.138,0.146,0.53,0.516,0.056,0.462,0.154,0.394,0.118,0.102,0.228,0.174,0.086,0.05,0.198,0.138,0.072,0.022,0.138,0.966,0.226,0.132
2012-02-11 01:53:00,0.122,0.122,0.078,0.088,0.146,0.184,0.27,0.058,0.28,0.262,0.136,0.136,0.056,0.164,0.128,0.236,0.932,0.29,0.138,0.146,0.53,0.516,0.056,0.462,0.154,0.394,0.118,0.102,0.228,0.174,0.086,0.05,0.198,0.138,0.072,0.022,0.138,0.966,0.226,0.132
2012-02-11 01:54:00,0.122,0.122,0.078,0.088,0.146,0.184,0.27,0.058,0.28,0.262,0.136,0.136,0.056,0.164,0.128,0.236,0.932,0.29,0.138,0.146,0.53,0.516,0.056,0.462,0.154,0.394,0.118,0.102,0.228,0.174,0.086,0.05,0.198,0.138,0.072,0.022,0.138,0.966,0.226,0.132
2012-02-11 01:55:00,0.122,0.122,0.078,0.088,0.146,0.184,0.27,0.058,0.28,0.262,0.136,0.136,0.056,0.164,0.128,0.236,0.932,0.29,0.138,0.146,0.53,0.516,0.056,0.462,0.154,0.394,0.118,0.102,0.228,0.174,0.086,0.05,0.198,0.138,0.072,0.022,0.138,0.966,0.226,0.132
2012-02-11 01:56:00,0.122,0.122,0.078,0.088,0.146,0.184,0.27,0.058,0.28,0.262,0.136,0.136,0.056,0.164,0.128,0.236,0.932,0.29,0.138,0.146,0.53,0.516,0.056,0.462,0.154,0.394,0.118,0.102,0.228,0.174,0.086,0.05,0.198,0.138,0.072,0.022,0.138,0.966,0.226,0.132
2012-02-11 01:57:00,0.122,0.122,0.078,0.088,0.146,0.184,0.27,0.058,0.28,0.262,0.136,0.136,0.056,0.164,0.128,0.236,0.932,0.29,0.138,0.146,0.53,0.516,0.056,0.462,0.154,0.394,0.118,0.102,0.228,0.174,0.086,0.05,0.198,0.138,0.072,0.022,0.138,0.966,0.226,0.132
2012-02-11 01:58:00,0.122,0.122,0.078,0.088,0.146,0.184,0.27,0.058,0.28,0.262,0.136,0.136,0.056,0.164,0.128,0.236,0.932,0.29,0.138,0.146,0.53,0.516,0.056,0.462,0.154,0.394,0.118,0.102,0.228,0.174,0.086,0.05,0.198,0.138,0.072,0.022,0.138,0.966,0.226,0.132
2012-02-11 01:59:00,0.122,0.122,0.078,0.088,0.146,0.184,0.27,0.058,0.28,0.262,0.136,0.136,0.056,0.164,0.128,0.236,0.932,0.29,0.138,0.146,0.53,0.516,0.056,0.462,0.154,0.394,0.118,0.102,0.228,0.174,0.086,0.05,0.198,0.138,0.072,0.022,0.138,0.966,0.226,0.132
2012-02-11 02:00:00,0.116,0.122,0.078,0.086,0.106,0.158,0.236,0.054,0.276,0.176,0.198,0.128,0.106,0.12,0.074,0.276,0.09,0.168,0.082,0.136,0.25,0.428,0.114,0.36,0.136,0.2,0.092,0.042,0.248,0.152,0.078,0.054,0.17,0.12,0.04,0.048,0.132,1.502,0.216,0.134
2012-02-11 02:01:00,0.116,0.122,0.078,0.086,0.106,0.158,0.236,0.054,0.276,0.176,0.198,0.128,0.106,0.12,0.074,0.276,0.09,0.168,0.082,0.136,0.25,0.428,0.114,0.36,0.136,0.2,0.092,0.042,0.248,0.152,0.078,0.054,0.17,0.12,0.04,0.048,0.132,1.502,0.216,0.134
2012-02-11 02:02:00,0.116,0.122,0.078,0.086,0.106,0.158,0.236,0.054,0.276,0.176,0.198,0.128,0.106,0.12,0.074,0.276,0.09,0.168,0.082,0.136,0.25,0.428,0.114,0.36,0.136,0.2,0.092,0.042,0.248,0.152,0.078,0.054,0.17,0.12,0.04,0.048,0.132,1.502,0.216,0.134
2012-02-11 02:03:00,0.116,0.122,0.078,0.086,0.106,0.158,0.236,0.054,0.276,0.176,0.198,0.128,0.106,0.12,0.074,0.276,0.09,0.168,0.082,0.136,0.25,0.428,0.114,0.36,0.136,0.2,0.092,0.042,0.248,0.152,0.078,0.054,0.17,0.12,0.04,0.048,0.132,1.502,0.216,0.134
2012-02-11 02:04:00,0.116,0.122,0.078,0.086,0.106,0.158,0.236,0.054,0.276,0.176,0.198,0.128,0.106,0.12,0.074,0.276,0.09,0.168,0.082,0.136,0.25,0.428,0.114,0.36,0.136,0.2,0.092,0.042,0.248,0.152,0.078,0.054,0.17,0.12,0.04,0.048,0.132,1.502,0.216,0.134
2012-02-11 02:05:00,0.116,0.122,0.078,0.086,0.106,0.158,0.236,0.054,0.276,0.176,0.198,0.128,0.106,0.12,0.074,0.276,0.09,0.168,0.082,0.136,0.25,0.428,0.114,0.36,0.136,0.2,0.092,0.042,0.248,0.152,0.078,0.054,0.17,0.12,0.04,0.048,0.132,1.502,0.216,0.134
2012-02-11 02:06:00,0.116,0.122,0.078,0.086,0.106,0.158,0.236,0.054,0.276,0.176,0.198,0.128,0.106,0.12,0.074,0.276,0.09,0.168,0.082,0.136,0.25,0.428,0.114,0.36,0.136,0.2,0.092,0.042,0.248,0.152,0.078,0.054,0.17,0.12,0.04,0.048,0.132,1.502,0.216,0.134
2012-02-11 02:07:00,0.116,0.122,0.078,0.086,0.106,0.158,0.236,0.054,0.276,0.176,0.198,0.128,0.106,0.12,0.074,0.276,0.09,0.168,0.082,0.136,0.25,0.428,0.114,0.36,0.136,0.2,0.092,0.042,0.248,0.152,0.078,0.054,0.17,0.12,0.04,0.048,0.132,1.502,0.216,0.134
2012-02-11 02:08:00,0.116,0.122,0.078,0.086,0.106,0.158,0.236,0.054,0.276,0.176,0.198,0.128,0.106,0.12,0.074,0.276,0.09,0.168,0.082,0.136,0.25,0.428,0.114,0.36,0.136,0.2,0.092,0.042,0.248,0.152,0.078,0.054,0.17,0.12,0.04,0.048,0.132,1.502,0.216,0.134
2012-02-11 02:09:00,0.116,0.122,0.078,0.086,0.106,0.158,0.236,0.054,0.276,0.176,0.198,0.128,0.106,0.12,0.074,0.276,0.09,0.168,0.082,0.136,0.25,0.428,0.114,0.36,0.136,0.2,0.092,0.042,0.248,0.152,0.078,0.054,0.17,0.12,0.04,0.048,0.132,1.502,0.216,0.134
2012-02-11 02:10:00,0.116,0.122,0.078,0.086,0.106,0.158,0.236,0.054,0.276,0.176,0.198,0.128,0.106,0.12,0.074,0.276,0.09,0.168,0.082,0.136,0.25,0.428,0.114,0.36,0.136,0.2,0.092,0.042,0.248,0.152,0.078,0.054,0.17,0.12,0.04,0.048,0.132,1.502,0.216,0.134
2012-02-11 02:11:00,0.116,0.122,0.078,0.086,0.106,0.158,0.236,0.054,0.276,0.176,0.198,0.128,0.106,0.12,0.074,0.276,0.09,0.168,0.082,0.136,0.25,0.428,0.114,0.36,0.136,0.2,0.092,0.042,0.248,0.152,0.078,0.054,0.17,0.12,0.04,0.048,0.132,1.502,0.216,0.134
2012-02-11 02:12:00,0.116,0.122,0.078,0.086,0.106,0.158,0.236,0.054,0.276,0.176,0.198,0.128,0.106,0.12,0.074,0.276,0.09,0.168,0.082,0.136,0.25,0.428,0.114,0.36,0.136,0.2,0.092,0.042,0.248,0.152,0.078,0.054,0.17,0.12,0.04,0.048,0.132,1.502,0.216,0.134
2012-02-11 02:13:00,0.116,0.122,0.078,0.086,0.106,0.158,0.236,0.054,0.276,0.176,0.198,0.128,0.106,0.12,0.074,0.276,0.09,0.168,0.082,0.136,0.25,0.428,0.114,0.36,0.136,0.2,0.092,0.042,0.248,0.152,0.078,0.054,0.17,0.12,0.04,0.048,0.132,1.502,0.216,0.134
2012-02-11 02:14:00,0.116,0.122,0.078,0.086,0.106,0.158,0.236,0.054,0.276,0.176,0.198,0.128,0.106,0.12,0.074,0.276,0.09,0.168,0.082,0.136,0.25,0.428,0.114,0.36,0.136,0.2,0.092,0.042,0.248,0.152,0.078,0.054,0.17,0.12,0.04,0.048,0.132,1.502,0.216,0.134
2012-02-11 02:15:00,0.116,0.122,0.078,0.086,0.106,0.158,0.236,0.054,0.276,0.176,0.198,0.128,0.106,0.12,0.074,0.276,0.09,0.168,0.082,0.136,0.25,0.428,0.114,0.36,0.136,0.2,0.092,0.042,0.248,0.152,0.078,0.054,0.17,0.12,0.04,0.048,0.132,1.502,0.216,0.134
2012-02-11 02:16:00,0.116,0.122,0.078,0.086,0.106,0.158,0.236,0.054,0.276,0.176,0.198,0.128,0.106,0.12,0.074,0.276,0.09,0.168,0.082,0.136,0.25,0.428,0.114,0.36,0.136,0.2,0.092,0.042,0.248,0.152,0.078,0.054,0.17,0.12,0.04,0.048,0.132,1.502,0.216,0.134
2012-02-11 02:17:00,0.116,0.122,0.078,0.086,0.106,0.158,0.236,0.054,0.276,0.176,0.198,0.128,0.106,0.12,0.074,0.276,0.09,0.168,0.082,0.136,0.25,0.428,0.114,0.36,0.136,0.2,0.092,0.042,0.248,0.152,0.078,0.054,0.17,0.12,0.04,0.048,0.132,1.502,0.216,0.134
2012-02-11 02:18:00,0.116,0.122,0.078,0.086,0.106,0.158,0.236,0.054,0.276,0.176,0.198,0.128,0.106,0.12,0.074,0.276,0.09,0.168,0.082,0.136,0.25,0.428,0.114,0.36,0.136,0.2,0.092,0.042,0.248,0.152,0.078,0.054,0.17,0.12,0.04,0.048,0.132,1.502,0.216,0.134
2012-02-11 02:19:00,0.116,0.122,0.078,0.086,0.106,0.158,0.236,0.054,0.276,0.176,0.198,0.128,0.106,0.12,0.074,0.276,0.09,0.168,0.082,0.136,0.25,0.428,0.114,0.36,0.136,0.2,0.092,0.042,0.248,0.152,0.078,0.054,0.17,0.12,0.04,0.048,0.132,1.502,0.216,0.134
2012-02-11 02:20:00,0.116,0.122,0.078,0.086,0.106,0.158,0.236,0.054,0.276,0.176,0.198,0.128,0.106,0.12,0.074,0.276,0.09,0.168,0.082,0.136,0.25,0.428,0.114,0.36,0.136,0.2,0.092,0.042,0.248,0.152,0.078,0.054,0.17,0.12,0.04,0.048,0.132,1.502,0.216,0.134
2012-02-11 02:21:00,0.116,0.122,0.078,0.086,0.106,0.158,0.236,0.054,0.276,0.176,0.198,0.128,0.106,0.12,0.074,0.276,0.09,0.168,0.082,0.136,0.25,0.428,0.114,0.36,0.136,0.2,0.092,0.042,0.248,0.152,0.078,0.054,0.17,0.12,0.04,0.048,0.132,1.502,0.216,0.134
2012-02-11 02:22:00,0.116,0.122,0.078,0.086,0.106,0.158,0.236,0.054,0.276,0.176,0.198,0.128,0.106,0.12,0.074,0.276,0.09,0.168,0.082,0.136,0.25,0.428,0.114,0.36,0.136,0.2,0.092,0.042,0.248,0.152,0.078,0.054,0.17,0.12,0.04,0.048,0.132,1.502,0.216,0.134
2012-02-11 02:23:00,0.116,0.122,0.078,0.086,0.106,0.158,0.236,0.054,0.276,0.176,0.198,0.128,0.106,0.12,0.074,0.276,0.09,0.168,0.082,0.136,0.25,0.428,0.114,0.36,0.136,0.2,0.092,0.042,0.248,0.152,0.078,0.054,0.17,0.12,0.04,0.048,0.132,1.502,0.216,0.134
2012-02-11 02:24:00,0.116,0.122,0.078,0.086,0.106,0.158,0.236,0.054,0.276,0.176,0.198,0.128,0.106,0.12,0.074,0.276,0.09,0.168,0.082,0.136,0.25,0.428,0.114,0.36,0.136,0.2,0.092,0.042,0.248,0.152,0.078,0.054,0.17,0.12,0.04,0.048,0.132,1.502,0.216,0.134
2012-02-11 02:25:00,0.116,0.122,0.078,0.086,0.106,0.158,0.236,0.054,0.276,0.176,0.198,0.128,0.106,0.12,0.074,0.276,0.09,0.168,0.082,0.136,0.25,0.428,0.114,0.36,0.136,0.2,0.092,0.042,0.248,0.152,0.078,0.054,0.17,0.12,0.04,0.048,0.132,1.502,0.216,0.134
2012-02-11 02:26:00,0.116,0.122,0.078,0.086,0.106,0.158,0.236,0.054,0.276,0.176,0.198,0.128,0.106,0.12,0.074,0.276,0.09,0.168,0.082,0.136,0.25,0.428,0.114,0.36,0.136,0.2,0.092,0.042,0.248,0.152,0.078,0.054,0.17,0.12,0.04,0.048,0.132,1.502,0.216,0.134
2012-02-11 02:27:00,0.116,0.122,0.078,0.086,0.106,0.158,0.236,0.054,0.276,0.176,0.198,0.128,0.106,0.12,0.074,0.276,0.09,0.168,0.082,0.136,0.25,0.428,0.114,0.36,0.136,0.2,0.092,0.042,0.248,0.152,0.078,0.054,0.17,0.12,0.04,0.048,0.132,1.502,0.216,0.134
2012-02-11 02:28:00,0.116,0.122,0.078,0.086,0.106,0.158,0.236,0.054,0.276,0.176,0.198,0.128,0.106,0.12,0.074,0.276,0.09,0.168,0.082,0.136,0.25,0.428,0.114,0.36,0.136,0.2,0.092,0.042,0.248,0.152,0.078,0.054,0.17,0.12,0.04,0.048,0.132,1.502,0.216,0.134
2012-02-11 02:29:00,0.116,0.122,0.078,0.086,0.106,0.158,0.236,0.054,0.276,0.176,0.198,0.128,0.106,0.12,0.074,0.276,0.09,0.168,0.082,0.136,0.25,0.428,0.114,0.36,0.136,0.2,0.092,0.042,0.248,0.152,0.078,0.054,0.17,0.12,0.04,0.048,0.132,1.502,0.216,0.134
2012-02-11 02:30:00,0.13,0.122,0.144,0.126,0.11,0.042,0.17,0.04,0.278,0.048,0.12,0.114,0.024,0.16,0.05,0.3,0.172,0.202,0.092,0.182,0.28,0.406,0.122,0.316,0.122,0.2,0.1,0.144,0.16,0.088,0.078,0.03,0.198,0.136,0.096,0.026,0.154,1.754,0.166,0.112
2012-02-11 02:31:00,0.13,0.122,0.144,0.126,0.11,0.042,0.17,0.04,0.278,0.048,0.12,0.114,0.024,0.16,0.05,0.3,0.172,0.202,0.092,0.182,0.28,0.406,0.122,0.316,0.122,0.2,0.1,0.144,0.16,0.088,0.078,0.03,0.198,0.136,0.096,0.026,0.154,1.754,0.166,0.112
2012-02-11 02:32:00,0.13,0.122,0.144,0.126,0.11,0.042,0.17,0.04,0.278,0.048,0.12,0.114,0.024,0.16,0.05,0.3,0.172,0.202,0.092,0.182,0.28,0.406,0.122,0.316,0.122,0.2,0.1,0.144,0.16,0.088,0.078,0.03,0.198,0.136,0.096,0.026,0.154,1.754,0.166,0.112
2012-02-11 02:33:00,0.13,0.122,0.144,0.126,0.11,0.042,0.17,0.04,0.278,0.048,0.12,0.114,0.024,0.16,0.05,0.3,0.172,0.202,0.092,0.182,0.28,0.406,0.122,0.316,0.122,0.2,0.1,0.144,0.16,0.088,0.078,0.03,0.198,0.136,0.096,0.026,0.154,1.754,0.166,0.112
2012-02-11 02:34:00,0.13,0.122,0.144,0.126,0.11,0.042,0.17,0.04,0.278,0.048,0.12,0.114,0.024,0.16,0.05,0.3,0.172,0.202,0.092,0.182,0.28,0.406,0.122,0.316,0.122,0.2,0.1,0.144,0.16,0.088,0.078,0.03,0.198,0.136,0.096,0.026,0.154,1.754,0.166,0.112
2012-02-11 02:35:00,0.13,0.122,0.144,0.126,0.11,0.042,0.17,0.04,0.278,0.048,0.12,0.114,0.024,0.16,0.05,0.3,0.172,0.202,0.092,0.182,0.28,0.406,0.122,0.316,0.122,0.2,0.1,0.144,0.16,0.088,0.078,0.03,0.198,0.136,0.096,0.026,0.154,1.754,0.166,0.112
2012-02-11 02:36:00,0.13,0.122,0.144,0.126,0.11,0.042,0.17,0.04,0.278,0.048,0.12,0.114,0.024,0.16,0.05,0.3,0.172,0.202,0.092,0.182,0.28,0.406,0.122,0.316,0.122,0.2,0.1,0.144,0.16,0.088,0.078,0.03,0.198,0.136,0.096,0.026,0.154,1.754,0.166,0.112
2012-02-11 02:37:00,0.13,0.122,0.144,0.126,0.11,0.042,0.17,0.04,0.278,0.048,0.12,0.114,0.024,0.16,0.05,0.3,0.172,0.202,0.092,0.182,0.28,0.406,0.122,0.316,0.122,0.2,0.1,0.144,0.16,0.088,0.078,0.03,0.198,0.136,0.096,0.026,0.154,1.754,0.166,0.112
2012-02-11 02:38:00,0.13,0.122,0.144,0.126,0.11,0.042,0.17,0.04,0.278,0.048,0.12,0.114,0.024,0.16,0.05,0.3,0.172,0.202,0.092,0.182,0.28,0.406,0.122,0.316,0.122,0.2,0.1,0.144,0.16,0.088,0.078,0.03,0.198,0.136,0.096,0.026,0.154,1.754,0.166,0.112
2012-02-11 02:39:00,0.13,0.122,0.144,0.126,0.11,0.042,0.17,0.04,0.278,0.048,0.12,0.114,0.024,0.16,0.05,0.3,0.172,0.202,0.092,0.182,0.28,0.406,0.122,0.316,0.122,0.2,0.1,0.144,0.16,0.088,0.078,0.03,0.198,0.136,0.096,0.026,0.154,1.754,0.166,0.112
2012-02-11 02:40:00,0.13,0.122,0.144,0.126,0.11,0.042,0.17,0.04,0.278,0.048,0.12,0.114,0.024,0.16,0.05,0.3,0.172,0.202,0.092,0.182,0.28,0.406,0.122,0.316,0.122,0.2,0.1,0.144,0.16,0.088,0.078,0.03,0.198,0.136,0.096,0.026,0.154,1.754,0.166,0.112
2012-02-11 02:41:00,0.13,0.122,0.144,0.126,0.11,0.042,0.17,0.04,0.278,0.048,0.12,0.114,0.024,0.16,0.05,0.3,0.172,0.202,0.092,0.182,0.28,0.406,0.122,0.316,0.122,0.2,0.1,0.144,0.16,0.088,0.078,0.03,0.198,0.136,0.096,0.026,0.154,1.754,0.166,0.112
2012-02-11 02:42:00,0.13,0.122,0.144,0.126,0.11,0.042,0.17,0.04,0.278,0.048,0.12,0.114,0.024,0.16,0.05,0.3,0.172,0.202,0.092,0.182,0.28,0.406,0.122,0.316,0.122,0.2,0.1,0.144,0.16,0.088,0.078,0.03,0.198,0.136,0.096,0.026,0.154,1.754,0.166,0.112
2012-02-11 02:43:00,0.13,0.122,0.144,0.126,0.11,0.042,0.17,0.04,0.278,0.048,0.12,0.114,0.024,0.16,0.05,0.3,0.172,0.202,0.092,0.182,0.28,0.406,0.122,0.316,0.122,0.2,0.1,0.144,0.16,0.088,0.078,0.03,0.198,0.136,0.096,0.026,0.154,1.754,0.166,0.112
2012-02-11 02:44:00,0.13,0.122,0.144,0.126,0.11,0.042,0.17,0.04,0.278,0.048,0.12,0.114,0.024,0.16,0.05,0.3,0.172,0.202,0.092,0.182,0.28,0.406,0.122,0.316,0.122,0.2,0.1,0.144,0.16,0.088,0.078,0.03,0.198,0.136,0.096,0.026,0.154,1.754,0.166,0.112
2012-02-11 02:45:00,0.13,0.122,0.144,0.126,0.11,0.042,0.17,0.04,0.278,0.048,0.12,0.114,0.024,0.16,0.05,0.3,0.172,0.202,0.092,0.182,0.28,0.406,0.122,0.316,0.122,0.2,0.1,0.144,0.16,0.088,0.078,0.03,0.198,0.136,0.096,0.026,0.154,1.754,0.166,0.112
2012-02-11 02:46:00,0.13,0.122,0.144,0.126,0.11,0.042,0.17,0.04,0.278,0.048,0.12,0.114,0.024,0.16,0.05,0.3,0.172,0.202,0.092,0.182,0.28,0.406,0.122,0.316,0.122,0.2,0.1,0.144,0.16,0.088,0.078,0.03,0.198,0.136,0.096,0.026,0.154,1.754,0.166,0.112
2012-02-11 02:47:00,0.13,0.122,0.144,0.126,0.11,0.042,0.17,0.04,0.278,0.048,0.12,0.114,0.024,0.16,0.05,0.3,0.172,0.202,0.092,0.182,0.28,0.406,0.122,0.316,0.122,0.2,0.1,0.144,0.16,0.088,0.078,0.03,0.198,0.136,0.096,0.026,0.154,1.754,0.166,0.112
2012-02-11 02:48:00,0.13,0.122,0.144,0.126,0.11,0.042,0.17,0.04,0.278,0.048,0.12,0.114,0.024,0.16,0.05,0.3,0.172,0.202,0.092,0.182,0.28,0.406,0.122,0.316,0.122,0.2,0.1,0.144,0.16,0.088,0.078,0.03,0.198,0.136,0.096,0.026,0.154,1.754,0.166,0.112
2012-02-11 02:49:00,0.13,0.122,0.144,0.126,0.11,0.042,0.17,0.04,0.278,0.048,0.12,0.114,0.024,0.16,0.05,0.3,0.172,0.202,0.092,0.182,0.28,0.406,0.122,0.316,0.122,0.2,0.1,0.144,0.16,0.088,0.078,0.03,0.198,0.136,0.096,0.026,0.154,1.754,0.166,0.112
2012-02-11 02:50:00,0.13,0.122,0.144,0.126,0.11,0.042,0.17,0.04,0.278,0.048,0.12,0.114,0.024,0.16,0.05,0.3,0.172,0.202,0.092,0.182,0.28,0.406,0.122,0.316,0.122,0.2,0.1,0.144,0.16,0.088,0.078,0.03,0.198,0.136,0.096,0.026,0.154,1.754,0.166,0.112
2012-02-11 02:51:00,0.13,0.122,0.144,0.126,0.11,0.042,0.17,0.04,0.278,0.048,0.12,0.114,0.024,0.16,0.05,0.3,0.172,0.202,0.092,0.182,0.28,0.406,0.122,0.316,0.122,0.2,0.1,0.144,0.16,0.088,0.078,0.03,0.198,0.136,0.096,0.026,0.154,1.754,0.166,0.112
2012-02-11 02:52:00,0.13,0.122,0.144,0.126,0.11,0.042,0.17,0.04,0.278,0.048,0.12,0.114,0.024,0.16,0.05,0.3,0.172,0.202,0.092,0.182,0.28,0.406,0.122,0.316,0.122,0.2,0.1,0.144,0.16,0.088,0.078,0.03,0.198,0.136,0.096,0.026,0.154,1.754,0.166,0.112
2012-02-11 02:53:00,0.13,0.122,0.144,0.126,0.11,0.042,0.17,0.04,0.278,0.048,0.12,0.114,0.024,0.16,0.05,0.3,0.172,0.202,0.092,0.182,0.28,0.406,0.122,0.316,0.122,0.2,0.1,0.144,0.16,0.088,0.078,0.03,0.198,0.136,0.096,0.026,0.154,1.754,0.166,0.112
2012-02-11 02:54:00,0.13,0.122,0.144,0.126,0.11,0.042,0.17,0.04,0.278,0.048,0.12,0.114,0.024,0.16,0.05,0.3,0.172,0.202,0.092,0.182,0.28,0.406,0.122,0.316,0.122,0.2,0.1,0.144,0.16,0.088,0.078,0.03,0.198,0.136,0.096,0.026,0.154,1.754,0.166,0.112
2012-02-11 02:55:00,0.13,0.122,0.144,0.126,0.11,0.042,0.17,0.04,0.278,0.048,0.12,0.114,0.024,0.16,0.05,0.3,0.172,0.202,0.092,0.182,0.28,0.406,0.122,0.316,0.122,0.2,0.1,0.144,0.16,0.088,0.078,0.03,0.198,0.136,0.096,0.026,0.154,1.754,0.166,0.112
2012-02-11 02:56:00,0.13,0.122,0.144,0.126,0.11,0.042,0.17,0.04,0.278,0.048,0.12,0.114,0.024,0.16,0.05,0.3,0.172,0.202,0.092,0.182,0.28,0.406,0.122,0.316,0.122,0.2,0.1,0.144,0.16,0.088,0.078,0.03,0.198,0.136,0.096,0.026,0.154,1.754,0.166,0.112
2012-02-11 02:57:00,0.13,0.122,0.144,0.126,0.11,0.042,0.17,0.04,0.278,0.048,0.12,0.114,0.024,0.16,0.05,0.3,0.172,0.202,0.092,0.182,0.28,0.406,0.122,0.316,0.122,0.2,0.1,0.144,0.16,0.088,0.078,0.03,0.198,0.136,0.096,0.026,0.154,1.754,0.166,0.112
2012-02-11 02:58:00,0.13,0.122,0.144,0.126,0.11,0.042,0.17,0.04,0.278,0.048,0.12,0.114,0.024,0.16,0.05,0.3,0.172,0.202,0.092,0.182,0.28,0.406,0.122,0.316,0.122,0.2,0.1,0.144,0.16,0.088,0.078,0.03,0.198,0.136,0.096,0.026,0.154,1.754,0.166,0.112
2012-02-11 02:59:00,0.13,0.122,0.144,0.126,0.11,0.042,0.17,0.04,0.278,0.048,0.12,0.114,0.024,0.16,0.05,0.3,0.172,0.202,0.092,0.182,0.28,0.406,0.122,0.316,0.122,0.2,0.1,0.144,0.16,0.088,0.078,0.03,0.198,0.136,0.096,0.026,0.154,1.754,0.166,0.112
2012-02-11 03:00:00,0.126,0.122,0.084,0.168,0.188,0.142,0.168,0.066,0.276,0.05,0.174,0.152,0.026,0.122,0.112,0.192,0.078,0.19,0.092,0.246,0.316,0.338,0.12,0.4,0.136,0.198,0.098,0.14,0.206,0.046,0.078,0.054,0.17,0.148,0.046,0.196,0.146,0.772,0.166,0.062
2012-02-11 03:01:00,0.126,0.122,0.084,0.168,0.188,0.142,0.168,0.066,0.276,0.05,0.174,0.152,0.026,0.122,0.112,0.192,0.078,0.19,0.092,0.246,0.316,0.338,0.12,0.4,0.136,0.198,0.098,0.14,0.206,0.046,0.078,0.054,0.17,0.148,0.046,0.196,0.146,0.772,0.166,0.062
2012-02-11 03:02:00,0.126,0.122,0.084,0.168,0.188,0.142,0.168,0.066,0.276,0.05,0.174,0.152,0.026,0.122,0.112,0.192,0.078,0.19,0.092,0.246,0.316,0.338,0.12,0.4,0.136,0.198,0.098,0.14,0.206,0.046,0.078,0.054,0.17,0.148,0.046,0.196,0.146,0.772,0.166,0.062
2012-02-11 03:03:00,0.126,0.122,0.084,0.168,0.188,0.142,0.168,0.066,0.276,0.05,0.174,0.152,0.026,0.122,0.112,0.192,0.078,0.19,0.092,0.246,0.316,0.338,0.12,0.4,0.136,0.198,0.098,0.14,0.206,0.046,0.078,0.054,0.17,0.148,0.046,0.196,0.146,0.772,0.166,0.062
2012-02-11 03:04:00,0.126,0.122,0.084,0.168,0.188,0.142,0.168,0.066,0.276,0.05,0.174,0.152,0.026,0.122,0.112,0.192,0.078,0.19,0.092,0.246,0.316,0.338,0.12,0.4,0.136,0.198,0.098,0.14,0.206,0.046,0.078,0.054,0.17,0.148,0.046,0.196,0.146,0.772,0.166,0.062
2012-02-11 03:05:00,0.126,0.122,0.084,0.168,0.188,0.142,0.168,0.066,0.276,0.05,0.174,0.152,0.026,0.122,0.112,0.192,0.078,0.19,0.092,0.246,0.316,0.338,0.12,0.4,0.136,0.198,0.098,0.14,0.206,0.046,0.078,0.054,0.17,0.148,0.046,0.196,0.146,0.772,0.166,0.062
2012-02-11 03:06:00,0.126,0.122,0.084,0.168,0.188,0.142,0.168,0.066,0.276,0.05,0.174,0.152,0.026,0.122,0.112,0.192,0.078,0.19,0.092,0.246,0.316,0.338,0.12,0.4,0.136,0.198,0.098,0.14,0.206,0.046,0.078,0.054,0.17,0.148,0.046,0.196,0.146,0.772,0.166,0.062
2012-02-11 03:07:00,0.126,0.122,0.084,0.168,0.188,0.142,0.168,0.066,0.276,0.05,0.174,0.152,0.026,0.122,0.112,0.192,0.078,0.19,0.092,0.246,0.316,0.338,0.12,0.4,0.136,0.198,0.098,0.14,0.206,0.046,0.078,0.054,0.17,0.148,0.046,0.196,0.146,0.772,0.166,0.062
2012-02-11 03:08:00,0.126,0.122,0.084,0.168,0.188,0.142,0.168,0.066,0.276,0.05,0.174,0.152,0.026,0.122,0.112,0.192,0.078,0.19,0.092,0.246,0.316,0.338,0.12,0.4,0.136,0.198,0.098,0.14,0.206,0.046,0.078,0.054,0.17,0.148,0.046,0.196,0.146,0.772,0.166,0.062
2012-02-11 03:09:00,0.126,0.122,0.084,0.168,0.188,0.142,0.168,0.066,0.276,0.05,0.174,0.152,0.026,0.122,0.112,0.192,0.078,0.19,0.092,0.246,0.316,0.338,0.12,0.4,0.136,0.198,0.098,0.14,0.206,0.046,0.078,0.054,0.17,0.148,0.046,0.196,0.146,0.772,0.166,0.062
2012-02-11 03:10:00,0.126,0.122,0.084,0.168,0.188,0.142,0.168,0.066,0.276,0.05,0.174,0.152,0.026,0.122,0.112,0.192,0.078,0.19,0.092,0.246,0.316,0.338,0.12,0.4,0.136,0.198,0.098,0.14,0.206,0.046,0.078,0.054,0.17,0.148,0.046,0.196,0.146,0.772,0.166,0.062
2012-02-11 03:11:00,0.126,0.122,0.084,0.168,0.188,0.142,0.168,0.066,0.276,0.05,0.174,0.152,0.026,0.122,0.112,0.192,0.078,0.19,0.092,0.246,0.316,0.338,0.12,0.4,0.136,0.198,0.098,0.14,0.206,0.046,0.078,0.054,0.17,0.148,0.046,0.196,0.146,0.772,0.166,0.062
2012-02-11 03:12:00,0.126,0.122,0.084,0.168,0.188,0.142,0.168,0.066,0.276,0.05,0.174,0.152,0.026,0.122,0.112,0.192,0.078,0.19,0.092,0.246,0.316,0.338,0.12,0.4,0.136,0.198,0.098,0.14,0.206,0.046,0.078,0.054,0.17,0.148,0.046,0.196,0.146,0.772,0.166,0.062
2012-02-11 03:13:00,0.126,0.122,0.084,0.168,0.188,0.142,0.168,0.066,0.276,0.05,0.174,0.152,0.026,0.122,0.112,0.192,0.078,0.19,0.092,0.246,0.316,0.338,0.12,0.4,0.136,0.198,0.098,0.14,0.206,0.046,0.078,0.054,0.17,0.148,0.046,0.196,0.146,0.772,0.166,0.062
2012-02-11 03:14:00,0.126,0.122,0.084,0.168,0.188,0.142,0.168,0.066,0.276,0.05,0.174,0.152,0.026,0.122,0.112,0.192,0.078,0.19,0.092,0.246,0.316,0.338,0.12,0.4,0.136,0.198,0.098,0.14,0.206,0.046,0.078,0.054,0.17,0.148,0.046,0.196,0.146,0.772,0.166,0.062
2012-02-11 03:15:00,0.126,0.122,0.084,0.168,0.188,0.142,0.168,0.066,0.276,0.05,0.174,0.152,0.026,0.122,0.112,0.192,0.078,0.19,0.092,0.246,0.316,0.338,0.12,0.4,0.136,0.198,0.098,0.14,0.206,0.046,0.078,0.054,0.17,0.148,0.046,0.196,0.146,0.772,0.166,0.062
2012-02-11 03:16:00,0.126,0.122,0.084,0.168,0.188,0.142,0.168,0.066,0.276,0.05,0.174,0.152,0.026,0.122,0.112,0.192,0.078,0.19,0.092,0.246,0.316,0.338,0.12,0.4,0.136,0.198,0.098,0.14,0.206,0.046,0.078,0.054,0.17,0.148,0.046,0.196,0.146,0.772,0.166,0.062
2012-02-11 03:17:00,0.126,0.122,0.084,0.168,0.188,0.142,0.168,0.066,0.276,0.05,0.174,0.152,0.026,0.122,0.112,0.192,0.078,0.19,0.092,0.246,0.316,0.338,0.12,0.4,0.136,0.198,0.098,0.14,0.206,0.046,0.078,0.054,0.17,0.148,0.046,0.196,0.146,0.772,0.166,0.062
2012-02-11 03:18:00,0.126,0.122,0.084,0.168,0.188,0.142,0.168,0.066,0.276,0.05,0.174,0.152,0.026,0.122,0.112,0.192,0.078,0.19,0.092,0.246,0.316,0.338,0.12,0.4,0.136,0.198,0.098,0.14,0.206,0.046,0.078,0.054,0.17,0.148,0.046,0.196,0.146,0.772,0.166,0.062
2012-02-11 03:19:00,0.126,0.122,0.084,0.168,0.188,0.142,0.168,0.066,0.276,0.05,0.174,0.152,0.026,0.122,0.112,0.192,0.078,0.19,0.092,0.246,0.316,0.338,0.12,0.4,0.136,0.198,0.098,0.14,0.206,0.046,0.078,0.054,0.17,0.148,0.046,0.196,0.146,0.772,0.166,0.062
2012-02-11 03:20:00,0.126,0.122,0.084,0.168,0.188,0.142,0.168,0.066,0.276,0.05,0.174,0.152,0.026,0.122,0.112,0.192,0.078,0.19,0.092,0.246,0.316,0.338,0.12,0.4,0.136,0.198,0.098,0.14,0.206,0.046,0.078,0.054,0.17,0.148,0.046,0.196,0.146,0.772,0.166,0.062
2012-02-11 03:21:00,0.126,0.122,0.084,0.168,0.188,0.142,0.168,0.066,0.276,0.05,0.174,0.152,0.026,0.122,0.112,0.192,0.078,0.19,0.092,0.246,0.316,0.338,0.12,0.4,0.136,0.198,0.098,0.14,0.206,0.046,0.078,0.054,0.17,0.148,0.046,0.196,0.146,0.772,0.166,0.062
2012-02-11 03:22:00,0.126,0.122,0.084,0.168,0.188,0.142,0.168,0.066,0.276,0.05,0.174,0.152,0.026,0.122,0.112,0.192,0.078,0.19,0.092,0.246,0.316,0.338,0.12,0.4,0.136,0.198,0.098,0.14,0.206,0.046,0.078,0.054,0.17,0.148,0.046,0.196,0.146,0.772,0.166,0.062
2012-02-11 03:23:00,0.126,0.122,0.084,0.168,0.188,0.142,0.168,0.066,0.276,0.05,0.174,0.152,0.026,0.122,0.112,0.192,0.078,0.19,0.092,0.246,0.316,0.338,0.12,0.4,0.136,0.198,0.098,0.14,0.206,0.046,0.078,0.054,0.17,0.148,0.046,0.196,0.146,0.772,0.166,0.062
2012-02-11 03:24:00,0.126,0.122,0.084,0.168,0.188,0.142,0.168,0.066,0.276,0.05,0.174,0.152,0.026,0.122,0.112,0.192,0.078,0.19,0.092,0.246,0.316,0.338,0.12,0.4,0.136,0.198,0.098,0.14,0.206,0.046,0.078,0.054,0.17,0.148,0.046,0.196,0.146,0.772,0.166,0.062
2012-02-11 03:25:00,0.126,0.122,0.084,0.168,0.188,0.142,0.168,0.066,0.276,0.05,0.174,0.152,0.026,0.122,0.112,0.192,0.078,0.19,0.092,0.246,0.316,0.338,0.12,0.4,0.136,0.198,0.098,0.14,0.206,0.046,0.078,0.054,0.17,0.148,0.046,0.196,0.146,0.772,0.166,0.062
2012-02-11 03:26:00,0.126,0.122,0.084,0.168,0.188,0.142,0.168,0.066,0.276,0.05,0.174,0.152,0.026,0.122,0.112,0.192,0.078,0.19,0.092,0.246,0.316,0.338,0.12,0.4,0.136,0.198,0.098,0.14,0.206,0.046,0.078,0.054,0.17,0.148,0.046,0.196,0.146,0.772,0.166,0.062
2012-02-11 03:27:00,0.126,0.122,0.084,0.168,0.188,0.142,0.168,0.066,0.276,0.05,0.174,0.152,0.026,0.122,0.112,0.192,0.078,0.19,0.092,0.246,0.316,0.338,0.12,0.4,0.136,0.198,0.098,0.14,0.206,0.046,0.078,0.054,0.17,0.148,0.046,0.196,0.146,0.772,0.166,0.062
2012-02-11 03:28:00,0.126,0.122,0.084,0.168,0.188,0.142,0.168,0.066,0.276,0.05,0.174,0.152,0.026,0.122,0.112,0.192,0.078,0.19,0.092,0.246,0.316,0.338,0.12,0.4,0.136,0.198,0.098,0.14,0.206,0.046,0.078,0.054,0.17,0.148,0.046,0.196,0.146,0.772,0.166,0.062
2012-02-11 03:29:00,0.126,0.122,0.084,0.168,0.188,0.142,0.168,0.066,0.276,0.05,0.174,0.152,0.026,0.122,0.112,0.192,0.078,0.19,0.092,0.246,0.316,0.338,0.12,0.4,0.136,0.198,0.098,0.14,0.206,0.046,0.078,0.054,0.17,0.148,0.046,0.196,0.146,0.772,0.166,0.062
2012-02-11 03:30:00,0.108,0.122,0.08,0.078,0.136,0.194,0.168,0.038,0.278,0.104,0.154,0.116,0.024,0.158,0.094,0.146,0.118,0.198,0.082,0.142,0.346,0.298,0.104,0.316,0.112,0.198,0.108,0.042,0.196,0.082,0.096,0.05,0.174,0.122,0.07,0.188,0.23,0.062,0.242,0.188
2012-02-11 03:31:00,0.108,0.122,0.08,0.078,0.136,0.194,0.168,0.038,0.278,0.104,0.154,0.116,0.024,0.158,0.094,0.146,0.118,0.198,0.082,0.142,0.346,0.298,0.104,0.316,0.112,0.198,0.108,0.042,0.196,0.082,0.096,0.05,0.174,0.122,0.07,0.188,0.23,0.062,0.242,0.188
2012-02-11 03:32:00,0.108,0.122,0.08,0.078,0.136,0.194,0.168,0.038,0.278,0.104,0.154,0.116,0.024,0.158,0.094,0.146,0.118,0.198,0.082,0.142,0.346,0.298,0.104,0.316,0.112,0.198,0.108,0.042,0.196,0.082,0.096,0.05,0.174,0.122,0.07,0.188,0.23,0.062,0.242,0.188
2012-02-11 03:33:00,0.108,0.122,0.08,0.078,0.136,0.194,0.168,0.038,0.278,0.104,0.154,0.116,0.024,0.158,0.094,0.146,0.118,0.198,0.082,0.142,0.346,0.298,0.104,0.316,0.112,0.198,0.108,0.042,0.196,0.082,0.096,0.05,0.174,0.122,0.07,0.188,0.23,0.062,0.242,0.188
2012-02-11 03:34:00,0.108,0.122,0.08,0.078,0.136,0.194,0.168,0.038,0.278,0.104,0.154,0.116,0.024,0.158,0.094,0.146,0.118,0.198,0.082,0.142,0.346,0.298,0.104,0.316,0.112,0.198,0.108,0.042,0.196,0.082,0.096,0.05,0.174,0.122,0.07,0.188,0.23,0.062,0.242,0.188
2012-02-11 03:35:00,0.108,0.122,0.08,0.078,0.136,0.194,0.168,0.038,0.278,0.104,0.154,0.116,0.024,0.158,0.094,0.146,0.118,0.198,0.082,0.142,0.346,0.298,0.104,0.316,0.112,0.198,0.108,0.042,0.196,0.082,0.096,0.05,0.174,0.122,0.07,0.188,0.23,0.062,0.242,0.188
2012-02-11 03:36:00,0.108,0.122,0.08,0.078,0.136,0.194,0.168,0.038,0.278,0.104,0.154,0.116,0.024,0.158,0.094,0.146,0.118,0.198,0.082,0.142,0.346,0.298,0.104,0.316,0.112,0.198,0.108,0.042,0.196,0.082,0.096,0.05,0.174,0.122,0.07,0.188,0.23,0.062,0.242,0.188
2012-02-11 03:37:00,0.108,0.122,0.08,0.078,0.136,0.194,0.168,0.038,0.278,0.104,0.154,0.116,0.024,0.158,0.094,0.146,0.118,0.198,0.082,0.142,0.346,0.298,0.104,0.316,0.112,0.198,0.108,0.042,0.196,0.082,0.096,0.05,0.174,0.122,0.07,0.188,0.23,0.062,0.242,0.188
2012-02-11 03:38:00,0.108,0.122,0.08,0.078,0.136,0.194,0.168,0.038,0.278,0.104,0.154,0.116,0.024,0.158,0.094,0.146,0.118,0.198,0.082,0.142,0.346,0.298,0.104,0.316,0.112,0.198,0.108,0.042,0.196,0.082,0.096,0.05,0.174,0.122,0.07,0.188,0.23,0.062,0.242,0.188
2012-02-11 03:39:00,0.108,0.122,0.08,0.078,0.136,0.194,0.168,0.038,0.278,0.104,0.154,0.116,0.024,0.158,0.094,0.146,0.118,0.198,0.082,0.142,0.346,0.298,0.104,0.316,0.112,0.198,0.108,0.042,0.196,0.082,0.096,0.05,0.174,0.122,0.07,0.188,0.23,0.062,0.242,0.188
2012-02-11 03:40:00,0.108,0.122,0.08,0.078,0.136,0.194,0.168,0.038,0.278,0.104,0.154,0.116,0.024,0.158,0.094,0.146,0.118,0.198,0.082,0.142,0.346,0.298,0.104,0.316,0.112,0.198,0.108,0.042,0.196,0.082,0.096,0.05,0.174,0.122,0.07,0.188,0.23,0.062,0.242,0.188
2012-02-11 03:41:00,0.108,0.122,0.08,0.078,0.136,0.194,0.168,0.038,0.278,0.104,0.154,0.116,0.024,0.158,0.094,0.146,0.118,0.198,0.082,0.142,0.346,0.298,0.104,0.316,0.112,0.198,0.108,0.042,0.196,0.082,0.096,0.05,0.174,0.122,0.07,0.188,0.23,0.062,0.242,0.188
2012-02-11 03:42:00,0.108,0.122,0.08,0.078,0.136,0.194,0.168,0.038,0.278,0.104,0.154,0.116,0.024,0.158,0.094,0.146,0.118,0.198,0.082,0.142,0.346,0.298,0.104,0.316,0.112,0.198,0.108,0.042,0.196,0.082,0.096,0.05,0.174,0.122,0.07,0.188,0.23,0.062,0.242,0.188
2012-02-11 03:43:00,0.108,0.122,0.08,0.078,0.136,0.194,0.168,0.038,0.278,0.104,0.154,0.116,0.024,0.158,0.094,0.146,0.118,0.198,0.082,0.142,0.346,0.298,0.104,0.316,0.112,0.198,0.108,0.042,0.196,0.082,0.096,0.05,0.174,0.122,0.07,0.188,0.23,0.062,0.242,0.188
2012-02-11 03:44:00,0.108,0.122,0.08,0.078,0.136,0.194,0.168,0.038,0.278,0.104,0.154,0.116,0.024,0.158,0.094,0.146,0.118,0.198,0.082,0.142,0.346,0.298,0.104,0.316,0.112,0.198,0.108,0.042,0.196,0.082,0.096,0.05,0.174,0.122,0.07,0.188,0.23,0.062,0.242,0.188
2012-02-11 03:45:00,0.108,0.122,0.08,0.078,0.136,0.194,0.168,0.038,0.278,0.104,0.154,0.116,0.024,0.158,0.094,0.146,0.118,0.198,0.082,0.142,0.346,0.298,0.104,0.316,0.112,0.198,0.108,0.042,0.196,0.082,0.096,0.05,0.174,0.122,0.07,0.188,0.23,0.062,0.242,0.188
2012-02-11 03:46:00,0.108,0.122,0.08,0.078,0.136,0.194,0.168,0.038,0.278,0.104,0.154,0.116,0.024,0.158,0.094,0.146,0.118,0.198,0.082,0.142,0.346,0.298,0.104,0.316,0.112,0.198,0.108,0.042,0.196,0.082,0.096,0.05,0.174,0.122,0.07,0.188,0.23,0.062,0.242,0.188
2012-02-11 03:47:00,0.108,0.122,0.08,0.078,0.136,0.194,0.168,0.038,0.278,0.104,0.154,0.116,0.024,0.158,0.094,0.146,0.118,0.198,0.082,0.142,0.346,0.298,0.104,0.316,0.112,0.198,0.108,0.042,0.196,0.082,0.096,0.05,0.174,0.122,0.07,0.188,0.23,0.062,0.242,0.188
2012-02-11 03:48:00,0.108,0.122,0.08,0.078,0.136,0.194,0.168,0.038,0.278,0.104,0.154,0.116,0.024,0.158,0.094,0.146,0.118,0.198,0.082,0.142,0.346,0.298,0.104,0.316,0.112,0.198,0.108,0.042,0.196,0.082,0.096,0.05,0.174,0.122,0.07,0.188,0.23,0.062,0.242,0.188
2012-02-11 03:49:00,0.108,0.122,0.08,0.078,0.136,0.194,0.168,0.038,0.278,0.104,0.154,0.116,0.024,0.158,0.094,0.146,0.118,0.198,0.082,0.142,0.346,0.298,0.104,0.316,0.112,0.198,0.108,0.042,0.196,0.082,0.096,0.05,0.174,0.122,0.07,0.188,0.23,0.062,0.242,0.188
2012-02-11 03:50:00,0.108,0.122,0.08,0.078,0.136,0.194,0.168,0.038,0.278,0.104,0.154,0.116,0.024,0.158,0.094,0.146,0.118,0.198,0.082,0.142,0.346,0.298,0.104,0.316,0.112,0.198,0.108,0.042,0.196,0.082,0.096,0.05,0.174,0.122,0.07,0.188,0.23,0.062,0.242,0.188
2012-02-11 03:51:00,0.108,0.122,0.08,0.078,0.136,0.194,0.168,0.038,0.278,0.104,0.154,0.116,0.024,0.158,0.094,0.146,0.118,0.198,0.082,0.142,0.346,0.298,0.104,0.316,0.112,0.198,0.108,0.042,0.196,0.082,0.096,0.05,0.174,0.122,0.07,0.188,0.23,0.062,0.242,0.188
2012-02-11 03:52:00,0.108,0.122,0.08,0.078,0.136,0.194,0.168,0.038,0.278,0.104,0.154,0.116,0.024,0.158,0.094,0.146,0.118,0.198,0.082,0.142,0.346,0.298,0.104,0.316,0.112,0.198,0.108,0.042,0.196,0.082,0.096,0.05,0.174,0.122,0.07,0.188,0.23,0.062,0.242,0.188
2012-02-11 03:53:00,0.108,0.122,0.08,0.078,0.136,0.194,0.168,0.038,0.278,0.104,0.154,0.116,0.024,0.158,0.094,0.146,0.118,0.198,0.082,0.142,0.346,0.298,0.104,0.316,0.112,0.198,0.108,0.042,0.196,0.082,0.096,0.05,0.174,0.122,0.07,0.188,0.23,0.062,0.242,0.188
2012-02-11 03:54:00,0.108,0.122,0.08,0.078,0.136,0.194,0.168,0.038,0.278,0.104,0.154,0.116,0.024,0.158,0.094,0.146,0.118,0.198,0.082,0.142,0.346,0.298,0.104,0.316,0.112,0.198,0.108,0.042,0.196,0.082,0.096,0.05,0.174,0.122,0.07,0.188,0.23,0.062,0.242,0.188
2012-02-11 03:55:00,0.108,0.122,0.08,0.078,0.136,0.194,0.168,0.038,0.278,0.104,0.154,0.116,0.024,0.158,0.094,0.146,0.118,0.198,0.082,0.142,0.346,0.298,0.104,0.316,0.112,0.198,0.108,0.042,0.196,0.082,0.096,0.05,0.174,0.122,0.07,0.188,0.23,0.062,0.242,0.188
2012-02-11 03:56:00,0.108,0.122,0.08,0.078,0.136,0.194,0.168,0.038,0.278,0.104,0.154,0.116,0.024,0.158,0.094,0.146,0.118,0.198,0.082,0.142,0.346,0.298,0.104,0.316,0.112,0.198,0.108,0.042,0.196,0.082,0.096,0.05,0.174,0.122,0.07,0.188,0.23,0.062,0.242,0.188
2012-02-11 03:57:00,0.108,0.122,0.08,0.078,0.136,0.194,0.168,0.038,0.278,0.104,0.154,0.116,0.024,0.158,0.094,0.146,0.118,0.198,0.082,0.142,0.346,0.298,0.104,0.316,0.112,0.198,0.108,0.042,0.196,0.082,0.096,0.05,0.174,0.122,0.07,0.188,0.23,0.062,0.242,0.188
2012-02-11 03:58:00,0.108,0.122,0.08,0.078,0.136,0.194,0.168,0.038,0.278,0.104,0.154,0.116,0.024,0.158,0.094,0.146,0.118,0.198,0.082,0.142,0.346,0.298,0.104,0.316,0.112,0.198,0.108,0.042,0.196,0.082,0.096,0.05,0.174,0.122,0.07,0.188,0.23,0.062,0.242,0.188
2012-02-11 03:59:00,0.108,0.122,0.08,0.078,0.136,0.194,0.168,0.038,0.278,0.104,0.154,0.116,0.024,0.158,0.094,0.146,0.118,0.198,0.082,0.142,0.346,0.298,0.104,0.316,0.112,0.198,0.108,0.042,0.196,0.082,0.096,0.05,0.174,0.122,0.07,0.188,0.23,0.062,0.242,0.188
2012-02-11 04:00:00,0.11,0.12,0.078,0.176,0.32,0.09,0.222,0.066,0.282,0.03,0.176,0.148,0.048,0.112,0.05,0.05,0.158,0.13,0.07,0.156,0.248,0.166,0.12,0.306,0.144,0.196,0.1,0.104,0.344,0.1,0.078,0.032,0.216,0.124,0.086,0.23,0.22,0.094,0.204,0.066
2012-02-11 04:01:00,0.11,0.12,0.078,0.176,0.32,0.09,0.222,0.066,0.282,0.03,0.176,0.148,0.048,0.112,0.05,0.05,0.158,0.13,0.07,0.156,0.248,0.166,0.12,0.306,0.144,0.196,0.1,0.104,0.344,0.1,0.078,0.032,0.216,0.124,0.086,0.23,0.22,0.094,0.204,0.066
2012-02-11 04:02:00,0.11,0.12,0.078,0.176,0.32,0.09,0.222,0.066,0.282,0.03,0.176,0.148,0.048,0.112,0.05,0.05,0.158,0.13,0.07,0.156,0.248,0.166,0.12,0.306,0.144,0.196,0.1,0.104,0.344,0.1,0.078,0.032,0.216,0.124,0.086,0.23,0.22,0.094,0.204,0.066
2012-02-11 04:03:00,0.11,0.12,0.078,0.176,0.32,0.09,0.222,0.066,0.282,0.03,0.176,0.148,0.048,0.112,0.05,0.05,0.158,0.13,0.07,0.156,0.248,0.166,0.12,0.306,0.144,0.196,0.1,0.104,0.344,0.1,0.078,0.032,0.216,0.124,0.086,0.23,0.22,0.094,0.204,0.066
2012-02-11 04:04:00,0.11,0.12,0.078,0.176,0.32,0.09,0.222,0.066,0.282,0.03,0.176,0.148,0.048,0.112,0.05,0.05,0.158,0.13,0.07,0.156,0.248,0.166,0.12,0.306,0.144,0.196,0.1,0.104,0.344,0.1,0.078,0.032,0.216,0.124,0.086,0.23,0.22,0.094,0.204,0.066
2012-02-11 04:05:00,0.11,0.12,0.078,0.176,0.32,0.09,0.222,0.066,0.282,0.03,0.176,0.148,0.048,0.112,0.05,0.05,0.158,0.13,0.07,0.156,0.248,0.166,0.12,0.306,0.144,0.196,0.1,0.104,0.344,0.1,0.078,0.032,0.216,0.124,0.086,0.23,0.22,0.094,0.204,0.066
2012-02-11 04:06:00,0.11,0.12,0.078,0.176,0.32,0.09,0.222,0.066,0.282,0.03,0.176,0.148,0.048,0.112,0.05,0.05,0.158,0.13,0.07,0.156,0.248,0.166,0.12,0.306,0.144,0.196,0.1,0.104,0.344,0.1,0.078,0.032,0.216,0.124,0.086,0.23,0.22,0.094,0.204,0.066
2012-02-11 04:07:00,0.11,0.12,0.078,0.176,0.32,0.09,0.222,0.066,0.282,0.03,0.176,0.148,0.048,0.112,0.05,0.05,0.158,0.13,0.07,0.156,0.248,0.166,0.12,0.306,0.144,0.196,0.1,0.104,0.344,0.1,0.078,0.032,0.216,0.124,0.086,0.23,0.22,0.094,0.204,0.066
2012-02-11 04:08:00,0.11,0.12,0.078,0.176,0.32,0.09,0.222,0.066,0.282,0.03,0.176,0.148,0.048,0.112,0.05,0.05,0.158,0.13,0.07,0.156,0.248,0.166,0.12,0.306,0.144,0.196,0.1,0.104,0.344,0.1,0.078,0.032,0.216,0.124,0.086,0.23,0.22,0.094,0.204,0.066
2012-02-11 04:09:00,0.11,0.12,0.078,0.176,0.32,0.09,0.222,0.066,0.282,0.03,0.176,0.148,0.048,0.112,0.05,0.05,0.158,0.13,0.07,0.156,0.248,0.166,0.12,0.306,0.144,0.196,0.1,0.104,0.344,0.1,0.078,0.032,0.216,0.124,0.086,0.23,0.22,0.094,0.204,0.066
2012-02-11 04:10:00,0.11,0.12,0.078,0.176,0.32,0.09,0.222,0.066,0.282,0.03,0.176,0.148,0.048,0.112,0.05,0.05,0.158,0.13,0.07,0.156,0.248,0.166,0.12,0.306,0.144,0.196,0.1,0.104,0.344,0.1,0.078,0.032,0.216,0.124,0.086,0.23,0.22,0.094,0.204,0.066
2012-02-11 04:11:00,0.11,0.12,0.078,0.176,0.32,0.09,0.222,0.066,0.282,0.03,0.176,0.148,0.048,0.112,0.05,0.05,0.158,0.13,0.07,0.156,0.248,0.166,0.12,0.306,0.144,0.196,0.1,0.104,0.344,0.1,0.078,0.032,0.216,0.124,0.086,0.23,0.22,0.094,0.204,0.066
2012-02-11 04:12:00,0.11,0.12,0.078,0.176,0.32,0.09,0.222,0.066,0.282,0.03,0.176,0.148,0.048,0.112,0.05,0.05,0.158,0.13,0.07,0.156,0.248,0.166,0.12,0.306,0.144,0.196,0.1,0.104,0.344,0.1,0.078,0.032,0.216,0.124,0.086,0.23,0.22,0.094,0.204,0.066
2012-02-11 04:13:00,0.11,0.12,0.078,0.176,0.32,0.09,0.222,0.066,0.282,0.03,0.176,0.148,0.048,0.112,0.05,0.05,0.158,0.13,0.07,0.156,0.248,0.166,0.12,0.306,0.144,0.196,0.1,0.104,0.344,0.1,0.078,0.032,0.216,0.124,0.086,0.23,0.22,0.094,0.204,0.066
2012-02-11 04:14:00,0.11,0.12,0.078,0.176,0.32,0.09,0.222,0.066,0.282,0.03,0.176,0.148,0.048,0.112,0.05,0.05,0.158,0.13,0.07,0.156,0.248,0.166,0.12,0.306,0.144,0.196,0.1,0.104,0.344,0.1,0.078,0.032,0.216,0.124,0.086,0.23,0.22,0.094,0.204,0.066
2012-02-11 04:15:00,0.11,0.12,0.078,0.176,0.32,0.09,0.222,0.066,0.282,0.03,0.176,0.148,0.048,0.112,0.05,0.05,0.158,0.13,0.07,0.156,0.248,0.166,0.12,0.306,0.144,0.196,0.1,0.104,0.344,0.1,0.078,0.032,0.216,0.124,0.086,0.23,0.22,0.094,0.204,0.066
2012-02-11 04:16:00,0.11,0.12,0.078,0.176,0.32,0.09,0.222,0.066,0.282,0.03,0.176,0.148,0.048,0.112,0.05,0.05,0.158,0.13,0.07,0.156,0.248,0.166,0.12,0.306,0.144,0.196,0.1,0.104,0.344,0.1,0.078,0.032,0.216,0.124,0.086,0.23,0.22,0.094,0.204,0.066
2012-02-11 04:17:00,0.11,0.12,0.078,0.176,0.32,0.09,0.222,0.066,0.282,0.03,0.176,0.148,0.048,0.112,0.05,0.05,0.158,0.13,0.07,0.156,0.248,0.166,0.12,0.306,0.144,0.196,0.1,0.104,0.344,0.1,0.078,0.032,0.216,0.124,0.086,0.23,0.22,0.094,0.204,0.066
2012-02-11 04:18:00,0.11,0.12,0.078,0.176,0.32,0.09,0.222,0.066,0.282,0.03,0.176,0.148,0.048,0.112,0.05,0.05,0.158,0.13,0.07,0.156,0.248,0.166,0.12,0.306,0.144,0.196,0.1,0.104,0.344,0.1,0.078,0.032,0.216,0.124,0.086,0.23,0.22,0.094,0.204,0.066
2012-02-11 04:19:00,0.11,0.12,0.078,0.176,0.32,0.09,0.222,0.066,0.282,0.03,0.176,0.148,0.048,0.112,0.05,0.05,0.158,0.13,0.07,0.156,0.248,0.166,0.12,0.306,0.144,0.196,0.1,0.104,0.344,0.1,0.078,0.032,0.216,0.124,0.086,0.23,0.22,0.094,0.204,0.066
2012-02-11 04:20:00,0.11,0.12,0.078,0.176,0.32,0.09,0.222,0.066,0.282,0.03,0.176,0.148,0.048,0.112,0.05,0.05,0.158,0.13,0.07,0.156,0.248,0.166,0.12,0.306,0.144,0.196,0.1,0.104,0.344,0.1,0.078,0.032,0.216,0.124,0.086,0.23,0.22,0.094,0.204,0.066
2012-02-11 04:21:00,0.11,0.12,0.078,0.176,0.32,0.09,0.222,0.066,0.282,0.03,0.176,0.148,0.048,0.112,0.05,0.05,0.158,0.13,0.07,0.156,0.248,0.166,0.12,0.306,0.144,0.196,0.1,0.104,0.344,0.1,0.078,0.032,0.216,0.124,0.086,0.23,0.22,0.094,0.204,0.066
2012-02-11 04:22:00,0.11,0.12,0.078,0.176,0.32,0.09,0.222,0.066,0.282,0.03,0.176,0.148,0.048,0.112,0.05,0.05,0.158,0.13,0.07,0.156,0.248,0.166,0.12,0.306,0.144,0.196,0.1,0.104,0.344,0.1,0.078,0.032,0.216,0.124,0.086,0.23,0.22,0.094,0.204,0.066
2012-02-11 04:23:00,0.11,0.12,0.078,0.176,0.32,0.09,0.222,0.066,0.282,0.03,0.176,0.148,0.048,0.112,0.05,0.05,0.158,0.13,0.07,0.156,0.248,0.166,0.12,0.306,0.144,0.196,0.1,0.104,0.344,0.1,0.078,0.032,0.216,0.124,0.086,0.23,0.22,0.094,0.204,0.066
2012-02-11 04:24:00,0.11,0.12,0.078,0.176,0.32,0.09,0.222,0.066,0.282,0.03,0.176,0.148,0.048,0.112,0.05,0.05,0.158,0.13,0.07,0.156,0.248,0.166,0.12,0.306,0.144,0.196,0.1,0.104,0.344,0.1,0.078,0.032,0.216,0.124,0.086,0.23,0.22,0.094,0.204,0.066
2012-02-11 04:25:00,0.11,0.12,0.078,0.176,0.32,0.09,0.222,0.066,0.282,0.03,0.176,0.148,0.048,0.112,0.05,0.05,0.158,0.13,0.07,0.156,0.248,0.166,0.12,0.306,0.144,0.196,0.1,0.104,0.344,0.1,0.078,0.032,0.216,0.124,0.086,0.23,0.22,0.094,0.204,0.066
2012-02-11 04:26:00,0.11,0.12,0.078,0.176,0.32,0.09,0.222,0.066,0.282,0.03,0.176,0.148,0.048,0.112,0.05,0.05,0.158,0.13,0.07,0.156,0.248,0.166,0.12,0.306,0.144,0.196,0.1,0.104,0.344,0.1,0.078,0.032,0.216,0.124,0.086,0.23,0.22,0.094,0.204,0.066
2012-02-11 04:27:00,0.11,0.12,0.078,0.176,0.32,0.09,0.222,0.066,0.282,0.03,0.176,0.148,0.048,0.112,0.05,0.05,0.158,0.13,0.07,0.156,0.248,0.166,0.12,0.306,0.144,0.196,0.1,0.104,0.344,0.1,0.078,0.032,0.216,0.124,0.086,0.23,0.22,0.094,0.204,0.066
2012-02-11 04:28:00,0.11,0.12,0.078,0.176,0.32,0.09,0.222,0.066,0.282,0.03,0.176,0.148,0.048,0.112,0.05,0.05,0.158,0.13,0.07,0.156,0.248,0.166,0.12,0.306,0.144,0.196,0.1,0.104,0.344,0.1,0.078,0.032,0.216,0.124,0.086,0.23,0.22,0.094,0.204,0.066
2012-02-11 04:29:00,0.11,0.12,0.078,0.176,0.32,0.09,0.222,0.066,0.282,0.03,0.176,0.148,0.048,0.112,0.05,0.05,0.158,0.13,0.07,0.156,0.248,0.166,0.12,0.306,0.144,0.196,0.1,0.104,0.344,0.1,0.078,0.032,0.216,0.124,0.086,0.23,0.22,0.094,0.204,0.066
2012-02-11 04:30:00,0.122,0.12,0.142,0.12,0.582,0.064,0.264,0.028,0.28,0.054,0.1,0.124,0.12,0.164,0.076,0.036,0.092,0.084,0.124,0.144,0.234,0.184,0.062,0.204,0.122,0.196,0.098,0.148,0.276,0.146,0.076,0.052,0.234,0.158,0.046,0.21,0.25,0.186,0.168,0.096
2012-02-11 04:31:00,0.122,0.12,0.142,0.12,0.582,0.064,0.264,0.028,0.28,0.054,0.1,0.124,0.12,0.164,0.076,0.036,0.092,0.084,0.124,0.144,0.234,0.184,0.062,0.204,0.122,0.196,0.098,0.148,0.276,0.146,0.076,0.052,0.234,0.158,0.046,0.21,0.25,0.186,0.168,0.096
2012-02-11 04:32:00,0.122,0.12,0.142,0.12,0.582,0.064,0.264,0.028,0.28,0.054,0.1,0.124,0.12,0.164,0.076,0.036,0.092,0.084,0.124,0.144,0.234,0.184,0.062,0.204,0.122,0.196,0.098,0.148,0.276,0.146,0.076,0.052,0.234,0.158,0.046,0.21,0.25,0.186,0.168,0.096
2012-02-11 04:33:00,0.122,0.12,0.142,0.12,0.582,0.064,0.264,0.028,0.28,0.054,0.1,0.124,0.12,0.164,0.076,0.036,0.092,0.084,0.124,0.144,0.234,0.184,0.062,0.204,0.122,0.196,0.098,0.148,0.276,0.146,0.076,0.052,0.234,0.158,0.046,0.21,0.25,0.186,0.168,0.096
2012-02-11 04:34:00,0.122,0.12,0.142,0.12,0.582,0.064,0.264,0.028,0.28,0.054,0.1,0.124,0.12,0.164,0.076,0.036,0.092,0.084,0.124,0.144,0.234,0.184,0.062,0.204,0.122,0.196,0.098,0.148,0.276,0.146,0.076,0.052,0.234,0.158,0.046,0.21,0.25,0.186,0.168,0.096
2012-02-11 04:35:00,0.122,0.12,0.142,0.12,0.582,0.064,0.264,0.028,0.28,0.054,0.1,0.124,0.12,0.164,0.076,0.036,0.092,0.084,0.124,0.144,0.234,0.184,0.062,0.204,0.122,0.196,0.098,0.148,0.276,0.146,0.076,0.052,0.234,0.158,0.046,0.21,0.25,0.186,0.168,0.096
2012-02-11 04:36:00,0.122,0.12,0.142,0.12,0.582,0.064,0.264,0.028,0.28,0.054,0.1,0.124,0.12,0.164,0.076,0.036,0.092,0.084,0.124,0.144,0.234,0.184,0.062,0.204,0.122,0.196,0.098,0.148,0.276,0.146,0.076,0.052,0.234,0.158,0.046,0.21,0.25,0.186,0.168,0.096
2012-02-11 04:37:00,0.122,0.12,0.142,0.12,0.582,0.064,0.264,0.028,0.28,0.054,0.1,0.124,0.12,0.164,0.076,0.036,0.092,0.084,0.124,0.144,0.234,0.184,0.062,0.204,0.122,0.196,0.098,0.148,0.276,0.146,0.076,0.052,0.234,0.158,0.046,0.21,0.25,0.186,0.168,0.096
2012-02-11 04:38:00,0.122,0.12,0.142,0.12,0.582,0.064,0.264,0.028,0.28,0.054,0.1,0.124,0.12,0.164,0.076,0.036,0.092,0.084,0.124,0.144,0.234,0.184,0.062,0.204,0.122,0.196,0.098,0.148,0.276,0.146,0.076,0.052,0.234,0.158,0.046,0.21,0.25,0.186,0.168,0.096
2012-02-11 04:39:00,0.122,0.12,0.142,0.12,0.582,0.064,0.264,0.028,0.28,0.054,0.1,0.124,0.12,0.164,0.076,0.036,0.092,0.084,0.124,0.144,0.234,0.184,0.062,0.204,0.122,0.196,0.098,0.148,0.276,0.146,0.076,0.052,0.234,0.158,0.046,0.21,0.25,0.186,0.168,0.096
2012-02-11 04:40:00,0.122,0.12,0.142,0.12,0.582,0.064,0.264,0.028,0.28,0.054,0.1,0.124,0.12,0.164,0.076,0.036,0.092,0.084,0.124,0.144,0.234,0.184,0.062,0.204,0.122,0.196,0.098,0.148,0.276,0.146,0.076,0.052,0.234,0.158,0.046,0.21,0.25,0.186,0.168,0.096
2012-02-11 04:41:00,0.122,0.12,0.142,0.12,0.582,0.064,0.264,0.028,0.28,0.054,0.1,0.124,0.12,0.164,0.076,0.036,0.092,0.084,0.124,0.144,0.234,0.184,0.062,0.204,0.122,0.196,0.098,0.148,0.276,0.146,0.076,0.052,0.234,0.158,0.046,0.21,0.25,0.186,0.168,0.096
2012-02-11 04:42:00,0.122,0.12,0.142,0.12,0.582,0.064,0.264,0.028,0.28,0.054,0.1,0.124,0.12,0.164,0.076,0.036,0.092,0.084,0.124,0.144,0.234,0.184,0.062,0.204,0.122,0.196,0.098,0.148,0.276,0.146,0.076,0.052,0.234,0.158,0.046,0.21,0.25,0.186,0.168,0.096
2012-02-11 04:43:00,0.122,0.12,0.142,0.12,0.582,0.064,0.264,0.028,0.28,0.054,0.1,0.124,0.12,0.164,0.076,0.036,0.092,0.084,0.124,0.144,0.234,0.184,0.062,0.204,0.122,0.196,0.098,0.148,0.276,0.146,0.076,0.052,0.234,0.158,0.046,0.21,0.25,0.186,0.168,0.096
2012-02-11 04:44:00,0.122,0.12,0.142,0.12,0.582,0.064,0.264,0.028,0.28,0.054,0.1,0.124,0.12,0.164,0.076,0.036,0.092,0.084,0.124,0.144,0.234,0.184,0.062,0.204,0.122,0.196,0.098,0.148,0.276,0.146,0.076,0.052,0.234,0.158,0.046,0.21,0.25,0.186,0.168,0.096
2012-02-11 04:45:00,0.122,0.12,0.142,0.12,0.582,0.064,0.264,0.028,0.28,0.054,0.1,0.124,0.12,0.164,0.076,0.036,0.092,0.084,0.124,0.144,0.234,0.184,0.062,0.204,0.122,0.196,0.098,0.148,0.276,0.146,0.076,0.052,0.234,0.158,0.046,0.21,0.25,0.186,0.168,0.096
2012-02-11 04:46:00,0.122,0.12,0.142,0.12,0.582,0.064,0.264,0.028,0.28,0.054,0.1,0.124,0.12,0.164,0.076,0.036,0.092,0.084,0.124,0.144,0.234,0.184,0.062,0.204,0.122,0.196,0.098,0.148,0.276,0.146,0.076,0.052,0.234,0.158,0.046,0.21,0.25,0.186,0.168,0.096
2012-02-11 04:47:00,0.122,0.12,0.142,0.12,0.582,0.064,0.264,0.028,0.28,0.054,0.1,0.124,0.12,0.164,0.076,0.036,0.092,0.084,0.124,0.144,0.234,0.184,0.062,0.204,0.122,0.196,0.098,0.148,0.276,0.146,0.076,0.052,0.234,0.158,0.046,0.21,0.25,0.186,0.168,0.096
2012-02-11 04:48:00,0.122,0.12,0.142,0.12,0.582,0.064,0.264,0.028,0.28,0.054,0.1,0.124,0.12,0.164,0.076,0.036,0.092,0.084,0.124,0.144,0.234,0.184,0.062,0.204,0.122,0.196,0.098,0.148,0.276,0.146,0.076,0.052,0.234,0.158,0.046,0.21,0.25,0.186,0.168,0.096
2012-02-11 04:49:00,0.122,0.12,0.142,0.12,0.582,0.064,0.264,0.028,0.28,0.054,0.1,0.124,0.12,0.164,0.076,0.036,0.092,0.084,0.124,0.144,0.234,0.184,0.062,0.204,0.122,0.196,0.098,0.148,0.276,0.146,0.076,0.052,0.234,0.158,0.046,0.21,0.25,0.186,0.168,0.096
2012-02-11 04:50:00,0.122,0.12,0.142,0.12,0.582,0.064,0.264,0.028,0.28,0.054,0.1,0.124,0.12,0.164,0.076,0.036,0.092,0.084,0.124,0.144,0.234,0.184,0.062,0.204,0.122,0.196,0.098,0.148,0.276,0.146,0.076,0.052,0.234,0.158,0.046,0.21,0.25,0.186,0.168,0.096
2012-02-11 04:51:00,0.122,0.12,0.142,0.12,0.582,0.064,0.264,0.028,0.28,0.054,0.1,0.124,0.12,0.164,0.076,0.036,0.092,0.084,0.124,0.144,0.234,0.184,0.062,0.204,0.122,0.196,0.098,0.148,0.276,0.146,0.076,0.052,0.234,0.158,0.046,0.21,0.25,0.186,0.168,0.096
2012-02-11 04:52:00,0.122,0.12,0.142,0.12,0.582,0.064,0.264,0.028,0.28,0.054,0.1,0.124,0.12,0.164,0.076,0.036,0.092,0.084,0.124,0.144,0.234,0.184,0.062,0.204,0.122,0.196,0.098,0.148,0.276,0.146,0.076,0.052,0.234,0.158,0.046,0.21,0.25,0.186,0.168,0.096
2012-02-11 04:53:00,0.122,0.12,0.142,0.12,0.582,0.064,0.264,0.028,0.28,0.054,0.1,0.124,0.12,0.164,0.076,0.036,0.092,0.084,0.124,0.144,0.234,0.184,0.062,0.204,0.122,0.196,0.098,0.148,0.276,0.146,0.076,0.052,0.234,0.158,0.046,0.21,0.25,0.186,0.168,0.096
2012-02-11 04:54:00,0.122,0.12,0.142,0.12,0.582,0.064,0.264,0.028,0.28,0.054,0.1,0.124,0.12,0.164,0.076,0.036,0.092,0.084,0.124,0.144,0.234,0.184,0.062,0.204,0.122,0.196,0.098,0.148,0.276,0.146,0.076,0.052,0.234,0.158,0.046,0.21,0.25,0.186,0.168,0.096
2012-02-11 04:55:00,0.122,0.12,0.142,0.12,0.582,0.064,0.264,0.028,0.28,0.054,0.1,0.124,0.12,0.164,0.076,0.036,0.092,0.084,0.124,0.144,0.234,0.184,0.062,0.204,0.122,0.196,0.098,0.148,0.276,0.146,0.076,0.052,0.234,0.158,0.046,0.21,0.25,0.186,0.168,0.096
2012-02-11 04:56:00,0.122,0.12,0.142,0.12,0.582,0.064,0.264,0.028,0.28,0.054,0.1,0.124,0.12,0.164,0.076,0.036,0.092,0.084,0.124,0.144,0.234,0.184,0.062,0.204,0.122,0.196,0.098,0.148,0.276,0.146,0.076,0.052,0.234,0.158,0.046,0.21,0.25,0.186,0.168,0.096
2012-02-11 04:57:00,0.122,0.12,0.142,0.12,0.582,0.064,0.264,0.028,0.28,0.054,0.1,0.124,0.12,0.164,0.076,0.036,0.092,0.084,0.124,0.144,0.234,0.184,0.062,0.204,0.122,0.196,0.098,0.148,0.276,0.146,0.076,0.052,0.234,0.158,0.046,0.21,0.25,0.186,0.168,0.096
2012-02-11 04:58:00,0.122,0.12,0.142,0.12,0.582,0.064,0.264,0.028,0.28,0.054,0.1,0.124,0.12,0.164,0.076,0.036,0.092,0.084,0.124,0.144,0.234,0.184,0.062,0.204,0.122,0.196,0.098,0.148,0.276,0.146,0.076,0.052,0.234,0.158,0.046,0.21,0.25,0.186,0.168,0.096
2012-02-11 04:59:00,0.122,0.12,0.142,0.12,0.582,0.064,0.264,0.028,0.28,0.054,0.1,0.124,0.12,0.164,0.076,0.036,0.092,0.084,0.124,0.144,0.234,0.184,0.062,0.204,0.122,0.196,0.098,0.148,0.276,0.146,0.076,0.052,0.234,0.158,0.046,0.21,0.25,0.186,0.168,0.096
2012-02-11 05:00:00,0.118,0.12,0.086,0.172,0.662,0.058,0.196,0.084,0.28,0.088,0.81,0.118,0.026,0.1,0.142,0.084,0.098,0.09,0.082,0.556,0.248,0.132,0.106,0.302,0.138,0.196,0.096,0.062,0.254,0.172,0.078,0.03,0.194,0.122,0.072,0.15,0.506,0.108,0.172,0.136
2012-02-11 05:01:00,0.118,0.12,0.086,0.172,0.662,0.058,0.196,0.084,0.28,0.088,0.81,0.118,0.026,0.1,0.142,0.084,0.098,0.09,0.082,0.556,0.248,0.132,0.106,0.302,0.138,0.196,0.096,0.062,0.254,0.172,0.078,0.03,0.194,0.122,0.072,0.15,0.506,0.108,0.172,0.136
2012-02-11 05:02:00,0.118,0.12,0.086,0.172,0.662,0.058,0.196,0.084,0.28,0.088,0.81,0.118,0.026,0.1,0.142,0.084,0.098,0.09,0.082,0.556,0.248,0.132,0.106,0.302,0.138,0.196,0.096,0.062,0.254,0.172,0.078,0.03,0.194,0.122,0.072,0.15,0.506,0.108,0.172,0.136
2012-02-11 05:03:00,0.118,0.12,0.086,0.172,0.662,0.058,0.196,0.084,0.28,0.088,0.81,0.118,0.026,0.1,0.142,0.084,0.098,0.09,0.082,0.556,0.248,0.132,0.106,0.302,0.138,0.196,0.096,0.062,0.254,0.172,0.078,0.03,0.194,0.122,0.072,0.15,0.506,0.108,0.172,0.136
2012-02-11 05:04:00,0.118,0.12,0.086,0.172,0.662,0.058,0.196,0.084,0.28,0.088,0.81,0.118,0.026,0.1,0.142,0.084,0.098,0.09,0.082,0.556,0.248,0.132,0.106,0.302,0.138,0.196,0.096,0.062,0.254,0.172,0.078,0.03,0.194,0.122,0.072,0.15,0.506,0.108,0.172,0.136
2012-02-11 05:05:00,0.118,0.12,0.086,0.172,0.662,0.058,0.196,0.084,0.28,0.088,0.81,0.118,0.026,0.1,0.142,0.084,0.098,0.09,0.082,0.556,0.248,0.132,0.106,0.302,0.138,0.196,0.096,0.062,0.254,0.172,0.078,0.03,0.194,0.122,0.072,0.15,0.506,0.108,0.172,0.136
2012-02-11 05:06:00,0.118,0.12,0.086,0.172,0.662,0.058,0.196,0.084,0.28,0.088,0.81,0.118,0.026,0.1,0.142,0.084,0.098,0.09,0.082,0.556,0.248,0.132,0.106,0.302,0.138,0.196,0.096,0.062,0.254,0.172,0.078,0.03,0.194,0.122,0.072,0.15,0.506,0.108,0.172,0.136
2012-02-11 05:07:00,0.118,0.12,0.086,0.172,0.662,0.058,0.196,0.084,0.28,0.088,0.81,0.118,0.026,0.1,0.142,0.084,0.098,0.09,0.082,0.556,0.248,0.132,0.106,0.302,0.138,0.196,0.096,0.062,0.254,0.172,0.078,0.03,0.194,0.122,0.072,0.15,0.506,0.108,0.172,0.136
2012-02-11 05:08:00,0.118,0.12,0.086,0.172,0.662,0.058,0.196,0.084,0.28,0.088,0.81,0.118,0.026,0.1,0.142,0.084,0.098,0.09,0.082,0.556,0.248,0.132,0.106,0.302,0.138,0.196,0.096,0.062,0.254,0.172,0.078,0.03,0.194,0.122,0.072,0.15,0.506,0.108,0.172,0.136
2012-02-11 05:09:00,0.118,0.12,0.086,0.172,0.662,0.058,0.196,0.084,0.28,0.088,0.81,0.118,0.026,0.1,0.142,0.084,0.098,0.09,0.082,0.556,0.248,0.132,0.106,0.302,0.138,0.196,0.096,0.062,0.254,0.172,0.078,0.03,0.194,0.122,0.072,0.15,0.506,0.108,0.172,0.136
2012-02-11 05:10:00,0.118,0.12,0.086,0.172,0.662,0.058,0.196,0.084,0.28,0.088,0.81,0.118,0.026,0.1,0.142,0.084,0.098,0.09,0.082,0.556,0.248,0.132,0.106,0.302,0.138,0.196,0.096,0.062,0.254,0.172,0.078,0.03,0.194,0.122,0.072,0.15,0.506,0.108,0.172,0.136
2012-02-11 05:11:00,0.118,0.12,0.086,0.172,0.662,0.058,0.196,0.084,0.28,0.088,0.81,0.118,0.026,0.1,0.142,0.084,0.098,0.09,0.082,0.556,0.248,0.132,0.106,0.302,0.138,0.196,0.096,0.062,0.254,0.172,0.078,0.03,0.194,0.122,0.072,0.15,0.506,0.108,0.172,0.136
2012-02-11 05:12:00,0.118,0.12,0.086,0.172,0.662,0.058,0.196,0.084,0.28,0.088,0.81,0.118,0.026,0.1,0.142,0.084,0.098,0.09,0.082,0.556,0.248,0.132,0.106,0.302,0.138,0.196,0.096,0.062,0.254,0.172,0.078,0.03,0.194,0.122,0.072,0.15,0.506,0.108,0.172,0.136
2012-02-11 05:13:00,0.118,0.12,0.086,0.172,0.662,0.058,0.196,0.084,0.28,0.088,0.81,0.118,0.026,0.1,0.142,0.084,0.098,0.09,0.082,0.556,0.248,0.132,0.106,0.302,0.138,0.196,0.096,0.062,0.254,0.172,0.078,0.03,0.194,0.122,0.072,0.15,0.506,0.108,0.172,0.136
2012-02-11 05:14:00,0.118,0.12,0.086,0.172,0.662,0.058,0.196,0.084,0.28,0.088,0.81,0.118,0.026,0.1,0.142,0.084,0.098,0.09,0.082,0.556,0.248,0.132,0.106,0.302,0.138,0.196,0.096,0.062,0.254,0.172,0.078,0.03,0.194,0.122,0.072,0.15,0.506,0.108,0.172,0.136
2012-02-11 05:15:00,0.118,0.12,0.086,0.172,0.662,0.058,0.196,0.084,0.28,0.088,0.81,0.118,0.026,0.1,0.142,0.084,0.098,0.09,0.082,0.556,0.248,0.132,0.106,0.302,0.138,0.196,0.096,0.062,0.254,0.172,0.078,0.03,0.194,0.122,0.072,0.15,0.506,0.108,0.172,0.136
2012-02-11 05:16:00,0.118,0.12,0.086,0.172,0.662,0.058,0.196,0.084,0.28,0.088,0.81,0.118,0.026,0.1,0.142,0.084,0.098,0.09,0.082,0.556,0.248,0.132,0.106,0.302,0.138,0.196,0.096,0.062,0.254,0.172,0.078,0.03,0.194,0.122,0.072,0.15,0.506,0.108,0.172,0.136
2012-02-11 05:17:00,0.118,0.12,0.086,0.172,0.662,0.058,0.196,0.084,0.28,0.088,0.81,0.118,0.026,0.1,0.142,0.084,0.098,0.09,0.082,0.556,0.248,0.132,0.106,0.302,0.138,0.196,0.096,0.062,0.254,0.172,0.078,0.03,0.194,0.122,0.072,0.15,0.506,0.108,0.172,0.136
2012-02-11 05:18:00,0.118,0.12,0.086,0.172,0.662,0.058,0.196,0.084,0.28,0.088,0.81,0.118,0.026,0.1,0.142,0.084,0.098,0.09,0.082,0.556,0.248,0.132,0.106,0.302,0.138,0.196,0.096,0.062,0.254,0.172,0.078,0.03,0.194,0.122,0.072,0.15,0.506,0.108,0.172,0.136
2012-02-11 05:19:00,0.118,0.12,0.086,0.172,0.662,0.058,0.196,0.084,0.28,0.088,0.81,0.118,0.026,0.1,0.142,0.084,0.098,0.09,0.082,0.556,0.248,0.132,0.106,0.302,0.138,0.196,0.096,0.062,0.254,0.172,0.078,0.03,0.194,0.122,0.072,0.15,0.506,0.108,0.172,0.136
2012-02-11 05:20:00,0.118,0.12,0.086,0.172,0.662,0.058,0.196,0.084,0.28,0.088,0.81,0.118,0.026,0.1,0.142,0.084,0.098,0.09,0.082,0.556,0.248,0.132,0.106,0.302,0.138,0.196,0.096,0.062,0.254,0.172,0.078,0.03,0.194,0.122,0.072,0.15,0.506,0.108,0.172,0.136
2012-02-11 05:21:00,0.118,0.12,0.086,0.172,0.662,0.058,0.196,0.084,0.28,0.088,0.81,0.118,0.026,0.1,0.142,0.084,0.098,0.09,0.082,0.556,0.248,0.132,0.106,0.302,0.138,0.196,0.096,0.062,0.254,0.172,0.078,0.03,0.194,0.122,0.072,0.15,0.506,0.108,0.172,0.136
2012-02-11 05:22:00,0.118,0.12,0.086,0.172,0.662,0.058,0.196,0.084,0.28,0.088,0.81,0.118,0.026,0.1,0.142,0.084,0.098,0.09,0.082,0.556,0.248,0.132,0.106,0.302,0.138,0.196,0.096,0.062,0.254,0.172,0.078,0.03,0.194,0.122,0.072,0.15,0.506,0.108,0.172,0.136
2012-02-11 05:23:00,0.118,0.12,0.086,0.172,0.662,0.058,0.196,0.084,0.28,0.088,0.81,0.118,0.026,0.1,0.142,0.084,0.098,0.09,0.082,0.556,0.248,0.132,0.106,0.302,0.138,0.196,0.096,0.062,0.254,0.172,0.078,0.03,0.194,0.122,0.072,0.15,0.506,0.108,0.172,0.136
2012-02-11 05:24:00,0.118,0.12,0.086,0.172,0.662,0.058,0.196,0.084,0.28,0.088,0.81,0.118,0.026,0.1,0.142,0.084,0.098,0.09,0.082,0.556,0.248,0.132,0.106,0.302,0.138,0.196,0.096,0.062,0.254,0.172,0.078,0.03,0.194,0.122,0.072,0.15,0.506,0.108,0.172,0.136
2012-02-11 05:25:00,0.118,0.12,0.086,0.172,0.662,0.058,0.196,0.084,0.28,0.088,0.81,0.118,0.026,0.1,0.142,0.084,0.098,0.09,0.082,0.556,0.248,0.132,0.106,0.302,0.138,0.196,0.096,0.062,0.254,0.172,0.078,0.03,0.194,0.122,0.072,0.15,0.506,0.108,0.172,0.136
2012-02-11 05:26:00,0.118,0.12,0.086,0.172,0.662,0.058,0.196,0.084,0.28,0.088,0.81,0.118,0.026,0.1,0.142,0.084,0.098,0.09,0.082,0.556,0.248,0.132,0.106,0.302,0.138,0.196,0.096,0.062,0.254,0.172,0.078,0.03,0.194,0.122,0.072,0.15,0.506,0.108,0.172,0.136
2012-02-11 05:27:00,0.118,0.12,0.086,0.172,0.662,0.058,0.196,0.084,0.28,0.088,0.81,0.118,0.026,0.1,0.142,0.084,0.098,0.09,0.082,0.556,0.248,0.132,0.106,0.302,0.138,0.196,0.096,0.062,0.254,0.172,0.078,0.03,0.194,0.122,0.072,0.15,0.506,0.108,0.172,0.136
2012-02-11 05:28:00,0.118,0.12,0.086,0.172,0.662,0.058,0.196,0.084,0.28,0.088,0.81,0.118,0.026,0.1,0.142,0.084,0.098,0.09,0.082,0.556,0.248,0.132,0.106,0.302,0.138,0.196,0.096,0.062,0.254,0.172,0.078,0.03,0.194,0.122,0.072,0.15,0.506,0.108,0.172,0.136
2012-02-11 05:29:00,0.118,0.12,0.086,0.172,0.662,0.058,0.196,0.084,0.28,0.088,0.81,0.118,0.026,0.1,0.142,0.084,0.098,0.09,0.082,0.556,0.248,0.132,0.106,0.302,0.138,0.196,0.096,0.062,0.254,0.172,0.078,0.03,0.194,0.122,0.072,0.15,0.506,0.108,0.172,0.136
2012-02-11 05:30:00,0.112,0.076,0.08,0.362,0.58,0.052,0.178,0.046,0.28,0.036,0.25,0.152,0.028,0.17,0.208,0.014,0.146,0.086,0.05,0.406,0.358,0.13,0.12,0.316,0.12,0.196,0.07,0.044,0.172,0.108,0.096,0.052,0.168,0.144,0.04,0.178,0.248,0.114,0.26,0.056
2012-02-11 05:31:00,0.112,0.076,0.08,0.362,0.58,0.052,0.178,0.046,0.28,0.036,0.25,0.152,0.028,0.17,0.208,0.014,0.146,0.086,0.05,0.406,0.358,0.13,0.12,0.316,0.12,0.196,0.07,0.044,0.172,0.108,0.096,0.052,0.168,0.144,0.04,0.178,0.248,0.114,0.26,0.056
2012-02-11 05:32:00,0.112,0.076,0.08,0.362,0.58,0.052,0.178,0.046,0.28,0.036,0.25,0.152,0.028,0.17,0.208,0.014,0.146,0.086,0.05,0.406,0.358,0.13,0.12,0.316,0.12,0.196,0.07,0.044,0.172,0.108,0.096,0.052,0.168,0.144,0.04,0.178,0.248,0.114,0.26,0.056
2012-02-11 05:33:00,0.112,0.076,0.08,0.362,0.58,0.052,0.178,0.046,0.28,0.036,0.25,0.152,0.028,0.17,0.208,0.014,0.146,0.086,0.05,0.406,0.358,0.13,0.12,0.316,0.12,0.196,0.07,0.044,0.172,0.108,0.096,0.052,0.168,0.144,0.04,0.178,0.248,0.114,0.26,0.056
2012-02-11 05:34:00,0.112,0.076,0.08,0.362,0.58,0.052,0.178,0.046,0.28,0.036,0.25,0.152,0.028,0.17,0.208,0.014,0.146,0.086,0.05,0.406,0.358,0.13,0.12,0.316,0.12,0.196,0.07,0.044,0.172,0.108,0.096,0.052,0.168,0.144,0.04,0.178,0.248,0.114,0.26,0.056
2012-02-11 05:35:00,0.112,0.076,0.08,0.362,0.58,0.052,0.178,0.046,0.28,0.036,0.25,0.152,0.028,0.17,0.208,0.014,0.146,0.086,0.05,0.406,0.358,0.13,0.12,0.316,0.12,0.196,0.07,0.044,0.172,0.108,0.096,0.052,0.168,0.144,0.04,0.178,0.248,0.114,0.26,0.056
2012-02-11 05:36:00,0.112,0.076,0.08,0.362,0.58,0.052,0.178,0.046,0.28,0.036,0.25,0.152,0.028,0.17,0.208,0.014,0.146,0.086,0.05,0.406,0.358,0.13,0.12,0.316,0.12,0.196,0.07,0.044,0.172,0.108,0.096,0.052,0.168,0.144,0.04,0.178,0.248,0.114,0.26,0.056
2012-02-11 05:37:00,0.112,0.076,0.08,0.362,0.58,0.052,0.178,0.046,0.28,0.036,0.25,0.152,0.028,0.17,0.208,0.014,0.146,0.086,0.05,0.406,0.358,0.13,0.12,0.316,0.12,0.196,0.07,0.044,0.172,0.108,0.096,0.052,0.168,0.144,0.04,0.178,0.248,0.114,0.26,0.056
2012-02-11 05:38:00,0.112,0.076,0.08,0.362,0.58,0.052,0.178,0.046,0.28,0.036,0.25,0.152,0.028,0.17,0.208,0.014,0.146,0.086,0.05,0.406,0.358,0.13,0.12,0.316,0.12,0.196,0.07,0.044,0.172,0.108,0.096,0.052,0.168,0.144,0.04,0.178,0.248,0.114,0.26,0.056
2012-02-11 05:39:00,0.112,0.076,0.08,0.362,0.58,0.052,0.178,0.046,0.28,0.036,0.25,0.152,0.028,0.17,0.208,0.014,0.146,0.086,0.05,0.406,0.358,0.13,0.12,0.316,0.12,0.196,0.07,0.044,0.172,0.108,0.096,0.052,0.168,0.144,0.04,0.178,0.248,0.114,0.26,0.056
2012-02-11 05:40:00,0.112,0.076,0.08,0.362,0.58,0.052,0.178,0.046,0.28,0.036,0.25,0.152,0.028,0.17,0.208,0.014,0.146,0.086,0.05,0.406,0.358,0.13,0.12,0.316,0.12,0.196,0.07,0.044,0.172,0.108,0.096,0.052,0.168,0.144,0.04,0.178,0.248,0.114,0.26,0.056
2012-02-11 05:41:00,0.112,0.076,0.08,0.362,0.58,0.052,0.178,0.046,0.28,0.036,0.25,0.152,0.028,0.17,0.208,0.014,0.146,0.086,0.05,0.406,0.358,0.13,0.12,0.316,0.12,0.196,0.07,0.044,0.172,0.108,0.096,0.052,0.168,0.144,0.04,0.178,0.248,0.114,0.26,0.056
2012-02-11 05:42:00,0.112,0.076,0.08,0.362,0.58,0.052,0.178,0.046,0.28,0.036,0.25,0.152,0.028,0.17,0.208,0.014,0.146,0.086,0.05,0.406,0.358,0.13,0.12,0.316,0.12,0.196,0.07,0.044,0.172,0.108,0.096,0.052,0.168,0.144,0.04,0.178,0.248,0.114,0.26,0.056
2012-02-11 05:43:00,0.112,0.076,0.08,0.362,0.58,0.052,0.178,0.046,0.28,0.036,0.25,0.152,0.028,0.17,0.208,0.014,0.146,0.086,0.05,0.406,0.358,0.13,0.12,0.316,0.12,0.196,0.07,0.044,0.172,0.108,0.096,0.052,0.168,0.144,0.04,0.178,0.248,0.114,0.26,0.056
2012-02-11 05:44:00,0.112,0.076,0.08,0.362,0.58,0.052,0.178,0.046,0.28,0.036,0.25,0.152,0.028,0.17,0.208,0.014,0.146,0.086,0.05,0.406,0.358,0.13,0.12,0.316,0.12,0.196,0.07,0.044,0.172,0.108,0.096,0.052,0.168,0.144,0.04,0.178,0.248,0.114,0.26,0.056
2012-02-11 05:45:00,0.112,0.076,0.08,0.362,0.58,0.052,0.178,0.046,0.28,0.036,0.25,0.152,0.028,0.17,0.208,0.014,0.146,0.086,0.05,0.406,0.358,0.13,0.12,0.316,0.12,0.196,0.07,0.044,0.172,0.108,0.096,0.052,0.168,0.144,0.04,0.178,0.248,0.114,0.26,0.056
2012-02-11 05:46:00,0.112,0.076,0.08,0.362,0.58,0.052,0.178,0.046,0.28,0.036,0.25,0.152,0.028,0.17,0.208,0.014,0.146,0.086,0.05,0.406,0.358,0.13,0.12,0.316,0.12,0.196,0.07,0.044,0.172,0.108,0.096,0.052,0.168,0.144,0.04,0.178,0.248,0.114,0.26,0.056
2012-02-11 05:47:00,0.112,0.076,0.08,0.362,0.58,0.052,0.178,0.046,0.28,0.036,0.25,0.152,0.028,0.17,0.208,0.014,0.146,0.086,0.05,0.406,0.358,0.13,0.12,0.316,0.12,0.196,0.07,0.044,0.172,0.108,0.096,0.052,0.168,0.144,0.04,0.178,0.248,0.114,0.26,0.056
2012-02-11 05:48:00,0.112,0.076,0.08,0.362,0.58,0.052,0.178,0.046,0.28,0.036,0.25,0.152,0.028,0.17,0.208,0.014,0.146,0.086,0.05,0.406,0.358,0.13,0.12,0.316,0.12,0.196,0.07,0.044,0.172,0.108,0.096,0.052,0.168,0.144,0.04,0.178,0.248,0.114,0.26,0.056
2012-02-11 05:49:00,0.112,0.076,0.08,0.362,0.58,0.052,0.178,0.046,0.28,0.036,0.25,0.152,0.028,0.17,0.208,0.014,0.146,0.086,0.05,0.406,0.358,0.13,0.12,0.316,0.12,0.196,0.07,0.044,0.172,0.108,0.096,0.052,0.168,0.144,0.04,0.178,0.248,0.114,0.26,0.056
2012-02-11 05:50:00,0.112,0.076,0.08,0.362,0.58,0.052,0.178,0.046,0.28,0.036,0.25,0.152,0.028,0.17,0.208,0.014,0.146,0.086,0.05,0.406,0.358,0.13,0.12,0.316,0.12,0.196,0.07,0.044,0.172,0.108,0.096,0.052,0.168,0.144,0.04,0.178,0.248,0.114,0.26,0.056
2012-02-11 05:51:00,0.112,0.076,0.08,0.362,0.58,0.052,0.178,0.046,0.28,0.036,0.25,0.152,0.028,0.17,0.208,0.014,0.146,0.086,0.05,0.406,0.358,0.13,0.12,0.316,0.12,0.196,0.07,0.044,0.172,0.108,0.096,0.052,0.168,0.144,0.04,0.178,0.248,0.114,0.26,0.056
2012-02-11 05:52:00,0.112,0.076,0.08,0.362,0.58,0.052,0.178,0.046,0.28,0.036,0.25,0.152,0.028,0.17,0.208,0.014,0.146,0.086,0.05,0.406,0.358,0.13,0.12,0.316,0.12,0.196,0.07,0.044,0.172,0.108,0.096,0.052,0.168,0.144,0.04,0.178,0.248,0.114,0.26,0.056
2012-02-11 05:53:00,0.112,0.076,0.08,0.362,0.58,0.052,0.178,0.046,0.28,0.036,0.25,0.152,0.028,0.17,0.208,0.014,0.146,0.086,0.05,0.406,0.358,0.13,0.12,0.316,0.12,0.196,0.07,0.044,0.172,0.108,0.096,0.052,0.168,0.144,0.04,0.178,0.248,0.114,0.26,0.056
2012-02-11 05:54:00,0.112,0.076,0.08,0.362,0.58,0.052,0.178,0.046,0.28,0.036,0.25,0.152,0.028,0.17,0.208,0.014,0.146,0.086,0.05,0.406,0.358,0.13,0.12,0.316,0.12,0.196,0.07,0.044,0.172,0.108,0.096,0.052,0.168,0.144,0.04,0.178,0.248,0.114,0.26,0.056
2012-02-11 05:55:00,0.112,0.076,0.08,0.362,0.58,0.052,0.178,0.046,0.28,0.036,0.25,0.152,0.028,0.17,0.208,0.014,0.146,0.086,0.05,0.406,0.358,0.13,0.12,0.316,0.12,0.196,0.07,0.044,0.172,0.108,0.096,0.052,0.168,0.144,0.04,0.178,0.248,0.114,0.26,0.056
2012-02-11 05:56:00,0.112,0.076,0.08,0.362,0.58,0.052,0.178,0.046,0.28,0.036,0.25,0.152,0.028,0.17,0.208,0.014,0.146,0.086,0.05,0.406,0.358,0.13,0.12,0.316,0.12,0.196,0.07,0.044,0.172,0.108,0.096,0.052,0.168,0.144,0.04,0.178,0.248,0.114,0.26,0.056
2012-02-11 05:57:00,0.112,0.076,0.08,0.362,0.58,0.052,0.178,0.046,0.28,0.036,0.25,0.152,0.028,0.17,0.208,0.014,0.146,0.086,0.05,0.406,0.358,0.13,0.12,0.316,0.12,0.196,0.07,0.044,0.172,0.108,0.096,0.052,0.168,0.144,0.04,0.178,0.248,0.114,0.26,0.056
2012-02-11 05:58:00,0.112,0.076,0.08,0.362,0.58,0.052,0.178,0.046,0.28,0.036,0.25,0.152,0.028,0.17,0.208,0.014,0.146,0.086,0.05,0.406,0.358,0.13,0.12,0.316,0.12,0.196,0.07,0.044,0.172,0.108,0.096,0.052,0.168,0.144,0.04,0.178,0.248,0.114,0.26,0.056
2012-02-11 05:59:00,0.112,0.076,0.08,0.362,0.58,0.052,0.178,0.046,0.28,0.036,0.25,0.152,0.028,0.17,0.208,0.014,0.146,0.086,0.05,0.406,0.358,0.13,0.12,0.316,0.12,0.196,0.07,0.044,0.172,0.108,0.096,0.052,0.168,0.144,0.04,0.178,0.248,0.114,0.26,0.056
2012-02-11 06:00:00,0.132,0.046,0.076,0.236,0.47,0.078,0.178,0.068,0.278,0.05,0.214,0.118,0.026,0.088,0.128,0.074,0.128,0.132,0.152,0.614,0.45,0.176,0.12,0.292,0.254,0.19,0.146,0.166,0.18,0.07,0.078,0.046,0.202,0.198,0.078,0.136,0.256,0.098,0.316,0.154
2012-02-11 06:01:00,0.132,0.046,0.076,0.236,0.47,0.078,0.178,0.068,0.278,0.05,0.214,0.118,0.026,0.088,0.128,0.074,0.128,0.132,0.152,0.614,0.45,0.176,0.12,0.292,0.254,0.19,0.146,0.166,0.18,0.07,0.078,0.046,0.202,0.198,0.078,0.136,0.256,0.098,0.316,0.154
2012-02-11 06:02:00,0.132,0.046,0.076,0.236,0.47,0.078,0.178,0.068,0.278,0.05,0.214,0.118,0.026,0.088,0.128,0.074,0.128,0.132,0.152,0.614,0.45,0.176,0.12,0.292,0.254,0.19,0.146,0.166,0.18,0.07,0.078,0.046,0.202,0.198,0.078,0.136,0.256,0.098,0.316,0.154
2012-02-11 06:03:00,0.132,0.046,0.076,0.236,0.47,0.078,0.178,0.068,0.278,0.05,0.214,0.118,0.026,0.088,0.128,0.074,0.128,0.132,0.152,0.614,0.45,0.176,0.12,0.292,0.254,0.19,0.146,0.166,0.18,0.07,0.078,0.046,0.202,0.198,0.078,0.136,0.256,0.098,0.316,0.154
2012-02-11 06:04:00,0.132,0.046,0.076,0.236,0.47,0.078,0.178,0.068,0.278,0.05,0.214,0.118,0.026,0.088,0.128,0.074,0.128,0.132,0.152,0.614,0.45,0.176,0.12,0.292,0.254,0.19,0.146,0.166,0.18,0.07,0.078,0.046,0.202,0.198,0.078,0.136,0.256,0.098,0.316,0.154
2012-02-11 06:05:00,0.132,0.046,0.076,0.236,0.47,0.078,0.178,0.068,0.278,0.05,0.214,0.118,0.026,0.088,0.128,0.074,0.128,0.132,0.152,0.614,0.45,0.176,0.12,0.292,0.254,0.19,0.146,0.166,0.18,0.07,0.078,0.046,0.202,0.198,0.078,0.136,0.256,0.098,0.316,0.154
2012-02-11 06:06:00,0.132,0.046,0.076,0.236,0.47,0.078,0.178,0.068,0.278,0.05,0.214,0.118,0.026,0.088,0.128,0.074,0.128,0.132,0.152,0.614,0.45,0.176,0.12,0.292,0.254,0.19,0.146,0.166,0.18,0.07,0.078,0.046,0.202,0.198,0.078,0.136,0.256,0.098,0.316,0.154
2012-02-11 06:07:00,0.132,0.046,0.076,0.236,0.47,0.078,0.178,0.068,0.278,0.05,0.214,0.118,0.026,0.088,0.128,0.074,0.128,0.132,0.152,0.614,0.45,0.176,0.12,0.292,0.254,0.19,0.146,0.166,0.18,0.07,0.078,0.046,0.202,0.198,0.078,0.136,0.256,0.098,0.316,0.154
2012-02-11 06:08:00,0.132,0.046,0.076,0.236,0.47,0.078,0.178,0.068,0.278,0.05,0.214,0.118,0.026,0.088,0.128,0.074,0.128,0.132,0.152,0.614,0.45,0.176,0.12,0.292,0.254,0.19,0.146,0.166,0.18,0.07,0.078,0.046,0.202,0.198,0.078,0.136,0.256,0.098,0.316,0.154
2012-02-11 06:09:00,0.132,0.046,0.076,0.236,0.47,0.078,0.178,0.068,0.278,0.05,0.214,0.118,0.026,0.088,0.128,0.074,0.128,0.132,0.152,0.614,0.45,0.176,0.12,0.292,0.254,0.19,0.146,0.166,0.18,0.07,0.078,0.046,0.202,0.198,0.078,0.136,0.256,0.098,0.316,0.154
2012-02-11 06:10:00,0.132,0.046,0.076,0.236,0.47,0.078,0.178,0.068,0.278,0.05,0.214,0.118,0.026,0.088,0.128,0.074,0.128,0.132,0.152,0.614,0.45,0.176,0.12,0.292,0.254,0.19,0.146,0.166,0.18,0.07,0.078,0.046,0.202,0.198,0.078,0.136,0.256,0.098,0.316,0.154
2012-02-11 06:11:00,0.132,0.046,0.076,0.236,0.47,0.078,0.178,0.068,0.278,0.05,0.214,0.118,0.026,0.088,0.128,0.074,0.128,0.132,0.152,0.614,0.45,0.176,0.12,0.292,0.254,0.19,0.146,0.166,0.18,0.07,0.078,0.046,0.202,0.198,0.078,0.136,0.256,0.098,0.316,0.154
2012-02-11 06:12:00,0.132,0.046,0.076,0.236,0.47,0.078,0.178,0.068,0.278,0.05,0.214,0.118,0.026,0.088,0.128,0.074,0.128,0.132,0.152,0.614,0.45,0.176,0.12,0.292,0.254,0.19,0.146,0.166,0.18,0.07,0.078,0.046,0.202,0.198,0.078,0.136,0.256,0.098,0.316,0.154
2012-02-11 06:13:00,0.132,0.046,0.076,0.236,0.47,0.078,0.178,0.068,0.278,0.05,0.214,0.118,0.026,0.088,0.128,0.074,0.128,0.132,0.152,0.614,0.45,0.176,0.12,0.292,0.254,0.19,0.146,0.166,0.18,0.07,0.078,0.046,0.202,0.198,0.078,0.136,0.256,0.098,0.316,0.154
2012-02-11 06:14:00,0.132,0.046,0.076,0.236,0.47,0.078,0.178,0.068,0.278,0.05,0.214,0.118,0.026,0.088,0.128,0.074,0.128,0.132,0.152,0.614,0.45,0.176,0.12,0.292,0.254,0.19,0.146,0.166,0.18,0.07,0.078,0.046,0.202,0.198,0.078,0.136,0.256,0.098,0.316,0.154
2012-02-11 06:15:00,0.132,0.046,0.076,0.236,0.47,0.078,0.178,0.068,0.278,0.05,0.214,0.118,0.026,0.088,0.128,0.074,0.128,0.132,0.152,0.614,0.45,0.176,0.12,0.292,0.254,0.19,0.146,0.166,0.18,0.07,0.078,0.046,0.202,0.198,0.078,0.136,0.256,0.098,0.316,0.154
2012-02-11 06:16:00,0.132,0.046,0.076,0.236,0.47,0.078,0.178,0.068,0.278,0.05,0.214,0.118,0.026,0.088,0.128,0.074,0.128,0.132,0.152,0.614,0.45,0.176,0.12,0.292,0.254,0.19,0.146,0.166,0.18,0.07,0.078,0.046,0.202,0.198,0.078,0.136,0.256,0.098,0.316,0.154
2012-02-11 06:17:00,0.132,0.046,0.076,0.236,0.47,0.078,0.178,0.068,0.278,0.05,0.214,0.118,0.026,0.088,0.128,0.074,0.128,0.132,0.152,0.614,0.45,0.176,0.12,0.292,0.254,0.19,0.146,0.166,0.18,0.07,0.078,0.046,0.202,0.198,0.078,0.136,0.256,0.098,0.316,0.154
2012-02-11 06:18:00,0.132,0.046,0.076,0.236,0.47,0.078,0.178,0.068,0.278,0.05,0.214,0.118,0.026,0.088,0.128,0.074,0.128,0.132,0.152,0.614,0.45,0.176,0.12,0.292,0.254,0.19,0.146,0.166,0.18,0.07,0.078,0.046,0.202,0.198,0.078,0.136,0.256,0.098,0.316,0.154
2012-02-11 06:19:00,0.132,0.046,0.076,0.236,0.47,0.078,0.178,0.068,0.278,0.05,0.214,0.118,0.026,0.088,0.128,0.074,0.128,0.132,0.152,0.614,0.45,0.176,0.12,0.292,0.254,0.19,0.146,0.166,0.18,0.07,0.078,0.046,0.202,0.198,0.078,0.136,0.256,0.098,0.316,0.154
2012-02-11 06:20:00,0.132,0.046,0.076,0.236,0.47,0.078,0.178,0.068,0.278,0.05,0.214,0.118,0.026,0.088,0.128,0.074,0.128,0.132,0.152,0.614,0.45,0.176,0.12,0.292,0.254,0.19,0.146,0.166,0.18,0.07,0.078,0.046,0.202,0.198,0.078,0.136,0.256,0.098,0.316,0.154
2012-02-11 06:21:00,0.132,0.046,0.076,0.236,0.47,0.078,0.178,0.068,0.278,0.05,0.214,0.118,0.026,0.088,0.128,0.074,0.128,0.132,0.152,0.614,0.45,0.176,0.12,0.292,0.254,0.19,0.146,0.166,0.18,0.07,0.078,0.046,0.202,0.198,0.078,0.136,0.256,0.098,0.316,0.154
2012-02-11 06:22:00,0.132,0.046,0.076,0.236,0.47,0.078,0.178,0.068,0.278,0.05,0.214,0.118,0.026,0.088,0.128,0.074,0.128,0.132,0.152,0.614,0.45,0.176,0.12,0.292,0.254,0.19,0.146,0.166,0.18,0.07,0.078,0.046,0.202,0.198,0.078,0.136,0.256,0.098,0.316,0.154
2012-02-11 06:23:00,0.132,0.046,0.076,0.236,0.47,0.078,0.178,0.068,0.278,0.05,0.214,0.118,0.026,0.088,0.128,0.074,0.128,0.132,0.152,0.614,0.45,0.176,0.12,0.292,0.254,0.19,0.146,0.166,0.18,0.07,0.078,0.046,0.202,0.198,0.078,0.136,0.256,0.098,0.316,0.154
2012-02-11 06:24:00,0.132,0.046,0.076,0.236,0.47,0.078,0.178,0.068,0.278,0.05,0.214,0.118,0.026,0.088,0.128,0.074,0.128,0.132,0.152,0.614,0.45,0.176,0.12,0.292,0.254,0.19,0.146,0.166,0.18,0.07,0.078,0.046,0.202,0.198,0.078,0.136,0.256,0.098,0.316,0.154
2012-02-11 06:25:00,0.132,0.046,0.076,0.236,0.47,0.078,0.178,0.068,0.278,0.05,0.214,0.118,0.026,0.088,0.128,0.074,0.128,0.132,0.152,0.614,0.45,0.176,0.12,0.292,0.254,0.19,0.146,0.166,0.18,0.07,0.078,0.046,0.202,0.198,0.078,0.136,0.256,0.098,0.316,0.154
2012-02-11 06:26:00,0.132,0.046,0.076,0.236,0.47,0.078,0.178,0.068,0.278,0.05,0.214,0.118,0.026,0.088,0.128,0.074,0.128,0.132,0.152,0.614,0.45,0.176,0.12,0.292,0.254,0.19,0.146,0.166,0.18,0.07,0.078,0.046,0.202,0.198,0.078,0.136,0.256,0.098,0.316,0.154
2012-02-11 06:27:00,0.132,0.046,0.076,0.236,0.47,0.078,0.178,0.068,0.278,0.05,0.214,0.118,0.026,0.088,0.128,0.074,0.128,0.132,0.152,0.614,0.45,0.176,0.12,0.292,0.254,0.19,0.146,0.166,0.18,0.07,0.078,0.046,0.202,0.198,0.078,0.136,0.256,0.098,0.316,0.154
2012-02-11 06:28:00,0.132,0.046,0.076,0.236,0.47,0.078,0.178,0.068,0.278,0.05,0.214,0.118,0.026,0.088,0.128,0.074,0.128,0.132,0.152,0.614,0.45,0.176,0.12,0.292,0.254,0.19,0.146,0.166,0.18,0.07,0.078,0.046,0.202,0.198,0.078,0.136,0.256,0.098,0.316,0.154
2012-02-11 06:29:00,0.132,0.046,0.076,0.236,0.47,0.078,0.178,0.068,0.278,0.05,0.214,0.118,0.026,0.088,0.128,0.074,0.128,0.132,0.152,0.614,0.45,0.176,0.12,0.292,0.254,0.19,0.146,0.166,0.18,0.07,0.078,0.046,0.202,0.198,0.078,0.136,0.256,0.098,0.316,0.154
2012-02-11 06:30:00,0.132,0.104,0.14,0.098,0.236,0.102,0.176,0.028,0.274,0.082,0.114,0.138,0.024,1.026,0.132,0.032,0.094,0.19,0.078,0.468,0.352,0.174,0.102,0.206,0.228,0.19,0.072,0.042,0.22,0.352,0.076,0.038,0.284,0.178,0.034,0.184,0.22,0.086,0.304,0.1
2012-02-11 06:31:00,0.132,0.104,0.14,0.098,0.236,0.102,0.176,0.028,0.274,0.082,0.114,0.138,0.024,1.026,0.132,0.032,0.094,0.19,0.078,0.468,0.352,0.174,0.102,0.206,0.228,0.19,0.072,0.042,0.22,0.352,0.076,0.038,0.284,0.178,0.034,0.184,0.22,0.086,0.304,0.1
2012-02-11 06:32:00,0.132,0.104,0.14,0.098,0.236,0.102,0.176,0.028,0.274,0.082,0.114,0.138,0.024,1.026,0.132,0.032,0.094,0.19,0.078,0.468,0.352,0.174,0.102,0.206,0.228,0.19,0.072,0.042,0.22,0.352,0.076,0.038,0.284,0.178,0.034,0.184,0.22,0.086,0.304,0.1
2012-02-11 06:33:00,0.132,0.104,0.14,0.098,0.236,0.102,0.176,0.028,0.274,0.082,0.114,0.138,0.024,1.026,0.132,0.032,0.094,0.19,0.078,0.468,0.352,0.174,0.102,0.206,0.228,0.19,0.072,0.042,0.22,0.352,0.076,0.038,0.284,0.178,0.034,0.184,0.22,0.086,0.304,0.1
2012-02-11 06:34:00,0.132,0.104,0.14,0.098,0.236,0.102,0.176,0.028,0.274,0.082,0.114,0.138,0.024,1.026,0.132,0.032,0.094,0.19,0.078,0.468,0.352,0.174,0.102,0.206,0.228,0.19,0.072,0.042,0.22,0.352,0.076,0.038,0.284,0.178,0.034,0.184,0.22,0.086,0.304,0.1
2012-02-11 06:35:00,0.132,0.104,0.14,0.098,0.236,0.102,0.176,0.028,0.274,0.082,0.114,0.138,0.024,1.026,0.132,0.032,0.094,0.19,0.078,0.468,0.352,0.174,0.102,0.206,0.228,0.19,0.072,0.042,0.22,0.352,0.076,0.038,0.284,0.178,0.034,0.184,0.22,0.086,0.304,0.1
2012-02-11 06:36:00,0.132,0.104,0.14,0.098,0.236,0.102,0.176,0.028,0.274,0.082,0.114,0.138,0.024,1.026,0.132,0.032,0.094,0.19,0.078,0.468,0.352,0.174,0.102,0.206,0.228,0.19,0.072,0.042,0.22,0.352,0.076,0.038,0.284,0.178,0.034,0.184,0.22,0.086,0.304,0.1
2012-02-11 06:37:00,0.132,0.104,0.14,0.098,0.236,0.102,0.176,0.028,0.274,0.082,0.114,0.138,0.024,1.026,0.132,0.032,0.094,0.19,0.078,0.468,0.352,0.174,0.102,0.206,0.228,0.19,0.072,0.042,0.22,0.352,0.076,0.038,0.284,0.178,0.034,0.184,0.22,0.086,0.304,0.1
2012-02-11 06:38:00,0.132,0.104,0.14,0.098,0.236,0.102,0.176,0.028,0.274,0.082,0.114,0.138,0.024,1.026,0.132,0.032,0.094,0.19,0.078,0.468,0.352,0.174,0.102,0.206,0.228,0.19,0.072,0.042,0.22,0.352,0.076,0.038,0.284,0.178,0.034,0.184,0.22,0.086,0.304,0.1
2012-02-11 06:39:00,0.132,0.104,0.14,0.098,0.236,0.102,0.176,0.028,0.274,0.082,0.114,0.138,0.024,1.026,0.132,0.032,0.094,0.19,0.078,0.468,0.352,0.174,0.102,0.206,0.228,0.19,0.072,0.042,0.22,0.352,0.076,0.038,0.284,0.178,0.034,0.184,0.22,0.086,0.304,0.1
2012-02-11 06:40:00,0.132,0.104,0.14,0.098,0.236,0.102,0.176,0.028,0.274,0.082,0.114,0.138,0.024,1.026,0.132,0.032,0.094,0.19,0.078,0.468,0.352,0.174,0.102,0.206,0.228,0.19,0.072,0.042,0.22,0.352,0.076,0.038,0.284,0.178,0.034,0.184,0.22,0.086,0.304,0.1
2012-02-11 06:41:00,0.132,0.104,0.14,0.098,0.236,0.102,0.176,0.028,0.274,0.082,0.114,0.138,0.024,1.026,0.132,0.032,0.094,0.19,0.078,0.468,0.352,0.174,0.102,0.206,0.228,0.19,0.072,0.042,0.22,0.352,0.076,0.038,0.284,0.178,0.034,0.184,0.22,0.086,0.304,0.1
2012-02-11 06:42:00,0.132,0.104,0.14,0.098,0.236,0.102,0.176,0.028,0.274,0.082,0.114,0.138,0.024,1.026,0.132,0.032,0.094,0.19,0.078,0.468,0.352,0.174,0.102,0.206,0.228,0.19,0.072,0.042,0.22,0.352,0.076,0.038,0.284,0.178,0.034,0.184,0.22,0.086,0.304,0.1
2012-02-11 06:43:00,0.132,0.104,0.14,0.098,0.236,0.102,0.176,0.028,0.274,0.082,0.114,0.138,0.024,1.026,0.132,0.032,0.094,0.19,0.078,0.468,0.352,0.174,0.102,0.206,0.228,0.19,0.072,0.042,0.22,0.352,0.076,0.038,0.284,0.178,0.034,0.184,0.22,0.086,0.304,0.1
2012-02-11 06:44:00,0.132,0.104,0.14,0.098,0.236,0.102,0.176,0.028,0.274,0.082,0.114,0.138,0.024,1.026,0.132,0.032,0.094,0.19,0.078,0.468,0.352,0.174,0.102,0.206,0.228,0.19,0.072,0.042,0.22,0.352,0.076,0.038,0.284,0.178,0.034,0.184,0.22,0.086,0.304,0.1
2012-02-11 06:45:00,0.132,0.104,0.14,0.098,0.236,0.102,0.176,0.028,0.274,0.082,0.114,0.138,0.024,1.026,0.132,0.032,0.094,0.19,0.078,0.468,0.352,0.174,0.102,0.206,0.228,0.19,0.072,0.042,0.22,0.352,0.076,0.038,0.284,0.178,0.034,0.184,0.22,0.086,0.304,0.1
2012-02-11 06:46:00,0.132,0.104,0.14,0.098,0.236,0.102,0.176,0.028,0.274,0.082,0.114,0.138,0.024,1.026,0.132,0.032,0.094,0.19,0.078,0.468,0.352,0.174,0.102,0.206,0.228,0.19,0.072,0.042,0.22,0.352,0.076,0.038,0.284,0.178,0.034,0.184,0.22,0.086,0.304,0.1
2012-02-11 06:47:00,0.132,0.104,0.14,0.098,0.236,0.102,0.176,0.028,0.274,0.082,0.114,0.138,0.024,1.026,0.132,0.032,0.094,0.19,0.078,0.468,0.352,0.174,0.102,0.206,0.228,0.19,0.072,0.042,0.22,0.352,0.076,0.038,0.284,0.178,0.034,0.184,0.22,0.086,0.304,0.1
2012-02-11 06:48:00,0.132,0.104,0.14,0.098,0.236,0.102,0.176,0.028,0.274,0.082,0.114,0.138,0.024,1.026,0.132,0.032,0.094,0.19,0.078,0.468,0.352,0.174,0.102,0.206,0.228,0.19,0.072,0.042,0.22,0.352,0.076,0.038,0.284,0.178,0.034,0.184,0.22,0.086,0.304,0.1
2012-02-11 06:49:00,0.132,0.104,0.14,0.098,0.236,0.102,0.176,0.028,0.274,0.082,0.114,0.138,0.024,1.026,0.132,0.032,0.094,0.19,0.078,0.468,0.352,0.174,0.102,0.206,0.228,0.19,0.072,0.042,0.22,0.352,0.076,0.038,0.284,0.178,0.034,0.184,0.22,0.086,0.304,0.1
2012-02-11 06:50:00,0.132,0.104,0.14,0.098,0.236,0.102,0.176,0.028,0.274,0.082,0.114,0.138,0.024,1.026,0.132,0.032,0.094,0.19,0.078,0.468,0.352,0.174,0.102,0.206,0.228,0.19,0.072,0.042,0.22,0.352,0.076,0.038,0.284,0.178,0.034,0.184,0.22,0.086,0.304,0.1
2012-02-11 06:51:00,0.132,0.104,0.14,0.098,0.236,0.102,0.176,0.028,0.274,0.082,0.114,0.138,0.024,1.026,0.132,0.032,0.094,0.19,0.078,0.468,0.352,0.174,0.102,0.206,0.228,0.19,0.072,0.042,0.22,0.352,0.076,0.038,0.284,0.178,0.034,0.184,0.22,0.086,0.304,0.1
2012-02-11 06:52:00,0.132,0.104,0.14,0.098,0.236,0.102,0.176,0.028,0.274,0.082,0.114,0.138,0.024,1.026,0.132,0.032,0.094,0.19,0.078,0.468,0.352,0.174,0.102,0.206,0.228,0.19,0.072,0.042,0.22,0.352,0.076,0.038,0.284,0.178,0.034,0.184,0.22,0.086,0.304,0.1
2012-02-11 06:53:00,0.132,0.104,0.14,0.098,0.236,0.102,0.176,0.028,0.274,0.082,0.114,0.138,0.024,1.026,0.132,0.032,0.094,0.19,0.078,0.468,0.352,0.174,0.102,0.206,0.228,0.19,0.072,0.042,0.22,0.352,0.076,0.038,0.284,0.178,0.034,0.184,0.22,0.086,0.304,0.1
2012-02-11 06:54:00,0.132,0.104,0.14,0.098,0.236,0.102,0.176,0.028,0.274,0.082,0.114,0.138,0.024,1.026,0.132,0.032,0.094,0.19,0.078,0.468,0.352,0.174,0.102,0.206,0.228,0.19,0.072,0.042,0.22,0.352,0.076,0.038,0.284,0.178,0.034,0.184,0.22,0.086,0.304,0.1
2012-02-11 06:55:00,0.132,0.104,0.14,0.098,0.236,0.102,0.176,0.028,0.274,0.082,0.114,0.138,0.024,1.026,0.132,0.032,0.094,0.19,0.078,0.468,0.352,0.174,0.102,0.206,0.228,0.19,0.072,0.042,0.22,0.352,0.076,0.038,0.284,0.178,0.034,0.184,0.22,0.086,0.304,0.1
2012-02-11 06:56:00,0.132,0.104,0.14,0.098,0.236,0.102,0.176,0.028,0.274,0.082,0.114,0.138,0.024,1.026,0.132,0.032,0.094,0.19,0.078,0.468,0.352,0.174,0.102,0.206,0.228,0.19,0.072,0.042,0.22,0.352,0.076,0.038,0.284,0.178,0.034,0.184,0.22,0.086,0.304,0.1
2012-02-11 06:57:00,0.132,0.104,0.14,0.098,0.236,0.102,0.176,0.028,0.274,0.082,0.114,0.138,0.024,1.026,0.132,0.032,0.094,0.19,0.078,0.468,0.352,0.174,0.102,0.206,0.228,0.19,0.072,0.042,0.22,0.352,0.076,0.038,0.284,0.178,0.034,0.184,0.22,0.086,0.304,0.1
2012-02-11 06:58:00,0.132,0.104,0.14,0.098,0.236,0.102,0.176,0.028,0.274,0.082,0.114,0.138,0.024,1.026,0.132,0.032,0.094,0.19,0.078,0.468,0.352,0.174,0.102,0.206,0.228,0.19,0.072,0.042,0.22,0.352,0.076,0.038,0.284,0.178,0.034,0.184,0.22,0.086,0.304,0.1
2012-02-11 06:59:00,0.132,0.104,0.14,0.098,0.236,0.102,0.176,0.028,0.274,0.082,0.114,0.138,0.024,1.026,0.132,0.032,0.094,0.19,0.078,0.468,0.352,0.174,0.102,0.206,0.228,0.19,0.072,0.042,0.22,0.352,0.076,0.038,0.284,0.178,0.034,0.184,0.22,0.086,0.304,0.1
2012-02-11 07:00:00,0.226,0.712,0.084,0.096,0.31,0.044,0.242,0.06,0.274,0.048,0.108,0.128,0.078,0.454,0.62,0.034,0.198,0.182,0.03,1.486,0.294,0.128,0.06,0.324,0.254,0.27,0.094,0.13,0.14,0.114,0.076,0.052,0.258,0.166,0.066,0.514,0.276,0.198,0.26,0.06
2012-02-11 07:01:00,0.226,0.712,0.084,0.096,0.31,0.044,0.242,0.06,0.274,0.048,0.108,0.128,0.078,0.454,0.62,0.034,0.198,0.182,0.03,1.486,0.294,0.128,0.06,0.324,0.254,0.27,0.094,0.13,0.14,0.114,0.076,0.052,0.258,0.166,0.066,0.514,0.276,0.198,0.26,0.06
2012-02-11 07:02:00,0.226,0.712,0.084,0.096,0.31,0.044,0.242,0.06,0.274,0.048,0.108,0.128,0.078,0.454,0.62,0.034,0.198,0.182,0.03,1.486,0.294,0.128,0.06,0.324,0.254,0.27,0.094,0.13,0.14,0.114,0.076,0.052,0.258,0.166,0.066,0.514,0.276,0.198,0.26,0.06
2012-02-11 07:03:00,0.226,0.712,0.084,0.096,0.31,0.044,0.242,0.06,0.274,0.048,0.108,0.128,0.078,0.454,0.62,0.034,0.198,0.182,0.03,1.486,0.294,0.128,0.06,0.324,0.254,0.27,0.094,0.13,0.14,0.114,0.076,0.052,0.258,0.166,0.066,0.514,0.276,0.198,0.26,0.06
2012-02-11 07:04:00,0.226,0.712,0.084,0.096,0.31,0.044,0.242,0.06,0.274,0.048,0.108,0.128,0.078,0.454,0.62,0.034,0.198,0.182,0.03,1.486,0.294,0.128,0.06,0.324,0.254,0.27,0.094,0.13,0.14,0.114,0.076,0.052,0.258,0.166,0.066,0.514,0.276,0.198,0.26,0.06
2012-02-11 07:05:00,0.226,0.712,0.084,0.096,0.31,0.044,0.242,0.06,0.274,0.048,0.108,0.128,0.078,0.454,0.62,0.034,0.198,0.182,0.03,1.486,0.294,0.128,0.06,0.324,0.254,0.27,0.094,0.13,0.14,0.114,0.076,0.052,0.258,0.166,0.066,0.514,0.276,0.198,0.26,0.06
2012-02-11 07:06:00,0.226,0.712,0.084,0.096,0.31,0.044,0.242,0.06,0.274,0.048,0.108,0.128,0.078,0.454,0.62,0.034,0.198,0.182,0.03,1.486,0.294,0.128,0.06,0.324,0.254,0.27,0.094,0.13,0.14,0.114,0.076,0.052,0.258,0.166,0.066,0.514,0.276,0.198,0.26,0.06
2012-02-11 07:07:00,0.226,0.712,0.084,0.096,0.31,0.044,0.242,0.06,0.274,0.048,0.108,0.128,0.078,0.454,0.62,0.034,0.198,0.182,0.03,1.486,0.294,0.128,0.06,0.324,0.254,0.27,0.094,0.13,0.14,0.114,0.076,0.052,0.258,0.166,0.066,0.514,0.276,0.198,0.26,0.06
2012-02-11 07:08:00,0.226,0.712,0.084,0.096,0.31,0.044,0.242,0.06,0.274,0.048,0.108,0.128,0.078,0.454,0.62,0.034,0.198,0.182,0.03,1.486,0.294,0.128,0.06,0.324,0.254,0.27,0.094,0.13,0.14,0.114,0.076,0.052,0.258,0.166,0.066,0.514,0.276,0.198,0.26,0.06
2012-02-11 07:09:00,0.226,0.712,0.084,0.096,0.31,0.044,0.242,0.06,0.274,0.048,0.108,0.128,0.078,0.454,0.62,0.034,0.198,0.182,0.03,1.486,0.294,0.128,0.06,0.324,0.254,0.27,0.094,0.13,0.14,0.114,0.076,0.052,0.258,0.166,0.066,0.514,0.276,0.198,0.26,0.06
2012-02-11 07:10:00,0.226,0.712,0.084,0.096,0.31,0.044,0.242,0.06,0.274,0.048,0.108,0.128,0.078,0.454,0.62,0.034,0.198,0.182,0.03,1.486,0.294,0.128,0.06,0.324,0.254,0.27,0.094,0.13,0.14,0.114,0.076,0.052,0.258,0.166,0.066,0.514,0.276,0.198,0.26,0.06
2012-02-11 07:11:00,0.226,0.712,0.084,0.096,0.31,0.044,0.242,0.06,0.274,0.048,0.108,0.128,0.078,0.454,0.62,0.034,0.198,0.182,0.03,1.486,0.294,0.128,0.06,0.324,0.254,0.27,0.094,0.13,0.14,0.114,0.076,0.052,0.258,0.166,0.066,0.514,0.276,0.198,0.26,0.06
2012-02-11 07:12:00,0.226,0.712,0.084,0.096,0.31,0.044,0.242,0.06,0.274,0.048,0.108,0.128,0.078,0.454,0.62,0.034,0.198,0.182,0.03,1.486,0.294,0.128,0.06,0.324,0.254,0.27,0.094,0.13,0.14,0.114,0.076,0.052,0.258,0.166,0.066,0.514,0.276,0.198,0.26,0.06
2012-02-11 07:13:00,0.226,0.712,0.084,0.096,0.31,0.044,0.242,0.06,0.274,0.048,0.108,0.128,0.078,0.454,0.62,0.034,0.198,0.182,0.03,1.486,0.294,0.128,0.06,0.324,0.254,0.27,0.094,0.13,0.14,0.114,0.076,0.052,0.258,0.166,0.066,0.514,0.276,0.198,0.26,0.06
2012-02-11 07:14:00,0.226,0.712,0.084,0.096,0.31,0.044,0.242,0.06,0.274,0.048,0.108,0.128,0.078,0.454,0.62,0.034,0.198,0.182,0.03,1.486,0.294,0.128,0.06,0.324,0.254,0.27,0.094,0.13,0.14,0.114,0.076,0.052,0.258,0.166,0.066,0.514,0.276,0.198,0.26,0.06
2012-02-11 07:15:00,0.226,0.712,0.084,0.096,0.31,0.044,0.242,0.06,0.274,0.048,0.108,0.128,0.078,0.454,0.62,0.034,0.198,0.182,0.03,1.486,0.294,0.128,0.06,0.324,0.254,0.27,0.094,0.13,0.14,0.114,0.076,0.052,0.258,0.166,0.066,0.514,0.276,0.198,0.26,0.06
2012-02-11 07:16:00,0.226,0.712,0.084,0.096,0.31,0.044,0.242,0.06,0.274,0.048,0.108,0.128,0.078,0.454,0.62,0.034,0.198,0.182,0.03,1.486,0.294,0.128,0.06,0.324,0.254,0.27,0.094,0.13,0.14,0.114,0.076,0.052,0.258,0.166,0.066,0.514,0.276,0.198,0.26,0.06
2012-02-11 07:17:00,0.226,0.712,0.084,0.096,0.31,0.044,0.242,0.06,0.274,0.048,0.108,0.128,0.078,0.454,0.62,0.034,0.198,0.182,0.03,1.486,0.294,0.128,0.06,0.324,0.254,0.27,0.094,0.13,0.14,0.114,0.076,0.052,0.258,0.166,0.066,0.514,0.276,0.198,0.26,0.06
2012-02-11 07:18:00,0.226,0.712,0.084,0.096,0.31,0.044,0.242,0.06,0.274,0.048,0.108,0.128,0.078,0.454,0.62,0.034,0.198,0.182,0.03,1.486,0.294,0.128,0.06,0.324,0.254,0.27,0.094,0.13,0.14,0.114,0.076,0.052,0.258,0.166,0.066,0.514,0.276,0.198,0.26,0.06
2012-02-11 07:19:00,0.226,0.712,0.084,0.096,0.31,0.044,0.242,0.06,0.274,0.048,0.108,0.128,0.078,0.454,0.62,0.034,0.198,0.182,0.03,1.486,0.294,0.128,0.06,0.324,0.254,0.27,0.094,0.13,0.14,0.114,0.076,0.052,0.258,0.166,0.066,0.514,0.276,0.198,0.26,0.06
2012-02-11 07:20:00,0.226,0.712,0.084,0.096,0.31,0.044,0.242,0.06,0.274,0.048,0.108,0.128,0.078,0.454,0.62,0.034,0.198,0.182,0.03,1.486,0.294,0.128,0.06,0.324,0.254,0.27,0.094,0.13,0.14,0.114,0.076,0.052,0.258,0.166,0.066,0.514,0.276,0.198,0.26,0.06
2012-02-11 07:21:00,0.226,0.712,0.084,0.096,0.31,0.044,0.242,0.06,0.274,0.048,0.108,0.128,0.078,0.454,0.62,0.034,0.198,0.182,0.03,1.486,0.294,0.128,0.06,0.324,0.254,0.27,0.094,0.13,0.14,0.114,0.076,0.052,0.258,0.166,0.066,0.514,0.276,0.198,0.26,0.06
2012-02-11 07:22:00,0.226,0.712,0.084,0.096,0.31,0.044,0.242,0.06,0.274,0.048,0.108,0.128,0.078,0.454,0.62,0.034,0.198,0.182,0.03,1.486,0.294,0.128,0.06,0.324,0.254,0.27,0.094,0.13,0.14,0.114,0.076,0.052,0.258,0.166,0.066,0.514,0.276,0.198,0.26,0.06
2012-02-11 07:23:00,0.226,0.712,0.084,0.096,0.31,0.044,0.242,0.06,0.274,0.048,0.108,0.128,0.078,0.454,0.62,0.034,0.198,0.182,0.03,1.486,0.294,0.128,0.06,0.324,0.254,0.27,0.094,0.13,0.14,0.114,0.076,0.052,0.258,0.166,0.066,0.514,0.276,0.198,0.26,0.06
2012-02-11 07:24:00,0.226,0.712,0.084,0.096,0.31,0.044,0.242,0.06,0.274,0.048,0.108,0.128,0.078,0.454,0.62,0.034,0.198,0.182,0.03,1.486,0.294,0.128,0.06,0.324,0.254,0.27,0.094,0.13,0.14,0.114,0.076,0.052,0.258,0.166,0.066,0.514,0.276,0.198,0.26,0.06
2012-02-11 07:25:00,0.226,0.712,0.084,0.096,0.31,0.044,0.242,0.06,0.274,0.048,0.108,0.128,0.078,0.454,0.62,0.034,0.198,0.182,0.03,1.486,0.294,0.128,0.06,0.324,0.254,0.27,0.094,0.13,0.14,0.114,0.076,0.052,0.258,0.166,0.066,0.514,0.276,0.198,0.26,0.06
2012-02-11 07:26:00,0.226,0.712,0.084,0.096,0.31,0.044,0.242,0.06,0.274,0.048,0.108,0.128,0.078,0.454,0.62,0.034,0.198,0.182,0.03,1.486,0.294,0.128,0.06,0.324,0.254,0.27,0.094,0.13,0.14,0.114,0.076,0.052,0.258,0.166,0.066,0.514,0.276,0.198,0.26,0.06
2012-02-11 07:27:00,0.226,0.712,0.084,0.096,0.31,0.044,0.242,0.06,0.274,0.048,0.108,0.128,0.078,0.454,0.62,0.034,0.198,0.182,0.03,1.486,0.294,0.128,0.06,0.324,0.254,0.27,0.094,0.13,0.14,0.114,0.076,0.052,0.258,0.166,0.066,0.514,0.276,0.198,0.26,0.06
2012-02-11 07:28:00,0.226,0.712,0.084,0.096,0.31,0.044,0.242,0.06,0.274,0.048,0.108,0.128,0.078,0.454,0.62,0.034,0.198,0.182,0.03,1.486,0.294,0.128,0.06,0.324,0.254,0.27,0.094,0.13,0.14,0.114,0.076,0.052,0.258,0.166,0.066,0.514,0.276,0.198,0.26,0.06
2012-02-11 07:29:00,0.226,0.712,0.084,0.096,0.31,0.044,0.242,0.06,0.274,0.048,0.108,0.128,0.078,0.454,0.62,0.034,0.198,0.182,0.03,1.486,0.294,0.128,0.06,0.324,0.254,0.27,0.094,0.13,0.14,0.114,0.076,0.052,0.258,0.166,0.066,0.514,0.276,0.198,0.26,0.06
2012-02-11 07:30:00,0.236,0.418,0.078,0.154,0.22,0.098,0.274,0.304,0.278,0.162,0.166,0.11,0.096,0.188,1.31,0.066,0.214,0.186,0.174,4.2059998,0.222,0.132,0.31,0.31,0.224,0.29,0.098,0.042,0.212,0.746,0.076,0.03,0.254,0.166,0.074,0.226,0.222,0.072,0.506,0.276
2012-02-11 07:31:00,0.236,0.418,0.078,0.154,0.22,0.098,0.274,0.304,0.278,0.162,0.166,0.11,0.096,0.188,1.31,0.066,0.214,0.186,0.174,4.2059998,0.222,0.132,0.31,0.31,0.224,0.29,0.098,0.042,0.212,0.746,0.076,0.03,0.254,0.166,0.074,0.226,0.222,0.072,0.506,0.276
2012-02-11 07:32:00,0.236,0.418,0.078,0.154,0.22,0.098,0.274,0.304,0.278,0.162,0.166,0.11,0.096,0.188,1.31,0.066,0.214,0.186,0.174,4.2059998,0.222,0.132,0.31,0.31,0.224,0.29,0.098,0.042,0.212,0.746,0.076,0.03,0.254,0.166,0.074,0.226,0.222,0.072,0.506,0.276
2012-02-11 07:33:00,0.236,0.418,0.078,0.154,0.22,0.098,0.274,0.304,0.278,0.162,0.166,0.11,0.096,0.188,1.31,0.066,0.214,0.186,0.174,4.2059998,0.222,0.132,0.31,0.31,0.224,0.29,0.098,0.042,0.212,0.746,0.076,0.03,0.254,0.166,0.074,0.226,0.222,0.072,0.506,0.276
2012-02-11 07:34:00,0.236,0.418,0.078,0.154,0.22,0.098,0.274,0.304,0.278,0.162,0.166,0.11,0.096,0.188,1.31,0.066,0.214,0.186,0.174,4.2059998,0.222,0.132,0.31,0.31,0.224,0.29,0.098,0.042,0.212,0.746,0.076,0.03,0.254,0.166,0.074,0.226,0.222,0.072,0.506,0.276
2012-02-11 07:35:00,0.236,0.418,0.078,0.154,0.22,0.098,0.274,0.304,0.278,0.162,0.166,0.11,0.096,0.188,1.31,0.066,0.214,0.186,0.174,4.2059998,0.222,0.132,0.31,0.31,0.224,0.29,0.098,0.042,0.212,0.746,0.076,0.03,0.254,0.166,0.074,0.226,0.222,0.072,0.506,0.276
2012-02-11 07:36:00,0.236,0.418,0.078,0.154,0.22,0.098,0.274,0.304,0.278,0.162,0.166,0.11,0.096,0.188,1.31,0.066,0.214,0.186,0.174,4.2059998,0.222,0.132,0.31,0.31,0.224,0.29,0.098,0.042,0.212,0.746,0.076,0.03,0.254,0.166,0.074,0.226,0.222,0.072,0.506,0.276
2012-02-11 07:37:00,0.236,0.418,0.078,0.154,0.22,0.098,0.274,0.304,0.278,0.162,0.166,0.11,0.096,0.188,1.31,0.066,0.214,0.186,0.174,4.2059998,0.222,0.132,0.31,0.31,0.224,0.29,0.098,0.042,0.212,0.746,0.076,0.03,0.254,0.166,0.074,0.226,0.222,0.072,0.506,0.276
2012-02-11 07:38:00,0.236,0.418,0.078,0.154,0.22,0.098,0.274,0.304,0.278,0.162,0.166,0.11,0.096,0.188,1.31,0.066,0.214,0.186,0.174,4.2059998,0.222,0.132,0.31,0.31,0.224,0.29,0.098,0.042,0.212,0.746,0.076,0.03,0.254,0.166,0.074,0.226,0.222,0.072,0.506,0.276
2012-02-11 07:39:00,0.236,0.418,0.078,0.154,0.22,0.098,0.274,0.304,0.278,0.162,0.166,0.11,0.096,0.188,1.31,0.066,0.214,0.186,0.174,4.2059998,0.222,0.132,0.31,0.31,0.224,0.29,0.098,0.042,0.212,0.746,0.076,0.03,0.254,0.166,0.074,0.226,0.222,0.072,0.506,0.276
2012-02-11 07:40:00,0.236,0.418,0.078,0.154,0.22,0.098,0.274,0.304,0.278,0.162,0.166,0.11,0.096,0.188,1.31,0.066,0.214,0.186,0.174,4.2059998,0.222,0.132,0.31,0.31,0.224,0.29,0.098,0.042,0.212,0.746,0.076,0.03,0.254,0.166,0.074,0.226,0.222,0.072,0.506,0.276
2012-02-11 07:41:00,0.236,0.418,0.078,0.154,0.22,0.098,0.274,0.304,0.278,0.162,0.166,0.11,0.096,0.188,1.31,0.066,0.214,0.186,0.174,4.2059998,0.222,0.132,0.31,0.31,0.224,0.29,0.098,0.042,0.212,0.746,0.076,0.03,0.254,0.166,0.074,0.226,0.222,0.072,0.506,0.276
2012-02-11 07:42:00,0.236,0.418,0.078,0.154,0.22,0.098,0.274,0.304,0.278,0.162,0.166,0.11,0.096,0.188,1.31,0.066,0.214,0.186,0.174,4.2059998,0.222,0.132,0.31,0.31,0.224,0.29,0.098,0.042,0.212,0.746,0.076,0.03,0.254,0.166,0.074,0.226,0.222,0.072,0.506,0.276
2012-02-11 07:43:00,0.236,0.418,0.078,0.154,0.22,0.098,0.274,0.304,0.278,0.162,0.166,0.11,0.096,0.188,1.31,0.066,0.214,0.186,0.174,4.2059998,0.222,0.132,0.31,0.31,0.224,0.29,0.098,0.042,0.212,0.746,0.076,0.03,0.254,0.166,0.074,0.226,0.222,0.072,0.506,0.276
2012-02-11 07:44:00,0.236,0.418,0.078,0.154,0.22,0.098,0.274,0.304,0.278,0.162,0.166,0.11,0.096,0.188,1.31,0.066,0.214,0.186,0.174,4.2059998,0.222,0.132,0.31,0.31,0.224,0.29,0.098,0.042,0.212,0.746,0.076,0.03,0.254,0.166,0.074,0.226,0.222,0.072,0.506,0.276
2012-02-11 07:45:00,0.236,0.418,0.078,0.154,0.22,0.098,0.274,0.304,0.278,0.162,0.166,0.11,0.096,0.188,1.31,0.066,0.214,0.186,0.174,4.2059998,0.222,0.132,0.31,0.31,0.224,0.29,0.098,0.042,0.212,0.746,0.076,0.03,0.254,0.166,0.074,0.226,0.222,0.072,0.506,0.276
2012-02-11 07:46:00,0.236,0.418,0.078,0.154,0.22,0.098,0.274,0.304,0.278,0.162,0.166,0.11,0.096,0.188,1.31,0.066,0.214,0.186,0.174,4.2059998,0.222,0.132,0.31,0.31,0.224,0.29,0.098,0.042,0.212,0.746,0.076,0.03,0.254,0.166,0.074,0.226,0.222,0.072,0.506,0.276
2012-02-11 07:47:00,0.236,0.418,0.078,0.154,0.22,0.098,0.274,0.304,0.278,0.162,0.166,0.11,0.096,0.188,1.31,0.066,0.214,0.186,0.174,4.2059998,0.222,0.132,0.31,0.31,0.224,0.29,0.098,0.042,0.212,0.746,0.076,0.03,0.254,0.166,0.074,0.226,0.222,0.072,0.506,0.276
2012-02-11 07:48:00,0.236,0.418,0.078,0.154,0.22,0.098,0.274,0.304,0.278,0.162,0.166,0.11,0.096,0.188,1.31,0.066,0.214,0.186,0.174,4.2059998,0.222,0.132,0.31,0.31,0.224,0.29,0.098,0.042,0.212,0.746,0.076,0.03,0.254,0.166,0.074,0.226,0.222,0.072,0.506,0.276
2012-02-11 07:49:00,0.236,0.418,0.078,0.154,0.22,0.098,0.274,0.304,0.278,0.162,0.166,0.11,0.096,0.188,1.31,0.066,0.214,0.186,0.174,4.2059998,0.222,0.132,0.31,0.31,0.224,0.29,0.098,0.042,0.212,0.746,0.076,0.03,0.254,0.166,0.074,0.226,0.222,0.072,0.506,0.276
2012-02-11 07:50:00,0.236,0.418,0.078,0.154,0.22,0.098,0.274,0.304,0.278,0.162,0.166,0.11,0.096,0.188,1.31,0.066,0.214,0.186,0.174,4.2059998,0.222,0.132,0.31,0.31,0.224,0.29,0.098,0.042,0.212,0.746,0.076,0.03,0.254,0.166,0.074,0.226,0.222,0.072,0.506,0.276
2012-02-11 07:51:00,0.236,0.418,0.078,0.154,0.22,0.098,0.274,0.304,0.278,0.162,0.166,0.11,0.096,0.188,1.31,0.066,0.214,0.186,0.174,4.2059998,0.222,0.132,0.31,0.31,0.224,0.29,0.098,0.042,0.212,0.746,0.076,0.03,0.254,0.166,0.074,0.226,0.222,0.072,0.506,0.276
2012-02-11 07:52:00,0.236,0.418,0.078,0.154,0.22,0.098,0.274,0.304,0.278,0.162,0.166,0.11,0.096,0.188,1.31,0.066,0.214,0.186,0.174,4.2059998,0.222,0.132,0.31,0.31,0.224,0.29,0.098,0.042,0.212,0.746,0.076,0.03,0.254,0.166,0.074,0.226,0.222,0.072,0.506,0.276
2012-02-11 07:53:00,0.236,0.418,0.078,0.154,0.22,0.098,0.274,0.304,0.278,0.162,0.166,0.11,0.096,0.188,1.31,0.066,0.214,0.186,0.174,4.2059998,0.222,0.132,0.31,0.31,0.224,0.29,0.098,0.042,0.212,0.746,0.076,0.03,0.254,0.166,0.074,0.226,0.222,0.072,0.506,0.276
2012-02-11 07:54:00,0.236,0.418,0.078,0.154,0.22,0.098,0.274,0.304,0.278,0.162,0.166,0.11,0.096,0.188,1.31,0.066,0.214,0.186,0.174,4.2059998,0.222,0.132,0.31,0.31,0.224,0.29,0.098,0.042,0.212,0.746,0.076,0.03,0.254,0.166,0.074,0.226,0.222,0.072,0.506,0.276
2012-02-11 07:55:00,0.236,0.418,0.078,0.154,0.22,0.098,0.274,0.304,0.278,0.162,0.166,0.11,0.096,0.188,1.31,0.066,0.214,0.186,0.174,4.2059998,0.222,0.132,0.31,0.31,0.224,0.29,0.098,0.042,0.212,0.746,0.076,0.03,0.254,0.166,0.074,0.226,0.222,0.072,0.506,0.276
2012-02-11 07:56:00,0.236,0.418,0.078,0.154,0.22,0.098,0.274,0.304,0.278,0.162,0.166,0.11,0.096,0.188,1.31,0.066,0.214,0.186,0.174,4.2059998,0.222,0.132,0.31,0.31,0.224,0.29,0.098,0.042,0.212,0.746,0.076,0.03,0.254,0.166,0.074,0.226,0.222,0.072,0.506,0.276
2012-02-11 07:57:00,0.236,0.418,0.078,0.154,0.22,0.098,0.274,0.304,0.278,0.162,0.166,0.11,0.096,0.188,1.31,0.066,0.214,0.186,0.174,4.2059998,0.222,0.132,0.31,0.31,0.224,0.29,0.098,0.042,0.212,0.746,0.076,0.03,0.254,0.166,0.074,0.226,0.222,0.072,0.506,0.276
2012-02-11 07:58:00,0.236,0.418,0.078,0.154,0.22,0.098,0.274,0.304,0.278,0.162,0.166,0.11,0.096,0.188,1.31,0.066,0.214,0.186,0.174,4.2059998,0.222,0.132,0.31,0.31,0.224,0.29,0.098,0.042,0.212,0.746,0.076,0.03,0.254,0.166,0.074,0.226,0.222,0.072,0.506,0.276
2012-02-11 07:59:00,0.236,0.418,0.078,0.154,0.22,0.098,0.274,0.304,0.278,0.162,0.166,0.11,0.096,0.188,1.31,0.066,0.214,0.186,0.174,4.2059998,0.222,0.132,0.31,0.31,0.224,0.29,0.098,0.042,0.212,0.746,0.076,0.03,0.254,0.166,0.074,0.226,0.222,0.072,0.506,0.276
2012-02-11 08:00:00,0.23,0.434,0.076,0.09,0.18,0.086,0.208,1.036,0.278,0.22,0.15,0.144,0.026,0.078,0.528,0.014,0.258,0.178,0.066,1.608,0.294,0.178,0.262,0.204,0.242,0.29,0.088,0.162,0.176,0.16,0.096,0.052,0.278,0.204,0.034,0.206,0.132,0.078,0.338,0.128
2012-02-11 08:01:00,0.23,0.434,0.076,0.09,0.18,0.086,0.208,1.036,0.278,0.22,0.15,0.144,0.026,0.078,0.528,0.014,0.258,0.178,0.066,1.608,0.294,0.178,0.262,0.204,0.242,0.29,0.088,0.162,0.176,0.16,0.096,0.052,0.278,0.204,0.034,0.206,0.132,0.078,0.338,0.128
2012-02-11 08:02:00,0.23,0.434,0.076,0.09,0.18,0.086,0.208,1.036,0.278,0.22,0.15,0.144,0.026,0.078,0.528,0.014,0.258,0.178,0.066,1.608,0.294,0.178,0.262,0.204,0.242,0.29,0.088,0.162,0.176,0.16,0.096,0.052,0.278,0.204,0.034,0.206,0.132,0.078,0.338,0.128
2012-02-11 08:03:00,0.23,0.434,0.076,0.09,0.18,0.086,0.208,1.036,0.278,0.22,0.15,0.144,0.026,0.078,0.528,0.014,0.258,0.178,0.066,1.608,0.294,0.178,0.262,0.204,0.242,0.29,0.088,0.162,0.176,0.16,0.096,0.052,0.278,0.204,0.034,0.206,0.132,0.078,0.338,0.128
2012-02-11 08:04:00,0.23,0.434,0.076,0.09,0.18,0.086,0.208,1.036,0.278,0.22,0.15,0.144,0.026,0.078,0.528,0.014,0.258,0.178,0.066,1.608,0.294,0.178,0.262,0.204,0.242,0.29,0.088,0.162,0.176,0.16,0.096,0.052,0.278,0.204,0.034,0.206,0.132,0.078,0.338,0.128
2012-02-11 08:05:00,0.23,0.434,0.076,0.09,0.18,0.086,0.208,1.036,0.278,0.22,0.15,0.144,0.026,0.078,0.528,0.014,0.258,0.178,0.066,1.608,0.294,0.178,0.262,0.204,0.242,0.29,0.088,0.162,0.176,0.16,0.096,0.052,0.278,0.204,0.034,0.206,0.132,0.078,0.338,0.128
2012-02-11 08:06:00,0.23,0.434,0.076,0.09,0.18,0.086,0.208,1.036,0.278,0.22,0.15,0.144,0.026,0.078,0.528,0.014,0.258,0.178,0.066,1.608,0.294,0.178,0.262,0.204,0.242,0.29,0.088,0.162,0.176,0.16,0.096,0.052,0.278,0.204,0.034,0.206,0.132,0.078,0.338,0.128
2012-02-11 08:07:00,0.23,0.434,0.076,0.09,0.18,0.086,0.208,1.036,0.278,0.22,0.15,0.144,0.026,0.078,0.528,0.014,0.258,0.178,0.066,1.608,0.294,0.178,0.262,0.204,0.242,0.29,0.088,0.162,0.176,0.16,0.096,0.052,0.278,0.204,0.034,0.206,0.132,0.078,0.338,0.128
2012-02-11 08:08:00,0.23,0.434,0.076,0.09,0.18,0.086,0.208,1.036,0.278,0.22,0.15,0.144,0.026,0.078,0.528,0.014,0.258,0.178,0.066,1.608,0.294,0.178,0.262,0.204,0.242,0.29,0.088,0.162,0.176,0.16,0.096,0.052,0.278,0.204,0.034,0.206,0.132,0.078,0.338,0.128
2012-02-11 08:09:00,0.23,0.434,0.076,0.09,0.18,0.086,0.208,1.036,0.278,0.22,0.15,0.144,0.026,0.078,0.528,0.014,0.258,0.178,0.066,1.608,0.294,0.178,0.262,0.204,0.242,0.29,0.088,0.162,0.176,0.16,0.096,0.052,0.278,0.204,0.034,0.206,0.132,0.078,0.338,0.128
2012-02-11 08:10:00,0.23,0.434,0.076,0.09,0.18,0.086,0.208,1.036,0.278,0.22,0.15,0.144,0.026,0.078,0.528,0.014,0.258,0.178,0.066,1.608,0.294,0.178,0.262,0.204,0.242,0.29,0.088,0.162,0.176,0.16,0.096,0.052,0.278,0.204,0.034,0.206,0.132,0.078,0.338,0.128
2012-02-11 08:11:00,0.23,0.434,0.076,0.09,0.18,0.086,0.208,1.036,0.278,0.22,0.15,0.144,0.026,0.078,0.528,0.014,0.258,0.178,0.066,1.608,0.294,0.178,0.262,0.204,0.242,0.29,0.088,0.162,0.176,0.16,0.096,0.052,0.278,0.204,0.034,0.206,0.132,0.078,0.338,0.128
2012-02-11 08:12:00,0.23,0.434,0.076,0.09,0.18,0.086,0.208,1.036,0.278,0.22,0.15,0.144,0.026,0.078,0.528,0.014,0.258,0.178,0.066,1.608,0.294,0.178,0.262,0.204,0.242,0.29,0.088,0.162,0.176,0.16,0.096,0.052,0.278,0.204,0.034,0.206,0.132,0.078,0.338,0.128
2012-02-11 08:13:00,0.23,0.434,0.076,0.09,0.18,0.086,0.208,1.036,0.278,0.22,0.15,0.144,0.026,0.078,0.528,0.014,0.258,0.178,0.066,1.608,0.294,0.178,0.262,0.204,0.242,0.29,0.088,0.162,0.176,0.16,0.096,0.052,0.278,0.204,0.034,0.206,0.132,0.078,0.338,0.128
2012-02-11 08:14:00,0.23,0.434,0.076,0.09,0.18,0.086,0.208,1.036,0.278,0.22,0.15,0.144,0.026,0.078,0.528,0.014,0.258,0.178,0.066,1.608,0.294,0.178,0.262,0.204,0.242,0.29,0.088,0.162,0.176,0.16,0.096,0.052,0.278,0.204,0.034,0.206,0.132,0.078,0.338,0.128
2012-02-11 08:15:00,0.23,0.434,0.076,0.09,0.18,0.086,0.208,1.036,0.278,0.22,0.15,0.144,0.026,0.078,0.528,0.014,0.258,0.178,0.066,1.608,0.294,0.178,0.262,0.204,0.242,0.29,0.088,0.162,0.176,0.16,0.096,0.052,0.278,0.204,0.034,0.206,0.132,0.078,0.338,0.128
2012-02-11 08:16:00,0.23,0.434,0.076,0.09,0.18,0.086,0.208,1.036,0.278,0.22,0.15,0.144,0.026,0.078,0.528,0.014,0.258,0.178,0.066,1.608,0.294,0.178,0.262,0.204,0.242,0.29,0.088,0.162,0.176,0.16,0.096,0.052,0.278,0.204,0.034,0.206,0.132,0.078,0.338,0.128
2012-02-11 08:17:00,0.23,0.434,0.076,0.09,0.18,0.086,0.208,1.036,0.278,0.22,0.15,0.144,0.026,0.078,0.528,0.014,0.258,0.178,0.066,1.608,0.294,0.178,0.262,0.204,0.242,0.29,0.088,0.162,0.176,0.16,0.096,0.052,0.278,0.204,0.034,0.206,0.132,0.078,0.338,0.128
2012-02-11 08:18:00,0.23,0.434,0.076,0.09,0.18,0.086,0.208,1.036,0.278,0.22,0.15,0.144,0.026,0.078,0.528,0.014,0.258,0.178,0.066,1.608,0.294,0.178,0.262,0.204,0.242,0.29,0.088,0.162,0.176,0.16,0.096,0.052,0.278,0.204,0.034,0.206,0.132,0.078,0.338,0.128
2012-02-11 08:19:00,0.23,0.434,0.076,0.09,0.18,0.086,0.208,1.036,0.278,0.22,0.15,0.144,0.026,0.078,0.528,0.014,0.258,0.178,0.066,1.608,0.294,0.178,0.262,0.204,0.242,0.29,0.088,0.162,0.176,0.16,0.096,0.052,0.278,0.204,0.034,0.206,0.132,0.078,0.338,0.128
2012-02-11 08:20:00,0.23,0.434,0.076,0.09,0.18,0.086,0.208,1.036,0.278,0.22,0.15,0.144,0.026,0.078,0.528,0.014,0.258,0.178,0.066,1.608,0.294,0.178,0.262,0.204,0.242,0.29,0.088,0.162,0.176,0.16,0.096,0.052,0.278,0.204,0.034,0.206,0.132,0.078,0.338,0.128
2012-02-11 08:21:00,0.23,0.434,0.076,0.09,0.18,0.086,0.208,1.036,0.278,0.22,0.15,0.144,0.026,0.078,0.528,0.014,0.258,0.178,0.066,1.608,0.294,0.178,0.262,0.204,0.242,0.29,0.088,0.162,0.176,0.16,0.096,0.052,0.278,0.204,0.034,0.206,0.132,0.078,0.338,0.128
2012-02-11 08:22:00,0.23,0.434,0.076,0.09,0.18,0.086,0.208,1.036,0.278,0.22,0.15,0.144,0.026,0.078,0.528,0.014,0.258,0.178,0.066,1.608,0.294,0.178,0.262,0.204,0.242,0.29,0.088,0.162,0.176,0.16,0.096,0.052,0.278,0.204,0.034,0.206,0.132,0.078,0.338,0.128
2012-02-11 08:23:00,0.23,0.434,0.076,0.09,0.18,0.086,0.208,1.036,0.278,0.22,0.15,0.144,0.026,0.078,0.528,0.014,0.258,0.178,0.066,1.608,0.294,0.178,0.262,0.204,0.242,0.29,0.088,0.162,0.176,0.16,0.096,0.052,0.278,0.204,0.034,0.206,0.132,0.078,0.338,0.128
2012-02-11 08:24:00,0.23,0.434,0.076,0.09,0.18,0.086,0.208,1.036,0.278,0.22,0.15,0.144,0.026,0.078,0.528,0.014,0.258,0.178,0.066,1.608,0.294,0.178,0.262,0.204,0.242,0.29,0.088,0.162,0.176,0.16,0.096,0.052,0.278,0.204,0.034,0.206,0.132,0.078,0.338,0.128
2012-02-11 08:25:00,0.23,0.434,0.076,0.09,0.18,0.086,0.208,1.036,0.278,0.22,0.15,0.144,0.026,0.078,0.528,0.014,0.258,0.178,0.066,1.608,0.294,0.178,0.262,0.204,0.242,0.29,0.088,0.162,0.176,0.16,0.096,0.052,0.278,0.204,0.034,0.206,0.132,0.078,0.338,0.128
2012-02-11 08:26:00,0.23,0.434,0.076,0.09,0.18,0.086,0.208,1.036,0.278,0.22,0.15,0.144,0.026,0.078,0.528,0.014,0.258,0.178,0.066,1.608,0.294,0.178,0.262,0.204,0.242,0.29,0.088,0.162,0.176,0.16,0.096,0.052,0.278,0.204,0.034,0.206,0.132,0.078,0.338,0.128
2012-02-11 08:27:00,0.23,0.434,0.076,0.09,0.18,0.086,0.208,1.036,0.278,0.22,0.15,0.144,0.026,0.078,0.528,0.014,0.258,0.178,0.066,1.608,0.294,0.178,0.262,0.204,0.242,0.29,0.088,0.162,0.176,0.16,0.096,0.052,0.278,0.204,0.034,0.206,0.132,0.078,0.338,0.128
2012-02-11 08:28:00,0.23,0.434,0.076,0.09,0.18,0.086,0.208,1.036,0.278,0.22,0.15,0.144,0.026,0.078,0.528,0.014,0.258,0.178,0.066,1.608,0.294,0.178,0.262,0.204,0.242,0.29,0.088,0.162,0.176,0.16,0.096,0.052,0.278,0.204,0.034,0.206,0.132,0.078,0.338,0.128
2012-02-11 08:29:00,0.23,0.434,0.076,0.09,0.18,0.086,0.208,1.036,0.278,0.22,0.15,0.144,0.026,0.078,0.528,0.014,0.258,0.178,0.066,1.608,0.294,0.178,0.262,0.204,0.242,0.29,0.088,0.162,0.176,0.16,0.096,0.052,0.278,0.204,0.034,0.206,0.132,0.078,0.338,0.128
2012-02-11 08:30:00,0.198,0.306,0.156,0.154,0.166,0.05,0.172,0.342,0.276,0.176,0.084,0.114,0.098,0.186,0.582,0.074,0.334,0.204,0.154,0.734,0.324,0.49,0.244,0.308,0.162,0.292,0.23,1.996,0.156,0.12,0.458,0.112,0.234,0.208,0.066,0.204,0.12,0.238,0.496,0.568
2012-02-11 08:31:00,0.198,0.306,0.156,0.154,0.166,0.05,0.172,0.342,0.276,0.176,0.084,0.114,0.098,0.186,0.582,0.074,0.334,0.204,0.154,0.734,0.324,0.49,0.244,0.308,0.162,0.292,0.23,1.996,0.156,0.12,0.458,0.112,0.234,0.208,0.066,0.204,0.12,0.238,0.496,0.568
2012-02-11 08:32:00,0.198,0.306,0.156,0.154,0.166,0.05,0.172,0.342,0.276,0.176,0.084,0.114,0.098,0.186,0.582,0.074,0.334,0.204,0.154,0.734,0.324,0.49,0.244,0.308,0.162,0.292,0.23,1.996,0.156,0.12,0.458,0.112,0.234,0.208,0.066,0.204,0.12,0.238,0.496,0.568
2012-02-11 08:33:00,0.198,0.306,0.156,0.154,0.166,0.05,0.172,0.342,0.276,0.176,0.084,0.114,0.098,0.186,0.582,0.074,0.334,0.204,0.154,0.734,0.324,0.49,0.244,0.308,0.162,0.292,0.23,1.996,0.156,0.12,0.458,0.112,0.234,0.208,0.066,0.204,0.12,0.238,0.496,0.568
2012-02-11 08:34:00,0.198,0.306,0.156,0.154,0.166,0.05,0.172,0.342,0.276,0.176,0.084,0.114,0.098,0.186,0.582,0.074,0.334,0.204,0.154,0.734,0.324,0.49,0.244,0.308,0.162,0.292,0.23,1.996,0.156,0.12,0.458,0.112,0.234,0.208,0.066,0.204,0.12,0.238,0.496,0.568
2012-02-11 08:35:00,0.198,0.306,0.156,0.154,0.166,0.05,0.172,0.342,0.276,0.176,0.084,0.114,0.098,0.186,0.582,0.074,0.334,0.204,0.154,0.734,0.324,0.49,0.244,0.308,0.162,0.292,0.23,1.996,0.156,0.12,0.458,0.112,0.234,0.208,0.066,0.204,0.12,0.238,0.496,0.568
2012-02-11 08:36:00,0.198,0.306,0.156,0.154,0.166,0.05,0.172,0.342,0.276,0.176,0.084,0.114,0.098,0.186,0.582,0.074,0.334,0.204,0.154,0.734,0.324,0.49,0.244,0.308,0.162,0.292,0.23,1.996,0.156,0.12,0.458,0.112,0.234,0.208,0.066,0.204,0.12,0.238,0.496,0.568
2012-02-11 08:37:00,0.198,0.306,0.156,0.154,0.166,0.05,0.172,0.342,0.276,0.176,0.084,0.114,0.098,0.186,0.582,0.074,0.334,0.204,0.154,0.734,0.324,0.49,0.244,0.308,0.162,0.292,0.23,1.996,0.156,0.12,0.458,0.112,0.234,0.208,0.066,0.204,0.12,0.238,0.496,0.568
2012-02-11 08:38:00,0.198,0.306,0.156,0.154,0.166,0.05,0.172,0.342,0.276,0.176,0.084,0.114,0.098,0.186,0.582,0.074,0.334,0.204,0.154,0.734,0.324,0.49,0.244,0.308,0.162,0.292,0.23,1.996,0.156,0.12,0.458,0.112,0.234,0.208,0.066,0.204,0.12,0.238,0.496,0.568
2012-02-11 08:39:00,0.198,0.306,0.156,0.154,0.166,0.05,0.172,0.342,0.276,0.176,0.084,0.114,0.098,0.186,0.582,0.074,0.334,0.204,0.154,0.734,0.324,0.49,0.244,0.308,0.162,0.292,0.23,1.996,0.156,0.12,0.458,0.112,0.234,0.208,0.066,0.204,0.12,0.238,0.496,0.568
2012-02-11 08:40:00,0.198,0.306,0.156,0.154,0.166,0.05,0.172,0.342,0.276,0.176,0.084,0.114,0.098,0.186,0.582,0.074,0.334,0.204,0.154,0.734,0.324,0.49,0.244,0.308,0.162,0.292,0.23,1.996,0.156,0.12,0.458,0.112,0.234,0.208,0.066,0.204,0.12,0.238,0.496,0.568
2012-02-11 08:41:00,0.198,0.306,0.156,0.154,0.166,0.05,0.172,0.342,0.276,0.176,0.084,0.114,0.098,0.186,0.582,0.074,0.334,0.204,0.154,0.734,0.324,0.49,0.244,0.308,0.162,0.292,0.23,1.996,0.156,0.12,0.458,0.112,0.234,0.208,0.066,0.204,0.12,0.238,0.496,0.568
2012-02-11 08:42:00,0.198,0.306,0.156,0.154,0.166,0.05,0.172,0.342,0.276,0.176,0.084,0.114,0.098,0.186,0.582,0.074,0.334,0.204,0.154,0.734,0.324,0.49,0.244,0.308,0.162,0.292,0.23,1.996,0.156,0.12,0.458,0.112,0.234,0.208,0.066,0.204,0.12,0.238,0.496,0.568
2012-02-11 08:43:00,0.198,0.306,0.156,0.154,0.166,0.05,0.172,0.342,0.276,0.176,0.084,0.114,0.098,0.186,0.582,0.074,0.334,0.204,0.154,0.734,0.324,0.49,0.244,0.308,0.162,0.292,0.23,1.996,0.156,0.12,0.458,0.112,0.234,0.208,0.066,0.204,0.12,0.238,0.496,0.568
2012-02-11 08:44:00,0.198,0.306,0.156,0.154,0.166,0.05,0.172,0.342,0.276,0.176,0.084,0.114,0.098,0.186,0.582,0.074,0.334,0.204,0.154,0.734,0.324,0.49,0.244,0.308,0.162,0.292,0.23,1.996,0.156,0.12,0.458,0.112,0.234,0.208,0.066,0.204,0.12,0.238,0.496,0.568
2012-02-11 08:45:00,0.198,0.306,0.156,0.154,0.166,0.05,0.172,0.342,0.276,0.176,0.084,0.114,0.098,0.186,0.582,0.074,0.334,0.204,0.154,0.734,0.324,0.49,0.244,0.308,0.162,0.292,0.23,1.996,0.156,0.12,0.458,0.112,0.234,0.208,0.066,0.204,0.12,0.238,0.496,0.568
2012-02-11 08:46:00,0.198,0.306,0.156,0.154,0.166,0.05,0.172,0.342,0.276,0.176,0.084,0.114,0.098,0.186,0.582,0.074,0.334,0.204,0.154,0.734,0.324,0.49,0.244,0.308,0.162,0.292,0.23,1.996,0.156,0.12,0.458,0.112,0.234,0.208,0.066,0.204,0.12,0.238,0.496,0.568
2012-02-11 08:47:00,0.198,0.306,0.156,0.154,0.166,0.05,0.172,0.342,0.276,0.176,0.084,0.114,0.098,0.186,0.582,0.074,0.334,0.204,0.154,0.734,0.324,0.49,0.244,0.308,0.162,0.292,0.23,1.996,0.156,0.12,0.458,0.112,0.234,0.208,0.066,0.204,0.12,0.238,0.496,0.568
2012-02-11 08:48:00,0.198,0.306,0.156,0.154,0.166,0.05,0.172,0.342,0.276,0.176,0.084,0.114,0.098,0.186,0.582,0.074,0.334,0.204,0.154,0.734,0.324,0.49,0.244,0.308,0.162,0.292,0.23,1.996,0.156,0.12,0.458,0.112,0.234,0.208,0.066,0.204,0.12,0.238,0.496,0.568
2012-02-11 08:49:00,0.198,0.306,0.156,0.154,0.166,0.05,0.172,0.342,0.276,0.176,0.084,0.114,0.098,0.186,0.582,0.074,0.334,0.204,0.154,0.734,0.324,0.49,0.244,0.308,0.162,0.292,0.23,1.996,0.156,0.12,0.458,0.112,0.234,0.208,0.066,0.204,0.12,0.238,0.496,0.568
2012-02-11 08:50:00,0.198,0.306,0.156,0.154,0.166,0.05,0.172,0.342,0.276,0.176,0.084,0.114,0.098,0.186,0.582,0.074,0.334,0.204,0.154,0.734,0.324,0.49,0.244,0.308,0.162,0.292,0.23,1.996,0.156,0.12,0.458,0.112,0.234,0.208,0.066,0.204,0.12,0.238,0.496,0.568
2012-02-11 08:51:00,0.198,0.306,0.156,0.154,0.166,0.05,0.172,0.342,0.276,0.176,0.084,0.114,0.098,0.186,0.582,0.074,0.334,0.204,0.154,0.734,0.324,0.49,0.244,0.308,0.162,0.292,0.23,1.996,0.156,0.12,0.458,0.112,0.234,0.208,0.066,0.204,0.12,0.238,0.496,0.568
2012-02-11 08:52:00,0.198,0.306,0.156,0.154,0.166,0.05,0.172,0.342,0.276,0.176,0.084,0.114,0.098,0.186,0.582,0.074,0.334,0.204,0.154,0.734,0.324,0.49,0.244,0.308,0.162,0.292,0.23,1.996,0.156,0.12,0.458,0.112,0.234,0.208,0.066,0.204,0.12,0.238,0.496,0.568
2012-02-11 08:53:00,0.198,0.306,0.156,0.154,0.166,0.05,0.172,0.342,0.276,0.176,0.084,0.114,0.098,0.186,0.582,0.074,0.334,0.204,0.154,0.734,0.324,0.49,0.244,0.308,0.162,0.292,0.23,1.996,0.156,0.12,0.458,0.112,0.234,0.208,0.066,0.204,0.12,0.238,0.496,0.568
2012-02-11 08:54:00,0.198,0.306,0.156,0.154,0.166,0.05,0.172,0.342,0.276,0.176,0.084,0.114,0.098,0.186,0.582,0.074,0.334,0.204,0.154,0.734,0.324,0.49,0.244,0.308,0.162,0.292,0.23,1.996,0.156,0.12,0.458,0.112,0.234,0.208,0.066,0.204,0.12,0.238,0.496,0.568
2012-02-11 08:55:00,0.198,0.306,0.156,0.154,0.166,0.05,0.172,0.342,0.276,0.176,0.084,0.114,0.098,0.186,0.582,0.074,0.334,0.204,0.154,0.734,0.324,0.49,0.244,0.308,0.162,0.292,0.23,1.996,0.156,0.12,0.458,0.112,0.234,0.208,0.066,0.204,0.12,0.238,0.496,0.568
2012-02-11 08:56:00,0.198,0.306,0.156,0.154,0.166,0.05,0.172,0.342,0.276,0.176,0.084,0.114,0.098,0.186,0.582,0.074,0.334,0.204,0.154,0.734,0.324,0.49,0.244,0.308,0.162,0.292,0.23,1.996,0.156,0.12,0.458,0.112,0.234,0.208,0.066,0.204,0.12,0.238,0.496,0.568
2012-02-11 08:57:00,0.198,0.306,0.156,0.154,0.166,0.05,0.172,0.342,0.276,0.176,0.084,0.114,0.098,0.186,0.582,0.074,0.334,0.204,0.154,0.734,0.324,0.49,0.244,0.308,0.162,0.292,0.23,1.996,0.156,0.12,0.458,0.112,0.234,0.208,0.066,0.204,0.12,0.238,0.496,0.568
2012-02-11 08:58:00,0.198,0.306,0.156,0.154,0.166,0.05,0.172,0.342,0.276,0.176,0.084,0.114,0.098,0.186,0.582,0.074,0.334,0.204,0.154,0.734,0.324,0.49,0.244,0.308,0.162,0.292,0.23,1.996,0.156,0.12,0.458,0.112,0.234,0.208,0.066,0.204,0.12,0.238,0.496,0.568
2012-02-11 08:59:00,0.198,0.306,0.156,0.154,0.166,0.05,0.172,0.342,0.276,0.176,0.084,0.114,0.098,0.186,0.582,0.074,0.334,0.204,0.154,0.734,0.324,0.49,0.244,0.308,0.162,0.292,0.23,1.996,0.156,0.12,0.458,0.112,0.234,0.208,0.066,0.204,0.12,0.238,0.496,0.568
2012-02-11 09:00:00,0.23,0.366,1.024,0.092,0.184,0.1,0.398,0.372,0.278,0.15,0.07,0.15,0.114,0.084,0.658,0.022,0.25,0.188,0.184,0.248,0.32,0.244,0.248,0.376,0.138,0.29,0.264,0.762,0.512,0.138,0.456,0.566,0.196,0.5,0.064,0.43,0.118,0.26,0.56,3.318
2012-02-11 09:01:00,0.23,0.366,1.024,0.092,0.184,0.1,0.398,0.372,0.278,0.15,0.07,0.15,0.114,0.084,0.658,0.022,0.25,0.188,0.184,0.248,0.32,0.244,0.248,0.376,0.138,0.29,0.264,0.762,0.512,0.138,0.456,0.566,0.196,0.5,0.064,0.43,0.118,0.26,0.56,3.318
2012-02-11 09:02:00,0.23,0.366,1.024,0.092,0.184,0.1,0.398,0.372,0.278,0.15,0.07,0.15,0.114,0.084,0.658,0.022,0.25,0.188,0.184,0.248,0.32,0.244,0.248,0.376,0.138,0.29,0.264,0.762,0.512,0.138,0.456,0.566,0.196,0.5,0.064,0.43,0.118,0.26,0.56,3.318
2012-02-11 09:03:00,0.23,0.366,1.024,0.092,0.184,0.1,0.398,0.372,0.278,0.15,0.07,0.15,0.114,0.084,0.658,0.022,0.25,0.188,0.184,0.248,0.32,0.244,0.248,0.376,0.138,0.29,0.264,0.762,0.512,0.138,0.456,0.566,0.196,0.5,0.064,0.43,0.118,0.26,0.56,3.318
2012-02-11 09:04:00,0.23,0.366,1.024,0.092,0.184,0.1,0.398,0.372,0.278,0.15,0.07,0.15,0.114,0.084,0.658,0.022,0.25,0.188,0.184,0.248,0.32,0.244,0.248,0.376,0.138,0.29,0.264,0.762,0.512,0.138,0.456,0.566,0.196,0.5,0.064,0.43,0.118,0.26,0.56,3.318
2012-02-11 09:05:00,0.23,0.366,1.024,0.092,0.184,0.1,0.398,0.372,0.278,0.15,0.07,0.15,0.114,0.084,0.658,0.022,0.25,0.188,0.184,0.248,0.32,0.244,0.248,0.376,0.138,0.29,0.264,0.762,0.512,0.138,0.456,0.566,0.196,0.5,0.064,0.43,0.118,0.26,0.56,3.318
2012-02-11 09:06:00,0.23,0.366,1.024,0.092,0.184,0.1,0.398,0.372,0.278,0.15,0.07,0.15,0.114,0.084,0.658,0.022,0.25,0.188,0.184,0.248,0.32,0.244,0.248,0.376,0.138,0.29,0.264,0.762,0.512,0.138,0.456,0.566,0.196,0.5,0.064,0.43,0.118,0.26,0.56,3.318
2012-02-11 09:07:00,0.23,0.366,1.024,0.092,0.184,0.1,0.398,0.372,0.278,0.15,0.07,0.15,0.114,0.084,0.658,0.022,0.25,0.188,0.184,0.248,0.32,0.244,0.248,0.376,0.138,0.29,0.264,0.762,0.512,0.138,0.456,0.566,0.196,0.5,0.064,0.43,0.118,0.26,0.56,3.318
2012-02-11 09:08:00,0.23,0.366,1.024,0.092,0.184,0.1,0.398,0.372,0.278,0.15,0.07,0.15,0.114,0.084,0.658,0.022,0.25,0.188,0.184,0.248,0.32,0.244,0.248,0.376,0.138,0.29,0.264,0.762,0.512,0.138,0.456,0.566,0.196,0.5,0.064,0.43,0.118,0.26,0.56,3.318
2012-02-11 09:09:00,0.23,0.366,1.024,0.092,0.184,0.1,0.398,0.372,0.278,0.15,0.07,0.15,0.114,0.084,0.658,0.022,0.25,0.188,0.184,0.248,0.32,0.244,0.248,0.376,0.138,0.29,0.264,0.762,0.512,0.138,0.456,0.566,0.196,0.5,0.064,0.43,0.118,0.26,0.56,3.318
2012-02-11 09:10:00,0.23,0.366,1.024,0.092,0.184,0.1,0.398,0.372,0.278,0.15,0.07,0.15,0.114,0.084,0.658,0.022,0.25,0.188,0.184,0.248,0.32,0.244,0.248,0.376,0.138,0.29,0.264,0.762,0.512,0.138,0.456,0.566,0.196,0.5,0.064,0.43,0.118,0.26,0.56,3.318
2012-02-11 09:11:00,0.23,0.366,1.024,0.092,0.184,0.1,0.398,0.372,0.278,0.15,0.07,0.15,0.114,0.084,0.658,0.022,0.25,0.188,0.184,0.248,0.32,0.244,0.248,0.376,0.138,0.29,0.264,0.762,0.512,0.138,0.456,0.566,0.196,0.5,0.064,0.43,0.118,0.26,0.56,3.318
2012-02-11 09:12:00,0.23,0.366,1.024,0.092,0.184,0.1,0.398,0.372,0.278,0.15,0.07,0.15,0.114,0.084,0.658,0.022,0.25,0.188,0.184,0.248,0.32,0.244,0.248,0.376,0.138,0.29,0.264,0.762,0.512,0.138,0.456,0.566,0.196,0.5,0.064,0.43,0.118,0.26,0.56,3.318
2012-02-11 09:13:00,0.23,0.366,1.024,0.092,0.184,0.1,0.398,0.372,0.278,0.15,0.07,0.15,0.114,0.084,0.658,0.022,0.25,0.188,0.184,0.248,0.32,0.244,0.248,0.376,0.138,0.29,0.264,0.762,0.512,0.138,0.456,0.566,0.196,0.5,0.064,0.43,0.118,0.26,0.56,3.318
2012-02-11 09:14:00,0.23,0.366,1.024,0.092,0.184,0.1,0.398,0.372,0.278,0.15,0.07,0.15,0.114,0.084,0.658,0.022,0.25,0.188,0.184,0.248,0.32,0.244,0.248,0.376,0.138,0.29,0.264,0.762,0.512,0.138,0.456,0.566,0.196,0.5,0.064,0.43,0.118,0.26,0.56,3.318
2012-02-11 09:15:00,0.23,0.366,1.024,0.092,0.184,0.1,0.398,0.372,0.278,0.15,0.07,0.15,0.114,0.084,0.658,0.022,0.25,0.188,0.184,0.248,0.32,0.244,0.248,0.376,0.138,0.29,0.264,0.762,0.512,0.138,0.456,0.566,0.196,0.5,0.064,0.43,0.118,0.26,0.56,3.318
2012-02-11 09:16:00,0.23,0.366,1.024,0.092,0.184,0.1,0.398,0.372,0.278,0.15,0.07,0.15,0.114,0.084,0.658,0.022,0.25,0.188,0.184,0.248,0.32,0.244,0.248,0.376,0.138,0.29,0.264,0.762,0.512,0.138,0.456,0.566,0.196,0.5,0.064,0.43,0.118,0.26,0.56,3.318
2012-02-11 09:17:00,0.23,0.366,1.024,0.092,0.184,0.1,0.398,0.372,0.278,0.15,0.07,0.15,0.114,0.084,0.658,0.022,0.25,0.188,0.184,0.248,0.32,0.244,0.248,0.376,0.138,0.29,0.264,0.762,0.512,0.138,0.456,0.566,0.196,0.5,0.064,0.43,0.118,0.26,0.56,3.318
2012-02-11 09:18:00,0.23,0.366,1.024,0.092,0.184,0.1,0.398,0.372,0.278,0.15,0.07,0.15,0.114,0.084,0.658,0.022,0.25,0.188,0.184,0.248,0.32,0.244,0.248,0.376,0.138,0.29,0.264,0.762,0.512,0.138,0.456,0.566,0.196,0.5,0.064,0.43,0.118,0.26,0.56,3.318
2012-02-11 09:19:00,0.23,0.366,1.024,0.092,0.184,0.1,0.398,0.372,0.278,0.15,0.07,0.15,0.114,0.084,0.658,0.022,0.25,0.188,0.184,0.248,0.32,0.244,0.248,0.376,0.138,0.29,0.264,0.762,0.512,0.138,0.456,0.566,0.196,0.5,0.064,0.43,0.118,0.26,0.56,3.318
2012-02-11 09:20:00,0.23,0.366,1.024,0.092,0.184,0.1,0.398,0.372,0.278,0.15,0.07,0.15,0.114,0.084,0.658,0.022,0.25,0.188,0.184,0.248,0.32,0.244,0.248,0.376,0.138,0.29,0.264,0.762,0.512,0.138,0.456,0.566,0.196,0.5,0.064,0.43,0.118,0.26,0.56,3.318
2012-02-11 09:21:00,0.23,0.366,1.024,0.092,0.184,0.1,0.398,0.372,0.278,0.15,0.07,0.15,0.114,0.084,0.658,0.022,0.25,0.188,0.184,0.248,0.32,0.244,0.248,0.376,0.138,0.29,0.264,0.762,0.512,0.138,0.456,0.566,0.196,0.5,0.064,0.43,0.118,0.26,0.56,3.318
2012-02-11 09:22:00,0.23,0.366,1.024,0.092,0.184,0.1,0.398,0.372,0.278,0.15,0.07,0.15,0.114,0.084,0.658,0.022,0.25,0.188,0.184,0.248,0.32,0.244,0.248,0.376,0.138,0.29,0.264,0.762,0.512,0.138,0.456,0.566,0.196,0.5,0.064,0.43,0.118,0.26,0.56,3.318
2012-02-11 09:23:00,0.23,0.366,1.024,0.092,0.184,0.1,0.398,0.372,0.278,0.15,0.07,0.15,0.114,0.084,0.658,0.022,0.25,0.188,0.184,0.248,0.32,0.244,0.248,0.376,0.138,0.29,0.264,0.762,0.512,0.138,0.456,0.566,0.196,0.5,0.064,0.43,0.118,0.26,0.56,3.318
2012-02-11 09:24:00,0.23,0.366,1.024,0.092,0.184,0.1,0.398,0.372,0.278,0.15,0.07,0.15,0.114,0.084,0.658,0.022,0.25,0.188,0.184,0.248,0.32,0.244,0.248,0.376,0.138,0.29,0.264,0.762,0.512,0.138,0.456,0.566,0.196,0.5,0.064,0.43,0.118,0.26,0.56,3.318
2012-02-11 09:25:00,0.23,0.366,1.024,0.092,0.184,0.1,0.398,0.372,0.278,0.15,0.07,0.15,0.114,0.084,0.658,0.022,0.25,0.188,0.184,0.248,0.32,0.244,0.248,0.376,0.138,0.29,0.264,0.762,0.512,0.138,0.456,0.566,0.196,0.5,0.064,0.43,0.118,0.26,0.56,3.318
2012-02-11 09:26:00,0.23,0.366,1.024,0.092,0.184,0.1,0.398,0.372,0.278,0.15,0.07,0.15,0.114,0.084,0.658,0.022,0.25,0.188,0.184,0.248,0.32,0.244,0.248,0.376,0.138,0.29,0.264,0.762,0.512,0.138,0.456,0.566,0.196,0.5,0.064,0.43,0.118,0.26,0.56,3.318
2012-02-11 09:27:00,0.23,0.366,1.024,0.092,0.184,0.1,0.398,0.372,0.278,0.15,0.07,0.15,0.114,0.084,0.658,0.022,0.25,0.188,0.184,0.248,0.32,0.244,0.248,0.376,0.138,0.29,0.264,0.762,0.512,0.138,0.456,0.566,0.196,0.5,0.064,0.43,0.118,0.26,0.56,3.318
2012-02-11 09:28:00,0.23,0.366,1.024,0.092,0.184,0.1,0.398,0.372,0.278,0.15,0.07,0.15,0.114,0.084,0.658,0.022,0.25,0.188,0.184,0.248,0.32,0.244,0.248,0.376,0.138,0.29,0.264,0.762,0.512,0.138,0.456,0.566,0.196,0.5,0.064,0.43,0.118,0.26,0.56,3.318
2012-02-11 09:29:00,0.23,0.366,1.024,0.092,0.184,0.1,0.398,0.372,0.278,0.15,0.07,0.15,0.114,0.084,0.658,0.022,0.25,0.188,0.184,0.248,0.32,0.244,0.248,0.376,0.138,0.29,0.264,0.762,0.512,0.138,0.456,0.566,0.196,0.5,0.064,0.43,0.118,0.26,0.56,3.318
2012-02-11 09:30:00,0.234,0.26,1.452,0.11,0.124,0.088,0.25,0.228,0.364,0.508,0.118,0.164,0.24,0.186,0.898,0.034,0.38,0.586,0.396,0.092,0.26,0.388,0.324,2.294,0.118,0.29,0.26,1.668,0.274,0.118,0.48,0.188,0.502,0.288,0.042,0.152,0.12,0.246,0.316,0.464
2012-02-11 09:31:00,0.234,0.26,1.452,0.11,0.124,0.088,0.25,0.228,0.364,0.508,0.118,0.164,0.24,0.186,0.898,0.034,0.38,0.586,0.396,0.092,0.26,0.388,0.324,2.294,0.118,0.29,0.26,1.668,0.274,0.118,0.48,0.188,0.502,0.288,0.042,0.152,0.12,0.246,0.316,0.464
2012-02-11 09:32:00,0.234,0.26,1.452,0.11,0.124,0.088,0.25,0.228,0.364,0.508,0.118,0.164,0.24,0.186,0.898,0.034,0.38,0.586,0.396,0.092,0.26,0.388,0.324,2.294,0.118,0.29,0.26,1.668,0.274,0.118,0.48,0.188,0.502,0.288,0.042,0.152,0.12,0.246,0.316,0.464
2012-02-11 09:33:00,0.234,0.26,1.452,0.11,0.124,0.088,0.25,0.228,0.364,0.508,0.118,0.164,0.24,0.186,0.898,0.034,0.38,0.586,0.396,0.092,0.26,0.388,0.324,2.294,0.118,0.29,0.26,1.668,0.274,0.118,0.48,0.188,0.502,0.288,0.042,0.152,0.12,0.246,0.316,0.464
2012-02-11 09:34:00,0.234,0.26,1.452,0.11,0.124,0.088,0.25,0.228,0.364,0.508,0.118,0.164,0.24,0.186,0.898,0.034,0.38,0.586,0.396,0.092,0.26,0.388,0.324,2.294,0.118,0.29,0.26,1.668,0.274,0.118,0.48,0.188,0.502,0.288,0.042,0.152,0.12,0.246,0.316,0.464
2012-02-11 09:35:00,0.234,0.26,1.452,0.11,0.124,0.088,0.25,0.228,0.364,0.508,0.118,0.164,0.24,0.186,0.898,0.034,0.38,0.586,0.396,0.092,0.26,0.388,0.324,2.294,0.118,0.29,0.26,1.668,0.274,0.118,0.48,0.188,0.502,0.288,0.042,0.152,0.12,0.246,0.316,0.464
2012-02-11 09:36:00,0.234,0.26,1.452,0.11,0.124,0.088,0.25,0.228,0.364,0.508,0.118,0.164,0.24,0.186,0.898,0.034,0.38,0.586,0.396,0.092,0.26,0.388,0.324,2.294,0.118,0.29,0.26,1.668,0.274,0.118,0.48,0.188,0.502,0.288,0.042,0.152,0.12,0.246,0.316,0.464
2012-02-11 09:37:00,0.234,0.26,1.452,0.11,0.124,0.088,0.25,0.228,0.364,0.508,0.118,0.164,0.24,0.186,0.898,0.034,0.38,0.586,0.396,0.092,0.26,0.388,0.324,2.294,0.118,0.29,0.26,1.668,0.274,0.118,0.48,0.188,0.502,0.288,0.042,0.152,0.12,0.246,0.316,0.464
2012-02-11 09:38:00,0.234,0.26,1.452,0.11,0.124,0.088,0.25,0.228,0.364,0.508,0.118,0.164,0.24,0.186,0.898,0.034,0.38,0.586,0.396,0.092,0.26,0.388,0.324,2.294,0.118,0.29,0.26,1.668,0.274,0.118,0.48,0.188,0.502,0.288,0.042,0.152,0.12,0.246,0.316,0.464
2012-02-11 09:39:00,0.234,0.26,1.452,0.11,0.124,0.088,0.25,0.228,0.364,0.508,0.118,0.164,0.24,0.186,0.898,0.034,0.38,0.586,0.396,0.092,0.26,0.388,0.324,2.294,0.118,0.29,0.26,1.668,0.274,0.118,0.48,0.188,0.502,0.288,0.042,0.152,0.12,0.246,0.316,0.464
2012-02-11 09:40:00,0.234,0.26,1.452,0.11,0.124,0.088,0.25,0.228,0.364,0.508,0.118,0.164,0.24,0.186,0.898,0.034,0.38,0.586,0.396,0.092,0.26,0.388,0.324,2.294,0.118,0.29,0.26,1.668,0.274,0.118,0.48,0.188,0.502,0.288,0.042,0.152,0.12,0.246,0.316,0.464
2012-02-11 09:41:00,0.234,0.26,1.452,0.11,0.124,0.088,0.25,0.228,0.364,0.508,0.118,0.164,0.24,0.186,0.898,0.034,0.38,0.586,0.396,0.092,0.26,0.388,0.324,2.294,0.118,0.29,0.26,1.668,0.274,0.118,0.48,0.188,0.502,0.288,0.042,0.152,0.12,0.246,0.316,0.464
2012-02-11 09:42:00,0.234,0.26,1.452,0.11,0.124,0.088,0.25,0.228,0.364,0.508,0.118,0.164,0.24,0.186,0.898,0.034,0.38,0.586,0.396,0.092,0.26,0.388,0.324,2.294,0.118,0.29,0.26,1.668,0.274,0.118,0.48,0.188,0.502,0.288,0.042,0.152,0.12,0.246,0.316,0.464
2012-02-11 09:43:00,0.234,0.26,1.452,0.11,0.124,0.088,0.25,0.228,0.364,0.508,0.118,0.164,0.24,0.186,0.898,0.034,0.38,0.586,0.396,0.092,0.26,0.388,0.324,2.294,0.118,0.29,0.26,1.668,0.274,0.118,0.48,0.188,0.502,0.288,0.042,0.152,0.12,0.246,0.316,0.464
2012-02-11 09:44:00,0.234,0.26,1.452,0.11,0.124,0.088,0.25,0.228,0.364,0.508,0.118,0.164,0.24,0.186,0.898,0.034,0.38,0.586,0.396,0.092,0.26,0.388,0.324,2.294,0.118,0.29,0.26,1.668,0.274,0.118,0.48,0.188,0.502,0.288,0.042,0.152,0.12,0.246,0.316,0.464
2012-02-11 09:45:00,0.234,0.26,1.452,0.11,0.124,0.088,0.25,0.228,0.364,0.508,0.118,0.164,0.24,0.186,0.898,0.034,0.38,0.586,0.396,0.092,0.26,0.388,0.324,2.294,0.118,0.29,0.26,1.668,0.274,0.118,0.48,0.188,0.502,0.288,0.042,0.152,0.12,0.246,0.316,0.464
2012-02-11 09:46:00,0.234,0.26,1.452,0.11,0.124,0.088,0.25,0.228,0.364,0.508,0.118,0.164,0.24,0.186,0.898,0.034,0.38,0.586,0.396,0.092,0.26,0.388,0.324,2.294,0.118,0.29,0.26,1.668,0.274,0.118,0.48,0.188,0.502,0.288,0.042,0.152,0.12,0.246,0.316,0.464
2012-02-11 09:47:00,0.234,0.26,1.452,0.11,0.124,0.088,0.25,0.228,0.364,0.508,0.118,0.164,0.24,0.186,0.898,0.034,0.38,0.586,0.396,0.092,0.26,0.388,0.324,2.294,0.118,0.29,0.26,1.668,0.274,0.118,0.48,0.188,0.502,0.288,0.042,0.152,0.12,0.246,0.316,0.464
2012-02-11 09:48:00,0.234,0.26,1.452,0.11,0.124,0.088,0.25,0.228,0.364,0.508,0.118,0.164,0.24,0.186,0.898,0.034,0.38,0.586,0.396,0.092,0.26,0.388,0.324,2.294,0.118,0.29,0.26,1.668,0.274,0.118,0.48,0.188,0.502,0.288,0.042,0.152,0.12,0.246,0.316,0.464
2012-02-11 09:49:00,0.234,0.26,1.452,0.11,0.124,0.088,0.25,0.228,0.364,0.508,0.118,0.164,0.24,0.186,0.898,0.034,0.38,0.586,0.396,0.092,0.26,0.388,0.324,2.294,0.118,0.29,0.26,1.668,0.274,0.118,0.48,0.188,0.502,0.288,0.042,0.152,0.12,0.246,0.316,0.464
2012-02-11 09:50:00,0.234,0.26,1.452,0.11,0.124,0.088,0.25,0.228,0.364,0.508,0.118,0.164,0.24,0.186,0.898,0.034,0.38,0.586,0.396,0.092,0.26,0.388,0.324,2.294,0.118,0.29,0.26,1.668,0.274,0.118,0.48,0.188,0.502,0.288,0.042,0.152,0.12,0.246,0.316,0.464
2012-02-11 09:51:00,0.234,0.26,1.452,0.11,0.124,0.088,0.25,0.228,0.364,0.508,0.118,0.164,0.24,0.186,0.898,0.034,0.38,0.586,0.396,0.092,0.26,0.388,0.324,2.294,0.118,0.29,0.26,1.668,0.274,0.118,0.48,0.188,0.502,0.288,0.042,0.152,0.12,0.246,0.316,0.464
2012-02-11 09:52:00,0.234,0.26,1.452,0.11,0.124,0.088,0.25,0.228,0.364,0.508,0.118,0.164,0.24,0.186,0.898,0.034,0.38,0.586,0.396,0.092,0.26,0.388,0.324,2.294,0.118,0.29,0.26,1.668,0.274,0.118,0.48,0.188,0.502,0.288,0.042,0.152,0.12,0.246,0.316,0.464
2012-02-11 09:53:00,0.234,0.26,1.452,0.11,0.124,0.088,0.25,0.228,0.364,0.508,0.118,0.164,0.24,0.186,0.898,0.034,0.38,0.586,0.396,0.092,0.26,0.388,0.324,2.294,0.118,0.29,0.26,1.668,0.274,0.118,0.48,0.188,0.502,0.288,0.042,0.152,0.12,0.246,0.316,0.464
2012-02-11 09:54:00,0.234,0.26,1.452,0.11,0.124,0.088,0.25,0.228,0.364,0.508,0.118,0.164,0.24,0.186,0.898,0.034,0.38,0.586,0.396,0.092,0.26,0.388,0.324,2.294,0.118,0.29,0.26,1.668,0.274,0.118,0.48,0.188,0.502,0.288,0.042,0.152,0.12,0.246,0.316,0.464
2012-02-11 09:55:00,0.234,0.26,1.452,0.11,0.124,0.088,0.25,0.228,0.364,0.508,0.118,0.164,0.24,0.186,0.898,0.034,0.38,0.586,0.396,0.092,0.26,0.388,0.324,2.294,0.118,0.29,0.26,1.668,0.274,0.118,0.48,0.188,0.502,0.288,0.042,0.152,0.12,0.246,0.316,0.464
2012-02-11 09:56:00,0.234,0.26,1.452,0.11,0.124,0.088,0.25,0.228,0.364,0.508,0.118,0.164,0.24,0.186,0.898,0.034,0.38,0.586,0.396,0.092,0.26,0.388,0.324,2.294,0.118,0.29,0.26,1.668,0.274,0.118,0.48,0.188,0.502,0.288,0.042,0.152,0.12,0.246,0.316,0.464
2012-02-11 09:57:00,0.234,0.26,1.452,0.11,0.124,0.088,0.25,0.228,0.364,0.508,0.118,0.164,0.24,0.186,0.898,0.034,0.38,0.586,0.396,0.092,0.26,0.388,0.324,2.294,0.118,0.29,0.26,1.668,0.274,0.118,0.48,0.188,0.502,0.288,0.042,0.152,0.12,0.246,0.316,0.464
2012-02-11 09:58:00,0.234,0.26,1.452,0.11,0.124,0.088,0.25,0.228,0.364,0.508,0.118,0.164,0.24,0.186,0.898,0.034,0.38,0.586,0.396,0.092,0.26,0.388,0.324,2.294,0.118,0.29,0.26,1.668,0.274,0.118,0.48,0.188,0.502,0.288,0.042,0.152,0.12,0.246,0.316,0.464
2012-02-11 09:59:00,0.234,0.26,1.452,0.11,0.124,0.088,0.25,0.228,0.364,0.508,0.118,0.164,0.24,0.186,0.898,0.034,0.38,0.586,0.396,0.092,0.26,0.388,0.324,2.294,0.118,0.29,0.26,1.668,0.274,0.118,0.48,0.188,0.502,0.288,0.042,0.152,0.12,0.246,0.316,0.464
2012-02-11 10:00:00,0.188,0.268,0.846,0.162,0.094,0.048,0.296,0.13,0.786,0.224,0.422,0.112,0.622,0.082,0.484,0.062,0.598,0.25,0.134,0.088,0.232,0.412,0.232,1.09,0.138,0.282,0.154,0.484,0.348,0.14,0.388,0.112,0.296,1.78,0.132,0.122,0.13,0.188,0.124,0.3
2012-02-11 10:01:00,0.188,0.268,0.846,0.162,0.094,0.048,0.296,0.13,0.786,0.224,0.422,0.112,0.622,0.082,0.484,0.062,0.598,0.25,0.134,0.088,0.232,0.412,0.232,1.09,0.138,0.282,0.154,0.484,0.348,0.14,0.388,0.112,0.296,1.78,0.132,0.122,0.13,0.188,0.124,0.3
2012-02-11 10:02:00,0.188,0.268,0.846,0.162,0.094,0.048,0.296,0.13,0.786,0.224,0.422,0.112,0.622,0.082,0.484,0.062,0.598,0.25,0.134,0.088,0.232,0.412,0.232,1.09,0.138,0.282,0.154,0.484,0.348,0.14,0.388,0.112,0.296,1.78,0.132,0.122,0.13,0.188,0.124,0.3
2012-02-11 10:03:00,0.188,0.268,0.846,0.162,0.094,0.048,0.296,0.13,0.786,0.224,0.422,0.112,0.622,0.082,0.484,0.062,0.598,0.25,0.134,0.088,0.232,0.412,0.232,1.09,0.138,0.282,0.154,0.484,0.348,0.14,0.388,0.112,0.296,1.78,0.132,0.122,0.13,0.188,0.124,0.3
2012-02-11 10:04:00,0.188,0.268,0.846,0.162,0.094,0.048,0.296,0.13,0.786,0.224,0.422,0.112,0.622,0.082,0.484,0.062,0.598,0.25,0.134,0.088,0.232,0.412,0.232,1.09,0.138,0.282,0.154,0.484,0.348,0.14,0.388,0.112,0.296,1.78,0.132,0.122,0.13,0.188,0.124,0.3
2012-02-11 10:05:00,0.188,0.268,0.846,0.162,0.094,0.048,0.296,0.13,0.786,0.224,0.422,0.112,0.622,0.082,0.484,0.062,0.598,0.25,0.134,0.088,0.232,0.412,0.232,1.09,0.138,0.282,0.154,0.484,0.348,0.14,0.388,0.112,0.296,1.78,0.132,0.122,0.13,0.188,0.124,0.3
2012-02-11 10:06:00,0.188,0.268,0.846,0.162,0.094,0.048,0.296,0.13,0.786,0.224,0.422,0.112,0.622,0.082,0.484,0.062,0.598,0.25,0.134,0.088,0.232,0.412,0.232,1.09,0.138,0.282,0.154,0.484,0.348,0.14,0.388,0.112,0.296,1.78,0.132,0.122,0.13,0.188,0.124,0.3
2012-02-11 10:07:00,0.188,0.268,0.846,0.162,0.094,0.048,0.296,0.13,0.786,0.224,0.422,0.112,0.622,0.082,0.484,0.062,0.598,0.25,0.134,0.088,0.232,0.412,0.232,1.09,0.138,0.282,0.154,0.484,0.348,0.14,0.388,0.112,0.296,1.78,0.132,0.122,0.13,0.188,0.124,0.3
2012-02-11 10:08:00,0.188,0.268,0.846,0.162,0.094,0.048,0.296,0.13,0.786,0.224,0.422,0.112,0.622,0.082,0.484,0.062,0.598,0.25,0.134,0.088,0.232,0.412,0.232,1.09,0.138,0.282,0.154,0.484,0.348,0.14,0.388,0.112,0.296,1.78,0.132,0.122,0.13,0.188,0.124,0.3
2012-02-11 10:09:00,0.188,0.268,0.846,0.162,0.094,0.048,0.296,0.13,0.786,0.224,0.422,0.112,0.622,0.082,0.484,0.062,0.598,0.25,0.134,0.088,0.232,0.412,0.232,1.09,0.138,0.282,0.154,0.484,0.348,0.14,0.388,0.112,0.296,1.78,0.132,0.122,0.13,0.188,0.124,0.3
2012-02-11 10:10:00,0.188,0.268,0.846,0.162,0.094,0.048,0.296,0.13,0.786,0.224,0.422,0.112,0.622,0.082,0.484,0.062,0.598,0.25,0.134,0.088,0.232,0.412,0.232,1.09,0.138,0.282,0.154,0.484,0.348,0.14,0.388,0.112,0.296,1.78,0.132,0.122,0.13,0.188,0.124,0.3
2012-02-11 10:11:00,0.188,0.268,0.846,0.162,0.094,0.048,0.296,0.13,0.786,0.224,0.422,0.112,0.622,0.082,0.484,0.062,0.598,0.25,0.134,0.088,0.232,0.412,0.232,1.09,0.138,0.282,0.154,0.484,0.348,0.14,0.388,0.112,0.296,1.78,0.132,0.122,0.13,0.188,0.124,0.3
2012-02-11 10:12:00,0.188,0.268,0.846,0.162,0.094,0.048,0.296,0.13,0.786,0.224,0.422,0.112,0.622,0.082,0.484,0.062,0.598,0.25,0.134,0.088,0.232,0.412,0.232,1.09,0.138,0.282,0.154,0.484,0.348,0.14,0.388,0.112,0.296,1.78,0.132,0.122,0.13,0.188,0.124,0.3
2012-02-11 10:13:00,0.188,0.268,0.846,0.162,0.094,0.048,0.296,0.13,0.786,0.224,0.422,0.112,0.622,0.082,0.484,0.062,0.598,0.25,0.134,0.088,0.232,0.412,0.232,1.09,0.138,0.282,0.154,0.484,0.348,0.14,0.388,0.112,0.296,1.78,0.132,0.122,0.13,0.188,0.124,0.3
2012-02-11 10:14:00,0.188,0.268,0.846,0.162,0.094,0.048,0.296,0.13,0.786,0.224,0.422,0.112,0.622,0.082,0.484,0.062,0.598,0.25,0.134,0.088,0.232,0.412,0.232,1.09,0.138,0.282,0.154,0.484,0.348,0.14,0.388,0.112,0.296,1.78,0.132,0.122,0.13,0.188,0.124,0.3
2012-02-11 10:15:00,0.188,0.268,0.846,0.162,0.094,0.048,0.296,0.13,0.786,0.224,0.422,0.112,0.622,0.082,0.484,0.062,0.598,0.25,0.134,0.088,0.232,0.412,0.232,1.09,0.138,0.282,0.154,0.484,0.348,0.14,0.388,0.112,0.296,1.78,0.132,0.122,0.13,0.188,0.124,0.3
2012-02-11 10:16:00,0.188,0.268,0.846,0.162,0.094,0.048,0.296,0.13,0.786,0.224,0.422,0.112,0.622,0.082,0.484,0.062,0.598,0.25,0.134,0.088,0.232,0.412,0.232,1.09,0.138,0.282,0.154,0.484,0.348,0.14,0.388,0.112,0.296,1.78,0.132,0.122,0.13,0.188,0.124,0.3
2012-02-11 10:17:00,0.188,0.268,0.846,0.162,0.094,0.048,0.296,0.13,0.786,0.224,0.422,0.112,0.622,0.082,0.484,0.062,0.598,0.25,0.134,0.088,0.232,0.412,0.232,1.09,0.138,0.282,0.154,0.484,0.348,0.14,0.388,0.112,0.296,1.78,0.132,0.122,0.13,0.188,0.124,0.3
2012-02-11 10:18:00,0.188,0.268,0.846,0.162,0.094,0.048,0.296,0.13,0.786,0.224,0.422,0.112,0.622,0.082,0.484,0.062,0.598,0.25,0.134,0.088,0.232,0.412,0.232,1.09,0.138,0.282,0.154,0.484,0.348,0.14,0.388,0.112,0.296,1.78,0.132,0.122,0.13,0.188,0.124,0.3
2012-02-11 10:19:00,0.188,0.268,0.846,0.162,0.094,0.048,0.296,0.13,0.786,0.224,0.422,0.112,0.622,0.082,0.484,0.062,0.598,0.25,0.134,0.088,0.232,0.412,0.232,1.09,0.138,0.282,0.154,0.484,0.348,0.14,0.388,0.112,0.296,1.78,0.132,0.122,0.13,0.188,0.124,0.3
2012-02-11 10:20:00,0.188,0.268,0.846,0.162,0.094,0.048,0.296,0.13,0.786,0.224,0.422,0.112,0.622,0.082,0.484,0.062,0.598,0.25,0.134,0.088,0.232,0.412,0.232,1.09,0.138,0.282,0.154,0.484,0.348,0.14,0.388,0.112,0.296,1.78,0.132,0.122,0.13,0.188,0.124,0.3
2012-02-11 10:21:00,0.188,0.268,0.846,0.162,0.094,0.048,0.296,0.13,0.786,0.224,0.422,0.112,0.622,0.082,0.484,0.062,0.598,0.25,0.134,0.088,0.232,0.412,0.232,1.09,0.138,0.282,0.154,0.484,0.348,0.14,0.388,0.112,0.296,1.78,0.132,0.122,0.13,0.188,0.124,0.3
2012-02-11 10:22:00,0.188,0.268,0.846,0.162,0.094,0.048,0.296,0.13,0.786,0.224,0.422,0.112,0.622,0.082,0.484,0.062,0.598,0.25,0.134,0.088,0.232,0.412,0.232,1.09,0.138,0.282,0.154,0.484,0.348,0.14,0.388,0.112,0.296,1.78,0.132,0.122,0.13,0.188,0.124,0.3
2012-02-11 10:23:00,0.188,0.268,0.846,0.162,0.094,0.048,0.296,0.13,0.786,0.224,0.422,0.112,0.622,0.082,0.484,0.062,0.598,0.25,0.134,0.088,0.232,0.412,0.232,1.09,0.138,0.282,0.154,0.484,0.348,0.14,0.388,0.112,0.296,1.78,0.132,0.122,0.13,0.188,0.124,0.3
2012-02-11 10:24:00,0.188,0.268,0.846,0.162,0.094,0.048,0.296,0.13,0.786,0.224,0.422,0.112,0.622,0.082,0.484,0.062,0.598,0.25,0.134,0.088,0.232,0.412,0.232,1.09,0.138,0.282,0.154,0.484,0.348,0.14,0.388,0.112,0.296,1.78,0.132,0.122,0.13,0.188,0.124,0.3
2012-02-11 10:25:00,0.188,0.268,0.846,0.162,0.094,0.048,0.296,0.13,0.786,0.224,0.422,0.112,0.622,0.082,0.484,0.062,0.598,0.25,0.134,0.088,0.232,0.412,0.232,1.09,0.138,0.282,0.154,0.484,0.348,0.14,0.388,0.112,0.296,1.78,0.132,0.122,0.13,0.188,0.124,0.3
2012-02-11 10:26:00,0.188,0.268,0.846,0.162,0.094,0.048,0.296,0.13,0.786,0.224,0.422,0.112,0.622,0.082,0.484,0.062,0.598,0.25,0.134,0.088,0.232,0.412,0.232,1.09,0.138,0.282,0.154,0.484,0.348,0.14,0.388,0.112,0.296,1.78,0.132,0.122,0.13,0.188,0.124,0.3
2012-02-11 10:27:00,0.188,0.268,0.846,0.162,0.094,0.048,0.296,0.13,0.786,0.224,0.422,0.112,0.622,0.082,0.484,0.062,0.598,0.25,0.134,0.088,0.232,0.412,0.232,1.09,0.138,0.282,0.154,0.484,0.348,0.14,0.388,0.112,0.296,1.78,0.132,0.122,0.13,0.188,0.124,0.3
2012-02-11 10:28:00,0.188,0.268,0.846,0.162,0.094,0.048,0.296,0.13,0.786,0.224,0.422,0.112,0.622,0.082,0.484,0.062,0.598,0.25,0.134,0.088,0.232,0.412,0.232,1.09,0.138,0.282,0.154,0.484,0.348,0.14,0.388,0.112,0.296,1.78,0.132,0.122,0.13,0.188,0.124,0.3
2012-02-11 10:29:00,0.188,0.268,0.846,0.162,0.094,0.048,0.296,0.13,0.786,0.224,0.422,0.112,0.622,0.082,0.484,0.062,0.598,0.25,0.134,0.088,0.232,0.412,0.232,1.09,0.138,0.282,0.154,0.484,0.348,0.14,0.388,0.112,0.296,1.78,0.132,0.122,0.13,0.188,0.124,0.3
2012-02-11 10:30:00,0.142,0.152,0.198,0.068,0.108,0.462,0.198,0.028,0.612,0.324,0.09,0.116,0.16,0.174,0.51,0.034,0.32,0.582,0.072,0.156,0.262,0.404,0.27,0.538,0.116,0.364,0.18,0.316,0.324,0.21,0.362,0.192,0.41,0.474,0.432,0.144,0.124,0.182,0.124,0.162
2012-02-11 10:31:00,0.142,0.152,0.198,0.068,0.108,0.462,0.198,0.028,0.612,0.324,0.09,0.116,0.16,0.174,0.51,0.034,0.32,0.582,0.072,0.156,0.262,0.404,0.27,0.538,0.116,0.364,0.18,0.316,0.324,0.21,0.362,0.192,0.41,0.474,0.432,0.144,0.124,0.182,0.124,0.162
2012-02-11 10:32:00,0.142,0.152,0.198,0.068,0.108,0.462,0.198,0.028,0.612,0.324,0.09,0.116,0.16,0.174,0.51,0.034,0.32,0.582,0.072,0.156,0.262,0.404,0.27,0.538,0.116,0.364,0.18,0.316,0.324,0.21,0.362,0.192,0.41,0.474,0.432,0.144,0.124,0.182,0.124,0.162
2012-02-11 10:33:00,0.142,0.152,0.198,0.068,0.108,0.462,0.198,0.028,0.612,0.324,0.09,0.116,0.16,0.174,0.51,0.034,0.32,0.582,0.072,0.156,0.262,0.404,0.27,0.538,0.116,0.364,0.18,0.316,0.324,0.21,0.362,0.192,0.41,0.474,0.432,0.144,0.124,0.182,0.124,0.162
2012-02-11 10:34:00,0.142,0.152,0.198,0.068,0.108,0.462,0.198,0.028,0.612,0.324,0.09,0.116,0.16,0.174,0.51,0.034,0.32,0.582,0.072,0.156,0.262,0.404,0.27,0.538,0.116,0.364,0.18,0.316,0.324,0.21,0.362,0.192,0.41,0.474,0.432,0.144,0.124,0.182,0.124,0.162
2012-02-11 10:35:00,0.142,0.152,0.198,0.068,0.108,0.462,0.198,0.028,0.612,0.324,0.09,0.116,0.16,0.174,0.51,0.034,0.32,0.582,0.072,0.156,0.262,0.404,0.27,0.538,0.116,0.364,0.18,0.316,0.324,0.21,0.362,0.192,0.41,0.474,0.432,0.144,0.124,0.182,0.124,0.162
2012-02-11 10:36:00,0.142,0.152,0.198,0.068,0.108,0.462,0.198,0.028,0.612,0.324,0.09,0.116,0.16,0.174,0.51,0.034,0.32,0.582,0.072,0.156,0.262,0.404,0.27,0.538,0.116,0.364,0.18,0.316,0.324,0.21,0.362,0.192,0.41,0.474,0.432,0.144,0.124,0.182,0.124,0.162
2012-02-11 10:37:00,0.142,0.152,0.198,0.068,0.108,0.462,0.198,0.028,0.612,0.324,0.09,0.116,0.16,0.174,0.51,0.034,0.32,0.582,0.072,0.156,0.262,0.404,0.27,0.538,0.116,0.364,0.18,0.316,0.324,0.21,0.362,0.192,0.41,0.474,0.432,0.144,0.124,0.182,0.124,0.162
2012-02-11 10:38:00,0.142,0.152,0.198,0.068,0.108,0.462,0.198,0.028,0.612,0.324,0.09,0.116,0.16,0.174,0.51,0.034,0.32,0.582,0.072,0.156,0.262,0.404,0.27,0.538,0.116,0.364,0.18,0.316,0.324,0.21,0.362,0.192,0.41,0.474,0.432,0.144,0.124,0.182,0.124,0.162
2012-02-11 10:39:00,0.142,0.152,0.198,0.068,0.108,0.462,0.198,0.028,0.612,0.324,0.09,0.116,0.16,0.174,0.51,0.034,0.32,0.582,0.072,0.156,0.262,0.404,0.27,0.538,0.116,0.364,0.18,0.316,0.324,0.21,0.362,0.192,0.41,0.474,0.432,0.144,0.124,0.182,0.124,0.162
2012-02-11 10:40:00,0.142,0.152,0.198,0.068,0.108,0.462,0.198,0.028,0.612,0.324,0.09,0.116,0.16,0.174,0.51,0.034,0.32,0.582,0.072,0.156,0.262,0.404,0.27,0.538,0.116,0.364,0.18,0.316,0.324,0.21,0.362,0.192,0.41,0.474,0.432,0.144,0.124,0.182,0.124,0.162
2012-02-11 10:41:00,0.142,0.152,0.198,0.068,0.108,0.462,0.198,0.028,0.612,0.324,0.09,0.116,0.16,0.174,0.51,0.034,0.32,0.582,0.072,0.156,0.262,0.404,0.27,0.538,0.116,0.364,0.18,0.316,0.324,0.21,0.362,0.192,0.41,0.474,0.432,0.144,0.124,0.182,0.124,0.162
2012-02-11 10:42:00,0.142,0.152,0.198,0.068,0.108,0.462,0.198,0.028,0.612,0.324,0.09,0.116,0.16,0.174,0.51,0.034,0.32,0.582,0.072,0.156,0.262,0.404,0.27,0.538,0.116,0.364,0.18,0.316,0.324,0.21,0.362,0.192,0.41,0.474,0.432,0.144,0.124,0.182,0.124,0.162
2012-02-11 10:43:00,0.142,0.152,0.198,0.068,0.108,0.462,0.198,0.028,0.612,0.324,0.09,0.116,0.16,0.174,0.51,0.034,0.32,0.582,0.072,0.156,0.262,0.404,0.27,0.538,0.116,0.364,0.18,0.316,0.324,0.21,0.362,0.192,0.41,0.474,0.432,0.144,0.124,0.182,0.124,0.162
2012-02-11 10:44:00,0.142,0.152,0.198,0.068,0.108,0.462,0.198,0.028,0.612,0.324,0.09,0.116,0.16,0.174,0.51,0.034,0.32,0.582,0.072,0.156,0.262,0.404,0.27,0.538,0.116,0.364,0.18,0.316,0.324,0.21,0.362,0.192,0.41,0.474,0.432,0.144,0.124,0.182,0.124,0.162
2012-02-11 10:45:00,0.142,0.152,0.198,0.068,0.108,0.462,0.198,0.028,0.612,0.324,0.09,0.116,0.16,0.174,0.51,0.034,0.32,0.582,0.072,0.156,0.262,0.404,0.27,0.538,0.116,0.364,0.18,0.316,0.324,0.21,0.362,0.192,0.41,0.474,0.432,0.144,0.124,0.182,0.124,0.162
2012-02-11 10:46:00,0.142,0.152,0.198,0.068,0.108,0.462,0.198,0.028,0.612,0.324,0.09,0.116,0.16,0.174,0.51,0.034,0.32,0.582,0.072,0.156,0.262,0.404,0.27,0.538,0.116,0.364,0.18,0.316,0.324,0.21,0.362,0.192,0.41,0.474,0.432,0.144,0.124,0.182,0.124,0.162
2012-02-11 10:47:00,0.142,0.152,0.198,0.068,0.108,0.462,0.198,0.028,0.612,0.324,0.09,0.116,0.16,0.174,0.51,0.034,0.32,0.582,0.072,0.156,0.262,0.404,0.27,0.538,0.116,0.364,0.18,0.316,0.324,0.21,0.362,0.192,0.41,0.474,0.432,0.144,0.124,0.182,0.124,0.162
2012-02-11 10:48:00,0.142,0.152,0.198,0.068,0.108,0.462,0.198,0.028,0.612,0.324,0.09,0.116,0.16,0.174,0.51,0.034,0.32,0.582,0.072,0.156,0.262,0.404,0.27,0.538,0.116,0.364,0.18,0.316,0.324,0.21,0.362,0.192,0.41,0.474,0.432,0.144,0.124,0.182,0.124,0.162
2012-02-11 10:49:00,0.142,0.152,0.198,0.068,0.108,0.462,0.198,0.028,0.612,0.324,0.09,0.116,0.16,0.174,0.51,0.034,0.32,0.582,0.072,0.156,0.262,0.404,0.27,0.538,0.116,0.364,0.18,0.316,0.324,0.21,0.362,0.192,0.41,0.474,0.432,0.144,0.124,0.182,0.124,0.162
2012-02-11 10:50:00,0.142,0.152,0.198,0.068,0.108,0.462,0.198,0.028,0.612,0.324,0.09,0.116,0.16,0.174,0.51,0.034,0.32,0.582,0.072,0.156,0.262,0.404,0.27,0.538,0.116,0.364,0.18,0.316,0.324,0.21,0.362,0.192,0.41,0.474,0.432,0.144,0.124,0.182,0.124,0.162
2012-02-11 10:51:00,0.142,0.152,0.198,0.068,0.108,0.462,0.198,0.028,0.612,0.324,0.09,0.116,0.16,0.174,0.51,0.034,0.32,0.582,0.072,0.156,0.262,0.404,0.27,0.538,0.116,0.364,0.18,0.316,0.324,0.21,0.362,0.192,0.41,0.474,0.432,0.144,0.124,0.182,0.124,0.162
2012-02-11 10:52:00,0.142,0.152,0.198,0.068,0.108,0.462,0.198,0.028,0.612,0.324,0.09,0.116,0.16,0.174,0.51,0.034,0.32,0.582,0.072,0.156,0.262,0.404,0.27,0.538,0.116,0.364,0.18,0.316,0.324,0.21,0.362,0.192,0.41,0.474,0.432,0.144,0.124,0.182,0.124,0.162
2012-02-11 10:53:00,0.142,0.152,0.198,0.068,0.108,0.462,0.198,0.028,0.612,0.324,0.09,0.116,0.16,0.174,0.51,0.034,0.32,0.582,0.072,0.156,0.262,0.404,0.27,0.538,0.116,0.364,0.18,0.316,0.324,0.21,0.362,0.192,0.41,0.474,0.432,0.144,0.124,0.182,0.124,0.162
2012-02-11 10:54:00,0.142,0.152,0.198,0.068,0.108,0.462,0.198,0.028,0.612,0.324,0.09,0.116,0.16,0.174,0.51,0.034,0.32,0.582,0.072,0.156,0.262,0.404,0.27,0.538,0.116,0.364,0.18,0.316,0.324,0.21,0.362,0.192,0.41,0.474,0.432,0.144,0.124,0.182,0.124,0.162
2012-02-11 10:55:00,0.142,0.152,0.198,0.068,0.108,0.462,0.198,0.028,0.612,0.324,0.09,0.116,0.16,0.174,0.51,0.034,0.32,0.582,0.072,0.156,0.262,0.404,0.27,0.538,0.116,0.364,0.18,0.316,0.324,0.21,0.362,0.192,0.41,0.474,0.432,0.144,0.124,0.182,0.124,0.162
2012-02-11 10:56:00,0.142,0.152,0.198,0.068,0.108,0.462,0.198,0.028,0.612,0.324,0.09,0.116,0.16,0.174,0.51,0.034,0.32,0.582,0.072,0.156,0.262,0.404,0.27,0.538,0.116,0.364,0.18,0.316,0.324,0.21,0.362,0.192,0.41,0.474,0.432,0.144,0.124,0.182,0.124,0.162
2012-02-11 10:57:00,0.142,0.152,0.198,0.068,0.108,0.462,0.198,0.028,0.612,0.324,0.09,0.116,0.16,0.174,0.51,0.034,0.32,0.582,0.072,0.156,0.262,0.404,0.27,0.538,0.116,0.364,0.18,0.316,0.324,0.21,0.362,0.192,0.41,0.474,0.432,0.144,0.124,0.182,0.124,0.162
2012-02-11 10:58:00,0.142,0.152,0.198,0.068,0.108,0.462,0.198,0.028,0.612,0.324,0.09,0.116,0.16,0.174,0.51,0.034,0.32,0.582,0.072,0.156,0.262,0.404,0.27,0.538,0.116,0.364,0.18,0.316,0.324,0.21,0.362,0.192,0.41,0.474,0.432,0.144,0.124,0.182,0.124,0.162
2012-02-11 10:59:00,0.142,0.152,0.198,0.068,0.108,0.462,0.198,0.028,0.612,0.324,0.09,0.116,0.16,0.174,0.51,0.034,0.32,0.582,0.072,0.156,0.262,0.404,0.27,0.538,0.116,0.364,0.18,0.316,0.324,0.21,0.362,0.192,0.41,0.474,0.432,0.144,0.124,0.182,0.124,0.162
2012-02-11 11:00:00,0.12,0.116,0.184,0.074,0.172,0.124,0.16,0.064,0.578,0.304,0.1,0.126,0.112,0.088,0.414,0.116,0.156,0.232,1.35,0.19,0.296,0.388,0.296,0.624,0.112,0.386,0.19,0.138,0.296,0.104,0.306,0.222,0.12,0.188,0.35,1.142,0.198,0.296,0.206,0.236
2012-02-11 11:01:00,0.12,0.116,0.184,0.074,0.172,0.124,0.16,0.064,0.578,0.304,0.1,0.126,0.112,0.088,0.414,0.116,0.156,0.232,1.35,0.19,0.296,0.388,0.296,0.624,0.112,0.386,0.19,0.138,0.296,0.104,0.306,0.222,0.12,0.188,0.35,1.142,0.198,0.296,0.206,0.236
2012-02-11 11:02:00,0.12,0.116,0.184,0.074,0.172,0.124,0.16,0.064,0.578,0.304,0.1,0.126,0.112,0.088,0.414,0.116,0.156,0.232,1.35,0.19,0.296,0.388,0.296,0.624,0.112,0.386,0.19,0.138,0.296,0.104,0.306,0.222,0.12,0.188,0.35,1.142,0.198,0.296,0.206,0.236
2012-02-11 11:03:00,0.12,0.116,0.184,0.074,0.172,0.124,0.16,0.064,0.578,0.304,0.1,0.126,0.112,0.088,0.414,0.116,0.156,0.232,1.35,0.19,0.296,0.388,0.296,0.624,0.112,0.386,0.19,0.138,0.296,0.104,0.306,0.222,0.12,0.188,0.35,1.142,0.198,0.296,0.206,0.236
2012-02-11 11:04:00,0.12,0.116,0.184,0.074,0.172,0.124,0.16,0.064,0.578,0.304,0.1,0.126,0.112,0.088,0.414,0.116,0.156,0.232,1.35,0.19,0.296,0.388,0.296,0.624,0.112,0.386,0.19,0.138,0.296,0.104,0.306,0.222,0.12,0.188,0.35,1.142,0.198,0.296,0.206,0.236
2012-02-11 11:05:00,0.12,0.116,0.184,0.074,0.172,0.124,0.16,0.064,0.578,0.304,0.1,0.126,0.112,0.088,0.414,0.116,0.156,0.232,1.35,0.19,0.296,0.388,0.296,0.624,0.112,0.386,0.19,0.138,0.296,0.104,0.306,0.222,0.12,0.188,0.35,1.142,0.198,0.296,0.206,0.236
2012-02-11 11:06:00,0.12,0.116,0.184,0.074,0.172,0.124,0.16,0.064,0.578,0.304,0.1,0.126,0.112,0.088,0.414,0.116,0.156,0.232,1.35,0.19,0.296,0.388,0.296,0.624,0.112,0.386,0.19,0.138,0.296,0.104,0.306,0.222,0.12,0.188,0.35,1.142,0.198,0.296,0.206,0.236
2012-02-11 11:07:00,0.12,0.116,0.184,0.074,0.172,0.124,0.16,0.064,0.578,0.304,0.1,0.126,0.112,0.088,0.414,0.116,0.156,0.232,1.35,0.19,0.296,0.388,0.296,0.624,0.112,0.386,0.19,0.138,0.296,0.104,0.306,0.222,0.12,0.188,0.35,1.142,0.198,0.296,0.206,0.236
2012-02-11 11:08:00,0.12,0.116,0.184,0.074,0.172,0.124,0.16,0.064,0.578,0.304,0.1,0.126,0.112,0.088,0.414,0.116,0.156,0.232,1.35,0.19,0.296,0.388,0.296,0.624,0.112,0.386,0.19,0.138,0.296,0.104,0.306,0.222,0.12,0.188,0.35,1.142,0.198,0.296,0.206,0.236
2012-02-11 11:09:00,0.12,0.116,0.184,0.074,0.172,0.124,0.16,0.064,0.578,0.304,0.1,0.126,0.112,0.088,0.414,0.116,0.156,0.232,1.35,0.19,0.296,0.388,0.296,0.624,0.112,0.386,0.19,0.138,0.296,0.104,0.306,0.222,0.12,0.188,0.35,1.142,0.198,0.296,0.206,0.236
2012-02-11 11:10:00,0.12,0.116,0.184,0.074,0.172,0.124,0.16,0.064,0.578,0.304,0.1,0.126,0.112,0.088,0.414,0.116,0.156,0.232,1.35,0.19,0.296,0.388,0.296,0.624,0.112,0.386,0.19,0.138,0.296,0.104,0.306,0.222,0.12,0.188,0.35,1.142,0.198,0.296,0.206,0.236
2012-02-11 11:11:00,0.12,0.116,0.184,0.074,0.172,0.124,0.16,0.064,0.578,0.304,0.1,0.126,0.112,0.088,0.414,0.116,0.156,0.232,1.35,0.19,0.296,0.388,0.296,0.624,0.112,0.386,0.19,0.138,0.296,0.104,0.306,0.222,0.12,0.188,0.35,1.142,0.198,0.296,0.206,0.236
2012-02-11 11:12:00,0.12,0.116,0.184,0.074,0.172,0.124,0.16,0.064,0.578,0.304,0.1,0.126,0.112,0.088,0.414,0.116,0.156,0.232,1.35,0.19,0.296,0.388,0.296,0.624,0.112,0.386,0.19,0.138,0.296,0.104,0.306,0.222,0.12,0.188,0.35,1.142,0.198,0.296,0.206,0.236
2012-02-11 11:13:00,0.12,0.116,0.184,0.074,0.172,0.124,0.16,0.064,0.578,0.304,0.1,0.126,0.112,0.088,0.414,0.116,0.156,0.232,1.35,0.19,0.296,0.388,0.296,0.624,0.112,0.386,0.19,0.138,0.296,0.104,0.306,0.222,0.12,0.188,0.35,1.142,0.198,0.296,0.206,0.236
2012-02-11 11:14:00,0.12,0.116,0.184,0.074,0.172,0.124,0.16,0.064,0.578,0.304,0.1,0.126,0.112,0.088,0.414,0.116,0.156,0.232,1.35,0.19,0.296,0.388,0.296,0.624,0.112,0.386,0.19,0.138,0.296,0.104,0.306,0.222,0.12,0.188,0.35,1.142,0.198,0.296,0.206,0.236
2012-02-11 11:15:00,0.12,0.116,0.184,0.074,0.172,0.124,0.16,0.064,0.578,0.304,0.1,0.126,0.112,0.088,0.414,0.116,0.156,0.232,1.35,0.19,0.296,0.388,0.296,0.624,0.112,0.386,0.19,0.138,0.296,0.104,0.306,0.222,0.12,0.188,0.35,1.142,0.198,0.296,0.206,0.236
2012-02-11 11:16:00,0.12,0.116,0.184,0.074,0.172,0.124,0.16,0.064,0.578,0.304,0.1,0.126,0.112,0.088,0.414,0.116,0.156,0.232,1.35,0.19,0.296,0.388,0.296,0.624,0.112,0.386,0.19,0.138,0.296,0.104,0.306,0.222,0.12,0.188,0.35,1.142,0.198,0.296,0.206,0.236
2012-02-11 11:17:00,0.12,0.116,0.184,0.074,0.172,0.124,0.16,0.064,0.578,0.304,0.1,0.126,0.112,0.088,0.414,0.116,0.156,0.232,1.35,0.19,0.296,0.388,0.296,0.624,0.112,0.386,0.19,0.138,0.296,0.104,0.306,0.222,0.12,0.188,0.35,1.142,0.198,0.296,0.206,0.236
2012-02-11 11:18:00,0.12,0.116,0.184,0.074,0.172,0.124,0.16,0.064,0.578,0.304,0.1,0.126,0.112,0.088,0.414,0.116,0.156,0.232,1.35,0.19,0.296,0.388,0.296,0.624,0.112,0.386,0.19,0.138,0.296,0.104,0.306,0.222,0.12,0.188,0.35,1.142,0.198,0.296,0.206,0.236
2012-02-11 11:19:00,0.12,0.116,0.184,0.074,0.172,0.124,0.16,0.064,0.578,0.304,0.1,0.126,0.112,0.088,0.414,0.116,0.156,0.232,1.35,0.19,0.296,0.388,0.296,0.624,0.112,0.386,0.19,0.138,0.296,0.104,0.306,0.222,0.12,0.188,0.35,1.142,0.198,0.296,0.206,0.236
2012-02-11 11:20:00,0.12,0.116,0.184,0.074,0.172,0.124,0.16,0.064,0.578,0.304,0.1,0.126,0.112,0.088,0.414,0.116,0.156,0.232,1.35,0.19,0.296,0.388,0.296,0.624,0.112,0.386,0.19,0.138,0.296,0.104,0.306,0.222,0.12,0.188,0.35,1.142,0.198,0.296,0.206,0.236
2012-02-11 11:21:00,0.12,0.116,0.184,0.074,0.172,0.124,0.16,0.064,0.578,0.304,0.1,0.126,0.112,0.088,0.414,0.116,0.156,0.232,1.35,0.19,0.296,0.388,0.296,0.624,0.112,0.386,0.19,0.138,0.296,0.104,0.306,0.222,0.12,0.188,0.35,1.142,0.198,0.296,0.206,0.236
2012-02-11 11:22:00,0.12,0.116,0.184,0.074,0.172,0.124,0.16,0.064,0.578,0.304,0.1,0.126,0.112,0.088,0.414,0.116,0.156,0.232,1.35,0.19,0.296,0.388,0.296,0.624,0.112,0.386,0.19,0.138,0.296,0.104,0.306,0.222,0.12,0.188,0.35,1.142,0.198,0.296,0.206,0.236
2012-02-11 11:23:00,0.12,0.116,0.184,0.074,0.172,0.124,0.16,0.064,0.578,0.304,0.1,0.126,0.112,0.088,0.414,0.116,0.156,0.232,1.35,0.19,0.296,0.388,0.296,0.624,0.112,0.386,0.19,0.138,0.296,0.104,0.306,0.222,0.12,0.188,0.35,1.142,0.198,0.296,0.206,0.236
2012-02-11 11:24:00,0.12,0.116,0.184,0.074,0.172,0.124,0.16,0.064,0.578,0.304,0.1,0.126,0.112,0.088,0.414,0.116,0.156,0.232,1.35,0.19,0.296,0.388,0.296,0.624,0.112,0.386,0.19,0.138,0.296,0.104,0.306,0.222,0.12,0.188,0.35,1.142,0.198,0.296,0.206,0.236
2012-02-11 11:25:00,0.12,0.116,0.184,0.074,0.172,0.124,0.16,0.064,0.578,0.304,0.1,0.126,0.112,0.088,0.414,0.116,0.156,0.232,1.35,0.19,0.296,0.388,0.296,0.624,0.112,0.386,0.19,0.138,0.296,0.104,0.306,0.222,0.12,0.188,0.35,1.142,0.198,0.296,0.206,0.236
2012-02-11 11:26:00,0.12,0.116,0.184,0.074,0.172,0.124,0.16,0.064,0.578,0.304,0.1,0.126,0.112,0.088,0.414,0.116,0.156,0.232,1.35,0.19,0.296,0.388,0.296,0.624,0.112,0.386,0.19,0.138,0.296,0.104,0.306,0.222,0.12,0.188,0.35,1.142,0.198,0.296,0.206,0.236
2012-02-11 11:27:00,0.12,0.116,0.184,0.074,0.172,0.124,0.16,0.064,0.578,0.304,0.1,0.126,0.112,0.088,0.414,0.116,0.156,0.232,1.35,0.19,0.296,0.388,0.296,0.624,0.112,0.386,0.19,0.138,0.296,0.104,0.306,0.222,0.12,0.188,0.35,1.142,0.198,0.296,0.206,0.236
2012-02-11 11:28:00,0.12,0.116,0.184,0.074,0.172,0.124,0.16,0.064,0.578,0.304,0.1,0.126,0.112,0.088,0.414,0.116,0.156,0.232,1.35,0.19,0.296,0.388,0.296,0.624,0.112,0.386,0.19,0.138,0.296,0.104,0.306,0.222,0.12,0.188,0.35,1.142,0.198,0.296,0.206,0.236
2012-02-11 11:29:00,0.12,0.116,0.184,0.074,0.172,0.124,0.16,0.064,0.578,0.304,0.1,0.126,0.112,0.088,0.414,0.116,0.156,0.232,1.35,0.19,0.296,0.388,0.296,0.624,0.112,0.386,0.19,0.138,0.296,0.104,0.306,0.222,0.12,0.188,0.35,1.142,0.198,0.296,0.206,0.236
2012-02-11 11:30:00,0.114,0.122,0.24,0.078,0.098,0.084,0.36,0.368,0.6,0.33,0.28,0.148,0.034,0.158,0.366,0.092,0.146,0.25,0.4,0.108,0.338,0.376,0.672,0.686,0.114,0.38,0.182,0.736,0.358,1.692,0.298,0.218,0.142,0.138,0.222,0.502,0.114,0.354,0.156,0.062
2012-02-11 11:31:00,0.114,0.122,0.24,0.078,0.098,0.084,0.36,0.368,0.6,0.33,0.28,0.148,0.034,0.158,0.366,0.092,0.146,0.25,0.4,0.108,0.338,0.376,0.672,0.686,0.114,0.38,0.182,0.736,0.358,1.692,0.298,0.218,0.142,0.138,0.222,0.502,0.114,0.354,0.156,0.062
2012-02-11 11:32:00,0.114,0.122,0.24,0.078,0.098,0.084,0.36,0.368,0.6,0.33,0.28,0.148,0.034,0.158,0.366,0.092,0.146,0.25,0.4,0.108,0.338,0.376,0.672,0.686,0.114,0.38,0.182,0.736,0.358,1.692,0.298,0.218,0.142,0.138,0.222,0.502,0.114,0.354,0.156,0.062
2012-02-11 11:33:00,0.114,0.122,0.24,0.078,0.098,0.084,0.36,0.368,0.6,0.33,0.28,0.148,0.034,0.158,0.366,0.092,0.146,0.25,0.4,0.108,0.338,0.376,0.672,0.686,0.114,0.38,0.182,0.736,0.358,1.692,0.298,0.218,0.142,0.138,0.222,0.502,0.114,0.354,0.156,0.062
2012-02-11 11:34:00,0.114,0.122,0.24,0.078,0.098,0.084,0.36,0.368,0.6,0.33,0.28,0.148,0.034,0.158,0.366,0.092,0.146,0.25,0.4,0.108,0.338,0.376,0.672,0.686,0.114,0.38,0.182,0.736,0.358,1.692,0.298,0.218,0.142,0.138,0.222,0.502,0.114,0.354,0.156,0.062
2012-02-11 11:35:00,0.114,0.122,0.24,0.078,0.098,0.084,0.36,0.368,0.6,0.33,0.28,0.148,0.034,0.158,0.366,0.092,0.146,0.25,0.4,0.108,0.338,0.376,0.672,0.686,0.114,0.38,0.182,0.736,0.358,1.692,0.298,0.218,0.142,0.138,0.222,0.502,0.114,0.354,0.156,0.062
2012-02-11 11:36:00,0.114,0.122,0.24,0.078,0.098,0.084,0.36,0.368,0.6,0.33,0.28,0.148,0.034,0.158,0.366,0.092,0.146,0.25,0.4,0.108,0.338,0.376,0.672,0.686,0.114,0.38,0.182,0.736,0.358,1.692,0.298,0.218,0.142,0.138,0.222,0.502,0.114,0.354,0.156,0.062
2012-02-11 11:37:00,0.114,0.122,0.24,0.078,0.098,0.084,0.36,0.368,0.6,0.33,0.28,0.148,0.034,0.158,0.366,0.092,0.146,0.25,0.4,0.108,0.338,0.376,0.672,0.686,0.114,0.38,0.182,0.736,0.358,1.692,0.298,0.218,0.142,0.138,0.222,0.502,0.114,0.354,0.156,0.062
2012-02-11 11:38:00,0.114,0.122,0.24,0.078,0.098,0.084,0.36,0.368,0.6,0.33,0.28,0.148,0.034,0.158,0.366,0.092,0.146,0.25,0.4,0.108,0.338,0.376,0.672,0.686,0.114,0.38,0.182,0.736,0.358,1.692,0.298,0.218,0.142,0.138,0.222,0.502,0.114,0.354,0.156,0.062
2012-02-11 11:39:00,0.114,0.122,0.24,0.078,0.098,0.084,0.36,0.368,0.6,0.33,0.28,0.148,0.034,0.158,0.366,0.092,0.146,0.25,0.4,0.108,0.338,0.376,0.672,0.686,0.114,0.38,0.182,0.736,0.358,1.692,0.298,0.218,0.142,0.138,0.222,0.502,0.114,0.354,0.156,0.062
2012-02-11 11:40:00,0.114,0.122,0.24,0.078,0.098,0.084,0.36,0.368,0.6,0.33,0.28,0.148,0.034,0.158,0.366,0.092,0.146,0.25,0.4,0.108,0.338,0.376,0.672,0.686,0.114,0.38,0.182,0.736,0.358,1.692,0.298,0.218,0.142,0.138,0.222,0.502,0.114,0.354,0.156,0.062
2012-02-11 11:41:00,0.114,0.122,0.24,0.078,0.098,0.084,0.36,0.368,0.6,0.33,0.28,0.148,0.034,0.158,0.366,0.092,0.146,0.25,0.4,0.108,0.338,0.376,0.672,0.686,0.114,0.38,0.182,0.736,0.358,1.692,0.298,0.218,0.142,0.138,0.222,0.502,0.114,0.354,0.156,0.062
2012-02-11 11:42:00,0.114,0.122,0.24,0.078,0.098,0.084,0.36,0.368,0.6,0.33,0.28,0.148,0.034,0.158,0.366,0.092,0.146,0.25,0.4,0.108,0.338,0.376,0.672,0.686,0.114,0.38,0.182,0.736,0.358,1.692,0.298,0.218,0.142,0.138,0.222,0.502,0.114,0.354,0.156,0.062
2012-02-11 11:43:00,0.114,0.122,0.24,0.078,0.098,0.084,0.36,0.368,0.6,0.33,0.28,0.148,0.034,0.158,0.366,0.092,0.146,0.25,0.4,0.108,0.338,0.376,0.672,0.686,0.114,0.38,0.182,0.736,0.358,1.692,0.298,0.218,0.142,0.138,0.222,0.502,0.114,0.354,0.156,0.062
2012-02-11 11:44:00,0.114,0.122,0.24,0.078,0.098,0.084,0.36,0.368,0.6,0.33,0.28,0.148,0.034,0.158,0.366,0.092,0.146,0.25,0.4,0.108,0.338,0.376,0.672,0.686,0.114,0.38,0.182,0.736,0.358,1.692,0.298,0.218,0.142,0.138,0.222,0.502,0.114,0.354,0.156,0.062
2012-02-11 11:45:00,0.114,0.122,0.24,0.078,0.098,0.084,0.36,0.368,0.6,0.33,0.28,0.148,0.034,0.158,0.366,0.092,0.146,0.25,0.4,0.108,0.338,0.376,0.672,0.686,0.114,0.38,0.182,0.736,0.358,1.692,0.298,0.218,0.142,0.138,0.222,0.502,0.114,0.354,0.156,0.062
2012-02-11 11:46:00,0.114,0.122,0.24,0.078,0.098,0.084,0.36,0.368,0.6,0.33,0.28,0.148,0.034,0.158,0.366,0.092,0.146,0.25,0.4,0.108,0.338,0.376,0.672,0.686,0.114,0.38,0.182,0.736,0.358,1.692,0.298,0.218,0.142,0.138,0.222,0.502,0.114,0.354,0.156,0.062
2012-02-11 11:47:00,0.114,0.122,0.24,0.078,0.098,0.084,0.36,0.368,0.6,0.33,0.28,0.148,0.034,0.158,0.366,0.092,0.146,0.25,0.4,0.108,0.338,0.376,0.672,0.686,0.114,0.38,0.182,0.736,0.358,1.692,0.298,0.218,0.142,0.138,0.222,0.502,0.114,0.354,0.156,0.062
2012-02-11 11:48:00,0.114,0.122,0.24,0.078,0.098,0.084,0.36,0.368,0.6,0.33,0.28,0.148,0.034,0.158,0.366,0.092,0.146,0.25,0.4,0.108,0.338,0.376,0.672,0.686,0.114,0.38,0.182,0.736,0.358,1.692,0.298,0.218,0.142,0.138,0.222,0.502,0.114,0.354,0.156,0.062
2012-02-11 11:49:00,0.114,0.122,0.24,0.078,0.098,0.084,0.36,0.368,0.6,0.33,0.28,0.148,0.034,0.158,0.366,0.092,0.146,0.25,0.4,0.108,0.338,0.376,0.672,0.686,0.114,0.38,0.182,0.736,0.358,1.692,0.298,0.218,0.142,0.138,0.222,0.502,0.114,0.354,0.156,0.062
2012-02-11 11:50:00,0.114,0.122,0.24,0.078,0.098,0.084,0.36,0.368,0.6,0.33,0.28,0.148,0.034,0.158,0.366,0.092,0.146,0.25,0.4,0.108,0.338,0.376,0.672,0.686,0.114,0.38,0.182,0.736,0.358,1.692,0.298,0.218,0.142,0.138,0.222,0.502,0.114,0.354,0.156,0.062
2012-02-11 11:51:00,0.114,0.122,0.24,0.078,0.098,0.084,0.36,0.368,0.6,0.33,0.28,0.148,0.034,0.158,0.366,0.092,0.146,0.25,0.4,0.108,0.338,0.376,0.672,0.686,0.114,0.38,0.182,0.736,0.358,1.692,0.298,0.218,0.142,0.138,0.222,0.502,0.114,0.354,0.156,0.062
2012-02-11 11:52:00,0.114,0.122,0.24,0.078,0.098,0.084,0.36,0.368,0.6,0.33,0.28,0.148,0.034,0.158,0.366,0.092,0.146,0.25,0.4,0.108,0.338,0.376,0.672,0.686,0.114,0.38,0.182,0.736,0.358,1.692,0.298,0.218,0.142,0.138,0.222,0.502,0.114,0.354,0.156,0.062
2012-02-11 11:53:00,0.114,0.122,0.24,0.078,0.098,0.084,0.36,0.368,0.6,0.33,0.28,0.148,0.034,0.158,0.366,0.092,0.146,0.25,0.4,0.108,0.338,0.376,0.672,0.686,0.114,0.38,0.182,0.736,0.358,1.692,0.298,0.218,0.142,0.138,0.222,0.502,0.114,0.354,0.156,0.062
2012-02-11 11:54:00,0.114,0.122,0.24,0.078,0.098,0.084,0.36,0.368,0.6,0.33,0.28,0.148,0.034,0.158,0.366,0.092,0.146,0.25,0.4,0.108,0.338,0.376,0.672,0.686,0.114,0.38,0.182,0.736,0.358,1.692,0.298,0.218,0.142,0.138,0.222,0.502,0.114,0.354,0.156,0.062
2012-02-11 11:55:00,0.114,0.122,0.24,0.078,0.098,0.084,0.36,0.368,0.6,0.33,0.28,0.148,0.034,0.158,0.366,0.092,0.146,0.25,0.4,0.108,0.338,0.376,0.672,0.686,0.114,0.38,0.182,0.736,0.358,1.692,0.298,0.218,0.142,0.138,0.222,0.502,0.114,0.354,0.156,0.062
2012-02-11 11:56:00,0.114,0.122,0.24,0.078,0.098,0.084,0.36,0.368,0.6,0.33,0.28,0.148,0.034,0.158,0.366,0.092,0.146,0.25,0.4,0.108,0.338,0.376,0.672,0.686,0.114,0.38,0.182,0.736,0.358,1.692,0.298,0.218,0.142,0.138,0.222,0.502,0.114,0.354,0.156,0.062
2012-02-11 11:57:00,0.114,0.122,0.24,0.078,0.098,0.084,0.36,0.368,0.6,0.33,0.28,0.148,0.034,0.158,0.366,0.092,0.146,0.25,0.4,0.108,0.338,0.376,0.672,0.686,0.114,0.38,0.182,0.736,0.358,1.692,0.298,0.218,0.142,0.138,0.222,0.502,0.114,0.354,0.156,0.062
2012-02-11 11:58:00,0.114,0.122,0.24,0.078,0.098,0.084,0.36,0.368,0.6,0.33,0.28,0.148,0.034,0.158,0.366,0.092,0.146,0.25,0.4,0.108,0.338,0.376,0.672,0.686,0.114,0.38,0.182,0.736,0.358,1.692,0.298,0.218,0.142,0.138,0.222,0.502,0.114,0.354,0.156,0.062
2012-02-11 11:59:00,0.114,0.122,0.24,0.078,0.098,0.084,0.36,0.368,0.6,0.33,0.28,0.148,0.034,0.158,0.366,0.092,0.146,0.25,0.4,0.108,0.338,0.376,0.672,0.686,0.114,0.38,0.182,0.736,0.358,1.692,0.298,0.218,0.142,0.138,0.222,0.502,0.114,0.354,0.156,0.062
2012-02-11 12:00:00,0.226,0.314,0.2,0.176,0.094,0.144,0.168,0.26,0.628,0.376,0.154,0.14,0.04,0.114,0.36,0.126,0.194,0.068,0.102,0.076,0.232,0.384,0.626,1.408,0.198,0.308,0.098,0.324,0.288,0.802,0.298,0.228,0.126,0.39,0.09,0.162,0.208,0.264,0.158,0.016
2012-02-11 12:01:00,0.226,0.314,0.2,0.176,0.094,0.144,0.168,0.26,0.628,0.376,0.154,0.14,0.04,0.114,0.36,0.126,0.194,0.068,0.102,0.076,0.232,0.384,0.626,1.408,0.198,0.308,0.098,0.324,0.288,0.802,0.298,0.228,0.126,0.39,0.09,0.162,0.208,0.264,0.158,0.016
2012-02-11 12:02:00,0.226,0.314,0.2,0.176,0.094,0.144,0.168,0.26,0.628,0.376,0.154,0.14,0.04,0.114,0.36,0.126,0.194,0.068,0.102,0.076,0.232,0.384,0.626,1.408,0.198,0.308,0.098,0.324,0.288,0.802,0.298,0.228,0.126,0.39,0.09,0.162,0.208,0.264,0.158,0.016
2012-02-11 12:03:00,0.226,0.314,0.2,0.176,0.094,0.144,0.168,0.26,0.628,0.376,0.154,0.14,0.04,0.114,0.36,0.126,0.194,0.068,0.102,0.076,0.232,0.384,0.626,1.408,0.198,0.308,0.098,0.324,0.288,0.802,0.298,0.228,0.126,0.39,0.09,0.162,0.208,0.264,0.158,0.016
2012-02-11 12:04:00,0.226,0.314,0.2,0.176,0.094,0.144,0.168,0.26,0.628,0.376,0.154,0.14,0.04,0.114,0.36,0.126,0.194,0.068,0.102,0.076,0.232,0.384,0.626,1.408,0.198,0.308,0.098,0.324,0.288,0.802,0.298,0.228,0.126,0.39,0.09,0.162,0.208,0.264,0.158,0.016
2012-02-11 12:05:00,0.226,0.314,0.2,0.176,0.094,0.144,0.168,0.26,0.628,0.376,0.154,0.14,0.04,0.114,0.36,0.126,0.194,0.068,0.102,0.076,0.232,0.384,0.626,1.408,0.198,0.308,0.098,0.324,0.288,0.802,0.298,0.228,0.126,0.39,0.09,0.162,0.208,0.264,0.158,0.016
2012-02-11 12:06:00,0.226,0.314,0.2,0.176,0.094,0.144,0.168,0.26,0.628,0.376,0.154,0.14,0.04,0.114,0.36,0.126,0.194,0.068,0.102,0.076,0.232,0.384,0.626,1.408,0.198,0.308,0.098,0.324,0.288,0.802,0.298,0.228,0.126,0.39,0.09,0.162,0.208,0.264,0.158,0.016
2012-02-11 12:07:00,0.226,0.314,0.2,0.176,0.094,0.144,0.168,0.26,0.628,0.376,0.154,0.14,0.04,0.114,0.36,0.126,0.194,0.068,0.102,0.076,0.232,0.384,0.626,1.408,0.198,0.308,0.098,0.324,0.288,0.802,0.298,0.228,0.126,0.39,0.09,0.162,0.208,0.264,0.158,0.016
2012-02-11 12:08:00,0.226,0.314,0.2,0.176,0.094,0.144,0.168,0.26,0.628,0.376,0.154,0.14,0.04,0.114,0.36,0.126,0.194,0.068,0.102,0.076,0.232,0.384,0.626,1.408,0.198,0.308,0.098,0.324,0.288,0.802,0.298,0.228,0.126,0.39,0.09,0.162,0.208,0.264,0.158,0.016
2012-02-11 12:09:00,0.226,0.314,0.2,0.176,0.094,0.144,0.168,0.26,0.628,0.376,0.154,0.14,0.04,0.114,0.36,0.126,0.194,0.068,0.102,0.076,0.232,0.384,0.626,1.408,0.198,0.308,0.098,0.324,0.288,0.802,0.298,0.228,0.126,0.39,0.09,0.162,0.208,0.264,0.158,0.016
2012-02-11 12:10:00,0.226,0.314,0.2,0.176,0.094,0.144,0.168,0.26,0.628,0.376,0.154,0.14,0.04,0.114,0.36,0.126,0.194,0.068,0.102,0.076,0.232,0.384,0.626,1.408,0.198,0.308,0.098,0.324,0.288,0.802,0.298,0.228,0.126,0.39,0.09,0.162,0.208,0.264,0.158,0.016
2012-02-11 12:11:00,0.226,0.314,0.2,0.176,0.094,0.144,0.168,0.26,0.628,0.376,0.154,0.14,0.04,0.114,0.36,0.126,0.194,0.068,0.102,0.076,0.232,0.384,0.626,1.408,0.198,0.308,0.098,0.324,0.288,0.802,0.298,0.228,0.126,0.39,0.09,0.162,0.208,0.264,0.158,0.016
2012-02-11 12:12:00,0.226,0.314,0.2,0.176,0.094,0.144,0.168,0.26,0.628,0.376,0.154,0.14,0.04,0.114,0.36,0.126,0.194,0.068,0.102,0.076,0.232,0.384,0.626,1.408,0.198,0.308,0.098,0.324,0.288,0.802,0.298,0.228,0.126,0.39,0.09,0.162,0.208,0.264,0.158,0.016
2012-02-11 12:13:00,0.226,0.314,0.2,0.176,0.094,0.144,0.168,0.26,0.628,0.376,0.154,0.14,0.04,0.114,0.36,0.126,0.194,0.068,0.102,0.076,0.232,0.384,0.626,1.408,0.198,0.308,0.098,0.324,0.288,0.802,0.298,0.228,0.126,0.39,0.09,0.162,0.208,0.264,0.158,0.016
2012-02-11 12:14:00,0.226,0.314,0.2,0.176,0.094,0.144,0.168,0.26,0.628,0.376,0.154,0.14,0.04,0.114,0.36,0.126,0.194,0.068,0.102,0.076,0.232,0.384,0.626,1.408,0.198,0.308,0.098,0.324,0.288,0.802,0.298,0.228,0.126,0.39,0.09,0.162,0.208,0.264,0.158,0.016
2012-02-11 12:15:00,0.226,0.314,0.2,0.176,0.094,0.144,0.168,0.26,0.628,0.376,0.154,0.14,0.04,0.114,0.36,0.126,0.194,0.068,0.102,0.076,0.232,0.384,0.626,1.408,0.198,0.308,0.098,0.324,0.288,0.802,0.298,0.228,0.126,0.39,0.09,0.162,0.208,0.264,0.158,0.016
2012-02-11 12:16:00,0.226,0.314,0.2,0.176,0.094,0.144,0.168,0.26,0.628,0.376,0.154,0.14,0.04,0.114,0.36,0.126,0.194,0.068,0.102,0.076,0.232,0.384,0.626,1.408,0.198,0.308,0.098,0.324,0.288,0.802,0.298,0.228,0.126,0.39,0.09,0.162,0.208,0.264,0.158,0.016
2012-02-11 12:17:00,0.226,0.314,0.2,0.176,0.094,0.144,0.168,0.26,0.628,0.376,0.154,0.14,0.04,0.114,0.36,0.126,0.194,0.068,0.102,0.076,0.232,0.384,0.626,1.408,0.198,0.308,0.098,0.324,0.288,0.802,0.298,0.228,0.126,0.39,0.09,0.162,0.208,0.264,0.158,0.016
2012-02-11 12:18:00,0.226,0.314,0.2,0.176,0.094,0.144,0.168,0.26,0.628,0.376,0.154,0.14,0.04,0.114,0.36,0.126,0.194,0.068,0.102,0.076,0.232,0.384,0.626,1.408,0.198,0.308,0.098,0.324,0.288,0.802,0.298,0.228,0.126,0.39,0.09,0.162,0.208,0.264,0.158,0.016
2012-02-11 12:19:00,0.226,0.314,0.2,0.176,0.094,0.144,0.168,0.26,0.628,0.376,0.154,0.14,0.04,0.114,0.36,0.126,0.194,0.068,0.102,0.076,0.232,0.384,0.626,1.408,0.198,0.308,0.098,0.324,0.288,0.802,0.298,0.228,0.126,0.39,0.09,0.162,0.208,0.264,0.158,0.016
2012-02-11 12:20:00,0.226,0.314,0.2,0.176,0.094,0.144,0.168,0.26,0.628,0.376,0.154,0.14,0.04,0.114,0.36,0.126,0.194,0.068,0.102,0.076,0.232,0.384,0.626,1.408,0.198,0.308,0.098,0.324,0.288,0.802,0.298,0.228,0.126,0.39,0.09,0.162,0.208,0.264,0.158,0.016
2012-02-11 12:21:00,0.226,0.314,0.2,0.176,0.094,0.144,0.168,0.26,0.628,0.376,0.154,0.14,0.04,0.114,0.36,0.126,0.194,0.068,0.102,0.076,0.232,0.384,0.626,1.408,0.198,0.308,0.098,0.324,0.288,0.802,0.298,0.228,0.126,0.39,0.09,0.162,0.208,0.264,0.158,0.016
2012-02-11 12:22:00,0.226,0.314,0.2,0.176,0.094,0.144,0.168,0.26,0.628,0.376,0.154,0.14,0.04,0.114,0.36,0.126,0.194,0.068,0.102,0.076,0.232,0.384,0.626,1.408,0.198,0.308,0.098,0.324,0.288,0.802,0.298,0.228,0.126,0.39,0.09,0.162,0.208,0.264,0.158,0.016
2012-02-11 12:23:00,0.226,0.314,0.2,0.176,0.094,0.144,0.168,0.26,0.628,0.376,0.154,0.14,0.04,0.114,0.36,0.126,0.194,0.068,0.102,0.076,0.232,0.384,0.626,1.408,0.198,0.308,0.098,0.324,0.288,0.802,0.298,0.228,0.126,0.39,0.09,0.162,0.208,0.264,0.158,0.016
2012-02-11 12:24:00,0.226,0.314,0.2,0.176,0.094,0.144,0.168,0.26,0.628,0.376,0.154,0.14,0.04,0.114,0.36,0.126,0.194,0.068,0.102,0.076,0.232,0.384,0.626,1.408,0.198,0.308,0.098,0.324,0.288,0.802,0.298,0.228,0.126,0.39,0.09,0.162,0.208,0.264,0.158,0.016
2012-02-11 12:25:00,0.226,0.314,0.2,0.176,0.094,0.144,0.168,0.26,0.628,0.376,0.154,0.14,0.04,0.114,0.36,0.126,0.194,0.068,0.102,0.076,0.232,0.384,0.626,1.408,0.198,0.308,0.098,0.324,0.288,0.802,0.298,0.228,0.126,0.39,0.09,0.162,0.208,0.264,0.158,0.016
2012-02-11 12:26:00,0.226,0.314,0.2,0.176,0.094,0.144,0.168,0.26,0.628,0.376,0.154,0.14,0.04,0.114,0.36,0.126,0.194,0.068,0.102,0.076,0.232,0.384,0.626,1.408,0.198,0.308,0.098,0.324,0.288,0.802,0.298,0.228,0.126,0.39,0.09,0.162,0.208,0.264,0.158,0.016
2012-02-11 12:27:00,0.226,0.314,0.2,0.176,0.094,0.144,0.168,0.26,0.628,0.376,0.154,0.14,0.04,0.114,0.36,0.126,0.194,0.068,0.102,0.076,0.232,0.384,0.626,1.408,0.198,0.308,0.098,0.324,0.288,0.802,0.298,0.228,0.126,0.39,0.09,0.162,0.208,0.264,0.158,0.016
2012-02-11 12:28:00,0.226,0.314,0.2,0.176,0.094,0.144,0.168,0.26,0.628,0.376,0.154,0.14,0.04,0.114,0.36,0.126,0.194,0.068,0.102,0.076,0.232,0.384,0.626,1.408,0.198,0.308,0.098,0.324,0.288,0.802,0.298,0.228,0.126,0.39,0.09,0.162,0.208,0.264,0.158,0.016
2012-02-11 12:29:00,0.226,0.314,0.2,0.176,0.094,0.144,0.168,0.26,0.628,0.376,0.154,0.14,0.04,0.114,0.36,0.126,0.194,0.068,0.102,0.076,0.232,0.384,0.626,1.408,0.198,0.308,0.098,0.324,0.288,0.802,0.298,0.228,0.126,0.39,0.09,0.162,0.208,0.264,0.158,0.016
2012-02-11 12:30:00,0.224,0.21,0.654,0.076,0.92,0.146,0.168,0.31,0.61,0.348,0.25,0.58,0.096,0.132,2.238,0.182,0.348,0.23,0.06,0.096,0.25,0.322,0.302,0.708,0.194,0.286,0.078,0.162,0.53,1.104,0.588,0.272,0.114,0.172,0.084,0.094,0.182,0.378,0.282,0.368
2012-02-11 12:31:00,0.224,0.21,0.654,0.076,0.92,0.146,0.168,0.31,0.61,0.348,0.25,0.58,0.096,0.132,2.238,0.182,0.348,0.23,0.06,0.096,0.25,0.322,0.302,0.708,0.194,0.286,0.078,0.162,0.53,1.104,0.588,0.272,0.114,0.172,0.084,0.094,0.182,0.378,0.282,0.368
2012-02-11 12:32:00,0.224,0.21,0.654,0.076,0.92,0.146,0.168,0.31,0.61,0.348,0.25,0.58,0.096,0.132,2.238,0.182,0.348,0.23,0.06,0.096,0.25,0.322,0.302,0.708,0.194,0.286,0.078,0.162,0.53,1.104,0.588,0.272,0.114,0.172,0.084,0.094,0.182,0.378,0.282,0.368
2012-02-11 12:33:00,0.224,0.21,0.654,0.076,0.92,0.146,0.168,0.31,0.61,0.348,0.25,0.58,0.096,0.132,2.238,0.182,0.348,0.23,0.06,0.096,0.25,0.322,0.302,0.708,0.194,0.286,0.078,0.162,0.53,1.104,0.588,0.272,0.114,0.172,0.084,0.094,0.182,0.378,0.282,0.368
2012-02-11 12:34:00,0.224,0.21,0.654,0.076,0.92,0.146,0.168,0.31,0.61,0.348,0.25,0.58,0.096,0.132,2.238,0.182,0.348,0.23,0.06,0.096,0.25,0.322,0.302,0.708,0.194,0.286,0.078,0.162,0.53,1.104,0.588,0.272,0.114,0.172,0.084,0.094,0.182,0.378,0.282,0.368
2012-02-11 12:35:00,0.224,0.21,0.654,0.076,0.92,0.146,0.168,0.31,0.61,0.348,0.25,0.58,0.096,0.132,2.238,0.182,0.348,0.23,0.06,0.096,0.25,0.322,0.302,0.708,0.194,0.286,0.078,0.162,0.53,1.104,0.588,0.272,0.114,0.172,0.084,0.094,0.182,0.378,0.282,0.368
2012-02-11 12:36:00,0.224,0.21,0.654,0.076,0.92,0.146,0.168,0.31,0.61,0.348,0.25,0.58,0.096,0.132,2.238,0.182,0.348,0.23,0.06,0.096,0.25,0.322,0.302,0.708,0.194,0.286,0.078,0.162,0.53,1.104,0.588,0.272,0.114,0.172,0.084,0.094,0.182,0.378,0.282,0.368
2012-02-11 12:37:00,0.224,0.21,0.654,0.076,0.92,0.146,0.168,0.31,0.61,0.348,0.25,0.58,0.096,0.132,2.238,0.182,0.348,0.23,0.06,0.096,0.25,0.322,0.302,0.708,0.194,0.286,0.078,0.162,0.53,1.104,0.588,0.272,0.114,0.172,0.084,0.094,0.182,0.378,0.282,0.368
2012-02-11 12:38:00,0.224,0.21,0.654,0.076,0.92,0.146,0.168,0.31,0.61,0.348,0.25,0.58,0.096,0.132,2.238,0.182,0.348,0.23,0.06,0.096,0.25,0.322,0.302,0.708,0.194,0.286,0.078,0.162,0.53,1.104,0.588,0.272,0.114,0.172,0.084,0.094,0.182,0.378,0.282,0.368
2012-02-11 12:39:00,0.224,0.21,0.654,0.076,0.92,0.146,0.168,0.31,0.61,0.348,0.25,0.58,0.096,0.132,2.238,0.182,0.348,0.23,0.06,0.096,0.25,0.322,0.302,0.708,0.194,0.286,0.078,0.162,0.53,1.104,0.588,0.272,0.114,0.172,0.084,0.094,0.182,0.378,0.282,0.368
2012-02-11 12:40:00,0.224,0.21,0.654,0.076,0.92,0.146,0.168,0.31,0.61,0.348,0.25,0.58,0.096,0.132,2.238,0.182,0.348,0.23,0.06,0.096,0.25,0.322,0.302,0.708,0.194,0.286,0.078,0.162,0.53,1.104,0.588,0.272,0.114,0.172,0.084,0.094,0.182,0.378,0.282,0.368
2012-02-11 12:41:00,0.224,0.21,0.654,0.076,0.92,0.146,0.168,0.31,0.61,0.348,0.25,0.58,0.096,0.132,2.238,0.182,0.348,0.23,0.06,0.096,0.25,0.322,0.302,0.708,0.194,0.286,0.078,0.162,0.53,1.104,0.588,0.272,0.114,0.172,0.084,0.094,0.182,0.378,0.282,0.368
2012-02-11 12:42:00,0.224,0.21,0.654,0.076,0.92,0.146,0.168,0.31,0.61,0.348,0.25,0.58,0.096,0.132,2.238,0.182,0.348,0.23,0.06,0.096,0.25,0.322,0.302,0.708,0.194,0.286,0.078,0.162,0.53,1.104,0.588,0.272,0.114,0.172,0.084,0.094,0.182,0.378,0.282,0.368
2012-02-11 12:43:00,0.224,0.21,0.654,0.076,0.92,0.146,0.168,0.31,0.61,0.348,0.25,0.58,0.096,0.132,2.238,0.182,0.348,0.23,0.06,0.096,0.25,0.322,0.302,0.708,0.194,0.286,0.078,0.162,0.53,1.104,0.588,0.272,0.114,0.172,0.084,0.094,0.182,0.378,0.282,0.368
2012-02-11 12:44:00,0.224,0.21,0.654,0.076,0.92,0.146,0.168,0.31,0.61,0.348,0.25,0.58,0.096,0.132,2.238,0.182,0.348,0.23,0.06,0.096,0.25,0.322,0.302,0.708,0.194,0.286,0.078,0.162,0.53,1.104,0.588,0.272,0.114,0.172,0.084,0.094,0.182,0.378,0.282,0.368
2012-02-11 12:45:00,0.224,0.21,0.654,0.076,0.92,0.146,0.168,0.31,0.61,0.348,0.25,0.58,0.096,0.132,2.238,0.182,0.348,0.23,0.06,0.096,0.25,0.322,0.302,0.708,0.194,0.286,0.078,0.162,0.53,1.104,0.588,0.272,0.114,0.172,0.084,0.094,0.182,0.378,0.282,0.368
2012-02-11 12:46:00,0.224,0.21,0.654,0.076,0.92,0.146,0.168,0.31,0.61,0.348,0.25,0.58,0.096,0.132,2.238,0.182,0.348,0.23,0.06,0.096,0.25,0.322,0.302,0.708,0.194,0.286,0.078,0.162,0.53,1.104,0.588,0.272,0.114,0.172,0.084,0.094,0.182,0.378,0.282,0.368
2012-02-11 12:47:00,0.224,0.21,0.654,0.076,0.92,0.146,0.168,0.31,0.61,0.348,0.25,0.58,0.096,0.132,2.238,0.182,0.348,0.23,0.06,0.096,0.25,0.322,0.302,0.708,0.194,0.286,0.078,0.162,0.53,1.104,0.588,0.272,0.114,0.172,0.084,0.094,0.182,0.378,0.282,0.368
2012-02-11 12:48:00,0.224,0.21,0.654,0.076,0.92,0.146,0.168,0.31,0.61,0.348,0.25,0.58,0.096,0.132,2.238,0.182,0.348,0.23,0.06,0.096,0.25,0.322,0.302,0.708,0.194,0.286,0.078,0.162,0.53,1.104,0.588,0.272,0.114,0.172,0.084,0.094,0.182,0.378,0.282,0.368
2012-02-11 12:49:00,0.224,0.21,0.654,0.076,0.92,0.146,0.168,0.31,0.61,0.348,0.25,0.58,0.096,0.132,2.238,0.182,0.348,0.23,0.06,0.096,0.25,0.322,0.302,0.708,0.194,0.286,0.078,0.162,0.53,1.104,0.588,0.272,0.114,0.172,0.084,0.094,0.182,0.378,0.282,0.368
2012-02-11 12:50:00,0.224,0.21,0.654,0.076,0.92,0.146,0.168,0.31,0.61,0.348,0.25,0.58,0.096,0.132,2.238,0.182,0.348,0.23,0.06,0.096,0.25,0.322,0.302,0.708,0.194,0.286,0.078,0.162,0.53,1.104,0.588,0.272,0.114,0.172,0.084,0.094,0.182,0.378,0.282,0.368
2012-02-11 12:51:00,0.224,0.21,0.654,0.076,0.92,0.146,0.168,0.31,0.61,0.348,0.25,0.58,0.096,0.132,2.238,0.182,0.348,0.23,0.06,0.096,0.25,0.322,0.302,0.708,0.194,0.286,0.078,0.162,0.53,1.104,0.588,0.272,0.114,0.172,0.084,0.094,0.182,0.378,0.282,0.368
2012-02-11 12:52:00,0.224,0.21,0.654,0.076,0.92,0.146,0.168,0.31,0.61,0.348,0.25,0.58,0.096,0.132,2.238,0.182,0.348,0.23,0.06,0.096,0.25,0.322,0.302,0.708,0.194,0.286,0.078,0.162,0.53,1.104,0.588,0.272,0.114,0.172,0.084,0.094,0.182,0.378,0.282,0.368
2012-02-11 12:53:00,0.224,0.21,0.654,0.076,0.92,0.146,0.168,0.31,0.61,0.348,0.25,0.58,0.096,0.132,2.238,0.182,0.348,0.23,0.06,0.096,0.25,0.322,0.302,0.708,0.194,0.286,0.078,0.162,0.53,1.104,0.588,0.272,0.114,0.172,0.084,0.094,0.182,0.378,0.282,0.368
2012-02-11 12:54:00,0.224,0.21,0.654,0.076,0.92,0.146,0.168,0.31,0.61,0.348,0.25,0.58,0.096,0.132,2.238,0.182,0.348,0.23,0.06,0.096,0.25,0.322,0.302,0.708,0.194,0.286,0.078,0.162,0.53,1.104,0.588,0.272,0.114,0.172,0.084,0.094,0.182,0.378,0.282,0.368
2012-02-11 12:55:00,0.224,0.21,0.654,0.076,0.92,0.146,0.168,0.31,0.61,0.348,0.25,0.58,0.096,0.132,2.238,0.182,0.348,0.23,0.06,0.096,0.25,0.322,0.302,0.708,0.194,0.286,0.078,0.162,0.53,1.104,0.588,0.272,0.114,0.172,0.084,0.094,0.182,0.378,0.282,0.368
2012-02-11 12:56:00,0.224,0.21,0.654,0.076,0.92,0.146,0.168,0.31,0.61,0.348,0.25,0.58,0.096,0.132,2.238,0.182,0.348,0.23,0.06,0.096,0.25,0.322,0.302,0.708,0.194,0.286,0.078,0.162,0.53,1.104,0.588,0.272,0.114,0.172,0.084,0.094,0.182,0.378,0.282,0.368
2012-02-11 12:57:00,0.224,0.21,0.654,0.076,0.92,0.146,0.168,0.31,0.61,0.348,0.25,0.58,0.096,0.132,2.238,0.182,0.348,0.23,0.06,0.096,0.25,0.322,0.302,0.708,0.194,0.286,0.078,0.162,0.53,1.104,0.588,0.272,0.114,0.172,0.084,0.094,0.182,0.378,0.282,0.368
2012-02-11 12:58:00,0.224,0.21,0.654,0.076,0.92,0.146,0.168,0.31,0.61,0.348,0.25,0.58,0.096,0.132,2.238,0.182,0.348,0.23,0.06,0.096,0.25,0.322,0.302,0.708,0.194,0.286,0.078,0.162,0.53,1.104,0.588,0.272,0.114,0.172,0.084,0.094,0.182,0.378,0.282,0.368
2012-02-11 12:59:00,0.224,0.21,0.654,0.076,0.92,0.146,0.168,0.31,0.61,0.348,0.25,0.58,0.096,0.132,2.238,0.182,0.348,0.23,0.06,0.096,0.25,0.322,0.302,0.708,0.194,0.286,0.078,0.162,0.53,1.104,0.588,0.272,0.114,0.172,0.084,0.094,0.182,0.378,0.282,0.368
2012-02-11 13:00:00,0.224,0.504,1.42,0.078,0.74,0.082,0.27,0.256,0.61,0.332,0.238,1.544,0.096,0.136,1.586,0.094,0.104,0.094,0.038,0.146,0.25,0.324,0.39,0.66,0.158,0.276,0.192,0.328,0.22,1.074,0.752,1.594,0.144,0.33,0.034,0.82,0.236,0.288,0.292,0.192
2012-02-11 13:01:00,0.224,0.504,1.42,0.078,0.74,0.082,0.27,0.256,0.61,0.332,0.238,1.544,0.096,0.136,1.586,0.094,0.104,0.094,0.038,0.146,0.25,0.324,0.39,0.66,0.158,0.276,0.192,0.328,0.22,1.074,0.752,1.594,0.144,0.33,0.034,0.82,0.236,0.288,0.292,0.192
2012-02-11 13:02:00,0.224,0.504,1.42,0.078,0.74,0.082,0.27,0.256,0.61,0.332,0.238,1.544,0.096,0.136,1.586,0.094,0.104,0.094,0.038,0.146,0.25,0.324,0.39,0.66,0.158,0.276,0.192,0.328,0.22,1.074,0.752,1.594,0.144,0.33,0.034,0.82,0.236,0.288,0.292,0.192
2012-02-11 13:03:00,0.224,0.504,1.42,0.078,0.74,0.082,0.27,0.256,0.61,0.332,0.238,1.544,0.096,0.136,1.586,0.094,0.104,0.094,0.038,0.146,0.25,0.324,0.39,0.66,0.158,0.276,0.192,0.328,0.22,1.074,0.752,1.594,0.144,0.33,0.034,0.82,0.236,0.288,0.292,0.192
2012-02-11 13:04:00,0.224,0.504,1.42,0.078,0.74,0.082,0.27,0.256,0.61,0.332,0.238,1.544,0.096,0.136,1.586,0.094,0.104,0.094,0.038,0.146,0.25,0.324,0.39,0.66,0.158,0.276,0.192,0.328,0.22,1.074,0.752,1.594,0.144,0.33,0.034,0.82,0.236,0.288,0.292,0.192
2012-02-11 13:05:00,0.224,0.504,1.42,0.078,0.74,0.082,0.27,0.256,0.61,0.332,0.238,1.544,0.096,0.136,1.586,0.094,0.104,0.094,0.038,0.146,0.25,0.324,0.39,0.66,0.158,0.276,0.192,0.328,0.22,1.074,0.752,1.594,0.144,0.33,0.034,0.82,0.236,0.288,0.292,0.192
2012-02-11 13:06:00,0.224,0.504,1.42,0.078,0.74,0.082,0.27,0.256,0.61,0.332,0.238,1.544,0.096,0.136,1.586,0.094,0.104,0.094,0.038,0.146,0.25,0.324,0.39,0.66,0.158,0.276,0.192,0.328,0.22,1.074,0.752,1.594,0.144,0.33,0.034,0.82,0.236,0.288,0.292,0.192
2012-02-11 13:07:00,0.224,0.504,1.42,0.078,0.74,0.082,0.27,0.256,0.61,0.332,0.238,1.544,0.096,0.136,1.586,0.094,0.104,0.094,0.038,0.146,0.25,0.324,0.39,0.66,0.158,0.276,0.192,0.328,0.22,1.074,0.752,1.594,0.144,0.33,0.034,0.82,0.236,0.288,0.292,0.192
2012-02-11 13:08:00,0.224,0.504,1.42,0.078,0.74,0.082,0.27,0.256,0.61,0.332,0.238,1.544,0.096,0.136,1.586,0.094,0.104,0.094,0.038,0.146,0.25,0.324,0.39,0.66,0.158,0.276,0.192,0.328,0.22,1.074,0.752,1.594,0.144,0.33,0.034,0.82,0.236,0.288,0.292,0.192
2012-02-11 13:09:00,0.224,0.504,1.42,0.078,0.74,0.082,0.27,0.256,0.61,0.332,0.238,1.544,0.096,0.136,1.586,0.094,0.104,0.094,0.038,0.146,0.25,0.324,0.39,0.66,0.158,0.276,0.192,0.328,0.22,1.074,0.752,1.594,0.144,0.33,0.034,0.82,0.236,0.288,0.292,0.192
2012-02-11 13:10:00,0.224,0.504,1.42,0.078,0.74,0.082,0.27,0.256,0.61,0.332,0.238,1.544,0.096,0.136,1.586,0.094,0.104,0.094,0.038,0.146,0.25,0.324,0.39,0.66,0.158,0.276,0.192,0.328,0.22,1.074,0.752,1.594,0.144,0.33,0.034,0.82,0.236,0.288,0.292,0.192
2012-02-11 13:11:00,0.224,0.504,1.42,0.078,0.74,0.082,0.27,0.256,0.61,0.332,0.238,1.544,0.096,0.136,1.586,0.094,0.104,0.094,0.038,0.146,0.25,0.324,0.39,0.66,0.158,0.276,0.192,0.328,0.22,1.074,0.752,1.594,0.144,0.33,0.034,0.82,0.236,0.288,0.292,0.192
2012-02-11 13:12:00,0.224,0.504,1.42,0.078,0.74,0.082,0.27,0.256,0.61,0.332,0.238,1.544,0.096,0.136,1.586,0.094,0.104,0.094,0.038,0.146,0.25,0.324,0.39,0.66,0.158,0.276,0.192,0.328,0.22,1.074,0.752,1.594,0.144,0.33,0.034,0.82,0.236,0.288,0.292,0.192
2012-02-11 13:13:00,0.224,0.504,1.42,0.078,0.74,0.082,0.27,0.256,0.61,0.332,0.238,1.544,0.096,0.136,1.586,0.094,0.104,0.094,0.038,0.146,0.25,0.324,0.39,0.66,0.158,0.276,0.192,0.328,0.22,1.074,0.752,1.594,0.144,0.33,0.034,0.82,0.236,0.288,0.292,0.192
2012-02-11 13:14:00,0.224,0.504,1.42,0.078,0.74,0.082,0.27,0.256,0.61,0.332,0.238,1.544,0.096,0.136,1.586,0.094,0.104,0.094,0.038,0.146,0.25,0.324,0.39,0.66,0.158,0.276,0.192,0.328,0.22,1.074,0.752,1.594,0.144,0.33,0.034,0.82,0.236,0.288,0.292,0.192
2012-02-11 13:15:00,0.224,0.504,1.42,0.078,0.74,0.082,0.27,0.256,0.61,0.332,0.238,1.544,0.096,0.136,1.586,0.094,0.104,0.094,0.038,0.146,0.25,0.324,0.39,0.66,0.158,0.276,0.192,0.328,0.22,1.074,0.752,1.594,0.144,0.33,0.034,0.82,0.236,0.288,0.292,0.192
2012-02-11 13:16:00,0.224,0.504,1.42,0.078,0.74,0.082,0.27,0.256,0.61,0.332,0.238,1.544,0.096,0.136,1.586,0.094,0.104,0.094,0.038,0.146,0.25,0.324,0.39,0.66,0.158,0.276,0.192,0.328,0.22,1.074,0.752,1.594,0.144,0.33,0.034,0.82,0.236,0.288,0.292,0.192
2012-02-11 13:17:00,0.224,0.504,1.42,0.078,0.74,0.082,0.27,0.256,0.61,0.332,0.238,1.544,0.096,0.136,1.586,0.094,0.104,0.094,0.038,0.146,0.25,0.324,0.39,0.66,0.158,0.276,0.192,0.328,0.22,1.074,0.752,1.594,0.144,0.33,0.034,0.82,0.236,0.288,0.292,0.192
2012-02-11 13:18:00,0.224,0.504,1.42,0.078,0.74,0.082,0.27,0.256,0.61,0.332,0.238,1.544,0.096,0.136,1.586,0.094,0.104,0.094,0.038,0.146,0.25,0.324,0.39,0.66,0.158,0.276,0.192,0.328,0.22,1.074,0.752,1.594,0.144,0.33,0.034,0.82,0.236,0.288,0.292,0.192
2012-02-11 13:19:00,0.224,0.504,1.42,0.078,0.74,0.082,0.27,0.256,0.61,0.332,0.238,1.544,0.096,0.136,1.586,0.094,0.104,0.094,0.038,0.146,0.25,0.324,0.39,0.66,0.158,0.276,0.192,0.328,0.22,1.074,0.752,1.594,0.144,0.33,0.034,0.82,0.236,0.288,0.292,0.192
2012-02-11 13:20:00,0.224,0.504,1.42,0.078,0.74,0.082,0.27,0.256,0.61,0.332,0.238,1.544,0.096,0.136,1.586,0.094,0.104,0.094,0.038,0.146,0.25,0.324,0.39,0.66,0.158,0.276,0.192,0.328,0.22,1.074,0.752,1.594,0.144,0.33,0.034,0.82,0.236,0.288,0.292,0.192
2012-02-11 13:21:00,0.224,0.504,1.42,0.078,0.74,0.082,0.27,0.256,0.61,0.332,0.238,1.544,0.096,0.136,1.586,0.094,0.104,0.094,0.038,0.146,0.25,0.324,0.39,0.66,0.158,0.276,0.192,0.328,0.22,1.074,0.752,1.594,0.144,0.33,0.034,0.82,0.236,0.288,0.292,0.192
2012-02-11 13:22:00,0.224,0.504,1.42,0.078,0.74,0.082,0.27,0.256,0.61,0.332,0.238,1.544,0.096,0.136,1.586,0.094,0.104,0.094,0.038,0.146,0.25,0.324,0.39,0.66,0.158,0.276,0.192,0.328,0.22,1.074,0.752,1.594,0.144,0.33,0.034,0.82,0.236,0.288,0.292,0.192
2012-02-11 13:23:00,0.224,0.504,1.42,0.078,0.74,0.082,0.27,0.256,0.61,0.332,0.238,1.544,0.096,0.136,1.586,0.094,0.104,0.094,0.038,0.146,0.25,0.324,0.39,0.66,0.158,0.276,0.192,0.328,0.22,1.074,0.752,1.594,0.144,0.33,0.034,0.82,0.236,0.288,0.292,0.192
2012-02-11 13:24:00,0.224,0.504,1.42,0.078,0.74,0.082,0.27,0.256,0.61,0.332,0.238,1.544,0.096,0.136,1.586,0.094,0.104,0.094,0.038,0.146,0.25,0.324,0.39,0.66,0.158,0.276,0.192,0.328,0.22,1.074,0.752,1.594,0.144,0.33,0.034,0.82,0.236,0.288,0.292,0.192
2012-02-11 13:25:00,0.224,0.504,1.42,0.078,0.74,0.082,0.27,0.256,0.61,0.332,0.238,1.544,0.096,0.136,1.586,0.094,0.104,0.094,0.038,0.146,0.25,0.324,0.39,0.66,0.158,0.276,0.192,0.328,0.22,1.074,0.752,1.594,0.144,0.33,0.034,0.82,0.236,0.288,0.292,0.192
2012-02-11 13:26:00,0.224,0.504,1.42,0.078,0.74,0.082,0.27,0.256,0.61,0.332,0.238,1.544,0.096,0.136,1.586,0.094,0.104,0.094,0.038,0.146,0.25,0.324,0.39,0.66,0.158,0.276,0.192,0.328,0.22,1.074,0.752,1.594,0.144,0.33,0.034,0.82,0.236,0.288,0.292,0.192
2012-02-11 13:27:00,0.224,0.504,1.42,0.078,0.74,0.082,0.27,0.256,0.61,0.332,0.238,1.544,0.096,0.136,1.586,0.094,0.104,0.094,0.038,0.146,0.25,0.324,0.39,0.66,0.158,0.276,0.192,0.328,0.22,1.074,0.752,1.594,0.144,0.33,0.034,0.82,0.236,0.288,0.292,0.192
2012-02-11 13:28:00,0.224,0.504,1.42,0.078,0.74,0.082,0.27,0.256,0.61,0.332,0.238,1.544,0.096,0.136,1.586,0.094,0.104,0.094,0.038,0.146,0.25,0.324,0.39,0.66,0.158,0.276,0.192,0.328,0.22,1.074,0.752,1.594,0.144,0.33,0.034,0.82,0.236,0.288,0.292,0.192
2012-02-11 13:29:00,0.224,0.504,1.42,0.078,0.74,0.082,0.27,0.256,0.61,0.332,0.238,1.544,0.096,0.136,1.586,0.094,0.104,0.094,0.038,0.146,0.25,0.324,0.39,0.66,0.158,0.276,0.192,0.328,0.22,1.074,0.752,1.594,0.144,0.33,0.034,0.82,0.236,0.288,0.292,0.192
2012-02-11 13:30:00,0.238,0.266,0.224,0.176,0.628,0.106,0.242,0.272,0.62,0.46,0.16,0.43,0.342,0.11,0.462,0.132,0.212,0.078,0.084,0.212,0.778,0.898,0.668,0.236,0.122,0.272,1.15,0.096,0.276,0.436,0.356,0.244,0.13,0.148,0.066,0.928,0.258,0.188,0.24,0.202
2012-02-11 13:31:00,0.238,0.266,0.224,0.176,0.628,0.106,0.242,0.272,0.62,0.46,0.16,0.43,0.342,0.11,0.462,0.132,0.212,0.078,0.084,0.212,0.778,0.898,0.668,0.236,0.122,0.272,1.15,0.096,0.276,0.436,0.356,0.244,0.13,0.148,0.066,0.928,0.258,0.188,0.24,0.202
2012-02-11 13:32:00,0.238,0.266,0.224,0.176,0.628,0.106,0.242,0.272,0.62,0.46,0.16,0.43,0.342,0.11,0.462,0.132,0.212,0.078,0.084,0.212,0.778,0.898,0.668,0.236,0.122,0.272,1.15,0.096,0.276,0.436,0.356,0.244,0.13,0.148,0.066,0.928,0.258,0.188,0.24,0.202
2012-02-11 13:33:00,0.238,0.266,0.224,0.176,0.628,0.106,0.242,0.272,0.62,0.46,0.16,0.43,0.342,0.11,0.462,0.132,0.212,0.078,0.084,0.212,0.778,0.898,0.668,0.236,0.122,0.272,1.15,0.096,0.276,0.436,0.356,0.244,0.13,0.148,0.066,0.928,0.258,0.188,0.24,0.202
2012-02-11 13:34:00,0.238,0.266,0.224,0.176,0.628,0.106,0.242,0.272,0.62,0.46,0.16,0.43,0.342,0.11,0.462,0.132,0.212,0.078,0.084,0.212,0.778,0.898,0.668,0.236,0.122,0.272,1.15,0.096,0.276,0.436,0.356,0.244,0.13,0.148,0.066,0.928,0.258,0.188,0.24,0.202
2012-02-11 13:35:00,0.238,0.266,0.224,0.176,0.628,0.106,0.242,0.272,0.62,0.46,0.16,0.43,0.342,0.11,0.462,0.132,0.212,0.078,0.084,0.212,0.778,0.898,0.668,0.236,0.122,0.272,1.15,0.096,0.276,0.436,0.356,0.244,0.13,0.148,0.066,0.928,0.258,0.188,0.24,0.202
2012-02-11 13:36:00,0.238,0.266,0.224,0.176,0.628,0.106,0.242,0.272,0.62,0.46,0.16,0.43,0.342,0.11,0.462,0.132,0.212,0.078,0.084,0.212,0.778,0.898,0.668,0.236,0.122,0.272,1.15,0.096,0.276,0.436,0.356,0.244,0.13,0.148,0.066,0.928,0.258,0.188,0.24,0.202
2012-02-11 13:37:00,0.238,0.266,0.224,0.176,0.628,0.106,0.242,0.272,0.62,0.46,0.16,0.43,0.342,0.11,0.462,0.132,0.212,0.078,0.084,0.212,0.778,0.898,0.668,0.236,0.122,0.272,1.15,0.096,0.276,0.436,0.356,0.244,0.13,0.148,0.066,0.928,0.258,0.188,0.24,0.202
2012-02-11 13:38:00,0.238,0.266,0.224,0.176,0.628,0.106,0.242,0.272,0.62,0.46,0.16,0.43,0.342,0.11,0.462,0.132,0.212,0.078,0.084,0.212,0.778,0.898,0.668,0.236,0.122,0.272,1.15,0.096,0.276,0.436,0.356,0.244,0.13,0.148,0.066,0.928,0.258,0.188,0.24,0.202
2012-02-11 13:39:00,0.238,0.266,0.224,0.176,0.628,0.106,0.242,0.272,0.62,0.46,0.16,0.43,0.342,0.11,0.462,0.132,0.212,0.078,0.084,0.212,0.778,0.898,0.668,0.236,0.122,0.272,1.15,0.096,0.276,0.436,0.356,0.244,0.13,0.148,0.066,0.928,0.258,0.188,0.24,0.202
2012-02-11 13:40:00,0.238,0.266,0.224,0.176,0.628,0.106,0.242,0.272,0.62,0.46,0.16,0.43,0.342,0.11,0.462,0.132,0.212,0.078,0.084,0.212,0.778,0.898,0.668,0.236,0.122,0.272,1.15,0.096,0.276,0.436,0.356,0.244,0.13,0.148,0.066,0.928,0.258,0.188,0.24,0.202
2012-02-11 13:41:00,0.238,0.266,0.224,0.176,0.628,0.106,0.242,0.272,0.62,0.46,0.16,0.43,0.342,0.11,0.462,0.132,0.212,0.078,0.084,0.212,0.778,0.898,0.668,0.236,0.122,0.272,1.15,0.096,0.276,0.436,0.356,0.244,0.13,0.148,0.066,0.928,0.258,0.188,0.24,0.202
2012-02-11 13:42:00,0.238,0.266,0.224,0.176,0.628,0.106,0.242,0.272,0.62,0.46,0.16,0.43,0.342,0.11,0.462,0.132,0.212,0.078,0.084,0.212,0.778,0.898,0.668,0.236,0.122,0.272,1.15,0.096,0.276,0.436,0.356,0.244,0.13,0.148,0.066,0.928,0.258,0.188,0.24,0.202
2012-02-11 13:43:00,0.238,0.266,0.224,0.176,0.628,0.106,0.242,0.272,0.62,0.46,0.16,0.43,0.342,0.11,0.462,0.132,0.212,0.078,0.084,0.212,0.778,0.898,0.668,0.236,0.122,0.272,1.15,0.096,0.276,0.436,0.356,0.244,0.13,0.148,0.066,0.928,0.258,0.188,0.24,0.202
2012-02-11 13:44:00,0.238,0.266,0.224,0.176,0.628,0.106,0.242,0.272,0.62,0.46,0.16,0.43,0.342,0.11,0.462,0.132,0.212,0.078,0.084,0.212,0.778,0.898,0.668,0.236,0.122,0.272,1.15,0.096,0.276,0.436,0.356,0.244,0.13,0.148,0.066,0.928,0.258,0.188,0.24,0.202
2012-02-11 13:45:00,0.238,0.266,0.224,0.176,0.628,0.106,0.242,0.272,0.62,0.46,0.16,0.43,0.342,0.11,0.462,0.132,0.212,0.078,0.084,0.212,0.778,0.898,0.668,0.236,0.122,0.272,1.15,0.096,0.276,0.436,0.356,0.244,0.13,0.148,0.066,0.928,0.258,0.188,0.24,0.202
2012-02-11 13:46:00,0.238,0.266,0.224,0.176,0.628,0.106,0.242,0.272,0.62,0.46,0.16,0.43,0.342,0.11,0.462,0.132,0.212,0.078,0.084,0.212,0.778,0.898,0.668,0.236,0.122,0.272,1.15,0.096,0.276,0.436,0.356,0.244,0.13,0.148,0.066,0.928,0.258,0.188,0.24,0.202
2012-02-11 13:47:00,0.238,0.266,0.224,0.176,0.628,0.106,0.242,0.272,0.62,0.46,0.16,0.43,0.342,0.11,0.462,0.132,0.212,0.078,0.084,0.212,0.778,0.898,0.668,0.236,0.122,0.272,1.15,0.096,0.276,0.436,0.356,0.244,0.13,0.148,0.066,0.928,0.258,0.188,0.24,0.202
2012-02-11 13:48:00,0.238,0.266,0.224,0.176,0.628,0.106,0.242,0.272,0.62,0.46,0.16,0.43,0.342,0.11,0.462,0.132,0.212,0.078,0.084,0.212,0.778,0.898,0.668,0.236,0.122,0.272,1.15,0.096,0.276,0.436,0.356,0.244,0.13,0.148,0.066,0.928,0.258,0.188,0.24,0.202
2012-02-11 13:49:00,0.238,0.266,0.224,0.176,0.628,0.106,0.242,0.272,0.62,0.46,0.16,0.43,0.342,0.11,0.462,0.132,0.212,0.078,0.084,0.212,0.778,0.898,0.668,0.236,0.122,0.272,1.15,0.096,0.276,0.436,0.356,0.244,0.13,0.148,0.066,0.928,0.258,0.188,0.24,0.202
2012-02-11 13:50:00,0.238,0.266,0.224,0.176,0.628,0.106,0.242,0.272,0.62,0.46,0.16,0.43,0.342,0.11,0.462,0.132,0.212,0.078,0.084,0.212,0.778,0.898,0.668,0.236,0.122,0.272,1.15,0.096,0.276,0.436,0.356,0.244,0.13,0.148,0.066,0.928,0.258,0.188,0.24,0.202
2012-02-11 13:51:00,0.238,0.266,0.224,0.176,0.628,0.106,0.242,0.272,0.62,0.46,0.16,0.43,0.342,0.11,0.462,0.132,0.212,0.078,0.084,0.212,0.778,0.898,0.668,0.236,0.122,0.272,1.15,0.096,0.276,0.436,0.356,0.244,0.13,0.148,0.066,0.928,0.258,0.188,0.24,0.202
2012-02-11 13:52:00,0.238,0.266,0.224,0.176,0.628,0.106,0.242,0.272,0.62,0.46,0.16,0.43,0.342,0.11,0.462,0.132,0.212,0.078,0.084,0.212,0.778,0.898,0.668,0.236,0.122,0.272,1.15,0.096,0.276,0.436,0.356,0.244,0.13,0.148,0.066,0.928,0.258,0.188,0.24,0.202
2012-02-11 13:53:00,0.238,0.266,0.224,0.176,0.628,0.106,0.242,0.272,0.62,0.46,0.16,0.43,0.342,0.11,0.462,0.132,0.212,0.078,0.084,0.212,0.778,0.898,0.668,0.236,0.122,0.272,1.15,0.096,0.276,0.436,0.356,0.244,0.13,0.148,0.066,0.928,0.258,0.188,0.24,0.202
2012-02-11 13:54:00,0.238,0.266,0.224,0.176,0.628,0.106,0.242,0.272,0.62,0.46,0.16,0.43,0.342,0.11,0.462,0.132,0.212,0.078,0.084,0.212,0.778,0.898,0.668,0.236,0.122,0.272,1.15,0.096,0.276,0.436,0.356,0.244,0.13,0.148,0.066,0.928,0.258,0.188,0.24,0.202
2012-02-11 13:55:00,0.238,0.266,0.224,0.176,0.628,0.106,0.242,0.272,0.62,0.46,0.16,0.43,0.342,0.11,0.462,0.132,0.212,0.078,0.084,0.212,0.778,0.898,0.668,0.236,0.122,0.272,1.15,0.096,0.276,0.436,0.356,0.244,0.13,0.148,0.066,0.928,0.258,0.188,0.24,0.202
2012-02-11 13:56:00,0.238,0.266,0.224,0.176,0.628,0.106,0.242,0.272,0.62,0.46,0.16,0.43,0.342,0.11,0.462,0.132,0.212,0.078,0.084,0.212,0.778,0.898,0.668,0.236,0.122,0.272,1.15,0.096,0.276,0.436,0.356,0.244,0.13,0.148,0.066,0.928,0.258,0.188,0.24,0.202
2012-02-11 13:57:00,0.238,0.266,0.224,0.176,0.628,0.106,0.242,0.272,0.62,0.46,0.16,0.43,0.342,0.11,0.462,0.132,0.212,0.078,0.084,0.212,0.778,0.898,0.668,0.236,0.122,0.272,1.15,0.096,0.276,0.436,0.356,0.244,0.13,0.148,0.066,0.928,0.258,0.188,0.24,0.202
2012-02-11 13:58:00,0.238,0.266,0.224,0.176,0.628,0.106,0.242,0.272,0.62,0.46,0.16,0.43,0.342,0.11,0.462,0.132,0.212,0.078,0.084,0.212,0.778,0.898,0.668,0.236,0.122,0.272,1.15,0.096,0.276,0.436,0.356,0.244,0.13,0.148,0.066,0.928,0.258,0.188,0.24,0.202
2012-02-11 13:59:00,0.238,0.266,0.224,0.176,0.628,0.106,0.242,0.272,0.62,0.46,0.16,0.43,0.342,0.11,0.462,0.132,0.212,0.078,0.084,0.212,0.778,0.898,0.668,0.236,0.122,0.272,1.15,0.096,0.276,0.436,0.356,0.244,0.13,0.148,0.066,0.928,0.258,0.188,0.24,0.202
2012-02-11 14:00:00,0.224,0.362,0.376,0.716,0.388,0.138,0.168,0.872,0.598,0.13,0.202,0.228,0.026,0.162,0.316,0.114,0.136,0.198,0.032,0.086,0.442,1.56,1.37,0.262,0.356,0.272,0.468,0.618,0.184,0.182,0.354,0.212,0.666,0.124,0.382,0.372,0.256,0.232,0.212,0.012
2012-02-11 14:01:00,0.224,0.362,0.376,0.716,0.388,0.138,0.168,0.872,0.598,0.13,0.202,0.228,0.026,0.162,0.316,0.114,0.136,0.198,0.032,0.086,0.442,1.56,1.37,0.262,0.356,0.272,0.468,0.618,0.184,0.182,0.354,0.212,0.666,0.124,0.382,0.372,0.256,0.232,0.212,0.012
2012-02-11 14:02:00,0.224,0.362,0.376,0.716,0.388,0.138,0.168,0.872,0.598,0.13,0.202,0.228,0.026,0.162,0.316,0.114,0.136,0.198,0.032,0.086,0.442,1.56,1.37,0.262,0.356,0.272,0.468,0.618,0.184,0.182,0.354,0.212,0.666,0.124,0.382,0.372,0.256,0.232,0.212,0.012
2012-02-11 14:03:00,0.224,0.362,0.376,0.716,0.388,0.138,0.168,0.872,0.598,0.13,0.202,0.228,0.026,0.162,0.316,0.114,0.136,0.198,0.032,0.086,0.442,1.56,1.37,0.262,0.356,0.272,0.468,0.618,0.184,0.182,0.354,0.212,0.666,0.124,0.382,0.372,0.256,0.232,0.212,0.012
2012-02-11 14:04:00,0.224,0.362,0.376,0.716,0.388,0.138,0.168,0.872,0.598,0.13,0.202,0.228,0.026,0.162,0.316,0.114,0.136,0.198,0.032,0.086,0.442,1.56,1.37,0.262,0.356,0.272,0.468,0.618,0.184,0.182,0.354,0.212,0.666,0.124,0.382,0.372,0.256,0.232,0.212,0.012
2012-02-11 14:05:00,0.224,0.362,0.376,0.716,0.388,0.138,0.168,0.872,0.598,0.13,0.202,0.228,0.026,0.162,0.316,0.114,0.136,0.198,0.032,0.086,0.442,1.56,1.37,0.262,0.356,0.272,0.468,0.618,0.184,0.182,0.354,0.212,0.666,0.124,0.382,0.372,0.256,0.232,0.212,0.012
2012-02-11 14:06:00,0.224,0.362,0.376,0.716,0.388,0.138,0.168,0.872,0.598,0.13,0.202,0.228,0.026,0.162,0.316,0.114,0.136,0.198,0.032,0.086,0.442,1.56,1.37,0.262,0.356,0.272,0.468,0.618,0.184,0.182,0.354,0.212,0.666,0.124,0.382,0.372,0.256,0.232,0.212,0.012
2012-02-11 14:07:00,0.224,0.362,0.376,0.716,0.388,0.138,0.168,0.872,0.598,0.13,0.202,0.228,0.026,0.162,0.316,0.114,0.136,0.198,0.032,0.086,0.442,1.56,1.37,0.262,0.356,0.272,0.468,0.618,0.184,0.182,0.354,0.212,0.666,0.124,0.382,0.372,0.256,0.232,0.212,0.012
2012-02-11 14:08:00,0.224,0.362,0.376,0.716,0.388,0.138,0.168,0.872,0.598,0.13,0.202,0.228,0.026,0.162,0.316,0.114,0.136,0.198,0.032,0.086,0.442,1.56,1.37,0.262,0.356,0.272,0.468,0.618,0.184,0.182,0.354,0.212,0.666,0.124,0.382,0.372,0.256,0.232,0.212,0.012
2012-02-11 14:09:00,0.224,0.362,0.376,0.716,0.388,0.138,0.168,0.872,0.598,0.13,0.202,0.228,0.026,0.162,0.316,0.114,0.136,0.198,0.032,0.086,0.442,1.56,1.37,0.262,0.356,0.272,0.468,0.618,0.184,0.182,0.354,0.212,0.666,0.124,0.382,0.372,0.256,0.232,0.212,0.012
2012-02-11 14:10:00,0.224,0.362,0.376,0.716,0.388,0.138,0.168,0.872,0.598,0.13,0.202,0.228,0.026,0.162,0.316,0.114,0.136,0.198,0.032,0.086,0.442,1.56,1.37,0.262,0.356,0.272,0.468,0.618,0.184,0.182,0.354,0.212,0.666,0.124,0.382,0.372,0.256,0.232,0.212,0.012
2012-02-11 14:11:00,0.224,0.362,0.376,0.716,0.388,0.138,0.168,0.872,0.598,0.13,0.202,0.228,0.026,0.162,0.316,0.114,0.136,0.198,0.032,0.086,0.442,1.56,1.37,0.262,0.356,0.272,0.468,0.618,0.184,0.182,0.354,0.212,0.666,0.124,0.382,0.372,0.256,0.232,0.212,0.012
2012-02-11 14:12:00,0.224,0.362,0.376,0.716,0.388,0.138,0.168,0.872,0.598,0.13,0.202,0.228,0.026,0.162,0.316,0.114,0.136,0.198,0.032,0.086,0.442,1.56,1.37,0.262,0.356,0.272,0.468,0.618,0.184,0.182,0.354,0.212,0.666,0.124,0.382,0.372,0.256,0.232,0.212,0.012
2012-02-11 14:13:00,0.224,0.362,0.376,0.716,0.388,0.138,0.168,0.872,0.598,0.13,0.202,0.228,0.026,0.162,0.316,0.114,0.136,0.198,0.032,0.086,0.442,1.56,1.37,0.262,0.356,0.272,0.468,0.618,0.184,0.182,0.354,0.212,0.666,0.124,0.382,0.372,0.256,0.232,0.212,0.012
2012-02-11 14:14:00,0.224,0.362,0.376,0.716,0.388,0.138,0.168,0.872,0.598,0.13,0.202,0.228,0.026,0.162,0.316,0.114,0.136,0.198,0.032,0.086,0.442,1.56,1.37,0.262,0.356,0.272,0.468,0.618,0.184,0.182,0.354,0.212,0.666,0.124,0.382,0.372,0.256,0.232,0.212,0.012
2012-02-11 14:15:00,0.224,0.362,0.376,0.716,0.388,0.138,0.168,0.872,0.598,0.13,0.202,0.228,0.026,0.162,0.316,0.114,0.136,0.198,0.032,0.086,0.442,1.56,1.37,0.262,0.356,0.272,0.468,0.618,0.184,0.182,0.354,0.212,0.666,0.124,0.382,0.372,0.256,0.232,0.212,0.012
2012-02-11 14:16:00,0.224,0.362,0.376,0.716,0.388,0.138,0.168,0.872,0.598,0.13,0.202,0.228,0.026,0.162,0.316,0.114,0.136,0.198,0.032,0.086,0.442,1.56,1.37,0.262,0.356,0.272,0.468,0.618,0.184,0.182,0.354,0.212,0.666,0.124,0.382,0.372,0.256,0.232,0.212,0.012
2012-02-11 14:17:00,0.224,0.362,0.376,0.716,0.388,0.138,0.168,0.872,0.598,0.13,0.202,0.228,0.026,0.162,0.316,0.114,0.136,0.198,0.032,0.086,0.442,1.56,1.37,0.262,0.356,0.272,0.468,0.618,0.184,0.182,0.354,0.212,0.666,0.124,0.382,0.372,0.256,0.232,0.212,0.012
2012-02-11 14:18:00,0.224,0.362,0.376,0.716,0.388,0.138,0.168,0.872,0.598,0.13,0.202,0.228,0.026,0.162,0.316,0.114,0.136,0.198,0.032,0.086,0.442,1.56,1.37,0.262,0.356,0.272,0.468,0.618,0.184,0.182,0.354,0.212,0.666,0.124,0.382,0.372,0.256,0.232,0.212,0.012
2012-02-11 14:19:00,0.224,0.362,0.376,0.716,0.388,0.138,0.168,0.872,0.598,0.13,0.202,0.228,0.026,0.162,0.316,0.114,0.136,0.198,0.032,0.086,0.442,1.56,1.37,0.262,0.356,0.272,0.468,0.618,0.184,0.182,0.354,0.212,0.666,0.124,0.382,0.372,0.256,0.232,0.212,0.012
2012-02-11 14:20:00,0.224,0.362,0.376,0.716,0.388,0.138,0.168,0.872,0.598,0.13,0.202,0.228,0.026,0.162,0.316,0.114,0.136,0.198,0.032,0.086,0.442,1.56,1.37,0.262,0.356,0.272,0.468,0.618,0.184,0.182,0.354,0.212,0.666,0.124,0.382,0.372,0.256,0.232,0.212,0.012
2012-02-11 14:21:00,0.224,0.362,0.376,0.716,0.388,0.138,0.168,0.872,0.598,0.13,0.202,0.228,0.026,0.162,0.316,0.114,0.136,0.198,0.032,0.086,0.442,1.56,1.37,0.262,0.356,0.272,0.468,0.618,0.184,0.182,0.354,0.212,0.666,0.124,0.382,0.372,0.256,0.232,0.212,0.012
2012-02-11 14:22:00,0.224,0.362,0.376,0.716,0.388,0.138,0.168,0.872,0.598,0.13,0.202,0.228,0.026,0.162,0.316,0.114,0.136,0.198,0.032,0.086,0.442,1.56,1.37,0.262,0.356,0.272,0.468,0.618,0.184,0.182,0.354,0.212,0.666,0.124,0.382,0.372,0.256,0.232,0.212,0.012
2012-02-11 14:23:00,0.224,0.362,0.376,0.716,0.388,0.138,0.168,0.872,0.598,0.13,0.202,0.228,0.026,0.162,0.316,0.114,0.136,0.198,0.032,0.086,0.442,1.56,1.37,0.262,0.356,0.272,0.468,0.618,0.184,0.182,0.354,0.212,0.666,0.124,0.382,0.372,0.256,0.232,0.212,0.012
2012-02-11 14:24:00,0.224,0.362,0.376,0.716,0.388,0.138,0.168,0.872,0.598,0.13,0.202,0.228,0.026,0.162,0.316,0.114,0.136,0.198,0.032,0.086,0.442,1.56,1.37,0.262,0.356,0.272,0.468,0.618,0.184,0.182,0.354,0.212,0.666,0.124,0.382,0.372,0.256,0.232,0.212,0.012
2012-02-11 14:25:00,0.224,0.362,0.376,0.716,0.388,0.138,0.168,0.872,0.598,0.13,0.202,0.228,0.026,0.162,0.316,0.114,0.136,0.198,0.032,0.086,0.442,1.56,1.37,0.262,0.356,0.272,0.468,0.618,0.184,0.182,0.354,0.212,0.666,0.124,0.382,0.372,0.256,0.232,0.212,0.012
2012-02-11 14:26:00,0.224,0.362,0.376,0.716,0.388,0.138,0.168,0.872,0.598,0.13,0.202,0.228,0.026,0.162,0.316,0.114,0.136,0.198,0.032,0.086,0.442,1.56,1.37,0.262,0.356,0.272,0.468,0.618,0.184,0.182,0.354,0.212,0.666,0.124,0.382,0.372,0.256,0.232,0.212,0.012
2012-02-11 14:27:00,0.224,0.362,0.376,0.716,0.388,0.138,0.168,0.872,0.598,0.13,0.202,0.228,0.026,0.162,0.316,0.114,0.136,0.198,0.032,0.086,0.442,1.56,1.37,0.262,0.356,0.272,0.468,0.618,0.184,0.182,0.354,0.212,0.666,0.124,0.382,0.372,0.256,0.232,0.212,0.012
2012-02-11 14:28:00,0.224,0.362,0.376,0.716,0.388,0.138,0.168,0.872,0.598,0.13,0.202,0.228,0.026,0.162,0.316,0.114,0.136,0.198,0.032,0.086,0.442,1.56,1.37,0.262,0.356,0.272,0.468,0.618,0.184,0.182,0.354,0.212,0.666,0.124,0.382,0.372,0.256,0.232,0.212,0.012
2012-02-11 14:29:00,0.224,0.362,0.376,0.716,0.388,0.138,0.168,0.872,0.598,0.13,0.202,0.228,0.026,0.162,0.316,0.114,0.136,0.198,0.032,0.086,0.442,1.56,1.37,0.262,0.356,0.272,0.468,0.618,0.184,0.182,0.354,0.212,0.666,0.124,0.382,0.372,0.256,0.232,0.212,0.012
2012-02-11 14:30:00,0.344,0.21,0.186,0.436,0.468,0.088,0.166,1.366,0.614,0.084,0.132,0.16,0.264,0.092,0.348,0.116,0.12,0.2,0.02,0.084,0.378,0.388,1.028,0.314,0.268,0.268,0.278,0.102,0.262,1.614,0.294,0.272,0.524,0.182,0.432,0.274,0.22,0.13,0.208,0.102
2012-02-11 14:31:00,0.344,0.21,0.186,0.436,0.468,0.088,0.166,1.366,0.614,0.084,0.132,0.16,0.264,0.092,0.348,0.116,0.12,0.2,0.02,0.084,0.378,0.388,1.028,0.314,0.268,0.268,0.278,0.102,0.262,1.614,0.294,0.272,0.524,0.182,0.432,0.274,0.22,0.13,0.208,0.102
2012-02-11 14:32:00,0.344,0.21,0.186,0.436,0.468,0.088,0.166,1.366,0.614,0.084,0.132,0.16,0.264,0.092,0.348,0.116,0.12,0.2,0.02,0.084,0.378,0.388,1.028,0.314,0.268,0.268,0.278,0.102,0.262,1.614,0.294,0.272,0.524,0.182,0.432,0.274,0.22,0.13,0.208,0.102
2012-02-11 14:33:00,0.344,0.21,0.186,0.436,0.468,0.088,0.166,1.366,0.614,0.084,0.132,0.16,0.264,0.092,0.348,0.116,0.12,0.2,0.02,0.084,0.378,0.388,1.028,0.314,0.268,0.268,0.278,0.102,0.262,1.614,0.294,0.272,0.524,0.182,0.432,0.274,0.22,0.13,0.208,0.102
2012-02-11 14:34:00,0.344,0.21,0.186,0.436,0.468,0.088,0.166,1.366,0.614,0.084,0.132,0.16,0.264,0.092,0.348,0.116,0.12,0.2,0.02,0.084,0.378,0.388,1.028,0.314,0.268,0.268,0.278,0.102,0.262,1.614,0.294,0.272,0.524,0.182,0.432,0.274,0.22,0.13,0.208,0.102
2012-02-11 14:35:00,0.344,0.21,0.186,0.436,0.468,0.088,0.166,1.366,0.614,0.084,0.132,0.16,0.264,0.092,0.348,0.116,0.12,0.2,0.02,0.084,0.378,0.388,1.028,0.314,0.268,0.268,0.278,0.102,0.262,1.614,0.294,0.272,0.524,0.182,0.432,0.274,0.22,0.13,0.208,0.102
2012-02-11 14:36:00,0.344,0.21,0.186,0.436,0.468,0.088,0.166,1.366,0.614,0.084,0.132,0.16,0.264,0.092,0.348,0.116,0.12,0.2,0.02,0.084,0.378,0.388,1.028,0.314,0.268,0.268,0.278,0.102,0.262,1.614,0.294,0.272,0.524,0.182,0.432,0.274,0.22,0.13,0.208,0.102
2012-02-11 14:37:00,0.344,0.21,0.186,0.436,0.468,0.088,0.166,1.366,0.614,0.084,0.132,0.16,0.264,0.092,0.348,0.116,0.12,0.2,0.02,0.084,0.378,0.388,1.028,0.314,0.268,0.268,0.278,0.102,0.262,1.614,0.294,0.272,0.524,0.182,0.432,0.274,0.22,0.13,0.208,0.102
2012-02-11 14:38:00,0.344,0.21,0.186,0.436,0.468,0.088,0.166,1.366,0.614,0.084,0.132,0.16,0.264,0.092,0.348,0.116,0.12,0.2,0.02,0.084,0.378,0.388,1.028,0.314,0.268,0.268,0.278,0.102,0.262,1.614,0.294,0.272,0.524,0.182,0.432,0.274,0.22,0.13,0.208,0.102
2012-02-11 14:39:00,0.344,0.21,0.186,0.436,0.468,0.088,0.166,1.366,0.614,0.084,0.132,0.16,0.264,0.092,0.348,0.116,0.12,0.2,0.02,0.084,0.378,0.388,1.028,0.314,0.268,0.268,0.278,0.102,0.262,1.614,0.294,0.272,0.524,0.182,0.432,0.274,0.22,0.13,0.208,0.102
2012-02-11 14:40:00,0.344,0.21,0.186,0.436,0.468,0.088,0.166,1.366,0.614,0.084,0.132,0.16,0.264,0.092,0.348,0.116,0.12,0.2,0.02,0.084,0.378,0.388,1.028,0.314,0.268,0.268,0.278,0.102,0.262,1.614,0.294,0.272,0.524,0.182,0.432,0.274,0.22,0.13,0.208,0.102
2012-02-11 14:41:00,0.344,0.21,0.186,0.436,0.468,0.088,0.166,1.366,0.614,0.084,0.132,0.16,0.264,0.092,0.348,0.116,0.12,0.2,0.02,0.084,0.378,0.388,1.028,0.314,0.268,0.268,0.278,0.102,0.262,1.614,0.294,0.272,0.524,0.182,0.432,0.274,0.22,0.13,0.208,0.102
2012-02-11 14:42:00,0.344,0.21,0.186,0.436,0.468,0.088,0.166,1.366,0.614,0.084,0.132,0.16,0.264,0.092,0.348,0.116,0.12,0.2,0.02,0.084,0.378,0.388,1.028,0.314,0.268,0.268,0.278,0.102,0.262,1.614,0.294,0.272,0.524,0.182,0.432,0.274,0.22,0.13,0.208,0.102
2012-02-11 14:43:00,0.344,0.21,0.186,0.436,0.468,0.088,0.166,1.366,0.614,0.084,0.132,0.16,0.264,0.092,0.348,0.116,0.12,0.2,0.02,0.084,0.378,0.388,1.028,0.314,0.268,0.268,0.278,0.102,0.262,1.614,0.294,0.272,0.524,0.182,0.432,0.274,0.22,0.13,0.208,0.102
2012-02-11 14:44:00,0.344,0.21,0.186,0.436,0.468,0.088,0.166,1.366,0.614,0.084,0.132,0.16,0.264,0.092,0.348,0.116,0.12,0.2,0.02,0.084,0.378,0.388,1.028,0.314,0.268,0.268,0.278,0.102,0.262,1.614,0.294,0.272,0.524,0.182,0.432,0.274,0.22,0.13,0.208,0.102
2012-02-11 14:45:00,0.344,0.21,0.186,0.436,0.468,0.088,0.166,1.366,0.614,0.084,0.132,0.16,0.264,0.092,0.348,0.116,0.12,0.2,0.02,0.084,0.378,0.388,1.028,0.314,0.268,0.268,0.278,0.102,0.262,1.614,0.294,0.272,0.524,0.182,0.432,0.274,0.22,0.13,0.208,0.102
2012-02-11 14:46:00,0.344,0.21,0.186,0.436,0.468,0.088,0.166,1.366,0.614,0.084,0.132,0.16,0.264,0.092,0.348,0.116,0.12,0.2,0.02,0.084,0.378,0.388,1.028,0.314,0.268,0.268,0.278,0.102,0.262,1.614,0.294,0.272,0.524,0.182,0.432,0.274,0.22,0.13,0.208,0.102
2012-02-11 14:47:00,0.344,0.21,0.186,0.436,0.468,0.088,0.166,1.366,0.614,0.084,0.132,0.16,0.264,0.092,0.348,0.116,0.12,0.2,0.02,0.084,0.378,0.388,1.028,0.314,0.268,0.268,0.278,0.102,0.262,1.614,0.294,0.272,0.524,0.182,0.432,0.274,0.22,0.13,0.208,0.102
2012-02-11 14:48:00,0.344,0.21,0.186,0.436,0.468,0.088,0.166,1.366,0.614,0.084,0.132,0.16,0.264,0.092,0.348,0.116,0.12,0.2,0.02,0.084,0.378,0.388,1.028,0.314,0.268,0.268,0.278,0.102,0.262,1.614,0.294,0.272,0.524,0.182,0.432,0.274,0.22,0.13,0.208,0.102
2012-02-11 14:49:00,0.344,0.21,0.186,0.436,0.468,0.088,0.166,1.366,0.614,0.084,0.132,0.16,0.264,0.092,0.348,0.116,0.12,0.2,0.02,0.084,0.378,0.388,1.028,0.314,0.268,0.268,0.278,0.102,0.262,1.614,0.294,0.272,0.524,0.182,0.432,0.274,0.22,0.13,0.208,0.102
2012-02-11 14:50:00,0.344,0.21,0.186,0.436,0.468,0.088,0.166,1.366,0.614,0.084,0.132,0.16,0.264,0.092,0.348,0.116,0.12,0.2,0.02,0.084,0.378,0.388,1.028,0.314,0.268,0.268,0.278,0.102,0.262,1.614,0.294,0.272,0.524,0.182,0.432,0.274,0.22,0.13,0.208,0.102
2012-02-11 14:51:00,0.344,0.21,0.186,0.436,0.468,0.088,0.166,1.366,0.614,0.084,0.132,0.16,0.264,0.092,0.348,0.116,0.12,0.2,0.02,0.084,0.378,0.388,1.028,0.314,0.268,0.268,0.278,0.102,0.262,1.614,0.294,0.272,0.524,0.182,0.432,0.274,0.22,0.13,0.208,0.102
2012-02-11 14:52:00,0.344,0.21,0.186,0.436,0.468,0.088,0.166,1.366,0.614,0.084,0.132,0.16,0.264,0.092,0.348,0.116,0.12,0.2,0.02,0.084,0.378,0.388,1.028,0.314,0.268,0.268,0.278,0.102,0.262,1.614,0.294,0.272,0.524,0.182,0.432,0.274,0.22,0.13,0.208,0.102
2012-02-11 14:53:00,0.344,0.21,0.186,0.436,0.468,0.088,0.166,1.366,0.614,0.084,0.132,0.16,0.264,0.092,0.348,0.116,0.12,0.2,0.02,0.084,0.378,0.388,1.028,0.314,0.268,0.268,0.278,0.102,0.262,1.614,0.294,0.272,0.524,0.182,0.432,0.274,0.22,0.13,0.208,0.102
2012-02-11 14:54:00,0.344,0.21,0.186,0.436,0.468,0.088,0.166,1.366,0.614,0.084,0.132,0.16,0.264,0.092,0.348,0.116,0.12,0.2,0.02,0.084,0.378,0.388,1.028,0.314,0.268,0.268,0.278,0.102,0.262,1.614,0.294,0.272,0.524,0.182,0.432,0.274,0.22,0.13,0.208,0.102
2012-02-11 14:55:00,0.344,0.21,0.186,0.436,0.468,0.088,0.166,1.366,0.614,0.084,0.132,0.16,0.264,0.092,0.348,0.116,0.12,0.2,0.02,0.084,0.378,0.388,1.028,0.314,0.268,0.268,0.278,0.102,0.262,1.614,0.294,0.272,0.524,0.182,0.432,0.274,0.22,0.13,0.208,0.102
2012-02-11 14:56:00,0.344,0.21,0.186,0.436,0.468,0.088,0.166,1.366,0.614,0.084,0.132,0.16,0.264,0.092,0.348,0.116,0.12,0.2,0.02,0.084,0.378,0.388,1.028,0.314,0.268,0.268,0.278,0.102,0.262,1.614,0.294,0.272,0.524,0.182,0.432,0.274,0.22,0.13,0.208,0.102
2012-02-11 14:57:00,0.344,0.21,0.186,0.436,0.468,0.088,0.166,1.366,0.614,0.084,0.132,0.16,0.264,0.092,0.348,0.116,0.12,0.2,0.02,0.084,0.378,0.388,1.028,0.314,0.268,0.268,0.278,0.102,0.262,1.614,0.294,0.272,0.524,0.182,0.432,0.274,0.22,0.13,0.208,0.102
2012-02-11 14:58:00,0.344,0.21,0.186,0.436,0.468,0.088,0.166,1.366,0.614,0.084,0.132,0.16,0.264,0.092,0.348,0.116,0.12,0.2,0.02,0.084,0.378,0.388,1.028,0.314,0.268,0.268,0.278,0.102,0.262,1.614,0.294,0.272,0.524,0.182,0.432,0.274,0.22,0.13,0.208,0.102
2012-02-11 14:59:00,0.344,0.21,0.186,0.436,0.468,0.088,0.166,1.366,0.614,0.084,0.132,0.16,0.264,0.092,0.348,0.116,0.12,0.2,0.02,0.084,0.378,0.388,1.028,0.314,0.268,0.268,0.278,0.102,0.262,1.614,0.294,0.272,0.524,0.182,0.432,0.274,0.22,0.13,0.208,0.102
2012-02-11 15:00:00,0.3,0.124,0.156,0.42,0.506,0.058,0.17,0.254,0.606,0.424,0.14,0.154,0.18,2.576,0.308,0.136,0.216,0.194,0.078,0.086,0.362,0.326,0.962,0.176,0.298,0.272,0.334,0.124,0.184,0.346,0.298,0.296,0.162,0.238,0.288,0.2,0.224,0.128,0.298,0.092
2012-02-11 15:01:00,0.3,0.124,0.156,0.42,0.506,0.058,0.17,0.254,0.606,0.424,0.14,0.154,0.18,2.576,0.308,0.136,0.216,0.194,0.078,0.086,0.362,0.326,0.962,0.176,0.298,0.272,0.334,0.124,0.184,0.346,0.298,0.296,0.162,0.238,0.288,0.2,0.224,0.128,0.298,0.092
2012-02-11 15:02:00,0.3,0.124,0.156,0.42,0.506,0.058,0.17,0.254,0.606,0.424,0.14,0.154,0.18,2.576,0.308,0.136,0.216,0.194,0.078,0.086,0.362,0.326,0.962,0.176,0.298,0.272,0.334,0.124,0.184,0.346,0.298,0.296,0.162,0.238,0.288,0.2,0.224,0.128,0.298,0.092
2012-02-11 15:03:00,0.3,0.124,0.156,0.42,0.506,0.058,0.17,0.254,0.606,0.424,0.14,0.154,0.18,2.576,0.308,0.136,0.216,0.194,0.078,0.086,0.362,0.326,0.962,0.176,0.298,0.272,0.334,0.124,0.184,0.346,0.298,0.296,0.162,0.238,0.288,0.2,0.224,0.128,0.298,0.092
2012-02-11 15:04:00,0.3,0.124,0.156,0.42,0.506,0.058,0.17,0.254,0.606,0.424,0.14,0.154,0.18,2.576,0.308,0.136,0.216,0.194,0.078,0.086,0.362,0.326,0.962,0.176,0.298,0.272,0.334,0.124,0.184,0.346,0.298,0.296,0.162,0.238,0.288,0.2,0.224,0.128,0.298,0.092
2012-02-11 15:05:00,0.3,0.124,0.156,0.42,0.506,0.058,0.17,0.254,0.606,0.424,0.14,0.154,0.18,2.576,0.308,0.136,0.216,0.194,0.078,0.086,0.362,0.326,0.962,0.176,0.298,0.272,0.334,0.124,0.184,0.346,0.298,0.296,0.162,0.238,0.288,0.2,0.224,0.128,0.298,0.092
2012-02-11 15:06:00,0.3,0.124,0.156,0.42,0.506,0.058,0.17,0.254,0.606,0.424,0.14,0.154,0.18,2.576,0.308,0.136,0.216,0.194,0.078,0.086,0.362,0.326,0.962,0.176,0.298,0.272,0.334,0.124,0.184,0.346,0.298,0.296,0.162,0.238,0.288,0.2,0.224,0.128,0.298,0.092
2012-02-11 15:07:00,0.3,0.124,0.156,0.42,0.506,0.058,0.17,0.254,0.606,0.424,0.14,0.154,0.18,2.576,0.308,0.136,0.216,0.194,0.078,0.086,0.362,0.326,0.962,0.176,0.298,0.272,0.334,0.124,0.184,0.346,0.298,0.296,0.162,0.238,0.288,0.2,0.224,0.128,0.298,0.092
2012-02-11 15:08:00,0.3,0.124,0.156,0.42,0.506,0.058,0.17,0.254,0.606,0.424,0.14,0.154,0.18,2.576,0.308,0.136,0.216,0.194,0.078,0.086,0.362,0.326,0.962,0.176,0.298,0.272,0.334,0.124,0.184,0.346,0.298,0.296,0.162,0.238,0.288,0.2,0.224,0.128,0.298,0.092
2012-02-11 15:09:00,0.3,0.124,0.156,0.42,0.506,0.058,0.17,0.254,0.606,0.424,0.14,0.154,0.18,2.576,0.308,0.136,0.216,0.194,0.078,0.086,0.362,0.326,0.962,0.176,0.298,0.272,0.334,0.124,0.184,0.346,0.298,0.296,0.162,0.238,0.288,0.2,0.224,0.128,0.298,0.092
2012-02-11 15:10:00,0.3,0.124,0.156,0.42,0.506,0.058,0.17,0.254,0.606,0.424,0.14,0.154,0.18,2.576,0.308,0.136,0.216,0.194,0.078,0.086,0.362,0.326,0.962,0.176,0.298,0.272,0.334,0.124,0.184,0.346,0.298,0.296,0.162,0.238,0.288,0.2,0.224,0.128,0.298,0.092
2012-02-11 15:11:00,0.3,0.124,0.156,0.42,0.506,0.058,0.17,0.254,0.606,0.424,0.14,0.154,0.18,2.576,0.308,0.136,0.216,0.194,0.078,0.086,0.362,0.326,0.962,0.176,0.298,0.272,0.334,0.124,0.184,0.346,0.298,0.296,0.162,0.238,0.288,0.2,0.224,0.128,0.298,0.092
2012-02-11 15:12:00,0.3,0.124,0.156,0.42,0.506,0.058,0.17,0.254,0.606,0.424,0.14,0.154,0.18,2.576,0.308,0.136,0.216,0.194,0.078,0.086,0.362,0.326,0.962,0.176,0.298,0.272,0.334,0.124,0.184,0.346,0.298,0.296,0.162,0.238,0.288,0.2,0.224,0.128,0.298,0.092
2012-02-11 15:13:00,0.3,0.124,0.156,0.42,0.506,0.058,0.17,0.254,0.606,0.424,0.14,0.154,0.18,2.576,0.308,0.136,0.216,0.194,0.078,0.086,0.362,0.326,0.962,0.176,0.298,0.272,0.334,0.124,0.184,0.346,0.298,0.296,0.162,0.238,0.288,0.2,0.224,0.128,0.298,0.092
2012-02-11 15:14:00,0.3,0.124,0.156,0.42,0.506,0.058,0.17,0.254,0.606,0.424,0.14,0.154,0.18,2.576,0.308,0.136,0.216,0.194,0.078,0.086,0.362,0.326,0.962,0.176,0.298,0.272,0.334,0.124,0.184,0.346,0.298,0.296,0.162,0.238,0.288,0.2,0.224,0.128,0.298,0.092
2012-02-11 15:15:00,0.3,0.124,0.156,0.42,0.506,0.058,0.17,0.254,0.606,0.424,0.14,0.154,0.18,2.576,0.308,0.136,0.216,0.194,0.078,0.086,0.362,0.326,0.962,0.176,0.298,0.272,0.334,0.124,0.184,0.346,0.298,0.296,0.162,0.238,0.288,0.2,0.224,0.128,0.298,0.092
2012-02-11 15:16:00,0.3,0.124,0.156,0.42,0.506,0.058,0.17,0.254,0.606,0.424,0.14,0.154,0.18,2.576,0.308,0.136,0.216,0.194,0.078,0.086,0.362,0.326,0.962,0.176,0.298,0.272,0.334,0.124,0.184,0.346,0.298,0.296,0.162,0.238,0.288,0.2,0.224,0.128,0.298,0.092
2012-02-11 15:17:00,0.3,0.124,0.156,0.42,0.506,0.058,0.17,0.254,0.606,0.424,0.14,0.154,0.18,2.576,0.308,0.136,0.216,0.194,0.078,0.086,0.362,0.326,0.962,0.176,0.298,0.272,0.334,0.124,0.184,0.346,0.298,0.296,0.162,0.238,0.288,0.2,0.224,0.128,0.298,0.092
2012-02-11 15:18:00,0.3,0.124,0.156,0.42,0.506,0.058,0.17,0.254,0.606,0.424,0.14,0.154,0.18,2.576,0.308,0.136,0.216,0.194,0.078,0.086,0.362,0.326,0.962,0.176,0.298,0.272,0.334,0.124,0.184,0.346,0.298,0.296,0.162,0.238,0.288,0.2,0.224,0.128,0.298,0.092
2012-02-11 15:19:00,0.3,0.124,0.156,0.42,0.506,0.058,0.17,0.254,0.606,0.424,0.14,0.154,0.18,2.576,0.308,0.136,0.216,0.194,0.078,0.086,0.362,0.326,0.962,0.176,0.298,0.272,0.334,0.124,0.184,0.346,0.298,0.296,0.162,0.238,0.288,0.2,0.224,0.128,0.298,0.092
2012-02-11 15:20:00,0.3,0.124,0.156,0.42,0.506,0.058,0.17,0.254,0.606,0.424,0.14,0.154,0.18,2.576,0.308,0.136,0.216,0.194,0.078,0.086,0.362,0.326,0.962,0.176,0.298,0.272,0.334,0.124,0.184,0.346,0.298,0.296,0.162,0.238,0.288,0.2,0.224,0.128,0.298,0.092
2012-02-11 15:21:00,0.3,0.124,0.156,0.42,0.506,0.058,0.17,0.254,0.606,0.424,0.14,0.154,0.18,2.576,0.308,0.136,0.216,0.194,0.078,0.086,0.362,0.326,0.962,0.176,0.298,0.272,0.334,0.124,0.184,0.346,0.298,0.296,0.162,0.238,0.288,0.2,0.224,0.128,0.298,0.092
2012-02-11 15:22:00,0.3,0.124,0.156,0.42,0.506,0.058,0.17,0.254,0.606,0.424,0.14,0.154,0.18,2.576,0.308,0.136,0.216,0.194,0.078,0.086,0.362,0.326,0.962,0.176,0.298,0.272,0.334,0.124,0.184,0.346,0.298,0.296,0.162,0.238,0.288,0.2,0.224,0.128,0.298,0.092
2012-02-11 15:23:00,0.3,0.124,0.156,0.42,0.506,0.058,0.17,0.254,0.606,0.424,0.14,0.154,0.18,2.576,0.308,0.136,0.216,0.194,0.078,0.086,0.362,0.326,0.962,0.176,0.298,0.272,0.334,0.124,0.184,0.346,0.298,0.296,0.162,0.238,0.288,0.2,0.224,0.128,0.298,0.092
2012-02-11 15:24:00,0.3,0.124,0.156,0.42,0.506,0.058,0.17,0.254,0.606,0.424,0.14,0.154,0.18,2.576,0.308,0.136,0.216,0.194,0.078,0.086,0.362,0.326,0.962,0.176,0.298,0.272,0.334,0.124,0.184,0.346,0.298,0.296,0.162,0.238,0.288,0.2,0.224,0.128,0.298,0.092
2012-02-11 15:25:00,0.3,0.124,0.156,0.42,0.506,0.058,0.17,0.254,0.606,0.424,0.14,0.154,0.18,2.576,0.308,0.136,0.216,0.194,0.078,0.086,0.362,0.326,0.962,0.176,0.298,0.272,0.334,0.124,0.184,0.346,0.298,0.296,0.162,0.238,0.288,0.2,0.224,0.128,0.298,0.092
2012-02-11 15:26:00,0.3,0.124,0.156,0.42,0.506,0.058,0.17,0.254,0.606,0.424,0.14,0.154,0.18,2.576,0.308,0.136,0.216,0.194,0.078,0.086,0.362,0.326,0.962,0.176,0.298,0.272,0.334,0.124,0.184,0.346,0.298,0.296,0.162,0.238,0.288,0.2,0.224,0.128,0.298,0.092
2012-02-11 15:27:00,0.3,0.124,0.156,0.42,0.506,0.058,0.17,0.254,0.606,0.424,0.14,0.154,0.18,2.576,0.308,0.136,0.216,0.194,0.078,0.086,0.362,0.326,0.962,0.176,0.298,0.272,0.334,0.124,0.184,0.346,0.298,0.296,0.162,0.238,0.288,0.2,0.224,0.128,0.298,0.092
2012-02-11 15:28:00,0.3,0.124,0.156,0.42,0.506,0.058,0.17,0.254,0.606,0.424,0.14,0.154,0.18,2.576,0.308,0.136,0.216,0.194,0.078,0.086,0.362,0.326,0.962,0.176,0.298,0.272,0.334,0.124,0.184,0.346,0.298,0.296,0.162,0.238,0.288,0.2,0.224,0.128,0.298,0.092
2012-02-11 15:29:00,0.3,0.124,0.156,0.42,0.506,0.058,0.17,0.254,0.606,0.424,0.14,0.154,0.18,2.576,0.308,0.136,0.216,0.194,0.078,0.086,0.362,0.326,0.962,0.176,0.298,0.272,0.334,0.124,0.184,0.346,0.298,0.296,0.162,0.238,0.288,0.2,0.224,0.128,0.298,0.092
2012-02-11 15:30:00,0.128,0.13,0.134,0.41,0.448,0.106,0.17,0.198,0.616,0.314,0.254,0.77,0.232,0.706,0.45,0.118,0.112,0.182,0.03,0.242,0.536,0.33,0.336,0.206,0.338,0.748,0.268,0.418,0.254,0.406,0.298,0.29,0.122,0.216,0.286,0.19,0.204,0.158,0.224,0.278
2012-02-11 15:31:00,0.128,0.13,0.134,0.41,0.448,0.106,0.17,0.198,0.616,0.314,0.254,0.77,0.232,0.706,0.45,0.118,0.112,0.182,0.03,0.242,0.536,0.33,0.336,0.206,0.338,0.748,0.268,0.418,0.254,0.406,0.298,0.29,0.122,0.216,0.286,0.19,0.204,0.158,0.224,0.278
2012-02-11 15:32:00,0.128,0.13,0.134,0.41,0.448,0.106,0.17,0.198,0.616,0.314,0.254,0.77,0.232,0.706,0.45,0.118,0.112,0.182,0.03,0.242,0.536,0.33,0.336,0.206,0.338,0.748,0.268,0.418,0.254,0.406,0.298,0.29,0.122,0.216,0.286,0.19,0.204,0.158,0.224,0.278
2012-02-11 15:33:00,0.128,0.13,0.134,0.41,0.448,0.106,0.17,0.198,0.616,0.314,0.254,0.77,0.232,0.706,0.45,0.118,0.112,0.182,0.03,0.242,0.536,0.33,0.336,0.206,0.338,0.748,0.268,0.418,0.254,0.406,0.298,0.29,0.122,0.216,0.286,0.19,0.204,0.158,0.224,0.278
2012-02-11 15:34:00,0.128,0.13,0.134,0.41,0.448,0.106,0.17,0.198,0.616,0.314,0.254,0.77,0.232,0.706,0.45,0.118,0.112,0.182,0.03,0.242,0.536,0.33,0.336,0.206,0.338,0.748,0.268,0.418,0.254,0.406,0.298,0.29,0.122,0.216,0.286,0.19,0.204,0.158,0.224,0.278
2012-02-11 15:35:00,0.128,0.13,0.134,0.41,0.448,0.106,0.17,0.198,0.616,0.314,0.254,0.77,0.232,0.706,0.45,0.118,0.112,0.182,0.03,0.242,0.536,0.33,0.336,0.206,0.338,0.748,0.268,0.418,0.254,0.406,0.298,0.29,0.122,0.216,0.286,0.19,0.204,0.158,0.224,0.278
2012-02-11 15:36:00,0.128,0.13,0.134,0.41,0.448,0.106,0.17,0.198,0.616,0.314,0.254,0.77,0.232,0.706,0.45,0.118,0.112,0.182,0.03,0.242,0.536,0.33,0.336,0.206,0.338,0.748,0.268,0.418,0.254,0.406,0.298,0.29,0.122,0.216,0.286,0.19,0.204,0.158,0.224,0.278
2012-02-11 15:37:00,0.128,0.13,0.134,0.41,0.448,0.106,0.17,0.198,0.616,0.314,0.254,0.77,0.232,0.706,0.45,0.118,0.112,0.182,0.03,0.242,0.536,0.33,0.336,0.206,0.338,0.748,0.268,0.418,0.254,0.406,0.298,0.29,0.122,0.216,0.286,0.19,0.204,0.158,0.224,0.278
2012-02-11 15:38:00,0.128,0.13,0.134,0.41,0.448,0.106,0.17,0.198,0.616,0.314,0.254,0.77,0.232,0.706,0.45,0.118,0.112,0.182,0.03,0.242,0.536,0.33,0.336,0.206,0.338,0.748,0.268,0.418,0.254,0.406,0.298,0.29,0.122,0.216,0.286,0.19,0.204,0.158,0.224,0.278
2012-02-11 15:39:00,0.128,0.13,0.134,0.41,0.448,0.106,0.17,0.198,0.616,0.314,0.254,0.77,0.232,0.706,0.45,0.118,0.112,0.182,0.03,0.242,0.536,0.33,0.336,0.206,0.338,0.748,0.268,0.418,0.254,0.406,0.298,0.29,0.122,0.216,0.286,0.19,0.204,0.158,0.224,0.278
2012-02-11 15:40:00,0.128,0.13,0.134,0.41,0.448,0.106,0.17,0.198,0.616,0.314,0.254,0.77,0.232,0.706,0.45,0.118,0.112,0.182,0.03,0.242,0.536,0.33,0.336,0.206,0.338,0.748,0.268,0.418,0.254,0.406,0.298,0.29,0.122,0.216,0.286,0.19,0.204,0.158,0.224,0.278
2012-02-11 15:41:00,0.128,0.13,0.134,0.41,0.448,0.106,0.17,0.198,0.616,0.314,0.254,0.77,0.232,0.706,0.45,0.118,0.112,0.182,0.03,0.242,0.536,0.33,0.336,0.206,0.338,0.748,0.268,0.418,0.254,0.406,0.298,0.29,0.122,0.216,0.286,0.19,0.204,0.158,0.224,0.278
2012-02-11 15:42:00,0.128,0.13,0.134,0.41,0.448,0.106,0.17,0.198,0.616,0.314,0.254,0.77,0.232,0.706,0.45,0.118,0.112,0.182,0.03,0.242,0.536,0.33,0.336,0.206,0.338,0.748,0.268,0.418,0.254,0.406,0.298,0.29,0.122,0.216,0.286,0.19,0.204,0.158,0.224,0.278
2012-02-11 15:43:00,0.128,0.13,0.134,0.41,0.448,0.106,0.17,0.198,0.616,0.314,0.254,0.77,0.232,0.706,0.45,0.118,0.112,0.182,0.03,0.242,0.536,0.33,0.336,0.206,0.338,0.748,0.268,0.418,0.254,0.406,0.298,0.29,0.122,0.216,0.286,0.19,0.204,0.158,0.224,0.278
2012-02-11 15:44:00,0.128,0.13,0.134,0.41,0.448,0.106,0.17,0.198,0.616,0.314,0.254,0.77,0.232,0.706,0.45,0.118,0.112,0.182,0.03,0.242,0.536,0.33,0.336,0.206,0.338,0.748,0.268,0.418,0.254,0.406,0.298,0.29,0.122,0.216,0.286,0.19,0.204,0.158,0.224,0.278
2012-02-11 15:45:00,0.128,0.13,0.134,0.41,0.448,0.106,0.17,0.198,0.616,0.314,0.254,0.77,0.232,0.706,0.45,0.118,0.112,0.182,0.03,0.242,0.536,0.33,0.336,0.206,0.338,0.748,0.268,0.418,0.254,0.406,0.298,0.29,0.122,0.216,0.286,0.19,0.204,0.158,0.224,0.278
2012-02-11 15:46:00,0.128,0.13,0.134,0.41,0.448,0.106,0.17,0.198,0.616,0.314,0.254,0.77,0.232,0.706,0.45,0.118,0.112,0.182,0.03,0.242,0.536,0.33,0.336,0.206,0.338,0.748,0.268,0.418,0.254,0.406,0.298,0.29,0.122,0.216,0.286,0.19,0.204,0.158,0.224,0.278
2012-02-11 15:47:00,0.128,0.13,0.134,0.41,0.448,0.106,0.17,0.198,0.616,0.314,0.254,0.77,0.232,0.706,0.45,0.118,0.112,0.182,0.03,0.242,0.536,0.33,0.336,0.206,0.338,0.748,0.268,0.418,0.254,0.406,0.298,0.29,0.122,0.216,0.286,0.19,0.204,0.158,0.224,0.278
2012-02-11 15:48:00,0.128,0.13,0.134,0.41,0.448,0.106,0.17,0.198,0.616,0.314,0.254,0.77,0.232,0.706,0.45,0.118,0.112,0.182,0.03,0.242,0.536,0.33,0.336,0.206,0.338,0.748,0.268,0.418,0.254,0.406,0.298,0.29,0.122,0.216,0.286,0.19,0.204,0.158,0.224,0.278
2012-02-11 15:49:00,0.128,0.13,0.134,0.41,0.448,0.106,0.17,0.198,0.616,0.314,0.254,0.77,0.232,0.706,0.45,0.118,0.112,0.182,0.03,0.242,0.536,0.33,0.336,0.206,0.338,0.748,0.268,0.418,0.254,0.406,0.298,0.29,0.122,0.216,0.286,0.19,0.204,0.158,0.224,0.278
2012-02-11 15:50:00,0.128,0.13,0.134,0.41,0.448,0.106,0.17,0.198,0.616,0.314,0.254,0.77,0.232,0.706,0.45,0.118,0.112,0.182,0.03,0.242,0.536,0.33,0.336,0.206,0.338,0.748,0.268,0.418,0.254,0.406,0.298,0.29,0.122,0.216,0.286,0.19,0.204,0.158,0.224,0.278
2012-02-11 15:51:00,0.128,0.13,0.134,0.41,0.448,0.106,0.17,0.198,0.616,0.314,0.254,0.77,0.232,0.706,0.45,0.118,0.112,0.182,0.03,0.242,0.536,0.33,0.336,0.206,0.338,0.748,0.268,0.418,0.254,0.406,0.298,0.29,0.122,0.216,0.286,0.19,0.204,0.158,0.224,0.278
2012-02-11 15:52:00,0.128,0.13,0.134,0.41,0.448,0.106,0.17,0.198,0.616,0.314,0.254,0.77,0.232,0.706,0.45,0.118,0.112,0.182,0.03,0.242,0.536,0.33,0.336,0.206,0.338,0.748,0.268,0.418,0.254,0.406,0.298,0.29,0.122,0.216,0.286,0.19,0.204,0.158,0.224,0.278
2012-02-11 15:53:00,0.128,0.13,0.134,0.41,0.448,0.106,0.17,0.198,0.616,0.314,0.254,0.77,0.232,0.706,0.45,0.118,0.112,0.182,0.03,0.242,0.536,0.33,0.336,0.206,0.338,0.748,0.268,0.418,0.254,0.406,0.298,0.29,0.122,0.216,0.286,0.19,0.204,0.158,0.224,0.278
2012-02-11 15:54:00,0.128,0.13,0.134,0.41,0.448,0.106,0.17,0.198,0.616,0.314,0.254,0.77,0.232,0.706,0.45,0.118,0.112,0.182,0.03,0.242,0.536,0.33,0.336,0.206,0.338,0.748,0.268,0.418,0.254,0.406,0.298,0.29,0.122,0.216,0.286,0.19,0.204,0.158,0.224,0.278
2012-02-11 15:55:00,0.128,0.13,0.134,0.41,0.448,0.106,0.17,0.198,0.616,0.314,0.254,0.77,0.232,0.706,0.45,0.118,0.112,0.182,0.03,0.242,0.536,0.33,0.336,0.206,0.338,0.748,0.268,0.418,0.254,0.406,0.298,0.29,0.122,0.216,0.286,0.19,0.204,0.158,0.224,0.278
2012-02-11 15:56:00,0.128,0.13,0.134,0.41,0.448,0.106,0.17,0.198,0.616,0.314,0.254,0.77,0.232,0.706,0.45,0.118,0.112,0.182,0.03,0.242,0.536,0.33,0.336,0.206,0.338,0.748,0.268,0.418,0.254,0.406,0.298,0.29,0.122,0.216,0.286,0.19,0.204,0.158,0.224,0.278
2012-02-11 15:57:00,0.128,0.13,0.134,0.41,0.448,0.106,0.17,0.198,0.616,0.314,0.254,0.77,0.232,0.706,0.45,0.118,0.112,0.182,0.03,0.242,0.536,0.33,0.336,0.206,0.338,0.748,0.268,0.418,0.254,0.406,0.298,0.29,0.122,0.216,0.286,0.19,0.204,0.158,0.224,0.278
2012-02-11 15:58:00,0.128,0.13,0.134,0.41,0.448,0.106,0.17,0.198,0.616,0.314,0.254,0.77,0.232,0.706,0.45,0.118,0.112,0.182,0.03,0.242,0.536,0.33,0.336,0.206,0.338,0.748,0.268,0.418,0.254,0.406,0.298,0.29,0.122,0.216,0.286,0.19,0.204,0.158,0.224,0.278
2012-02-11 15:59:00,0.128,0.13,0.134,0.41,0.448,0.106,0.17,0.198,0.616,0.314,0.254,0.77,0.232,0.706,0.45,0.118,0.112,0.182,0.03,0.242,0.536,0.33,0.336,0.206,0.338,0.748,0.268,0.418,0.254,0.406,0.298,0.29,0.122,0.216,0.286,0.19,0.204,0.158,0.224,0.278
2012-02-11 16:00:00,0.14,0.294,0.17,0.446,0.462,0.054,0.25,0.242,0.598,0.418,0.35,1.774,0.244,0.374,0.628,0.15,0.156,0.18,0.032,0.346,0.406,0.39,0.378,0.274,0.576,0.29,0.204,0.066,0.186,0.346,0.7,0.27,0.302,0.166,0.228,0.23,0.23,0.154,0.208,0.246
2012-02-11 16:01:00,0.14,0.294,0.17,0.446,0.462,0.054,0.25,0.242,0.598,0.418,0.35,1.774,0.244,0.374,0.628,0.15,0.156,0.18,0.032,0.346,0.406,0.39,0.378,0.274,0.576,0.29,0.204,0.066,0.186,0.346,0.7,0.27,0.302,0.166,0.228,0.23,0.23,0.154,0.208,0.246
2012-02-11 16:02:00,0.14,0.294,0.17,0.446,0.462,0.054,0.25,0.242,0.598,0.418,0.35,1.774,0.244,0.374,0.628,0.15,0.156,0.18,0.032,0.346,0.406,0.39,0.378,0.274,0.576,0.29,0.204,0.066,0.186,0.346,0.7,0.27,0.302,0.166,0.228,0.23,0.23,0.154,0.208,0.246
2012-02-11 16:03:00,0.14,0.294,0.17,0.446,0.462,0.054,0.25,0.242,0.598,0.418,0.35,1.774,0.244,0.374,0.628,0.15,0.156,0.18,0.032,0.346,0.406,0.39,0.378,0.274,0.576,0.29,0.204,0.066,0.186,0.346,0.7,0.27,0.302,0.166,0.228,0.23,0.23,0.154,0.208,0.246
2012-02-11 16:04:00,0.14,0.294,0.17,0.446,0.462,0.054,0.25,0.242,0.598,0.418,0.35,1.774,0.244,0.374,0.628,0.15,0.156,0.18,0.032,0.346,0.406,0.39,0.378,0.274,0.576,0.29,0.204,0.066,0.186,0.346,0.7,0.27,0.302,0.166,0.228,0.23,0.23,0.154,0.208,0.246
2012-02-11 16:05:00,0.14,0.294,0.17,0.446,0.462,0.054,0.25,0.242,0.598,0.418,0.35,1.774,0.244,0.374,0.628,0.15,0.156,0.18,0.032,0.346,0.406,0.39,0.378,0.274,0.576,0.29,0.204,0.066,0.186,0.346,0.7,0.27,0.302,0.166,0.228,0.23,0.23,0.154,0.208,0.246
2012-02-11 16:06:00,0.14,0.294,0.17,0.446,0.462,0.054,0.25,0.242,0.598,0.418,0.35,1.774,0.244,0.374,0.628,0.15,0.156,0.18,0.032,0.346,0.406,0.39,0.378,0.274,0.576,0.29,0.204,0.066,0.186,0.346,0.7,0.27,0.302,0.166,0.228,0.23,0.23,0.154,0.208,0.246
2012-02-11 16:07:00,0.14,0.294,0.17,0.446,0.462,0.054,0.25,0.242,0.598,0.418,0.35,1.774,0.244,0.374,0.628,0.15,0.156,0.18,0.032,0.346,0.406,0.39,0.378,0.274,0.576,0.29,0.204,0.066,0.186,0.346,0.7,0.27,0.302,0.166,0.228,0.23,0.23,0.154,0.208,0.246
2012-02-11 16:08:00,0.14,0.294,0.17,0.446,0.462,0.054,0.25,0.242,0.598,0.418,0.35,1.774,0.244,0.374,0.628,0.15,0.156,0.18,0.032,0.346,0.406,0.39,0.378,0.274,0.576,0.29,0.204,0.066,0.186,0.346,0.7,0.27,0.302,0.166,0.228,0.23,0.23,0.154,0.208,0.246
2012-02-11 16:09:00,0.14,0.294,0.17,0.446,0.462,0.054,0.25,0.242,0.598,0.418,0.35,1.774,0.244,0.374,0.628,0.15,0.156,0.18,0.032,0.346,0.406,0.39,0.378,0.274,0.576,0.29,0.204,0.066,0.186,0.346,0.7,0.27,0.302,0.166,0.228,0.23,0.23,0.154,0.208,0.246
2012-02-11 16:10:00,0.14,0.294,0.17,0.446,0.462,0.054,0.25,0.242,0.598,0.418,0.35,1.774,0.244,0.374,0.628,0.15,0.156,0.18,0.032,0.346,0.406,0.39,0.378,0.274,0.576,0.29,0.204,0.066,0.186,0.346,0.7,0.27,0.302,0.166,0.228,0.23,0.23,0.154,0.208,0.246
2012-02-11 16:11:00,0.14,0.294,0.17,0.446,0.462,0.054,0.25,0.242,0.598,0.418,0.35,1.774,0.244,0.374,0.628,0.15,0.156,0.18,0.032,0.346,0.406,0.39,0.378,0.274,0.576,0.29,0.204,0.066,0.186,0.346,0.7,0.27,0.302,0.166,0.228,0.23,0.23,0.154,0.208,0.246
2012-02-11 16:12:00,0.14,0.294,0.17,0.446,0.462,0.054,0.25,0.242,0.598,0.418,0.35,1.774,0.244,0.374,0.628,0.15,0.156,0.18,0.032,0.346,0.406,0.39,0.378,0.274,0.576,0.29,0.204,0.066,0.186,0.346,0.7,0.27,0.302,0.166,0.228,0.23,0.23,0.154,0.208,0.246
2012-02-11 16:13:00,0.14,0.294,0.17,0.446,0.462,0.054,0.25,0.242,0.598,0.418,0.35,1.774,0.244,0.374,0.628,0.15,0.156,0.18,0.032,0.346,0.406,0.39,0.378,0.274,0.576,0.29,0.204,0.066,0.186,0.346,0.7,0.27,0.302,0.166,0.228,0.23,0.23,0.154,0.208,0.246
2012-02-11 16:14:00,0.14,0.294,0.17,0.446,0.462,0.054,0.25,0.242,0.598,0.418,0.35,1.774,0.244,0.374,0.628,0.15,0.156,0.18,0.032,0.346,0.406,0.39,0.378,0.274,0.576,0.29,0.204,0.066,0.186,0.346,0.7,0.27,0.302,0.166,0.228,0.23,0.23,0.154,0.208,0.246
2012-02-11 16:15:00,0.14,0.294,0.17,0.446,0.462,0.054,0.25,0.242,0.598,0.418,0.35,1.774,0.244,0.374,0.628,0.15,0.156,0.18,0.032,0.346,0.406,0.39,0.378,0.274,0.576,0.29,0.204,0.066,0.186,0.346,0.7,0.27,0.302,0.166,0.228,0.23,0.23,0.154,0.208,0.246
2012-02-11 16:16:00,0.14,0.294,0.17,0.446,0.462,0.054,0.25,0.242,0.598,0.418,0.35,1.774,0.244,0.374,0.628,0.15,0.156,0.18,0.032,0.346,0.406,0.39,0.378,0.274,0.576,0.29,0.204,0.066,0.186,0.346,0.7,0.27,0.302,0.166,0.228,0.23,0.23,0.154,0.208,0.246
2012-02-11 16:17:00,0.14,0.294,0.17,0.446,0.462,0.054,0.25,0.242,0.598,0.418,0.35,1.774,0.244,0.374,0.628,0.15,0.156,0.18,0.032,0.346,0.406,0.39,0.378,0.274,0.576,0.29,0.204,0.066,0.186,0.346,0.7,0.27,0.302,0.166,0.228,0.23,0.23,0.154,0.208,0.246
2012-02-11 16:18:00,0.14,0.294,0.17,0.446,0.462,0.054,0.25,0.242,0.598,0.418,0.35,1.774,0.244,0.374,0.628,0.15,0.156,0.18,0.032,0.346,0.406,0.39,0.378,0.274,0.576,0.29,0.204,0.066,0.186,0.346,0.7,0.27,0.302,0.166,0.228,0.23,0.23,0.154,0.208,0.246
2012-02-11 16:19:00,0.14,0.294,0.17,0.446,0.462,0.054,0.25,0.242,0.598,0.418,0.35,1.774,0.244,0.374,0.628,0.15,0.156,0.18,0.032,0.346,0.406,0.39,0.378,0.274,0.576,0.29,0.204,0.066,0.186,0.346,0.7,0.27,0.302,0.166,0.228,0.23,0.23,0.154,0.208,0.246
2012-02-11 16:20:00,0.14,0.294,0.17,0.446,0.462,0.054,0.25,0.242,0.598,0.418,0.35,1.774,0.244,0.374,0.628,0.15,0.156,0.18,0.032,0.346,0.406,0.39,0.378,0.274,0.576,0.29,0.204,0.066,0.186,0.346,0.7,0.27,0.302,0.166,0.228,0.23,0.23,0.154,0.208,0.246
2012-02-11 16:21:00,0.14,0.294,0.17,0.446,0.462,0.054,0.25,0.242,0.598,0.418,0.35,1.774,0.244,0.374,0.628,0.15,0.156,0.18,0.032,0.346,0.406,0.39,0.378,0.274,0.576,0.29,0.204,0.066,0.186,0.346,0.7,0.27,0.302,0.166,0.228,0.23,0.23,0.154,0.208,0.246
2012-02-11 16:22:00,0.14,0.294,0.17,0.446,0.462,0.054,0.25,0.242,0.598,0.418,0.35,1.774,0.244,0.374,0.628,0.15,0.156,0.18,0.032,0.346,0.406,0.39,0.378,0.274,0.576,0.29,0.204,0.066,0.186,0.346,0.7,0.27,0.302,0.166,0.228,0.23,0.23,0.154,0.208,0.246
2012-02-11 16:23:00,0.14,0.294,0.17,0.446,0.462,0.054,0.25,0.242,0.598,0.418,0.35,1.774,0.244,0.374,0.628,0.15,0.156,0.18,0.032,0.346,0.406,0.39,0.378,0.274,0.576,0.29,0.204,0.066,0.186,0.346,0.7,0.27,0.302,0.166,0.228,0.23,0.23,0.154,0.208,0.246
2012-02-11 16:24:00,0.14,0.294,0.17,0.446,0.462,0.054,0.25,0.242,0.598,0.418,0.35,1.774,0.244,0.374,0.628,0.15,0.156,0.18,0.032,0.346,0.406,0.39,0.378,0.274,0.576,0.29,0.204,0.066,0.186,0.346,0.7,0.27,0.302,0.166,0.228,0.23,0.23,0.154,0.208,0.246
2012-02-11 16:25:00,0.14,0.294,0.17,0.446,0.462,0.054,0.25,0.242,0.598,0.418,0.35,1.774,0.244,0.374,0.628,0.15,0.156,0.18,0.032,0.346,0.406,0.39,0.378,0.274,0.576,0.29,0.204,0.066,0.186,0.346,0.7,0.27,0.302,0.166,0.228,0.23,0.23,0.154,0.208,0.246
2012-02-11 16:26:00,0.14,0.294,0.17,0.446,0.462,0.054,0.25,0.242,0.598,0.418,0.35,1.774,0.244,0.374,0.628,0.15,0.156,0.18,0.032,0.346,0.406,0.39,0.378,0.274,0.576,0.29,0.204,0.066,0.186,0.346,0.7,0.27,0.302,0.166,0.228,0.23,0.23,0.154,0.208,0.246
2012-02-11 16:27:00,0.14,0.294,0.17,0.446,0.462,0.054,0.25,0.242,0.598,0.418,0.35,1.774,0.244,0.374,0.628,0.15,0.156,0.18,0.032,0.346,0.406,0.39,0.378,0.274,0.576,0.29,0.204,0.066,0.186,0.346,0.7,0.27,0.302,0.166,0.228,0.23,0.23,0.154,0.208,0.246
2012-02-11 16:28:00,0.14,0.294,0.17,0.446,0.462,0.054,0.25,0.242,0.598,0.418,0.35,1.774,0.244,0.374,0.628,0.15,0.156,0.18,0.032,0.346,0.406,0.39,0.378,0.274,0.576,0.29,0.204,0.066,0.186,0.346,0.7,0.27,0.302,0.166,0.228,0.23,0.23,0.154,0.208,0.246
2012-02-11 16:29:00,0.14,0.294,0.17,0.446,0.462,0.054,0.25,0.242,0.598,0.418,0.35,1.774,0.244,0.374,0.628,0.15,0.156,0.18,0.032,0.346,0.406,0.39,0.378,0.274,0.576,0.29,0.204,0.066,0.186,0.346,0.7,0.27,0.302,0.166,0.228,0.23,0.23,0.154,0.208,0.246
2012-02-11 16:30:00,0.276,0.296,0.172,0.584,0.514,0.09,0.26,0.42,0.6,0.416,0.604,0.66,0.23,0.348,0.218,0.154,0.186,0.176,0.066,0.228,0.422,0.21,0.316,0.212,1.082,0.256,0.154,0.228,0.444,0.232,0.382,0.322,0.868,0.146,0.218,0.192,0.466,0.082,0.208,0.118
2012-02-11 16:31:00,0.276,0.296,0.172,0.584,0.514,0.09,0.26,0.42,0.6,0.416,0.604,0.66,0.23,0.348,0.218,0.154,0.186,0.176,0.066,0.228,0.422,0.21,0.316,0.212,1.082,0.256,0.154,0.228,0.444,0.232,0.382,0.322,0.868,0.146,0.218,0.192,0.466,0.082,0.208,0.118
2012-02-11 16:32:00,0.276,0.296,0.172,0.584,0.514,0.09,0.26,0.42,0.6,0.416,0.604,0.66,0.23,0.348,0.218,0.154,0.186,0.176,0.066,0.228,0.422,0.21,0.316,0.212,1.082,0.256,0.154,0.228,0.444,0.232,0.382,0.322,0.868,0.146,0.218,0.192,0.466,0.082,0.208,0.118
2012-02-11 16:33:00,0.276,0.296,0.172,0.584,0.514,0.09,0.26,0.42,0.6,0.416,0.604,0.66,0.23,0.348,0.218,0.154,0.186,0.176,0.066,0.228,0.422,0.21,0.316,0.212,1.082,0.256,0.154,0.228,0.444,0.232,0.382,0.322,0.868,0.146,0.218,0.192,0.466,0.082,0.208,0.118
2012-02-11 16:34:00,0.276,0.296,0.172,0.584,0.514,0.09,0.26,0.42,0.6,0.416,0.604,0.66,0.23,0.348,0.218,0.154,0.186,0.176,0.066,0.228,0.422,0.21,0.316,0.212,1.082,0.256,0.154,0.228,0.444,0.232,0.382,0.322,0.868,0.146,0.218,0.192,0.466,0.082,0.208,0.118
2012-02-11 16:35:00,0.276,0.296,0.172,0.584,0.514,0.09,0.26,0.42,0.6,0.416,0.604,0.66,0.23,0.348,0.218,0.154,0.186,0.176,0.066,0.228,0.422,0.21,0.316,0.212,1.082,0.256,0.154,0.228,0.444,0.232,0.382,0.322,0.868,0.146,0.218,0.192,0.466,0.082,0.208,0.118
2012-02-11 16:36:00,0.276,0.296,0.172,0.584,0.514,0.09,0.26,0.42,0.6,0.416,0.604,0.66,0.23,0.348,0.218,0.154,0.186,0.176,0.066,0.228,0.422,0.21,0.316,0.212,1.082,0.256,0.154,0.228,0.444,0.232,0.382,0.322,0.868,0.146,0.218,0.192,0.466,0.082,0.208,0.118
2012-02-11 16:37:00,0.276,0.296,0.172,0.584,0.514,0.09,0.26,0.42,0.6,0.416,0.604,0.66,0.23,0.348,0.218,0.154,0.186,0.176,0.066,0.228,0.422,0.21,0.316,0.212,1.082,0.256,0.154,0.228,0.444,0.232,0.382,0.322,0.868,0.146,0.218,0.192,0.466,0.082,0.208,0.118
2012-02-11 16:38:00,0.276,0.296,0.172,0.584,0.514,0.09,0.26,0.42,0.6,0.416,0.604,0.66,0.23,0.348,0.218,0.154,0.186,0.176,0.066,0.228,0.422,0.21,0.316,0.212,1.082,0.256,0.154,0.228,0.444,0.232,0.382,0.322,0.868,0.146,0.218,0.192,0.466,0.082,0.208,0.118
2012-02-11 16:39:00,0.276,0.296,0.172,0.584,0.514,0.09,0.26,0.42,0.6,0.416,0.604,0.66,0.23,0.348,0.218,0.154,0.186,0.176,0.066,0.228,0.422,0.21,0.316,0.212,1.082,0.256,0.154,0.228,0.444,0.232,0.382,0.322,0.868,0.146,0.218,0.192,0.466,0.082,0.208,0.118
2012-02-11 16:40:00,0.276,0.296,0.172,0.584,0.514,0.09,0.26,0.42,0.6,0.416,0.604,0.66,0.23,0.348,0.218,0.154,0.186,0.176,0.066,0.228,0.422,0.21,0.316,0.212,1.082,0.256,0.154,0.228,0.444,0.232,0.382,0.322,0.868,0.146,0.218,0.192,0.466,0.082,0.208,0.118
2012-02-11 16:41:00,0.276,0.296,0.172,0.584,0.514,0.09,0.26,0.42,0.6,0.416,0.604,0.66,0.23,0.348,0.218,0.154,0.186,0.176,0.066,0.228,0.422,0.21,0.316,0.212,1.082,0.256,0.154,0.228,0.444,0.232,0.382,0.322,0.868,0.146,0.218,0.192,0.466,0.082,0.208,0.118
2012-02-11 16:42:00,0.276,0.296,0.172,0.584,0.514,0.09,0.26,0.42,0.6,0.416,0.604,0.66,0.23,0.348,0.218,0.154,0.186,0.176,0.066,0.228,0.422,0.21,0.316,0.212,1.082,0.256,0.154,0.228,0.444,0.232,0.382,0.322,0.868,0.146,0.218,0.192,0.466,0.082,0.208,0.118
2012-02-11 16:43:00,0.276,0.296,0.172,0.584,0.514,0.09,0.26,0.42,0.6,0.416,0.604,0.66,0.23,0.348,0.218,0.154,0.186,0.176,0.066,0.228,0.422,0.21,0.316,0.212,1.082,0.256,0.154,0.228,0.444,0.232,0.382,0.322,0.868,0.146,0.218,0.192,0.466,0.082,0.208,0.118
2012-02-11 16:44:00,0.276,0.296,0.172,0.584,0.514,0.09,0.26,0.42,0.6,0.416,0.604,0.66,0.23,0.348,0.218,0.154,0.186,0.176,0.066,0.228,0.422,0.21,0.316,0.212,1.082,0.256,0.154,0.228,0.444,0.232,0.382,0.322,0.868,0.146,0.218,0.192,0.466,0.082,0.208,0.118
2012-02-11 16:45:00,0.276,0.296,0.172,0.584,0.514,0.09,0.26,0.42,0.6,0.416,0.604,0.66,0.23,0.348,0.218,0.154,0.186,0.176,0.066,0.228,0.422,0.21,0.316,0.212,1.082,0.256,0.154,0.228,0.444,0.232,0.382,0.322,0.868,0.146,0.218,0.192,0.466,0.082,0.208,0.118
2012-02-11 16:46:00,0.276,0.296,0.172,0.584,0.514,0.09,0.26,0.42,0.6,0.416,0.604,0.66,0.23,0.348,0.218,0.154,0.186,0.176,0.066,0.228,0.422,0.21,0.316,0.212,1.082,0.256,0.154,0.228,0.444,0.232,0.382,0.322,0.868,0.146,0.218,0.192,0.466,0.082,0.208,0.118
2012-02-11 16:47:00,0.276,0.296,0.172,0.584,0.514,0.09,0.26,0.42,0.6,0.416,0.604,0.66,0.23,0.348,0.218,0.154,0.186,0.176,0.066,0.228,0.422,0.21,0.316,0.212,1.082,0.256,0.154,0.228,0.444,0.232,0.382,0.322,0.868,0.146,0.218,0.192,0.466,0.082,0.208,0.118
2012-02-11 16:48:00,0.276,0.296,0.172,0.584,0.514,0.09,0.26,0.42,0.6,0.416,0.604,0.66,0.23,0.348,0.218,0.154,0.186,0.176,0.066,0.228,0.422,0.21,0.316,0.212,1.082,0.256,0.154,0.228,0.444,0.232,0.382,0.322,0.868,0.146,0.218,0.192,0.466,0.082,0.208,0.118
2012-02-11 16:49:00,0.276,0.296,0.172,0.584,0.514,0.09,0.26,0.42,0.6,0.416,0.604,0.66,0.23,0.348,0.218,0.154,0.186,0.176,0.066,0.228,0.422,0.21,0.316,0.212,1.082,0.256,0.154,0.228,0.444,0.232,0.382,0.322,0.868,0.146,0.218,0.192,0.466,0.082,0.208,0.118
2012-02-11 16:50:00,0.276,0.296,0.172,0.584,0.514,0.09,0.26,0.42,0.6,0.416,0.604,0.66,0.23,0.348,0.218,0.154,0.186,0.176,0.066,0.228,0.422,0.21,0.316,0.212,1.082,0.256,0.154,0.228,0.444,0.232,0.382,0.322,0.868,0.146,0.218,0.192,0.466,0.082,0.208,0.118
2012-02-11 16:51:00,0.276,0.296,0.172,0.584,0.514,0.09,0.26,0.42,0.6,0.416,0.604,0.66,0.23,0.348,0.218,0.154,0.186,0.176,0.066,0.228,0.422,0.21,0.316,0.212,1.082,0.256,0.154,0.228,0.444,0.232,0.382,0.322,0.868,0.146,0.218,0.192,0.466,0.082,0.208,0.118
2012-02-11 16:52:00,0.276,0.296,0.172,0.584,0.514,0.09,0.26,0.42,0.6,0.416,0.604,0.66,0.23,0.348,0.218,0.154,0.186,0.176,0.066,0.228,0.422,0.21,0.316,0.212,1.082,0.256,0.154,0.228,0.444,0.232,0.382,0.322,0.868,0.146,0.218,0.192,0.466,0.082,0.208,0.118
2012-02-11 16:53:00,0.276,0.296,0.172,0.584,0.514,0.09,0.26,0.42,0.6,0.416,0.604,0.66,0.23,0.348,0.218,0.154,0.186,0.176,0.066,0.228,0.422,0.21,0.316,0.212,1.082,0.256,0.154,0.228,0.444,0.232,0.382,0.322,0.868,0.146,0.218,0.192,0.466,0.082,0.208,0.118
2012-02-11 16:54:00,0.276,0.296,0.172,0.584,0.514,0.09,0.26,0.42,0.6,0.416,0.604,0.66,0.23,0.348,0.218,0.154,0.186,0.176,0.066,0.228,0.422,0.21,0.316,0.212,1.082,0.256,0.154,0.228,0.444,0.232,0.382,0.322,0.868,0.146,0.218,0.192,0.466,0.082,0.208,0.118
2012-02-11 16:55:00,0.276,0.296,0.172,0.584,0.514,0.09,0.26,0.42,0.6,0.416,0.604,0.66,0.23,0.348,0.218,0.154,0.186,0.176,0.066,0.228,0.422,0.21,0.316,0.212,1.082,0.256,0.154,0.228,0.444,0.232,0.382,0.322,0.868,0.146,0.218,0.192,0.466,0.082,0.208,0.118
2012-02-11 16:56:00,0.276,0.296,0.172,0.584,0.514,0.09,0.26,0.42,0.6,0.416,0.604,0.66,0.23,0.348,0.218,0.154,0.186,0.176,0.066,0.228,0.422,0.21,0.316,0.212,1.082,0.256,0.154,0.228,0.444,0.232,0.382,0.322,0.868,0.146,0.218,0.192,0.466,0.082,0.208,0.118
2012-02-11 16:57:00,0.276,0.296,0.172,0.584,0.514,0.09,0.26,0.42,0.6,0.416,0.604,0.66,0.23,0.348,0.218,0.154,0.186,0.176,0.066,0.228,0.422,0.21,0.316,0.212,1.082,0.256,0.154,0.228,0.444,0.232,0.382,0.322,0.868,0.146,0.218,0.192,0.466,0.082,0.208,0.118
2012-02-11 16:58:00,0.276,0.296,0.172,0.584,0.514,0.09,0.26,0.42,0.6,0.416,0.604,0.66,0.23,0.348,0.218,0.154,0.186,0.176,0.066,0.228,0.422,0.21,0.316,0.212,1.082,0.256,0.154,0.228,0.444,0.232,0.382,0.322,0.868,0.146,0.218,0.192,0.466,0.082,0.208,0.118
2012-02-11 16:59:00,0.276,0.296,0.172,0.584,0.514,0.09,0.26,0.42,0.6,0.416,0.604,0.66,0.23,0.348,0.218,0.154,0.186,0.176,0.066,0.228,0.422,0.21,0.316,0.212,1.082,0.256,0.154,0.228,0.444,0.232,0.382,0.322,0.868,0.146,0.218,0.192,0.466,0.082,0.208,0.118
2012-02-11 17:00:00,0.542,0.522,0.134,0.516,0.47,0.178,1.444,0.216,0.6,0.4,0.18,1.114,0.506,0.178,0.776,0.27,0.086,0.28,0.03,0.218,0.34,0.154,0.306,0.124,1.838,0.316,0.15,0.112,0.304,0.212,0.372,0.362,0.302,0.144,0.374,0.284,0.26,0.108,0.306,0.108
2012-02-11 17:01:00,0.542,0.522,0.134,0.516,0.47,0.178,1.444,0.216,0.6,0.4,0.18,1.114,0.506,0.178,0.776,0.27,0.086,0.28,0.03,0.218,0.34,0.154,0.306,0.124,1.838,0.316,0.15,0.112,0.304,0.212,0.372,0.362,0.302,0.144,0.374,0.284,0.26,0.108,0.306,0.108
2012-02-11 17:02:00,0.542,0.522,0.134,0.516,0.47,0.178,1.444,0.216,0.6,0.4,0.18,1.114,0.506,0.178,0.776,0.27,0.086,0.28,0.03,0.218,0.34,0.154,0.306,0.124,1.838,0.316,0.15,0.112,0.304,0.212,0.372,0.362,0.302,0.144,0.374,0.284,0.26,0.108,0.306,0.108
2012-02-11 17:03:00,0.542,0.522,0.134,0.516,0.47,0.178,1.444,0.216,0.6,0.4,0.18,1.114,0.506,0.178,0.776,0.27,0.086,0.28,0.03,0.218,0.34,0.154,0.306,0.124,1.838,0.316,0.15,0.112,0.304,0.212,0.372,0.362,0.302,0.144,0.374,0.284,0.26,0.108,0.306,0.108
2012-02-11 17:04:00,0.542,0.522,0.134,0.516,0.47,0.178,1.444,0.216,0.6,0.4,0.18,1.114,0.506,0.178,0.776,0.27,0.086,0.28,0.03,0.218,0.34,0.154,0.306,0.124,1.838,0.316,0.15,0.112,0.304,0.212,0.372,0.362,0.302,0.144,0.374,0.284,0.26,0.108,0.306,0.108
2012-02-11 17:05:00,0.542,0.522,0.134,0.516,0.47,0.178,1.444,0.216,0.6,0.4,0.18,1.114,0.506,0.178,0.776,0.27,0.086,0.28,0.03,0.218,0.34,0.154,0.306,0.124,1.838,0.316,0.15,0.112,0.304,0.212,0.372,0.362,0.302,0.144,0.374,0.284,0.26,0.108,0.306,0.108
2012-02-11 17:06:00,0.542,0.522,0.134,0.516,0.47,0.178,1.444,0.216,0.6,0.4,0.18,1.114,0.506,0.178,0.776,0.27,0.086,0.28,0.03,0.218,0.34,0.154,0.306,0.124,1.838,0.316,0.15,0.112,0.304,0.212,0.372,0.362,0.302,0.144,0.374,0.284,0.26,0.108,0.306,0.108
2012-02-11 17:07:00,0.542,0.522,0.134,0.516,0.47,0.178,1.444,0.216,0.6,0.4,0.18,1.114,0.506,0.178,0.776,0.27,0.086,0.28,0.03,0.218,0.34,0.154,0.306,0.124,1.838,0.316,0.15,0.112,0.304,0.212,0.372,0.362,0.302,0.144,0.374,0.284,0.26,0.108,0.306,0.108
2012-02-11 17:08:00,0.542,0.522,0.134,0.516,0.47,0.178,1.444,0.216,0.6,0.4,0.18,1.114,0.506,0.178,0.776,0.27,0.086,0.28,0.03,0.218,0.34,0.154,0.306,0.124,1.838,0.316,0.15,0.112,0.304,0.212,0.372,0.362,0.302,0.144,0.374,0.284,0.26,0.108,0.306,0.108
2012-02-11 17:09:00,0.542,0.522,0.134,0.516,0.47,0.178,1.444,0.216,0.6,0.4,0.18,1.114,0.506,0.178,0.776,0.27,0.086,0.28,0.03,0.218,0.34,0.154,0.306,0.124,1.838,0.316,0.15,0.112,0.304,0.212,0.372,0.362,0.302,0.144,0.374,0.284,0.26,0.108,0.306,0.108
2012-02-11 17:10:00,0.542,0.522,0.134,0.516,0.47,0.178,1.444,0.216,0.6,0.4,0.18,1.114,0.506,0.178,0.776,0.27,0.086,0.28,0.03,0.218,0.34,0.154,0.306,0.124,1.838,0.316,0.15,0.112,0.304,0.212,0.372,0.362,0.302,0.144,0.374,0.284,0.26,0.108,0.306,0.108
2012-02-11 17:11:00,0.542,0.522,0.134,0.516,0.47,0.178,1.444,0.216,0.6,0.4,0.18,1.114,0.506,0.178,0.776,0.27,0.086,0.28,0.03,0.218,0.34,0.154,0.306,0.124,1.838,0.316,0.15,0.112,0.304,0.212,0.372,0.362,0.302,0.144,0.374,0.284,0.26,0.108,0.306,0.108
2012-02-11 17:12:00,0.542,0.522,0.134,0.516,0.47,0.178,1.444,0.216,0.6,0.4,0.18,1.114,0.506,0.178,0.776,0.27,0.086,0.28,0.03,0.218,0.34,0.154,0.306,0.124,1.838,0.316,0.15,0.112,0.304,0.212,0.372,0.362,0.302,0.144,0.374,0.284,0.26,0.108,0.306,0.108
2012-02-11 17:13:00,0.542,0.522,0.134,0.516,0.47,0.178,1.444,0.216,0.6,0.4,0.18,1.114,0.506,0.178,0.776,0.27,0.086,0.28,0.03,0.218,0.34,0.154,0.306,0.124,1.838,0.316,0.15,0.112,0.304,0.212,0.372,0.362,0.302,0.144,0.374,0.284,0.26,0.108,0.306,0.108
2012-02-11 17:14:00,0.542,0.522,0.134,0.516,0.47,0.178,1.444,0.216,0.6,0.4,0.18,1.114,0.506,0.178,0.776,0.27,0.086,0.28,0.03,0.218,0.34,0.154,0.306,0.124,1.838,0.316,0.15,0.112,0.304,0.212,0.372,0.362,0.302,0.144,0.374,0.284,0.26,0.108,0.306,0.108
2012-02-11 17:15:00,0.542,0.522,0.134,0.516,0.47,0.178,1.444,0.216,0.6,0.4,0.18,1.114,0.506,0.178,0.776,0.27,0.086,0.28,0.03,0.218,0.34,0.154,0.306,0.124,1.838,0.316,0.15,0.112,0.304,0.212,0.372,0.362,0.302,0.144,0.374,0.284,0.26,0.108,0.306,0.108
2012-02-11 17:16:00,0.542,0.522,0.134,0.516,0.47,0.178,1.444,0.216,0.6,0.4,0.18,1.114,0.506,0.178,0.776,0.27,0.086,0.28,0.03,0.218,0.34,0.154,0.306,0.124,1.838,0.316,0.15,0.112,0.304,0.212,0.372,0.362,0.302,0.144,0.374,0.284,0.26,0.108,0.306,0.108
2012-02-11 17:17:00,0.542,0.522,0.134,0.516,0.47,0.178,1.444,0.216,0.6,0.4,0.18,1.114,0.506,0.178,0.776,0.27,0.086,0.28,0.03,0.218,0.34,0.154,0.306,0.124,1.838,0.316,0.15,0.112,0.304,0.212,0.372,0.362,0.302,0.144,0.374,0.284,0.26,0.108,0.306,0.108
2012-02-11 17:18:00,0.542,0.522,0.134,0.516,0.47,0.178,1.444,0.216,0.6,0.4,0.18,1.114,0.506,0.178,0.776,0.27,0.086,0.28,0.03,0.218,0.34,0.154,0.306,0.124,1.838,0.316,0.15,0.112,0.304,0.212,0.372,0.362,0.302,0.144,0.374,0.284,0.26,0.108,0.306,0.108
2012-02-11 17:19:00,0.542,0.522,0.134,0.516,0.47,0.178,1.444,0.216,0.6,0.4,0.18,1.114,0.506,0.178,0.776,0.27,0.086,0.28,0.03,0.218,0.34,0.154,0.306,0.124,1.838,0.316,0.15,0.112,0.304,0.212,0.372,0.362,0.302,0.144,0.374,0.284,0.26,0.108,0.306,0.108
2012-02-11 17:20:00,0.542,0.522,0.134,0.516,0.47,0.178,1.444,0.216,0.6,0.4,0.18,1.114,0.506,0.178,0.776,0.27,0.086,0.28,0.03,0.218,0.34,0.154,0.306,0.124,1.838,0.316,0.15,0.112,0.304,0.212,0.372,0.362,0.302,0.144,0.374,0.284,0.26,0.108,0.306,0.108
2012-02-11 17:21:00,0.542,0.522,0.134,0.516,0.47,0.178,1.444,0.216,0.6,0.4,0.18,1.114,0.506,0.178,0.776,0.27,0.086,0.28,0.03,0.218,0.34,0.154,0.306,0.124,1.838,0.316,0.15,0.112,0.304,0.212,0.372,0.362,0.302,0.144,0.374,0.284,0.26,0.108,0.306,0.108
2012-02-11 17:22:00,0.542,0.522,0.134,0.516,0.47,0.178,1.444,0.216,0.6,0.4,0.18,1.114,0.506,0.178,0.776,0.27,0.086,0.28,0.03,0.218,0.34,0.154,0.306,0.124,1.838,0.316,0.15,0.112,0.304,0.212,0.372,0.362,0.302,0.144,0.374,0.284,0.26,0.108,0.306,0.108
2012-02-11 17:23:00,0.542,0.522,0.134,0.516,0.47,0.178,1.444,0.216,0.6,0.4,0.18,1.114,0.506,0.178,0.776,0.27,0.086,0.28,0.03,0.218,0.34,0.154,0.306,0.124,1.838,0.316,0.15,0.112,0.304,0.212,0.372,0.362,0.302,0.144,0.374,0.284,0.26,0.108,0.306,0.108
2012-02-11 17:24:00,0.542,0.522,0.134,0.516,0.47,0.178,1.444,0.216,0.6,0.4,0.18,1.114,0.506,0.178,0.776,0.27,0.086,0.28,0.03,0.218,0.34,0.154,0.306,0.124,1.838,0.316,0.15,0.112,0.304,0.212,0.372,0.362,0.302,0.144,0.374,0.284,0.26,0.108,0.306,0.108
2012-02-11 17:25:00,0.542,0.522,0.134,0.516,0.47,0.178,1.444,0.216,0.6,0.4,0.18,1.114,0.506,0.178,0.776,0.27,0.086,0.28,0.03,0.218,0.34,0.154,0.306,0.124,1.838,0.316,0.15,0.112,0.304,0.212,0.372,0.362,0.302,0.144,0.374,0.284,0.26,0.108,0.306,0.108
2012-02-11 17:26:00,0.542,0.522,0.134,0.516,0.47,0.178,1.444,0.216,0.6,0.4,0.18,1.114,0.506,0.178,0.776,0.27,0.086,0.28,0.03,0.218,0.34,0.154,0.306,0.124,1.838,0.316,0.15,0.112,0.304,0.212,0.372,0.362,0.302,0.144,0.374,0.284,0.26,0.108,0.306,0.108
2012-02-11 17:27:00,0.542,0.522,0.134,0.516,0.47,0.178,1.444,0.216,0.6,0.4,0.18,1.114,0.506,0.178,0.776,0.27,0.086,0.28,0.03,0.218,0.34,0.154,0.306,0.124,1.838,0.316,0.15,0.112,0.304,0.212,0.372,0.362,0.302,0.144,0.374,0.284,0.26,0.108,0.306,0.108
2012-02-11 17:28:00,0.542,0.522,0.134,0.516,0.47,0.178,1.444,0.216,0.6,0.4,0.18,1.114,0.506,0.178,0.776,0.27,0.086,0.28,0.03,0.218,0.34,0.154,0.306,0.124,1.838,0.316,0.15,0.112,0.304,0.212,0.372,0.362,0.302,0.144,0.374,0.284,0.26,0.108,0.306,0.108
2012-02-11 17:29:00,0.542,0.522,0.134,0.516,0.47,0.178,1.444,0.216,0.6,0.4,0.18,1.114,0.506,0.178,0.776,0.27,0.086,0.28,0.03,0.218,0.34,0.154,0.306,0.124,1.838,0.316,0.15,0.112,0.304,0.212,0.372,0.362,0.302,0.144,0.374,0.284,0.26,0.108,0.306,0.108
2012-02-11 17:30:00,0.378,0.344,0.222,0.568,0.51,0.33,0.926,2.456,0.604,0.358,0.394,0.46,0.27,0.122,0.358,0.192,0.158,0.266,0.032,0.16,0.24,0.332,0.31,0.2,0.498,0.36,0.464,0.502,0.298,0.152,0.372,0.3,0.342,0.164,0.79,0.298,0.24,0.158,0.26,0.5
2012-02-11 17:31:00,0.378,0.344,0.222,0.568,0.51,0.33,0.926,2.456,0.604,0.358,0.394,0.46,0.27,0.122,0.358,0.192,0.158,0.266,0.032,0.16,0.24,0.332,0.31,0.2,0.498,0.36,0.464,0.502,0.298,0.152,0.372,0.3,0.342,0.164,0.79,0.298,0.24,0.158,0.26,0.5
2012-02-11 17:32:00,0.378,0.344,0.222,0.568,0.51,0.33,0.926,2.456,0.604,0.358,0.394,0.46,0.27,0.122,0.358,0.192,0.158,0.266,0.032,0.16,0.24,0.332,0.31,0.2,0.498,0.36,0.464,0.502,0.298,0.152,0.372,0.3,0.342,0.164,0.79,0.298,0.24,0.158,0.26,0.5
2012-02-11 17:33:00,0.378,0.344,0.222,0.568,0.51,0.33,0.926,2.456,0.604,0.358,0.394,0.46,0.27,0.122,0.358,0.192,0.158,0.266,0.032,0.16,0.24,0.332,0.31,0.2,0.498,0.36,0.464,0.502,0.298,0.152,0.372,0.3,0.342,0.164,0.79,0.298,0.24,0.158,0.26,0.5
2012-02-11 17:34:00,0.378,0.344,0.222,0.568,0.51,0.33,0.926,2.456,0.604,0.358,0.394,0.46,0.27,0.122,0.358,0.192,0.158,0.266,0.032,0.16,0.24,0.332,0.31,0.2,0.498,0.36,0.464,0.502,0.298,0.152,0.372,0.3,0.342,0.164,0.79,0.298,0.24,0.158,0.26,0.5
2012-02-11 17:35:00,0.378,0.344,0.222,0.568,0.51,0.33,0.926,2.456,0.604,0.358,0.394,0.46,0.27,0.122,0.358,0.192,0.158,0.266,0.032,0.16,0.24,0.332,0.31,0.2,0.498,0.36,0.464,0.502,0.298,0.152,0.372,0.3,0.342,0.164,0.79,0.298,0.24,0.158,0.26,0.5
2012-02-11 17:36:00,0.378,0.344,0.222,0.568,0.51,0.33,0.926,2.456,0.604,0.358,0.394,0.46,0.27,0.122,0.358,0.192,0.158,0.266,0.032,0.16,0.24,0.332,0.31,0.2,0.498,0.36,0.464,0.502,0.298,0.152,0.372,0.3,0.342,0.164,0.79,0.298,0.24,0.158,0.26,0.5
2012-02-11 17:37:00,0.378,0.344,0.222,0.568,0.51,0.33,0.926,2.456,0.604,0.358,0.394,0.46,0.27,0.122,0.358,0.192,0.158,0.266,0.032,0.16,0.24,0.332,0.31,0.2,0.498,0.36,0.464,0.502,0.298,0.152,0.372,0.3,0.342,0.164,0.79,0.298,0.24,0.158,0.26,0.5
2012-02-11 17:38:00,0.378,0.344,0.222,0.568,0.51,0.33,0.926,2.456,0.604,0.358,0.394,0.46,0.27,0.122,0.358,0.192,0.158,0.266,0.032,0.16,0.24,0.332,0.31,0.2,0.498,0.36,0.464,0.502,0.298,0.152,0.372,0.3,0.342,0.164,0.79,0.298,0.24,0.158,0.26,0.5
2012-02-11 17:39:00,0.378,0.344,0.222,0.568,0.51,0.33,0.926,2.456,0.604,0.358,0.394,0.46,0.27,0.122,0.358,0.192,0.158,0.266,0.032,0.16,0.24,0.332,0.31,0.2,0.498,0.36,0.464,0.502,0.298,0.152,0.372,0.3,0.342,0.164,0.79,0.298,0.24,0.158,0.26,0.5
2012-02-11 17:40:00,0.378,0.344,0.222,0.568,0.51,0.33,0.926,2.456,0.604,0.358,0.394,0.46,0.27,0.122,0.358,0.192,0.158,0.266,0.032,0.16,0.24,0.332,0.31,0.2,0.498,0.36,0.464,0.502,0.298,0.152,0.372,0.3,0.342,0.164,0.79,0.298,0.24,0.158,0.26,0.5
2012-02-11 17:41:00,0.378,0.344,0.222,0.568,0.51,0.33,0.926,2.456,0.604,0.358,0.394,0.46,0.27,0.122,0.358,0.192,0.158,0.266,0.032,0.16,0.24,0.332,0.31,0.2,0.498,0.36,0.464,0.502,0.298,0.152,0.372,0.3,0.342,0.164,0.79,0.298,0.24,0.158,0.26,0.5
2012-02-11 17:42:00,0.378,0.344,0.222,0.568,0.51,0.33,0.926,2.456,0.604,0.358,0.394,0.46,0.27,0.122,0.358,0.192,0.158,0.266,0.032,0.16,0.24,0.332,0.31,0.2,0.498,0.36,0.464,0.502,0.298,0.152,0.372,0.3,0.342,0.164,0.79,0.298,0.24,0.158,0.26,0.5
2012-02-11 17:43:00,0.378,0.344,0.222,0.568,0.51,0.33,0.926,2.456,0.604,0.358,0.394,0.46,0.27,0.122,0.358,0.192,0.158,0.266,0.032,0.16,0.24,0.332,0.31,0.2,0.498,0.36,0.464,0.502,0.298,0.152,0.372,0.3,0.342,0.164,0.79,0.298,0.24,0.158,0.26,0.5
2012-02-11 17:44:00,0.378,0.344,0.222,0.568,0.51,0.33,0.926,2.456,0.604,0.358,0.394,0.46,0.27,0.122,0.358,0.192,0.158,0.266,0.032,0.16,0.24,0.332,0.31,0.2,0.498,0.36,0.464,0.502,0.298,0.152,0.372,0.3,0.342,0.164,0.79,0.298,0.24,0.158,0.26,0.5
2012-02-11 17:45:00,0.378,0.344,0.222,0.568,0.51,0.33,0.926,2.456,0.604,0.358,0.394,0.46,0.27,0.122,0.358,0.192,0.158,0.266,0.032,0.16,0.24,0.332,0.31,0.2,0.498,0.36,0.464,0.502,0.298,0.152,0.372,0.3,0.342,0.164,0.79,0.298,0.24,0.158,0.26,0.5
2012-02-11 17:46:00,0.378,0.344,0.222,0.568,0.51,0.33,0.926,2.456,0.604,0.358,0.394,0.46,0.27,0.122,0.358,0.192,0.158,0.266,0.032,0.16,0.24,0.332,0.31,0.2,0.498,0.36,0.464,0.502,0.298,0.152,0.372,0.3,0.342,0.164,0.79,0.298,0.24,0.158,0.26,0.5
2012-02-11 17:47:00,0.378,0.344,0.222,0.568,0.51,0.33,0.926,2.456,0.604,0.358,0.394,0.46,0.27,0.122,0.358,0.192,0.158,0.266,0.032,0.16,0.24,0.332,0.31,0.2,0.498,0.36,0.464,0.502,0.298,0.152,0.372,0.3,0.342,0.164,0.79,0.298,0.24,0.158,0.26,0.5
2012-02-11 17:48:00,0.378,0.344,0.222,0.568,0.51,0.33,0.926,2.456,0.604,0.358,0.394,0.46,0.27,0.122,0.358,0.192,0.158,0.266,0.032,0.16,0.24,0.332,0.31,0.2,0.498,0.36,0.464,0.502,0.298,0.152,0.372,0.3,0.342,0.164,0.79,0.298,0.24,0.158,0.26,0.5
2012-02-11 17:49:00,0.378,0.344,0.222,0.568,0.51,0.33,0.926,2.456,0.604,0.358,0.394,0.46,0.27,0.122,0.358,0.192,0.158,0.266,0.032,0.16,0.24,0.332,0.31,0.2,0.498,0.36,0.464,0.502,0.298,0.152,0.372,0.3,0.342,0.164,0.79,0.298,0.24,0.158,0.26,0.5
2012-02-11 17:50:00,0.378,0.344,0.222,0.568,0.51,0.33,0.926,2.456,0.604,0.358,0.394,0.46,0.27,0.122,0.358,0.192,0.158,0.266,0.032,0.16,0.24,0.332,0.31,0.2,0.498,0.36,0.464,0.502,0.298,0.152,0.372,0.3,0.342,0.164,0.79,0.298,0.24,0.158,0.26,0.5
2012-02-11 17:51:00,0.378,0.344,0.222,0.568,0.51,0.33,0.926,2.456,0.604,0.358,0.394,0.46,0.27,0.122,0.358,0.192,0.158,0.266,0.032,0.16,0.24,0.332,0.31,0.2,0.498,0.36,0.464,0.502,0.298,0.152,0.372,0.3,0.342,0.164,0.79,0.298,0.24,0.158,0.26,0.5
2012-02-11 17:52:00,0.378,0.344,0.222,0.568,0.51,0.33,0.926,2.456,0.604,0.358,0.394,0.46,0.27,0.122,0.358,0.192,0.158,0.266,0.032,0.16,0.24,0.332,0.31,0.2,0.498,0.36,0.464,0.502,0.298,0.152,0.372,0.3,0.342,0.164,0.79,0.298,0.24,0.158,0.26,0.5
2012-02-11 17:53:00,0.378,0.344,0.222,0.568,0.51,0.33,0.926,2.456,0.604,0.358,0.394,0.46,0.27,0.122,0.358,0.192,0.158,0.266,0.032,0.16,0.24,0.332,0.31,0.2,0.498,0.36,0.464,0.502,0.298,0.152,0.372,0.3,0.342,0.164,0.79,0.298,0.24,0.158,0.26,0.5
2012-02-11 17:54:00,0.378,0.344,0.222,0.568,0.51,0.33,0.926,2.456,0.604,0.358,0.394,0.46,0.27,0.122,0.358,0.192,0.158,0.266,0.032,0.16,0.24,0.332,0.31,0.2,0.498,0.36,0.464,0.502,0.298,0.152,0.372,0.3,0.342,0.164,0.79,0.298,0.24,0.158,0.26,0.5
2012-02-11 17:55:00,0.378,0.344,0.222,0.568,0.51,0.33,0.926,2.456,0.604,0.358,0.394,0.46,0.27,0.122,0.358,0.192,0.158,0.266,0.032,0.16,0.24,0.332,0.31,0.2,0.498,0.36,0.464,0.502,0.298,0.152,0.372,0.3,0.342,0.164,0.79,0.298,0.24,0.158,0.26,0.5
2012-02-11 17:56:00,0.378,0.344,0.222,0.568,0.51,0.33,0.926,2.456,0.604,0.358,0.394,0.46,0.27,0.122,0.358,0.192,0.158,0.266,0.032,0.16,0.24,0.332,0.31,0.2,0.498,0.36,0.464,0.502,0.298,0.152,0.372,0.3,0.342,0.164,0.79,0.298,0.24,0.158,0.26,0.5
2012-02-11 17:57:00,0.378,0.344,0.222,0.568,0.51,0.33,0.926,2.456,0.604,0.358,0.394,0.46,0.27,0.122,0.358,0.192,0.158,0.266,0.032,0.16,0.24,0.332,0.31,0.2,0.498,0.36,0.464,0.502,0.298,0.152,0.372,0.3,0.342,0.164,0.79,0.298,0.24,0.158,0.26,0.5
2012-02-11 17:58:00,0.378,0.344,0.222,0.568,0.51,0.33,0.926,2.456,0.604,0.358,0.394,0.46,0.27,0.122,0.358,0.192,0.158,0.266,0.032,0.16,0.24,0.332,0.31,0.2,0.498,0.36,0.464,0.502,0.298,0.152,0.372,0.3,0.342,0.164,0.79,0.298,0.24,0.158,0.26,0.5
2012-02-11 17:59:00,0.378,0.344,0.222,0.568,0.51,0.33,0.926,2.456,0.604,0.358,0.394,0.46,0.27,0.122,0.358,0.192,0.158,0.266,0.032,0.16,0.24,0.332,0.31,0.2,0.498,0.36,0.464,0.502,0.298,0.152,0.372,0.3,0.342,0.164,0.79,0.298,0.24,0.158,0.26,0.5
2012-02-11 18:00:00,0.474,0.816,0.272,0.9,0.58,0.266,0.514,0.934,0.342,0.478,0.898,0.356,0.724,0.174,0.292,0.266,0.196,0.188,0.69,0.166,0.22,0.422,0.406,0.234,0.496,0.346,0.476,0.516,0.358,0.468,0.71,0.444,0.242,0.508,2.016,0.372,0.222,0.144,0.302,0.148
2012-02-11 18:01:00,0.474,0.816,0.272,0.9,0.58,0.266,0.514,0.934,0.342,0.478,0.898,0.356,0.724,0.174,0.292,0.266,0.196,0.188,0.69,0.166,0.22,0.422,0.406,0.234,0.496,0.346,0.476,0.516,0.358,0.468,0.71,0.444,0.242,0.508,2.016,0.372,0.222,0.144,0.302,0.148
2012-02-11 18:02:00,0.474,0.816,0.272,0.9,0.58,0.266,0.514,0.934,0.342,0.478,0.898,0.356,0.724,0.174,0.292,0.266,0.196,0.188,0.69,0.166,0.22,0.422,0.406,0.234,0.496,0.346,0.476,0.516,0.358,0.468,0.71,0.444,0.242,0.508,2.016,0.372,0.222,0.144,0.302,0.148
2012-02-11 18:03:00,0.474,0.816,0.272,0.9,0.58,0.266,0.514,0.934,0.342,0.478,0.898,0.356,0.724,0.174,0.292,0.266,0.196,0.188,0.69,0.166,0.22,0.422,0.406,0.234,0.496,0.346,0.476,0.516,0.358,0.468,0.71,0.444,0.242,0.508,2.016,0.372,0.222,0.144,0.302,0.148
2012-02-11 18:04:00,0.474,0.816,0.272,0.9,0.58,0.266,0.514,0.934,0.342,0.478,0.898,0.356,0.724,0.174,0.292,0.266,0.196,0.188,0.69,0.166,0.22,0.422,0.406,0.234,0.496,0.346,0.476,0.516,0.358,0.468,0.71,0.444,0.242,0.508,2.016,0.372,0.222,0.144,0.302,0.148
2012-02-11 18:05:00,0.474,0.816,0.272,0.9,0.58,0.266,0.514,0.934,0.342,0.478,0.898,0.356,0.724,0.174,0.292,0.266,0.196,0.188,0.69,0.166,0.22,0.422,0.406,0.234,0.496,0.346,0.476,0.516,0.358,0.468,0.71,0.444,0.242,0.508,2.016,0.372,0.222,0.144,0.302,0.148
2012-02-11 18:06:00,0.474,0.816,0.272,0.9,0.58,0.266,0.514,0.934,0.342,0.478,0.898,0.356,0.724,0.174,0.292,0.266,0.196,0.188,0.69,0.166,0.22,0.422,0.406,0.234,0.496,0.346,0.476,0.516,0.358,0.468,0.71,0.444,0.242,0.508,2.016,0.372,0.222,0.144,0.302,0.148
2012-02-11 18:07:00,0.474,0.816,0.272,0.9,0.58,0.266,0.514,0.934,0.342,0.478,0.898,0.356,0.724,0.174,0.292,0.266,0.196,0.188,0.69,0.166,0.22,0.422,0.406,0.234,0.496,0.346,0.476,0.516,0.358,0.468,0.71,0.444,0.242,0.508,2.016,0.372,0.222,0.144,0.302,0.148
2012-02-11 18:08:00,0.474,0.816,0.272,0.9,0.58,0.266,0.514,0.934,0.342,0.478,0.898,0.356,0.724,0.174,0.292,0.266,0.196,0.188,0.69,0.166,0.22,0.422,0.406,0.234,0.496,0.346,0.476,0.516,0.358,0.468,0.71,0.444,0.242,0.508,2.016,0.372,0.222,0.144,0.302,0.148
2012-02-11 18:09:00,0.474,0.816,0.272,0.9,0.58,0.266,0.514,0.934,0.342,0.478,0.898,0.356,0.724,0.174,0.292,0.266,0.196,0.188,0.69,0.166,0.22,0.422,0.406,0.234,0.496,0.346,0.476,0.516,0.358,0.468,0.71,0.444,0.242,0.508,2.016,0.372,0.222,0.144,0.302,0.148
2012-02-11 18:10:00,0.474,0.816,0.272,0.9,0.58,0.266,0.514,0.934,0.342,0.478,0.898,0.356,0.724,0.174,0.292,0.266,0.196,0.188,0.69,0.166,0.22,0.422,0.406,0.234,0.496,0.346,0.476,0.516,0.358,0.468,0.71,0.444,0.242,0.508,2.016,0.372,0.222,0.144,0.302,0.148
2012-02-11 18:11:00,0.474,0.816,0.272,0.9,0.58,0.266,0.514,0.934,0.342,0.478,0.898,0.356,0.724,0.174,0.292,0.266,0.196,0.188,0.69,0.166,0.22,0.422,0.406,0.234,0.496,0.346,0.476,0.516,0.358,0.468,0.71,0.444,0.242,0.508,2.016,0.372,0.222,0.144,0.302,0.148
2012-02-11 18:12:00,0.474,0.816,0.272,0.9,0.58,0.266,0.514,0.934,0.342,0.478,0.898,0.356,0.724,0.174,0.292,0.266,0.196,0.188,0.69,0.166,0.22,0.422,0.406,0.234,0.496,0.346,0.476,0.516,0.358,0.468,0.71,0.444,0.242,0.508,2.016,0.372,0.222,0.144,0.302,0.148
2012-02-11 18:13:00,0.474,0.816,0.272,0.9,0.58,0.266,0.514,0.934,0.342,0.478,0.898,0.356,0.724,0.174,0.292,0.266,0.196,0.188,0.69,0.166,0.22,0.422,0.406,0.234,0.496,0.346,0.476,0.516,0.358,0.468,0.71,0.444,0.242,0.508,2.016,0.372,0.222,0.144,0.302,0.148
2012-02-11 18:14:00,0.474,0.816,0.272,0.9,0.58,0.266,0.514,0.934,0.342,0.478,0.898,0.356,0.724,0.174,0.292,0.266,0.196,0.188,0.69,0.166,0.22,0.422,0.406,0.234,0.496,0.346,0.476,0.516,0.358,0.468,0.71,0.444,0.242,0.508,2.016,0.372,0.222,0.144,0.302,0.148
2012-02-11 18:15:00,0.474,0.816,0.272,0.9,0.58,0.266,0.514,0.934,0.342,0.478,0.898,0.356,0.724,0.174,0.292,0.266,0.196,0.188,0.69,0.166,0.22,0.422,0.406,0.234,0.496,0.346,0.476,0.516,0.358,0.468,0.71,0.444,0.242,0.508,2.016,0.372,0.222,0.144,0.302,0.148
2012-02-11 18:16:00,0.474,0.816,0.272,0.9,0.58,0.266,0.514,0.934,0.342,0.478,0.898,0.356,0.724,0.174,0.292,0.266,0.196,0.188,0.69,0.166,0.22,0.422,0.406,0.234,0.496,0.346,0.476,0.516,0.358,0.468,0.71,0.444,0.242,0.508,2.016,0.372,0.222,0.144,0.302,0.148
2012-02-11 18:17:00,0.474,0.816,0.272,0.9,0.58,0.266,0.514,0.934,0.342,0.478,0.898,0.356,0.724,0.174,0.292,0.266,0.196,0.188,0.69,0.166,0.22,0.422,0.406,0.234,0.496,0.346,0.476,0.516,0.358,0.468,0.71,0.444,0.242,0.508,2.016,0.372,0.222,0.144,0.302,0.148
2012-02-11 18:18:00,0.474,0.816,0.272,0.9,0.58,0.266,0.514,0.934,0.342,0.478,0.898,0.356,0.724,0.174,0.292,0.266,0.196,0.188,0.69,0.166,0.22,0.422,0.406,0.234,0.496,0.346,0.476,0.516,0.358,0.468,0.71,0.444,0.242,0.508,2.016,0.372,0.222,0.144,0.302,0.148
2012-02-11 18:19:00,0.474,0.816,0.272,0.9,0.58,0.266,0.514,0.934,0.342,0.478,0.898,0.356,0.724,0.174,0.292,0.266,0.196,0.188,0.69,0.166,0.22,0.422,0.406,0.234,0.496,0.346,0.476,0.516,0.358,0.468,0.71,0.444,0.242,0.508,2.016,0.372,0.222,0.144,0.302,0.148
2012-02-11 18:20:00,0.474,0.816,0.272,0.9,0.58,0.266,0.514,0.934,0.342,0.478,0.898,0.356,0.724,0.174,0.292,0.266,0.196,0.188,0.69,0.166,0.22,0.422,0.406,0.234,0.496,0.346,0.476,0.516,0.358,0.468,0.71,0.444,0.242,0.508,2.016,0.372,0.222,0.144,0.302,0.148
2012-02-11 18:21:00,0.474,0.816,0.272,0.9,0.58,0.266,0.514,0.934,0.342,0.478,0.898,0.356,0.724,0.174,0.292,0.266,0.196,0.188,0.69,0.166,0.22,0.422,0.406,0.234,0.496,0.346,0.476,0.516,0.358,0.468,0.71,0.444,0.242,0.508,2.016,0.372,0.222,0.144,0.302,0.148
2012-02-11 18:22:00,0.474,0.816,0.272,0.9,0.58,0.266,0.514,0.934,0.342,0.478,0.898,0.356,0.724,0.174,0.292,0.266,0.196,0.188,0.69,0.166,0.22,0.422,0.406,0.234,0.496,0.346,0.476,0.516,0.358,0.468,0.71,0.444,0.242,0.508,2.016,0.372,0.222,0.144,0.302,0.148
2012-02-11 18:23:00,0.474,0.816,0.272,0.9,0.58,0.266,0.514,0.934,0.342,0.478,0.898,0.356,0.724,0.174,0.292,0.266,0.196,0.188,0.69,0.166,0.22,0.422,0.406,0.234,0.496,0.346,0.476,0.516,0.358,0.468,0.71,0.444,0.242,0.508,2.016,0.372,0.222,0.144,0.302,0.148
2012-02-11 18:24:00,0.474,0.816,0.272,0.9,0.58,0.266,0.514,0.934,0.342,0.478,0.898,0.356,0.724,0.174,0.292,0.266,0.196,0.188,0.69,0.166,0.22,0.422,0.406,0.234,0.496,0.346,0.476,0.516,0.358,0.468,0.71,0.444,0.242,0.508,2.016,0.372,0.222,0.144,0.302,0.148
2012-02-11 18:25:00,0.474,0.816,0.272,0.9,0.58,0.266,0.514,0.934,0.342,0.478,0.898,0.356,0.724,0.174,0.292,0.266,0.196,0.188,0.69,0.166,0.22,0.422,0.406,0.234,0.496,0.346,0.476,0.516,0.358,0.468,0.71,0.444,0.242,0.508,2.016,0.372,0.222,0.144,0.302,0.148
2012-02-11 18:26:00,0.474,0.816,0.272,0.9,0.58,0.266,0.514,0.934,0.342,0.478,0.898,0.356,0.724,0.174,0.292,0.266,0.196,0.188,0.69,0.166,0.22,0.422,0.406,0.234,0.496,0.346,0.476,0.516,0.358,0.468,0.71,0.444,0.242,0.508,2.016,0.372,0.222,0.144,0.302,0.148
2012-02-11 18:27:00,0.474,0.816,0.272,0.9,0.58,0.266,0.514,0.934,0.342,0.478,0.898,0.356,0.724,0.174,0.292,0.266,0.196,0.188,0.69,0.166,0.22,0.422,0.406,0.234,0.496,0.346,0.476,0.516,0.358,0.468,0.71,0.444,0.242,0.508,2.016,0.372,0.222,0.144,0.302,0.148
2012-02-11 18:28:00,0.474,0.816,0.272,0.9,0.58,0.266,0.514,0.934,0.342,0.478,0.898,0.356,0.724,0.174,0.292,0.266,0.196,0.188,0.69,0.166,0.22,0.422,0.406,0.234,0.496,0.346,0.476,0.516,0.358,0.468,0.71,0.444,0.242,0.508,2.016,0.372,0.222,0.144,0.302,0.148
2012-02-11 18:29:00,0.474,0.816,0.272,0.9,0.58,0.266,0.514,0.934,0.342,0.478,0.898,0.356,0.724,0.174,0.292,0.266,0.196,0.188,0.69,0.166,0.22,0.422,0.406,0.234,0.496,0.346,0.476,0.516,0.358,0.468,0.71,0.444,0.242,0.508,2.016,0.372,0.222,0.144,0.302,0.148
2012-02-11 18:30:00,0.41,0.752,0.23,0.662,0.562,0.36,0.488,0.232,0.276,0.464,0.37,0.758,0.336,0.084,0.444,0.36,0.152,0.198,1.154,0.272,0.264,0.382,0.35,0.248,0.46,0.33,0.476,0.22,0.372,0.42,0.53,0.488,0.276,0.478,0.998,1.286,0.168,0.282,0.354,0.324
2012-02-11 18:31:00,0.41,0.752,0.23,0.662,0.562,0.36,0.488,0.232,0.276,0.464,0.37,0.758,0.336,0.084,0.444,0.36,0.152,0.198,1.154,0.272,0.264,0.382,0.35,0.248,0.46,0.33,0.476,0.22,0.372,0.42,0.53,0.488,0.276,0.478,0.998,1.286,0.168,0.282,0.354,0.324
2012-02-11 18:32:00,0.41,0.752,0.23,0.662,0.562,0.36,0.488,0.232,0.276,0.464,0.37,0.758,0.336,0.084,0.444,0.36,0.152,0.198,1.154,0.272,0.264,0.382,0.35,0.248,0.46,0.33,0.476,0.22,0.372,0.42,0.53,0.488,0.276,0.478,0.998,1.286,0.168,0.282,0.354,0.324
2012-02-11 18:33:00,0.41,0.752,0.23,0.662,0.562,0.36,0.488,0.232,0.276,0.464,0.37,0.758,0.336,0.084,0.444,0.36,0.152,0.198,1.154,0.272,0.264,0.382,0.35,0.248,0.46,0.33,0.476,0.22,0.372,0.42,0.53,0.488,0.276,0.478,0.998,1.286,0.168,0.282,0.354,0.324
2012-02-11 18:34:00,0.41,0.752,0.23,0.662,0.562,0.36,0.488,0.232,0.276,0.464,0.37,0.758,0.336,0.084,0.444,0.36,0.152,0.198,1.154,0.272,0.264,0.382,0.35,0.248,0.46,0.33,0.476,0.22,0.372,0.42,0.53,0.488,0.276,0.478,0.998,1.286,0.168,0.282,0.354,0.324
2012-02-11 18:35:00,0.41,0.752,0.23,0.662,0.562,0.36,0.488,0.232,0.276,0.464,0.37,0.758,0.336,0.084,0.444,0.36,0.152,0.198,1.154,0.272,0.264,0.382,0.35,0.248,0.46,0.33,0.476,0.22,0.372,0.42,0.53,0.488,0.276,0.478,0.998,1.286,0.168,0.282,0.354,0.324
2012-02-11 18:36:00,0.41,0.752,0.23,0.662,0.562,0.36,0.488,0.232,0.276,0.464,0.37,0.758,0.336,0.084,0.444,0.36,0.152,0.198,1.154,0.272,0.264,0.382,0.35,0.248,0.46,0.33,0.476,0.22,0.372,0.42,0.53,0.488,0.276,0.478,0.998,1.286,0.168,0.282,0.354,0.324
2012-02-11 18:37:00,0.41,0.752,0.23,0.662,0.562,0.36,0.488,0.232,0.276,0.464,0.37,0.758,0.336,0.084,0.444,0.36,0.152,0.198,1.154,0.272,0.264,0.382,0.35,0.248,0.46,0.33,0.476,0.22,0.372,0.42,0.53,0.488,0.276,0.478,0.998,1.286,0.168,0.282,0.354,0.324
2012-02-11 18:38:00,0.41,0.752,0.23,0.662,0.562,0.36,0.488,0.232,0.276,0.464,0.37,0.758,0.336,0.084,0.444,0.36,0.152,0.198,1.154,0.272,0.264,0.382,0.35,0.248,0.46,0.33,0.476,0.22,0.372,0.42,0.53,0.488,0.276,0.478,0.998,1.286,0.168,0.282,0.354,0.324
2012-02-11 18:39:00,0.41,0.752,0.23,0.662,0.562,0.36,0.488,0.232,0.276,0.464,0.37,0.758,0.336,0.084,0.444,0.36,0.152,0.198,1.154,0.272,0.264,0.382,0.35,0.248,0.46,0.33,0.476,0.22,0.372,0.42,0.53,0.488,0.276,0.478,0.998,1.286,0.168,0.282,0.354,0.324
2012-02-11 18:40:00,0.41,0.752,0.23,0.662,0.562,0.36,0.488,0.232,0.276,0.464,0.37,0.758,0.336,0.084,0.444,0.36,0.152,0.198,1.154,0.272,0.264,0.382,0.35,0.248,0.46,0.33,0.476,0.22,0.372,0.42,0.53,0.488,0.276,0.478,0.998,1.286,0.168,0.282,0.354,0.324
2012-02-11 18:41:00,0.41,0.752,0.23,0.662,0.562,0.36,0.488,0.232,0.276,0.464,0.37,0.758,0.336,0.084,0.444,0.36,0.152,0.198,1.154,0.272,0.264,0.382,0.35,0.248,0.46,0.33,0.476,0.22,0.372,0.42,0.53,0.488,0.276,0.478,0.998,1.286,0.168,0.282,0.354,0.324
2012-02-11 18:42:00,0.41,0.752,0.23,0.662,0.562,0.36,0.488,0.232,0.276,0.464,0.37,0.758,0.336,0.084,0.444,0.36,0.152,0.198,1.154,0.272,0.264,0.382,0.35,0.248,0.46,0.33,0.476,0.22,0.372,0.42,0.53,0.488,0.276,0.478,0.998,1.286,0.168,0.282,0.354,0.324
2012-02-11 18:43:00,0.41,0.752,0.23,0.662,0.562,0.36,0.488,0.232,0.276,0.464,0.37,0.758,0.336,0.084,0.444,0.36,0.152,0.198,1.154,0.272,0.264,0.382,0.35,0.248,0.46,0.33,0.476,0.22,0.372,0.42,0.53,0.488,0.276,0.478,0.998,1.286,0.168,0.282,0.354,0.324
2012-02-11 18:44:00,0.41,0.752,0.23,0.662,0.562,0.36,0.488,0.232,0.276,0.464,0.37,0.758,0.336,0.084,0.444,0.36,0.152,0.198,1.154,0.272,0.264,0.382,0.35,0.248,0.46,0.33,0.476,0.22,0.372,0.42,0.53,0.488,0.276,0.478,0.998,1.286,0.168,0.282,0.354,0.324
2012-02-11 18:45:00,0.41,0.752,0.23,0.662,0.562,0.36,0.488,0.232,0.276,0.464,0.37,0.758,0.336,0.084,0.444,0.36,0.152,0.198,1.154,0.272,0.264,0.382,0.35,0.248,0.46,0.33,0.476,0.22,0.372,0.42,0.53,0.488,0.276,0.478,0.998,1.286,0.168,0.282,0.354,0.324
2012-02-11 18:46:00,0.41,0.752,0.23,0.662,0.562,0.36,0.488,0.232,0.276,0.464,0.37,0.758,0.336,0.084,0.444,0.36,0.152,0.198,1.154,0.272,0.264,0.382,0.35,0.248,0.46,0.33,0.476,0.22,0.372,0.42,0.53,0.488,0.276,0.478,0.998,1.286,0.168,0.282,0.354,0.324
2012-02-11 18:47:00,0.41,0.752,0.23,0.662,0.562,0.36,0.488,0.232,0.276,0.464,0.37,0.758,0.336,0.084,0.444,0.36,0.152,0.198,1.154,0.272,0.264,0.382,0.35,0.248,0.46,0.33,0.476,0.22,0.372,0.42,0.53,0.488,0.276,0.478,0.998,1.286,0.168,0.282,0.354,0.324
2012-02-11 18:48:00,0.41,0.752,0.23,0.662,0.562,0.36,0.488,0.232,0.276,0.464,0.37,0.758,0.336,0.084,0.444,0.36,0.152,0.198,1.154,0.272,0.264,0.382,0.35,0.248,0.46,0.33,0.476,0.22,0.372,0.42,0.53,0.488,0.276,0.478,0.998,1.286,0.168,0.282,0.354,0.324
2012-02-11 18:49:00,0.41,0.752,0.23,0.662,0.562,0.36,0.488,0.232,0.276,0.464,0.37,0.758,0.336,0.084,0.444,0.36,0.152,0.198,1.154,0.272,0.264,0.382,0.35,0.248,0.46,0.33,0.476,0.22,0.372,0.42,0.53,0.488,0.276,0.478,0.998,1.286,0.168,0.282,0.354,0.324
2012-02-11 18:50:00,0.41,0.752,0.23,0.662,0.562,0.36,0.488,0.232,0.276,0.464,0.37,0.758,0.336,0.084,0.444,0.36,0.152,0.198,1.154,0.272,0.264,0.382,0.35,0.248,0.46,0.33,0.476,0.22,0.372,0.42,0.53,0.488,0.276,0.478,0.998,1.286,0.168,0.282,0.354,0.324
2012-02-11 18:51:00,0.41,0.752,0.23,0.662,0.562,0.36,0.488,0.232,0.276,0.464,0.37,0.758,0.336,0.084,0.444,0.36,0.152,0.198,1.154,0.272,0.264,0.382,0.35,0.248,0.46,0.33,0.476,0.22,0.372,0.42,0.53,0.488,0.276,0.478,0.998,1.286,0.168,0.282,0.354,0.324
2012-02-11 18:52:00,0.41,0.752,0.23,0.662,0.562,0.36,0.488,0.232,0.276,0.464,0.37,0.758,0.336,0.084,0.444,0.36,0.152,0.198,1.154,0.272,0.264,0.382,0.35,0.248,0.46,0.33,0.476,0.22,0.372,0.42,0.53,0.488,0.276,0.478,0.998,1.286,0.168,0.282,0.354,0.324
2012-02-11 18:53:00,0.41,0.752,0.23,0.662,0.562,0.36,0.488,0.232,0.276,0.464,0.37,0.758,0.336,0.084,0.444,0.36,0.152,0.198,1.154,0.272,0.264,0.382,0.35,0.248,0.46,0.33,0.476,0.22,0.372,0.42,0.53,0.488,0.276,0.478,0.998,1.286,0.168,0.282,0.354,0.324
2012-02-11 18:54:00,0.41,0.752,0.23,0.662,0.562,0.36,0.488,0.232,0.276,0.464,0.37,0.758,0.336,0.084,0.444,0.36,0.152,0.198,1.154,0.272,0.264,0.382,0.35,0.248,0.46,0.33,0.476,0.22,0.372,0.42,0.53,0.488,0.276,0.478,0.998,1.286,0.168,0.282,0.354,0.324
2012-02-11 18:55:00,0.41,0.752,0.23,0.662,0.562,0.36,0.488,0.232,0.276,0.464,0.37,0.758,0.336,0.084,0.444,0.36,0.152,0.198,1.154,0.272,0.264,0.382,0.35,0.248,0.46,0.33,0.476,0.22,0.372,0.42,0.53,0.488,0.276,0.478,0.998,1.286,0.168,0.282,0.354,0.324
2012-02-11 18:56:00,0.41,0.752,0.23,0.662,0.562,0.36,0.488,0.232,0.276,0.464,0.37,0.758,0.336,0.084,0.444,0.36,0.152,0.198,1.154,0.272,0.264,0.382,0.35,0.248,0.46,0.33,0.476,0.22,0.372,0.42,0.53,0.488,0.276,0.478,0.998,1.286,0.168,0.282,0.354,0.324
2012-02-11 18:57:00,0.41,0.752,0.23,0.662,0.562,0.36,0.488,0.232,0.276,0.464,0.37,0.758,0.336,0.084,0.444,0.36,0.152,0.198,1.154,0.272,0.264,0.382,0.35,0.248,0.46,0.33,0.476,0.22,0.372,0.42,0.53,0.488,0.276,0.478,0.998,1.286,0.168,0.282,0.354,0.324
2012-02-11 18:58:00,0.41,0.752,0.23,0.662,0.562,0.36,0.488,0.232,0.276,0.464,0.37,0.758,0.336,0.084,0.444,0.36,0.152,0.198,1.154,0.272,0.264,0.382,0.35,0.248,0.46,0.33,0.476,0.22,0.372,0.42,0.53,0.488,0.276,0.478,0.998,1.286,0.168,0.282,0.354,0.324
2012-02-11 18:59:00,0.41,0.752,0.23,0.662,0.562,0.36,0.488,0.232,0.276,0.464,0.37,0.758,0.336,0.084,0.444,0.36,0.152,0.198,1.154,0.272,0.264,0.382,0.35,0.248,0.46,0.33,0.476,0.22,0.372,0.42,0.53,0.488,0.276,0.478,0.998,1.286,0.168,0.282,0.354,0.324
2012-02-11 19:00:00,0.342,1.34,0.216,1.454,0.506,1.662,0.82,0.244,0.276,0.41,0.226,0.462,0.302,0.182,0.356,0.552,0.296,0.216,1.704,0.138,0.308,0.41,0.394,0.126,0.402,0.29,0.636,0.354,0.328,0.266,0.422,0.504,0.272,0.91,0.78,0.288,0.15,0.222,0.444,0.396
2012-02-11 19:01:00,0.342,1.34,0.216,1.454,0.506,1.662,0.82,0.244,0.276,0.41,0.226,0.462,0.302,0.182,0.356,0.552,0.296,0.216,1.704,0.138,0.308,0.41,0.394,0.126,0.402,0.29,0.636,0.354,0.328,0.266,0.422,0.504,0.272,0.91,0.78,0.288,0.15,0.222,0.444,0.396
2012-02-11 19:02:00,0.342,1.34,0.216,1.454,0.506,1.662,0.82,0.244,0.276,0.41,0.226,0.462,0.302,0.182,0.356,0.552,0.296,0.216,1.704,0.138,0.308,0.41,0.394,0.126,0.402,0.29,0.636,0.354,0.328,0.266,0.422,0.504,0.272,0.91,0.78,0.288,0.15,0.222,0.444,0.396
2012-02-11 19:03:00,0.342,1.34,0.216,1.454,0.506,1.662,0.82,0.244,0.276,0.41,0.226,0.462,0.302,0.182,0.356,0.552,0.296,0.216,1.704,0.138,0.308,0.41,0.394,0.126,0.402,0.29,0.636,0.354,0.328,0.266,0.422,0.504,0.272,0.91,0.78,0.288,0.15,0.222,0.444,0.396
2012-02-11 19:04:00,0.342,1.34,0.216,1.454,0.506,1.662,0.82,0.244,0.276,0.41,0.226,0.462,0.302,0.182,0.356,0.552,0.296,0.216,1.704,0.138,0.308,0.41,0.394,0.126,0.402,0.29,0.636,0.354,0.328,0.266,0.422,0.504,0.272,0.91,0.78,0.288,0.15,0.222,0.444,0.396
2012-02-11 19:05:00,0.342,1.34,0.216,1.454,0.506,1.662,0.82,0.244,0.276,0.41,0.226,0.462,0.302,0.182,0.356,0.552,0.296,0.216,1.704,0.138,0.308,0.41,0.394,0.126,0.402,0.29,0.636,0.354,0.328,0.266,0.422,0.504,0.272,0.91,0.78,0.288,0.15,0.222,0.444,0.396
2012-02-11 19:06:00,0.342,1.34,0.216,1.454,0.506,1.662,0.82,0.244,0.276,0.41,0.226,0.462,0.302,0.182,0.356,0.552,0.296,0.216,1.704,0.138,0.308,0.41,0.394,0.126,0.402,0.29,0.636,0.354,0.328,0.266,0.422,0.504,0.272,0.91,0.78,0.288,0.15,0.222,0.444,0.396
2012-02-11 19:07:00,0.342,1.34,0.216,1.454,0.506,1.662,0.82,0.244,0.276,0.41,0.226,0.462,0.302,0.182,0.356,0.552,0.296,0.216,1.704,0.138,0.308,0.41,0.394,0.126,0.402,0.29,0.636,0.354,0.328,0.266,0.422,0.504,0.272,0.91,0.78,0.288,0.15,0.222,0.444,0.396
2012-02-11 19:08:00,0.342,1.34,0.216,1.454,0.506,1.662,0.82,0.244,0.276,0.41,0.226,0.462,0.302,0.182,0.356,0.552,0.296,0.216,1.704,0.138,0.308,0.41,0.394,0.126,0.402,0.29,0.636,0.354,0.328,0.266,0.422,0.504,0.272,0.91,0.78,0.288,0.15,0.222,0.444,0.396
2012-02-11 19:09:00,0.342,1.34,0.216,1.454,0.506,1.662,0.82,0.244,0.276,0.41,0.226,0.462,0.302,0.182,0.356,0.552,0.296,0.216,1.704,0.138,0.308,0.41,0.394,0.126,0.402,0.29,0.636,0.354,0.328,0.266,0.422,0.504,0.272,0.91,0.78,0.288,0.15,0.222,0.444,0.396
2012-02-11 19:10:00,0.342,1.34,0.216,1.454,0.506,1.662,0.82,0.244,0.276,0.41,0.226,0.462,0.302,0.182,0.356,0.552,0.296,0.216,1.704,0.138,0.308,0.41,0.394,0.126,0.402,0.29,0.636,0.354,0.328,0.266,0.422,0.504,0.272,0.91,0.78,0.288,0.15,0.222,0.444,0.396
2012-02-11 19:11:00,0.342,1.34,0.216,1.454,0.506,1.662,0.82,0.244,0.276,0.41,0.226,0.462,0.302,0.182,0.356,0.552,0.296,0.216,1.704,0.138,0.308,0.41,0.394,0.126,0.402,0.29,0.636,0.354,0.328,0.266,0.422,0.504,0.272,0.91,0.78,0.288,0.15,0.222,0.444,0.396
2012-02-11 19:12:00,0.342,1.34,0.216,1.454,0.506,1.662,0.82,0.244,0.276,0.41,0.226,0.462,0.302,0.182,0.356,0.552,0.296,0.216,1.704,0.138,0.308,0.41,0.394,0.126,0.402,0.29,0.636,0.354,0.328,0.266,0.422,0.504,0.272,0.91,0.78,0.288,0.15,0.222,0.444,0.396
2012-02-11 19:13:00,0.342,1.34,0.216,1.454,0.506,1.662,0.82,0.244,0.276,0.41,0.226,0.462,0.302,0.182,0.356,0.552,0.296,0.216,1.704,0.138,0.308,0.41,0.394,0.126,0.402,0.29,0.636,0.354,0.328,0.266,0.422,0.504,0.272,0.91,0.78,0.288,0.15,0.222,0.444,0.396
2012-02-11 19:14:00,0.342,1.34,0.216,1.454,0.506,1.662,0.82,0.244,0.276,0.41,0.226,0.462,0.302,0.182,0.356,0.552,0.296,0.216,1.704,0.138,0.308,0.41,0.394,0.126,0.402,0.29,0.636,0.354,0.328,0.266,0.422,0.504,0.272,0.91,0.78,0.288,0.15,0.222,0.444,0.396
2012-02-11 19:15:00,0.342,1.34,0.216,1.454,0.506,1.662,0.82,0.244,0.276,0.41,0.226,0.462,0.302,0.182,0.356,0.552,0.296,0.216,1.704,0.138,0.308,0.41,0.394,0.126,0.402,0.29,0.636,0.354,0.328,0.266,0.422,0.504,0.272,0.91,0.78,0.288,0.15,0.222,0.444,0.396
2012-02-11 19:16:00,0.342,1.34,0.216,1.454,0.506,1.662,0.82,0.244,0.276,0.41,0.226,0.462,0.302,0.182,0.356,0.552,0.296,0.216,1.704,0.138,0.308,0.41,0.394,0.126,0.402,0.29,0.636,0.354,0.328,0.266,0.422,0.504,0.272,0.91,0.78,0.288,0.15,0.222,0.444,0.396
2012-02-11 19:17:00,0.342,1.34,0.216,1.454,0.506,1.662,0.82,0.244,0.276,0.41,0.226,0.462,0.302,0.182,0.356,0.552,0.296,0.216,1.704,0.138,0.308,0.41,0.394,0.126,0.402,0.29,0.636,0.354,0.328,0.266,0.422,0.504,0.272,0.91,0.78,0.288,0.15,0.222,0.444,0.396
2012-02-11 19:18:00,0.342,1.34,0.216,1.454,0.506,1.662,0.82,0.244,0.276,0.41,0.226,0.462,0.302,0.182,0.356,0.552,0.296,0.216,1.704,0.138,0.308,0.41,0.394,0.126,0.402,0.29,0.636,0.354,0.328,0.266,0.422,0.504,0.272,0.91,0.78,0.288,0.15,0.222,0.444,0.396
2012-02-11 19:19:00,0.342,1.34,0.216,1.454,0.506,1.662,0.82,0.244,0.276,0.41,0.226,0.462,0.302,0.182,0.356,0.552,0.296,0.216,1.704,0.138,0.308,0.41,0.394,0.126,0.402,0.29,0.636,0.354,0.328,0.266,0.422,0.504,0.272,0.91,0.78,0.288,0.15,0.222,0.444,0.396
2012-02-11 19:20:00,0.342,1.34,0.216,1.454,0.506,1.662,0.82,0.244,0.276,0.41,0.226,0.462,0.302,0.182,0.356,0.552,0.296,0.216,1.704,0.138,0.308,0.41,0.394,0.126,0.402,0.29,0.636,0.354,0.328,0.266,0.422,0.504,0.272,0.91,0.78,0.288,0.15,0.222,0.444,0.396
2012-02-11 19:21:00,0.342,1.34,0.216,1.454,0.506,1.662,0.82,0.244,0.276,0.41,0.226,0.462,0.302,0.182,0.356,0.552,0.296,0.216,1.704,0.138,0.308,0.41,0.394,0.126,0.402,0.29,0.636,0.354,0.328,0.266,0.422,0.504,0.272,0.91,0.78,0.288,0.15,0.222,0.444,0.396
2012-02-11 19:22:00,0.342,1.34,0.216,1.454,0.506,1.662,0.82,0.244,0.276,0.41,0.226,0.462,0.302,0.182,0.356,0.552,0.296,0.216,1.704,0.138,0.308,0.41,0.394,0.126,0.402,0.29,0.636,0.354,0.328,0.266,0.422,0.504,0.272,0.91,0.78,0.288,0.15,0.222,0.444,0.396
2012-02-11 19:23:00,0.342,1.34,0.216,1.454,0.506,1.662,0.82,0.244,0.276,0.41,0.226,0.462,0.302,0.182,0.356,0.552,0.296,0.216,1.704,0.138,0.308,0.41,0.394,0.126,0.402,0.29,0.636,0.354,0.328,0.266,0.422,0.504,0.272,0.91,0.78,0.288,0.15,0.222,0.444,0.396
2012-02-11 19:24:00,0.342,1.34,0.216,1.454,0.506,1.662,0.82,0.244,0.276,0.41,0.226,0.462,0.302,0.182,0.356,0.552,0.296,0.216,1.704,0.138,0.308,0.41,0.394,0.126,0.402,0.29,0.636,0.354,0.328,0.266,0.422,0.504,0.272,0.91,0.78,0.288,0.15,0.222,0.444,0.396
2012-02-11 19:25:00,0.342,1.34,0.216,1.454,0.506,1.662,0.82,0.244,0.276,0.41,0.226,0.462,0.302,0.182,0.356,0.552,0.296,0.216,1.704,0.138,0.308,0.41,0.394,0.126,0.402,0.29,0.636,0.354,0.328,0.266,0.422,0.504,0.272,0.91,0.78,0.288,0.15,0.222,0.444,0.396
2012-02-11 19:26:00,0.342,1.34,0.216,1.454,0.506,1.662,0.82,0.244,0.276,0.41,0.226,0.462,0.302,0.182,0.356,0.552,0.296,0.216,1.704,0.138,0.308,0.41,0.394,0.126,0.402,0.29,0.636,0.354,0.328,0.266,0.422,0.504,0.272,0.91,0.78,0.288,0.15,0.222,0.444,0.396
2012-02-11 19:27:00,0.342,1.34,0.216,1.454,0.506,1.662,0.82,0.244,0.276,0.41,0.226,0.462,0.302,0.182,0.356,0.552,0.296,0.216,1.704,0.138,0.308,0.41,0.394,0.126,0.402,0.29,0.636,0.354,0.328,0.266,0.422,0.504,0.272,0.91,0.78,0.288,0.15,0.222,0.444,0.396
2012-02-11 19:28:00,0.342,1.34,0.216,1.454,0.506,1.662,0.82,0.244,0.276,0.41,0.226,0.462,0.302,0.182,0.356,0.552,0.296,0.216,1.704,0.138,0.308,0.41,0.394,0.126,0.402,0.29,0.636,0.354,0.328,0.266,0.422,0.504,0.272,0.91,0.78,0.288,0.15,0.222,0.444,0.396
2012-02-11 19:29:00,0.342,1.34,0.216,1.454,0.506,1.662,0.82,0.244,0.276,0.41,0.226,0.462,0.302,0.182,0.356,0.552,0.296,0.216,1.704,0.138,0.308,0.41,0.394,0.126,0.402,0.29,0.636,0.354,0.328,0.266,0.422,0.504,0.272,0.91,0.78,0.288,0.15,0.222,0.444,0.396
2012-02-11 19:30:00,0.33,1.158,0.276,0.966,0.538,0.832,0.666,0.278,0.278,0.408,0.196,0.262,0.29,0.084,0.362,0.438,0.332,0.22,1.456,0.118,0.356,0.926,0.562,0.15,0.324,0.274,0.568,0.43,0.472,0.33,0.386,0.44,0.31,0.786,0.82,0.148,0.234,0.214,0.4,0.346
2012-02-11 19:31:00,0.33,1.158,0.276,0.966,0.538,0.832,0.666,0.278,0.278,0.408,0.196,0.262,0.29,0.084,0.362,0.438,0.332,0.22,1.456,0.118,0.356,0.926,0.562,0.15,0.324,0.274,0.568,0.43,0.472,0.33,0.386,0.44,0.31,0.786,0.82,0.148,0.234,0.214,0.4,0.346
2012-02-11 19:32:00,0.33,1.158,0.276,0.966,0.538,0.832,0.666,0.278,0.278,0.408,0.196,0.262,0.29,0.084,0.362,0.438,0.332,0.22,1.456,0.118,0.356,0.926,0.562,0.15,0.324,0.274,0.568,0.43,0.472,0.33,0.386,0.44,0.31,0.786,0.82,0.148,0.234,0.214,0.4,0.346
2012-02-11 19:33:00,0.33,1.158,0.276,0.966,0.538,0.832,0.666,0.278,0.278,0.408,0.196,0.262,0.29,0.084,0.362,0.438,0.332,0.22,1.456,0.118,0.356,0.926,0.562,0.15,0.324,0.274,0.568,0.43,0.472,0.33,0.386,0.44,0.31,0.786,0.82,0.148,0.234,0.214,0.4,0.346
2012-02-11 19:34:00,0.33,1.158,0.276,0.966,0.538,0.832,0.666,0.278,0.278,0.408,0.196,0.262,0.29,0.084,0.362,0.438,0.332,0.22,1.456,0.118,0.356,0.926,0.562,0.15,0.324,0.274,0.568,0.43,0.472,0.33,0.386,0.44,0.31,0.786,0.82,0.148,0.234,0.214,0.4,0.346
2012-02-11 19:35:00,0.33,1.158,0.276,0.966,0.538,0.832,0.666,0.278,0.278,0.408,0.196,0.262,0.29,0.084,0.362,0.438,0.332,0.22,1.456,0.118,0.356,0.926,0.562,0.15,0.324,0.274,0.568,0.43,0.472,0.33,0.386,0.44,0.31,0.786,0.82,0.148,0.234,0.214,0.4,0.346
2012-02-11 19:36:00,0.33,1.158,0.276,0.966,0.538,0.832,0.666,0.278,0.278,0.408,0.196,0.262,0.29,0.084,0.362,0.438,0.332,0.22,1.456,0.118,0.356,0.926,0.562,0.15,0.324,0.274,0.568,0.43,0.472,0.33,0.386,0.44,0.31,0.786,0.82,0.148,0.234,0.214,0.4,0.346
2012-02-11 19:37:00,0.33,1.158,0.276,0.966,0.538,0.832,0.666,0.278,0.278,0.408,0.196,0.262,0.29,0.084,0.362,0.438,0.332,0.22,1.456,0.118,0.356,0.926,0.562,0.15,0.324,0.274,0.568,0.43,0.472,0.33,0.386,0.44,0.31,0.786,0.82,0.148,0.234,0.214,0.4,0.346
2012-02-11 19:38:00,0.33,1.158,0.276,0.966,0.538,0.832,0.666,0.278,0.278,0.408,0.196,0.262,0.29,0.084,0.362,0.438,0.332,0.22,1.456,0.118,0.356,0.926,0.562,0.15,0.324,0.274,0.568,0.43,0.472,0.33,0.386,0.44,0.31,0.786,0.82,0.148,0.234,0.214,0.4,0.346
2012-02-11 19:39:00,0.33,1.158,0.276,0.966,0.538,0.832,0.666,0.278,0.278,0.408,0.196,0.262,0.29,0.084,0.362,0.438,0.332,0.22,1.456,0.118,0.356,0.926,0.562,0.15,0.324,0.274,0.568,0.43,0.472,0.33,0.386,0.44,0.31,0.786,0.82,0.148,0.234,0.214,0.4,0.346
2012-02-11 19:40:00,0.33,1.158,0.276,0.966,0.538,0.832,0.666,0.278,0.278,0.408,0.196,0.262,0.29,0.084,0.362,0.438,0.332,0.22,1.456,0.118,0.356,0.926,0.562,0.15,0.324,0.274,0.568,0.43,0.472,0.33,0.386,0.44,0.31,0.786,0.82,0.148,0.234,0.214,0.4,0.346
2012-02-11 19:41:00,0.33,1.158,0.276,0.966,0.538,0.832,0.666,0.278,0.278,0.408,0.196,0.262,0.29,0.084,0.362,0.438,0.332,0.22,1.456,0.118,0.356,0.926,0.562,0.15,0.324,0.274,0.568,0.43,0.472,0.33,0.386,0.44,0.31,0.786,0.82,0.148,0.234,0.214,0.4,0.346
2012-02-11 19:42:00,0.33,1.158,0.276,0.966,0.538,0.832,0.666,0.278,0.278,0.408,0.196,0.262,0.29,0.084,0.362,0.438,0.332,0.22,1.456,0.118,0.356,0.926,0.562,0.15,0.324,0.274,0.568,0.43,0.472,0.33,0.386,0.44,0.31,0.786,0.82,0.148,0.234,0.214,0.4,0.346
2012-02-11 19:43:00,0.33,1.158,0.276,0.966,0.538,0.832,0.666,0.278,0.278,0.408,0.196,0.262,0.29,0.084,0.362,0.438,0.332,0.22,1.456,0.118,0.356,0.926,0.562,0.15,0.324,0.274,0.568,0.43,0.472,0.33,0.386,0.44,0.31,0.786,0.82,0.148,0.234,0.214,0.4,0.346
2012-02-11 19:44:00,0.33,1.158,0.276,0.966,0.538,0.832,0.666,0.278,0.278,0.408,0.196,0.262,0.29,0.084,0.362,0.438,0.332,0.22,1.456,0.118,0.356,0.926,0.562,0.15,0.324,0.274,0.568,0.43,0.472,0.33,0.386,0.44,0.31,0.786,0.82,0.148,0.234,0.214,0.4,0.346
2012-02-11 19:45:00,0.33,1.158,0.276,0.966,0.538,0.832,0.666,0.278,0.278,0.408,0.196,0.262,0.29,0.084,0.362,0.438,0.332,0.22,1.456,0.118,0.356,0.926,0.562,0.15,0.324,0.274,0.568,0.43,0.472,0.33,0.386,0.44,0.31,0.786,0.82,0.148,0.234,0.214,0.4,0.346
2012-02-11 19:46:00,0.33,1.158,0.276,0.966,0.538,0.832,0.666,0.278,0.278,0.408,0.196,0.262,0.29,0.084,0.362,0.438,0.332,0.22,1.456,0.118,0.356,0.926,0.562,0.15,0.324,0.274,0.568,0.43,0.472,0.33,0.386,0.44,0.31,0.786,0.82,0.148,0.234,0.214,0.4,0.346
2012-02-11 19:47:00,0.33,1.158,0.276,0.966,0.538,0.832,0.666,0.278,0.278,0.408,0.196,0.262,0.29,0.084,0.362,0.438,0.332,0.22,1.456,0.118,0.356,0.926,0.562,0.15,0.324,0.274,0.568,0.43,0.472,0.33,0.386,0.44,0.31,0.786,0.82,0.148,0.234,0.214,0.4,0.346
2012-02-11 19:48:00,0.33,1.158,0.276,0.966,0.538,0.832,0.666,0.278,0.278,0.408,0.196,0.262,0.29,0.084,0.362,0.438,0.332,0.22,1.456,0.118,0.356,0.926,0.562,0.15,0.324,0.274,0.568,0.43,0.472,0.33,0.386,0.44,0.31,0.786,0.82,0.148,0.234,0.214,0.4,0.346
2012-02-11 19:49:00,0.33,1.158,0.276,0.966,0.538,0.832,0.666,0.278,0.278,0.408,0.196,0.262,0.29,0.084,0.362,0.438,0.332,0.22,1.456,0.118,0.356,0.926,0.562,0.15,0.324,0.274,0.568,0.43,0.472,0.33,0.386,0.44,0.31,0.786,0.82,0.148,0.234,0.214,0.4,0.346
2012-02-11 19:50:00,0.33,1.158,0.276,0.966,0.538,0.832,0.666,0.278,0.278,0.408,0.196,0.262,0.29,0.084,0.362,0.438,0.332,0.22,1.456,0.118,0.356,0.926,0.562,0.15,0.324,0.274,0.568,0.43,0.472,0.33,0.386,0.44,0.31,0.786,0.82,0.148,0.234,0.214,0.4,0.346
2012-02-11 19:51:00,0.33,1.158,0.276,0.966,0.538,0.832,0.666,0.278,0.278,0.408,0.196,0.262,0.29,0.084,0.362,0.438,0.332,0.22,1.456,0.118,0.356,0.926,0.562,0.15,0.324,0.274,0.568,0.43,0.472,0.33,0.386,0.44,0.31,0.786,0.82,0.148,0.234,0.214,0.4,0.346
2012-02-11 19:52:00,0.33,1.158,0.276,0.966,0.538,0.832,0.666,0.278,0.278,0.408,0.196,0.262,0.29,0.084,0.362,0.438,0.332,0.22,1.456,0.118,0.356,0.926,0.562,0.15,0.324,0.274,0.568,0.43,0.472,0.33,0.386,0.44,0.31,0.786,0.82,0.148,0.234,0.214,0.4,0.346
2012-02-11 19:53:00,0.33,1.158,0.276,0.966,0.538,0.832,0.666,0.278,0.278,0.408,0.196,0.262,0.29,0.084,0.362,0.438,0.332,0.22,1.456,0.118,0.356,0.926,0.562,0.15,0.324,0.274,0.568,0.43,0.472,0.33,0.386,0.44,0.31,0.786,0.82,0.148,0.234,0.214,0.4,0.346
2012-02-11 19:54:00,0.33,1.158,0.276,0.966,0.538,0.832,0.666,0.278,0.278,0.408,0.196,0.262,0.29,0.084,0.362,0.438,0.332,0.22,1.456,0.118,0.356,0.926,0.562,0.15,0.324,0.274,0.568,0.43,0.472,0.33,0.386,0.44,0.31,0.786,0.82,0.148,0.234,0.214,0.4,0.346
2012-02-11 19:55:00,0.33,1.158,0.276,0.966,0.538,0.832,0.666,0.278,0.278,0.408,0.196,0.262,0.29,0.084,0.362,0.438,0.332,0.22,1.456,0.118,0.356,0.926,0.562,0.15,0.324,0.274,0.568,0.43,0.472,0.33,0.386,0.44,0.31,0.786,0.82,0.148,0.234,0.214,0.4,0.346
2012-02-11 19:56:00,0.33,1.158,0.276,0.966,0.538,0.832,0.666,0.278,0.278,0.408,0.196,0.262,0.29,0.084,0.362,0.438,0.332,0.22,1.456,0.118,0.356,0.926,0.562,0.15,0.324,0.274,0.568,0.43,0.472,0.33,0.386,0.44,0.31,0.786,0.82,0.148,0.234,0.214,0.4,0.346
2012-02-11 19:57:00,0.33,1.158,0.276,0.966,0.538,0.832,0.666,0.278,0.278,0.408,0.196,0.262,0.29,0.084,0.362,0.438,0.332,0.22,1.456,0.118,0.356,0.926,0.562,0.15,0.324,0.274,0.568,0.43,0.472,0.33,0.386,0.44,0.31,0.786,0.82,0.148,0.234,0.214,0.4,0.346
2012-02-11 19:58:00,0.33,1.158,0.276,0.966,0.538,0.832,0.666,0.278,0.278,0.408,0.196,0.262,0.29,0.084,0.362,0.438,0.332,0.22,1.456,0.118,0.356,0.926,0.562,0.15,0.324,0.274,0.568,0.43,0.472,0.33,0.386,0.44,0.31,0.786,0.82,0.148,0.234,0.214,0.4,0.346
2012-02-11 19:59:00,0.33,1.158,0.276,0.966,0.538,0.832,0.666,0.278,0.278,0.408,0.196,0.262,0.29,0.084,0.362,0.438,0.332,0.22,1.456,0.118,0.356,0.926,0.562,0.15,0.324,0.274,0.568,0.43,0.472,0.33,0.386,0.44,0.31,0.786,0.82,0.148,0.234,0.214,0.4,0.346
2012-02-11 20:00:00,0.35,0.848,0.196,0.936,0.67,0.484,0.492,0.22,0.274,0.476,0.202,0.22,1.092,0.182,0.284,0.398,0.318,0.136,1.254,0.118,0.262,1.304,0.394,0.404,0.34,0.286,0.548,0.306,0.384,0.45,0.398,0.598,0.31,0.438,0.694,0.242,0.41,0.34,0.354,0.364
2012-02-11 20:01:00,0.35,0.848,0.196,0.936,0.67,0.484,0.492,0.22,0.274,0.476,0.202,0.22,1.092,0.182,0.284,0.398,0.318,0.136,1.254,0.118,0.262,1.304,0.394,0.404,0.34,0.286,0.548,0.306,0.384,0.45,0.398,0.598,0.31,0.438,0.694,0.242,0.41,0.34,0.354,0.364
2012-02-11 20:02:00,0.35,0.848,0.196,0.936,0.67,0.484,0.492,0.22,0.274,0.476,0.202,0.22,1.092,0.182,0.284,0.398,0.318,0.136,1.254,0.118,0.262,1.304,0.394,0.404,0.34,0.286,0.548,0.306,0.384,0.45,0.398,0.598,0.31,0.438,0.694,0.242,0.41,0.34,0.354,0.364
2012-02-11 20:03:00,0.35,0.848,0.196,0.936,0.67,0.484,0.492,0.22,0.274,0.476,0.202,0.22,1.092,0.182,0.284,0.398,0.318,0.136,1.254,0.118,0.262,1.304,0.394,0.404,0.34,0.286,0.548,0.306,0.384,0.45,0.398,0.598,0.31,0.438,0.694,0.242,0.41,0.34,0.354,0.364
2012-02-11 20:04:00,0.35,0.848,0.196,0.936,0.67,0.484,0.492,0.22,0.274,0.476,0.202,0.22,1.092,0.182,0.284,0.398,0.318,0.136,1.254,0.118,0.262,1.304,0.394,0.404,0.34,0.286,0.548,0.306,0.384,0.45,0.398,0.598,0.31,0.438,0.694,0.242,0.41,0.34,0.354,0.364
2012-02-11 20:05:00,0.35,0.848,0.196,0.936,0.67,0.484,0.492,0.22,0.274,0.476,0.202,0.22,1.092,0.182,0.284,0.398,0.318,0.136,1.254,0.118,0.262,1.304,0.394,0.404,0.34,0.286,0.548,0.306,0.384,0.45,0.398,0.598,0.31,0.438,0.694,0.242,0.41,0.34,0.354,0.364
2012-02-11 20:06:00,0.35,0.848,0.196,0.936,0.67,0.484,0.492,0.22,0.274,0.476,0.202,0.22,1.092,0.182,0.284,0.398,0.318,0.136,1.254,0.118,0.262,1.304,0.394,0.404,0.34,0.286,0.548,0.306,0.384,0.45,0.398,0.598,0.31,0.438,0.694,0.242,0.41,0.34,0.354,0.364
2012-02-11 20:07:00,0.35,0.848,0.196,0.936,0.67,0.484,0.492,0.22,0.274,0.476,0.202,0.22,1.092,0.182,0.284,0.398,0.318,0.136,1.254,0.118,0.262,1.304,0.394,0.404,0.34,0.286,0.548,0.306,0.384,0.45,0.398,0.598,0.31,0.438,0.694,0.242,0.41,0.34,0.354,0.364
2012-02-11 20:08:00,0.35,0.848,0.196,0.936,0.67,0.484,0.492,0.22,0.274,0.476,0.202,0.22,1.092,0.182,0.284,0.398,0.318,0.136,1.254,0.118,0.262,1.304,0.394,0.404,0.34,0.286,0.548,0.306,0.384,0.45,0.398,0.598,0.31,0.438,0.694,0.242,0.41,0.34,0.354,0.364
2012-02-11 20:09:00,0.35,0.848,0.196,0.936,0.67,0.484,0.492,0.22,0.274,0.476,0.202,0.22,1.092,0.182,0.284,0.398,0.318,0.136,1.254,0.118,0.262,1.304,0.394,0.404,0.34,0.286,0.548,0.306,0.384,0.45,0.398,0.598,0.31,0.438,0.694,0.242,0.41,0.34,0.354,0.364
2012-02-11 20:10:00,0.35,0.848,0.196,0.936,0.67,0.484,0.492,0.22,0.274,0.476,0.202,0.22,1.092,0.182,0.284,0.398,0.318,0.136,1.254,0.118,0.262,1.304,0.394,0.404,0.34,0.286,0.548,0.306,0.384,0.45,0.398,0.598,0.31,0.438,0.694,0.242,0.41,0.34,0.354,0.364
2012-02-11 20:11:00,0.35,0.848,0.196,0.936,0.67,0.484,0.492,0.22,0.274,0.476,0.202,0.22,1.092,0.182,0.284,0.398,0.318,0.136,1.254,0.118,0.262,1.304,0.394,0.404,0.34,0.286,0.548,0.306,0.384,0.45,0.398,0.598,0.31,0.438,0.694,0.242,0.41,0.34,0.354,0.364
2012-02-11 20:12:00,0.35,0.848,0.196,0.936,0.67,0.484,0.492,0.22,0.274,0.476,0.202,0.22,1.092,0.182,0.284,0.398,0.318,0.136,1.254,0.118,0.262,1.304,0.394,0.404,0.34,0.286,0.548,0.306,0.384,0.45,0.398,0.598,0.31,0.438,0.694,0.242,0.41,0.34,0.354,0.364
2012-02-11 20:13:00,0.35,0.848,0.196,0.936,0.67,0.484,0.492,0.22,0.274,0.476,0.202,0.22,1.092,0.182,0.284,0.398,0.318,0.136,1.254,0.118,0.262,1.304,0.394,0.404,0.34,0.286,0.548,0.306,0.384,0.45,0.398,0.598,0.31,0.438,0.694,0.242,0.41,0.34,0.354,0.364
2012-02-11 20:14:00,0.35,0.848,0.196,0.936,0.67,0.484,0.492,0.22,0.274,0.476,0.202,0.22,1.092,0.182,0.284,0.398,0.318,0.136,1.254,0.118,0.262,1.304,0.394,0.404,0.34,0.286,0.548,0.306,0.384,0.45,0.398,0.598,0.31,0.438,0.694,0.242,0.41,0.34,0.354,0.364
2012-02-11 20:15:00,0.35,0.848,0.196,0.936,0.67,0.484,0.492,0.22,0.274,0.476,0.202,0.22,1.092,0.182,0.284,0.398,0.318,0.136,1.254,0.118,0.262,1.304,0.394,0.404,0.34,0.286,0.548,0.306,0.384,0.45,0.398,0.598,0.31,0.438,0.694,0.242,0.41,0.34,0.354,0.364
2012-02-11 20:16:00,0.35,0.848,0.196,0.936,0.67,0.484,0.492,0.22,0.274,0.476,0.202,0.22,1.092,0.182,0.284,0.398,0.318,0.136,1.254,0.118,0.262,1.304,0.394,0.404,0.34,0.286,0.548,0.306,0.384,0.45,0.398,0.598,0.31,0.438,0.694,0.242,0.41,0.34,0.354,0.364
2012-02-11 20:17:00,0.35,0.848,0.196,0.936,0.67,0.484,0.492,0.22,0.274,0.476,0.202,0.22,1.092,0.182,0.284,0.398,0.318,0.136,1.254,0.118,0.262,1.304,0.394,0.404,0.34,0.286,0.548,0.306,0.384,0.45,0.398,0.598,0.31,0.438,0.694,0.242,0.41,0.34,0.354,0.364
2012-02-11 20:18:00,0.35,0.848,0.196,0.936,0.67,0.484,0.492,0.22,0.274,0.476,0.202,0.22,1.092,0.182,0.284,0.398,0.318,0.136,1.254,0.118,0.262,1.304,0.394,0.404,0.34,0.286,0.548,0.306,0.384,0.45,0.398,0.598,0.31,0.438,0.694,0.242,0.41,0.34,0.354,0.364
2012-02-11 20:19:00,0.35,0.848,0.196,0.936,0.67,0.484,0.492,0.22,0.274,0.476,0.202,0.22,1.092,0.182,0.284,0.398,0.318,0.136,1.254,0.118,0.262,1.304,0.394,0.404,0.34,0.286,0.548,0.306,0.384,0.45,0.398,0.598,0.31,0.438,0.694,0.242,0.41,0.34,0.354,0.364
2012-02-11 20:20:00,0.35,0.848,0.196,0.936,0.67,0.484,0.492,0.22,0.274,0.476,0.202,0.22,1.092,0.182,0.284,0.398,0.318,0.136,1.254,0.118,0.262,1.304,0.394,0.404,0.34,0.286,0.548,0.306,0.384,0.45,0.398,0.598,0.31,0.438,0.694,0.242,0.41,0.34,0.354,0.364
2012-02-11 20:21:00,0.35,0.848,0.196,0.936,0.67,0.484,0.492,0.22,0.274,0.476,0.202,0.22,1.092,0.182,0.284,0.398,0.318,0.136,1.254,0.118,0.262,1.304,0.394,0.404,0.34,0.286,0.548,0.306,0.384,0.45,0.398,0.598,0.31,0.438,0.694,0.242,0.41,0.34,0.354,0.364
2012-02-11 20:22:00,0.35,0.848,0.196,0.936,0.67,0.484,0.492,0.22,0.274,0.476,0.202,0.22,1.092,0.182,0.284,0.398,0.318,0.136,1.254,0.118,0.262,1.304,0.394,0.404,0.34,0.286,0.548,0.306,0.384,0.45,0.398,0.598,0.31,0.438,0.694,0.242,0.41,0.34,0.354,0.364
2012-02-11 20:23:00,0.35,0.848,0.196,0.936,0.67,0.484,0.492,0.22,0.274,0.476,0.202,0.22,1.092,0.182,0.284,0.398,0.318,0.136,1.254,0.118,0.262,1.304,0.394,0.404,0.34,0.286,0.548,0.306,0.384,0.45,0.398,0.598,0.31,0.438,0.694,0.242,0.41,0.34,0.354,0.364
2012-02-11 20:24:00,0.35,0.848,0.196,0.936,0.67,0.484,0.492,0.22,0.274,0.476,0.202,0.22,1.092,0.182,0.284,0.398,0.318,0.136,1.254,0.118,0.262,1.304,0.394,0.404,0.34,0.286,0.548,0.306,0.384,0.45,0.398,0.598,0.31,0.438,0.694,0.242,0.41,0.34,0.354,0.364
2012-02-11 20:25:00,0.35,0.848,0.196,0.936,0.67,0.484,0.492,0.22,0.274,0.476,0.202,0.22,1.092,0.182,0.284,0.398,0.318,0.136,1.254,0.118,0.262,1.304,0.394,0.404,0.34,0.286,0.548,0.306,0.384,0.45,0.398,0.598,0.31,0.438,0.694,0.242,0.41,0.34,0.354,0.364
2012-02-11 20:26:00,0.35,0.848,0.196,0.936,0.67,0.484,0.492,0.22,0.274,0.476,0.202,0.22,1.092,0.182,0.284,0.398,0.318,0.136,1.254,0.118,0.262,1.304,0.394,0.404,0.34,0.286,0.548,0.306,0.384,0.45,0.398,0.598,0.31,0.438,0.694,0.242,0.41,0.34,0.354,0.364
2012-02-11 20:27:00,0.35,0.848,0.196,0.936,0.67,0.484,0.492,0.22,0.274,0.476,0.202,0.22,1.092,0.182,0.284,0.398,0.318,0.136,1.254,0.118,0.262,1.304,0.394,0.404,0.34,0.286,0.548,0.306,0.384,0.45,0.398,0.598,0.31,0.438,0.694,0.242,0.41,0.34,0.354,0.364
2012-02-11 20:28:00,0.35,0.848,0.196,0.936,0.67,0.484,0.492,0.22,0.274,0.476,0.202,0.22,1.092,0.182,0.284,0.398,0.318,0.136,1.254,0.118,0.262,1.304,0.394,0.404,0.34,0.286,0.548,0.306,0.384,0.45,0.398,0.598,0.31,0.438,0.694,0.242,0.41,0.34,0.354,0.364
2012-02-11 20:29:00,0.35,0.848,0.196,0.936,0.67,0.484,0.492,0.22,0.274,0.476,0.202,0.22,1.092,0.182,0.284,0.398,0.318,0.136,1.254,0.118,0.262,1.304,0.394,0.404,0.34,0.286,0.548,0.306,0.384,0.45,0.398,0.598,0.31,0.438,0.694,0.242,0.41,0.34,0.354,0.364
2012-02-11 20:30:00,0.394,0.644,0.2,0.954,0.514,0.602,1.62,0.198,0.274,0.432,0.574,0.296,1.274,0.086,0.314,0.472,0.686,0.124,1.334,0.26,0.254,0.504,0.28,0.224,0.404,0.268,0.56,0.312,0.378,0.332,0.384,0.68,0.352,0.674,0.648,0.416,0.374,0.116,0.36,0.338
2012-02-11 20:31:00,0.394,0.644,0.2,0.954,0.514,0.602,1.62,0.198,0.274,0.432,0.574,0.296,1.274,0.086,0.314,0.472,0.686,0.124,1.334,0.26,0.254,0.504,0.28,0.224,0.404,0.268,0.56,0.312,0.378,0.332,0.384,0.68,0.352,0.674,0.648,0.416,0.374,0.116,0.36,0.338
2012-02-11 20:32:00,0.394,0.644,0.2,0.954,0.514,0.602,1.62,0.198,0.274,0.432,0.574,0.296,1.274,0.086,0.314,0.472,0.686,0.124,1.334,0.26,0.254,0.504,0.28,0.224,0.404,0.268,0.56,0.312,0.378,0.332,0.384,0.68,0.352,0.674,0.648,0.416,0.374,0.116,0.36,0.338
2012-02-11 20:33:00,0.394,0.644,0.2,0.954,0.514,0.602,1.62,0.198,0.274,0.432,0.574,0.296,1.274,0.086,0.314,0.472,0.686,0.124,1.334,0.26,0.254,0.504,0.28,0.224,0.404,0.268,0.56,0.312,0.378,0.332,0.384,0.68,0.352,0.674,0.648,0.416,0.374,0.116,0.36,0.338
2012-02-11 20:34:00,0.394,0.644,0.2,0.954,0.514,0.602,1.62,0.198,0.274,0.432,0.574,0.296,1.274,0.086,0.314,0.472,0.686,0.124,1.334,0.26,0.254,0.504,0.28,0.224,0.404,0.268,0.56,0.312,0.378,0.332,0.384,0.68,0.352,0.674,0.648,0.416,0.374,0.116,0.36,0.338
2012-02-11 20:35:00,0.394,0.644,0.2,0.954,0.514,0.602,1.62,0.198,0.274,0.432,0.574,0.296,1.274,0.086,0.314,0.472,0.686,0.124,1.334,0.26,0.254,0.504,0.28,0.224,0.404,0.268,0.56,0.312,0.378,0.332,0.384,0.68,0.352,0.674,0.648,0.416,0.374,0.116,0.36,0.338
2012-02-11 20:36:00,0.394,0.644,0.2,0.954,0.514,0.602,1.62,0.198,0.274,0.432,0.574,0.296,1.274,0.086,0.314,0.472,0.686,0.124,1.334,0.26,0.254,0.504,0.28,0.224,0.404,0.268,0.56,0.312,0.378,0.332,0.384,0.68,0.352,0.674,0.648,0.416,0.374,0.116,0.36,0.338
2012-02-11 20:37:00,0.394,0.644,0.2,0.954,0.514,0.602,1.62,0.198,0.274,0.432,0.574,0.296,1.274,0.086,0.314,0.472,0.686,0.124,1.334,0.26,0.254,0.504,0.28,0.224,0.404,0.268,0.56,0.312,0.378,0.332,0.384,0.68,0.352,0.674,0.648,0.416,0.374,0.116,0.36,0.338
2012-02-11 20:38:00,0.394,0.644,0.2,0.954,0.514,0.602,1.62,0.198,0.274,0.432,0.574,0.296,1.274,0.086,0.314,0.472,0.686,0.124,1.334,0.26,0.254,0.504,0.28,0.224,0.404,0.268,0.56,0.312,0.378,0.332,0.384,0.68,0.352,0.674,0.648,0.416,0.374,0.116,0.36,0.338
2012-02-11 20:39:00,0.394,0.644,0.2,0.954,0.514,0.602,1.62,0.198,0.274,0.432,0.574,0.296,1.274,0.086,0.314,0.472,0.686,0.124,1.334,0.26,0.254,0.504,0.28,0.224,0.404,0.268,0.56,0.312,0.378,0.332,0.384,0.68,0.352,0.674,0.648,0.416,0.374,0.116,0.36,0.338
2012-02-11 20:40:00,0.394,0.644,0.2,0.954,0.514,0.602,1.62,0.198,0.274,0.432,0.574,0.296,1.274,0.086,0.314,0.472,0.686,0.124,1.334,0.26,0.254,0.504,0.28,0.224,0.404,0.268,0.56,0.312,0.378,0.332,0.384,0.68,0.352,0.674,0.648,0.416,0.374,0.116,0.36,0.338
2012-02-11 20:41:00,0.394,0.644,0.2,0.954,0.514,0.602,1.62,0.198,0.274,0.432,0.574,0.296,1.274,0.086,0.314,0.472,0.686,0.124,1.334,0.26,0.254,0.504,0.28,0.224,0.404,0.268,0.56,0.312,0.378,0.332,0.384,0.68,0.352,0.674,0.648,0.416,0.374,0.116,0.36,0.338
2012-02-11 20:42:00,0.394,0.644,0.2,0.954,0.514,0.602,1.62,0.198,0.274,0.432,0.574,0.296,1.274,0.086,0.314,0.472,0.686,0.124,1.334,0.26,0.254,0.504,0.28,0.224,0.404,0.268,0.56,0.312,0.378,0.332,0.384,0.68,0.352,0.674,0.648,0.416,0.374,0.116,0.36,0.338
2012-02-11 20:43:00,0.394,0.644,0.2,0.954,0.514,0.602,1.62,0.198,0.274,0.432,0.574,0.296,1.274,0.086,0.314,0.472,0.686,0.124,1.334,0.26,0.254,0.504,0.28,0.224,0.404,0.268,0.56,0.312,0.378,0.332,0.384,0.68,0.352,0.674,0.648,0.416,0.374,0.116,0.36,0.338
2012-02-11 20:44:00,0.394,0.644,0.2,0.954,0.514,0.602,1.62,0.198,0.274,0.432,0.574,0.296,1.274,0.086,0.314,0.472,0.686,0.124,1.334,0.26,0.254,0.504,0.28,0.224,0.404,0.268,0.56,0.312,0.378,0.332,0.384,0.68,0.352,0.674,0.648,0.416,0.374,0.116,0.36,0.338
2012-02-11 20:45:00,0.394,0.644,0.2,0.954,0.514,0.602,1.62,0.198,0.274,0.432,0.574,0.296,1.274,0.086,0.314,0.472,0.686,0.124,1.334,0.26,0.254,0.504,0.28,0.224,0.404,0.268,0.56,0.312,0.378,0.332,0.384,0.68,0.352,0.674,0.648,0.416,0.374,0.116,0.36,0.338
2012-02-11 20:46:00,0.394,0.644,0.2,0.954,0.514,0.602,1.62,0.198,0.274,0.432,0.574,0.296,1.274,0.086,0.314,0.472,0.686,0.124,1.334,0.26,0.254,0.504,0.28,0.224,0.404,0.268,0.56,0.312,0.378,0.332,0.384,0.68,0.352,0.674,0.648,0.416,0.374,0.116,0.36,0.338
2012-02-11 20:47:00,0.394,0.644,0.2,0.954,0.514,0.602,1.62,0.198,0.274,0.432,0.574,0.296,1.274,0.086,0.314,0.472,0.686,0.124,1.334,0.26,0.254,0.504,0.28,0.224,0.404,0.268,0.56,0.312,0.378,0.332,0.384,0.68,0.352,0.674,0.648,0.416,0.374,0.116,0.36,0.338
2012-02-11 20:48:00,0.394,0.644,0.2,0.954,0.514,0.602,1.62,0.198,0.274,0.432,0.574,0.296,1.274,0.086,0.314,0.472,0.686,0.124,1.334,0.26,0.254,0.504,0.28,0.224,0.404,0.268,0.56,0.312,0.378,0.332,0.384,0.68,0.352,0.674,0.648,0.416,0.374,0.116,0.36,0.338
2012-02-11 20:49:00,0.394,0.644,0.2,0.954,0.514,0.602,1.62,0.198,0.274,0.432,0.574,0.296,1.274,0.086,0.314,0.472,0.686,0.124,1.334,0.26,0.254,0.504,0.28,0.224,0.404,0.268,0.56,0.312,0.378,0.332,0.384,0.68,0.352,0.674,0.648,0.416,0.374,0.116,0.36,0.338
2012-02-11 20:50:00,0.394,0.644,0.2,0.954,0.514,0.602,1.62,0.198,0.274,0.432,0.574,0.296,1.274,0.086,0.314,0.472,0.686,0.124,1.334,0.26,0.254,0.504,0.28,0.224,0.404,0.268,0.56,0.312,0.378,0.332,0.384,0.68,0.352,0.674,0.648,0.416,0.374,0.116,0.36,0.338
2012-02-11 20:51:00,0.394,0.644,0.2,0.954,0.514,0.602,1.62,0.198,0.274,0.432,0.574,0.296,1.274,0.086,0.314,0.472,0.686,0.124,1.334,0.26,0.254,0.504,0.28,0.224,0.404,0.268,0.56,0.312,0.378,0.332,0.384,0.68,0.352,0.674,0.648,0.416,0.374,0.116,0.36,0.338
2012-02-11 20:52:00,0.394,0.644,0.2,0.954,0.514,0.602,1.62,0.198,0.274,0.432,0.574,0.296,1.274,0.086,0.314,0.472,0.686,0.124,1.334,0.26,0.254,0.504,0.28,0.224,0.404,0.268,0.56,0.312,0.378,0.332,0.384,0.68,0.352,0.674,0.648,0.416,0.374,0.116,0.36,0.338
2012-02-11 20:53:00,0.394,0.644,0.2,0.954,0.514,0.602,1.62,0.198,0.274,0.432,0.574,0.296,1.274,0.086,0.314,0.472,0.686,0.124,1.334,0.26,0.254,0.504,0.28,0.224,0.404,0.268,0.56,0.312,0.378,0.332,0.384,0.68,0.352,0.674,0.648,0.416,0.374,0.116,0.36,0.338
2012-02-11 20:54:00,0.394,0.644,0.2,0.954,0.514,0.602,1.62,0.198,0.274,0.432,0.574,0.296,1.274,0.086,0.314,0.472,0.686,0.124,1.334,0.26,0.254,0.504,0.28,0.224,0.404,0.268,0.56,0.312,0.378,0.332,0.384,0.68,0.352,0.674,0.648,0.416,0.374,0.116,0.36,0.338
2012-02-11 20:55:00,0.394,0.644,0.2,0.954,0.514,0.602,1.62,0.198,0.274,0.432,0.574,0.296,1.274,0.086,0.314,0.472,0.686,0.124,1.334,0.26,0.254,0.504,0.28,0.224,0.404,0.268,0.56,0.312,0.378,0.332,0.384,0.68,0.352,0.674,0.648,0.416,0.374,0.116,0.36,0.338
2012-02-11 20:56:00,0.394,0.644,0.2,0.954,0.514,0.602,1.62,0.198,0.274,0.432,0.574,0.296,1.274,0.086,0.314,0.472,0.686,0.124,1.334,0.26,0.254,0.504,0.28,0.224,0.404,0.268,0.56,0.312,0.378,0.332,0.384,0.68,0.352,0.674,0.648,0.416,0.374,0.116,0.36,0.338
2012-02-11 20:57:00,0.394,0.644,0.2,0.954,0.514,0.602,1.62,0.198,0.274,0.432,0.574,0.296,1.274,0.086,0.314,0.472,0.686,0.124,1.334,0.26,0.254,0.504,0.28,0.224,0.404,0.268,0.56,0.312,0.378,0.332,0.384,0.68,0.352,0.674,0.648,0.416,0.374,0.116,0.36,0.338
2012-02-11 20:58:00,0.394,0.644,0.2,0.954,0.514,0.602,1.62,0.198,0.274,0.432,0.574,0.296,1.274,0.086,0.314,0.472,0.686,0.124,1.334,0.26,0.254,0.504,0.28,0.224,0.404,0.268,0.56,0.312,0.378,0.332,0.384,0.68,0.352,0.674,0.648,0.416,0.374,0.116,0.36,0.338
2012-02-11 20:59:00,0.394,0.644,0.2,0.954,0.514,0.602,1.62,0.198,0.274,0.432,0.574,0.296,1.274,0.086,0.314,0.472,0.686,0.124,1.334,0.26,0.254,0.504,0.28,0.224,0.404,0.268,0.56,0.312,0.378,0.332,0.384,0.68,0.352,0.674,0.648,0.416,0.374,0.116,0.36,0.338
2012-02-11 21:00:00,0.466,0.444,0.252,1.052,0.458,0.582,0.576,0.296,0.278,0.402,0.346,0.12,0.264,0.18,0.382,0.41,0.546,0.4,1.204,0.362,0.234,0.604,0.292,0.296,0.364,0.26,0.49,0.708,0.406,0.47,0.384,0.502,0.308,0.628,0.66,0.164,0.378,0.13,0.464,0.414
2012-02-11 21:01:00,0.466,0.444,0.252,1.052,0.458,0.582,0.576,0.296,0.278,0.402,0.346,0.12,0.264,0.18,0.382,0.41,0.546,0.4,1.204,0.362,0.234,0.604,0.292,0.296,0.364,0.26,0.49,0.708,0.406,0.47,0.384,0.502,0.308,0.628,0.66,0.164,0.378,0.13,0.464,0.414
2012-02-11 21:02:00,0.466,0.444,0.252,1.052,0.458,0.582,0.576,0.296,0.278,0.402,0.346,0.12,0.264,0.18,0.382,0.41,0.546,0.4,1.204,0.362,0.234,0.604,0.292,0.296,0.364,0.26,0.49,0.708,0.406,0.47,0.384,0.502,0.308,0.628,0.66,0.164,0.378,0.13,0.464,0.414
2012-02-11 21:03:00,0.466,0.444,0.252,1.052,0.458,0.582,0.576,0.296,0.278,0.402,0.346,0.12,0.264,0.18,0.382,0.41,0.546,0.4,1.204,0.362,0.234,0.604,0.292,0.296,0.364,0.26,0.49,0.708,0.406,0.47,0.384,0.502,0.308,0.628,0.66,0.164,0.378,0.13,0.464,0.414
2012-02-11 21:04:00,0.466,0.444,0.252,1.052,0.458,0.582,0.576,0.296,0.278,0.402,0.346,0.12,0.264,0.18,0.382,0.41,0.546,0.4,1.204,0.362,0.234,0.604,0.292,0.296,0.364,0.26,0.49,0.708,0.406,0.47,0.384,0.502,0.308,0.628,0.66,0.164,0.378,0.13,0.464,0.414
2012-02-11 21:05:00,0.466,0.444,0.252,1.052,0.458,0.582,0.576,0.296,0.278,0.402,0.346,0.12,0.264,0.18,0.382,0.41,0.546,0.4,1.204,0.362,0.234,0.604,0.292,0.296,0.364,0.26,0.49,0.708,0.406,0.47,0.384,0.502,0.308,0.628,0.66,0.164,0.378,0.13,0.464,0.414
2012-02-11 21:06:00,0.466,0.444,0.252,1.052,0.458,0.582,0.576,0.296,0.278,0.402,0.346,0.12,0.264,0.18,0.382,0.41,0.546,0.4,1.204,0.362,0.234,0.604,0.292,0.296,0.364,0.26,0.49,0.708,0.406,0.47,0.384,0.502,0.308,0.628,0.66,0.164,0.378,0.13,0.464,0.414
2012-02-11 21:07:00,0.466,0.444,0.252,1.052,0.458,0.582,0.576,0.296,0.278,0.402,0.346,0.12,0.264,0.18,0.382,0.41,0.546,0.4,1.204,0.362,0.234,0.604,0.292,0.296,0.364,0.26,0.49,0.708,0.406,0.47,0.384,0.502,0.308,0.628,0.66,0.164,0.378,0.13,0.464,0.414
2012-02-11 21:08:00,0.466,0.444,0.252,1.052,0.458,0.582,0.576,0.296,0.278,0.402,0.346,0.12,0.264,0.18,0.382,0.41,0.546,0.4,1.204,0.362,0.234,0.604,0.292,0.296,0.364,0.26,0.49,0.708,0.406,0.47,0.384,0.502,0.308,0.628,0.66,0.164,0.378,0.13,0.464,0.414
2012-02-11 21:09:00,0.466,0.444,0.252,1.052,0.458,0.582,0.576,0.296,0.278,0.402,0.346,0.12,0.264,0.18,0.382,0.41,0.546,0.4,1.204,0.362,0.234,0.604,0.292,0.296,0.364,0.26,0.49,0.708,0.406,0.47,0.384,0.502,0.308,0.628,0.66,0.164,0.378,0.13,0.464,0.414
2012-02-11 21:10:00,0.466,0.444,0.252,1.052,0.458,0.582,0.576,0.296,0.278,0.402,0.346,0.12,0.264,0.18,0.382,0.41,0.546,0.4,1.204,0.362,0.234,0.604,0.292,0.296,0.364,0.26,0.49,0.708,0.406,0.47,0.384,0.502,0.308,0.628,0.66,0.164,0.378,0.13,0.464,0.414
2012-02-11 21:11:00,0.466,0.444,0.252,1.052,0.458,0.582,0.576,0.296,0.278,0.402,0.346,0.12,0.264,0.18,0.382,0.41,0.546,0.4,1.204,0.362,0.234,0.604,0.292,0.296,0.364,0.26,0.49,0.708,0.406,0.47,0.384,0.502,0.308,0.628,0.66,0.164,0.378,0.13,0.464,0.414
2012-02-11 21:12:00,0.466,0.444,0.252,1.052,0.458,0.582,0.576,0.296,0.278,0.402,0.346,0.12,0.264,0.18,0.382,0.41,0.546,0.4,1.204,0.362,0.234,0.604,0.292,0.296,0.364,0.26,0.49,0.708,0.406,0.47,0.384,0.502,0.308,0.628,0.66,0.164,0.378,0.13,0.464,0.414
2012-02-11 21:13:00,0.466,0.444,0.252,1.052,0.458,0.582,0.576,0.296,0.278,0.402,0.346,0.12,0.264,0.18,0.382,0.41,0.546,0.4,1.204,0.362,0.234,0.604,0.292,0.296,0.364,0.26,0.49,0.708,0.406,0.47,0.384,0.502,0.308,0.628,0.66,0.164,0.378,0.13,0.464,0.414
2012-02-11 21:14:00,0.466,0.444,0.252,1.052,0.458,0.582,0.576,0.296,0.278,0.402,0.346,0.12,0.264,0.18,0.382,0.41,0.546,0.4,1.204,0.362,0.234,0.604,0.292,0.296,0.364,0.26,0.49,0.708,0.406,0.47,0.384,0.502,0.308,0.628,0.66,0.164,0.378,0.13,0.464,0.414
2012-02-11 21:15:00,0.466,0.444,0.252,1.052,0.458,0.582,0.576,0.296,0.278,0.402,0.346,0.12,0.264,0.18,0.382,0.41,0.546,0.4,1.204,0.362,0.234,0.604,0.292,0.296,0.364,0.26,0.49,0.708,0.406,0.47,0.384,0.502,0.308,0.628,0.66,0.164,0.378,0.13,0.464,0.414
2012-02-11 21:16:00,0.466,0.444,0.252,1.052,0.458,0.582,0.576,0.296,0.278,0.402,0.346,0.12,0.264,0.18,0.382,0.41,0.546,0.4,1.204,0.362,0.234,0.604,0.292,0.296,0.364,0.26,0.49,0.708,0.406,0.47,0.384,0.502,0.308,0.628,0.66,0.164,0.378,0.13,0.464,0.414
2012-02-11 21:17:00,0.466,0.444,0.252,1.052,0.458,0.582,0.576,0.296,0.278,0.402,0.346,0.12,0.264,0.18,0.382,0.41,0.546,0.4,1.204,0.362,0.234,0.604,0.292,0.296,0.364,0.26,0.49,0.708,0.406,0.47,0.384,0.502,0.308,0.628,0.66,0.164,0.378,0.13,0.464,0.414
2012-02-11 21:18:00,0.466,0.444,0.252,1.052,0.458,0.582,0.576,0.296,0.278,0.402,0.346,0.12,0.264,0.18,0.382,0.41,0.546,0.4,1.204,0.362,0.234,0.604,0.292,0.296,0.364,0.26,0.49,0.708,0.406,0.47,0.384,0.502,0.308,0.628,0.66,0.164,0.378,0.13,0.464,0.414
2012-02-11 21:19:00,0.466,0.444,0.252,1.052,0.458,0.582,0.576,0.296,0.278,0.402,0.346,0.12,0.264,0.18,0.382,0.41,0.546,0.4,1.204,0.362,0.234,0.604,0.292,0.296,0.364,0.26,0.49,0.708,0.406,0.47,0.384,0.502,0.308,0.628,0.66,0.164,0.378,0.13,0.464,0.414
2012-02-11 21:20:00,0.466,0.444,0.252,1.052,0.458,0.582,0.576,0.296,0.278,0.402,0.346,0.12,0.264,0.18,0.382,0.41,0.546,0.4,1.204,0.362,0.234,0.604,0.292,0.296,0.364,0.26,0.49,0.708,0.406,0.47,0.384,0.502,0.308,0.628,0.66,0.164,0.378,0.13,0.464,0.414
2012-02-11 21:21:00,0.466,0.444,0.252,1.052,0.458,0.582,0.576,0.296,0.278,0.402,0.346,0.12,0.264,0.18,0.382,0.41,0.546,0.4,1.204,0.362,0.234,0.604,0.292,0.296,0.364,0.26,0.49,0.708,0.406,0.47,0.384,0.502,0.308,0.628,0.66,0.164,0.378,0.13,0.464,0.414
2012-02-11 21:22:00,0.466,0.444,0.252,1.052,0.458,0.582,0.576,0.296,0.278,0.402,0.346,0.12,0.264,0.18,0.382,0.41,0.546,0.4,1.204,0.362,0.234,0.604,0.292,0.296,0.364,0.26,0.49,0.708,0.406,0.47,0.384,0.502,0.308,0.628,0.66,0.164,0.378,0.13,0.464,0.414
2012-02-11 21:23:00,0.466,0.444,0.252,1.052,0.458,0.582,0.576,0.296,0.278,0.402,0.346,0.12,0.264,0.18,0.382,0.41,0.546,0.4,1.204,0.362,0.234,0.604,0.292,0.296,0.364,0.26,0.49,0.708,0.406,0.47,0.384,0.502,0.308,0.628,0.66,0.164,0.378,0.13,0.464,0.414
2012-02-11 21:24:00,0.466,0.444,0.252,1.052,0.458,0.582,0.576,0.296,0.278,0.402,0.346,0.12,0.264,0.18,0.382,0.41,0.546,0.4,1.204,0.362,0.234,0.604,0.292,0.296,0.364,0.26,0.49,0.708,0.406,0.47,0.384,0.502,0.308,0.628,0.66,0.164,0.378,0.13,0.464,0.414
2012-02-11 21:25:00,0.466,0.444,0.252,1.052,0.458,0.582,0.576,0.296,0.278,0.402,0.346,0.12,0.264,0.18,0.382,0.41,0.546,0.4,1.204,0.362,0.234,0.604,0.292,0.296,0.364,0.26,0.49,0.708,0.406,0.47,0.384,0.502,0.308,0.628,0.66,0.164,0.378,0.13,0.464,0.414
2012-02-11 21:26:00,0.466,0.444,0.252,1.052,0.458,0.582,0.576,0.296,0.278,0.402,0.346,0.12,0.264,0.18,0.382,0.41,0.546,0.4,1.204,0.362,0.234,0.604,0.292,0.296,0.364,0.26,0.49,0.708,0.406,0.47,0.384,0.502,0.308,0.628,0.66,0.164,0.378,0.13,0.464,0.414
2012-02-11 21:27:00,0.466,0.444,0.252,1.052,0.458,0.582,0.576,0.296,0.278,0.402,0.346,0.12,0.264,0.18,0.382,0.41,0.546,0.4,1.204,0.362,0.234,0.604,0.292,0.296,0.364,0.26,0.49,0.708,0.406,0.47,0.384,0.502,0.308,0.628,0.66,0.164,0.378,0.13,0.464,0.414
2012-02-11 21:28:00,0.466,0.444,0.252,1.052,0.458,0.582,0.576,0.296,0.278,0.402,0.346,0.12,0.264,0.18,0.382,0.41,0.546,0.4,1.204,0.362,0.234,0.604,0.292,0.296,0.364,0.26,0.49,0.708,0.406,0.47,0.384,0.502,0.308,0.628,0.66,0.164,0.378,0.13,0.464,0.414
2012-02-11 21:29:00,0.466,0.444,0.252,1.052,0.458,0.582,0.576,0.296,0.278,0.402,0.346,0.12,0.264,0.18,0.382,0.41,0.546,0.4,1.204,0.362,0.234,0.604,0.292,0.296,0.364,0.26,0.49,0.708,0.406,0.47,0.384,0.502,0.308,0.628,0.66,0.164,0.378,0.13,0.464,0.414
2012-02-11 21:30:00,0.312,0.538,0.202,0.74,0.606,0.626,0.57,0.334,0.278,0.426,0.254,0.388,0.218,0.096,0.308,1.0,0.684,3.236,2.154,0.25,0.256,0.484,0.286,0.334,0.328,0.288,0.514,0.43,0.344,0.512,0.4,0.548,0.288,0.446,0.596,0.134,0.384,0.108,0.412,0.39
2012-02-11 21:31:00,0.312,0.538,0.202,0.74,0.606,0.626,0.57,0.334,0.278,0.426,0.254,0.388,0.218,0.096,0.308,1.0,0.684,3.236,2.154,0.25,0.256,0.484,0.286,0.334,0.328,0.288,0.514,0.43,0.344,0.512,0.4,0.548,0.288,0.446,0.596,0.134,0.384,0.108,0.412,0.39
2012-02-11 21:32:00,0.312,0.538,0.202,0.74,0.606,0.626,0.57,0.334,0.278,0.426,0.254,0.388,0.218,0.096,0.308,1.0,0.684,3.236,2.154,0.25,0.256,0.484,0.286,0.334,0.328,0.288,0.514,0.43,0.344,0.512,0.4,0.548,0.288,0.446,0.596,0.134,0.384,0.108,0.412,0.39
2012-02-11 21:33:00,0.312,0.538,0.202,0.74,0.606,0.626,0.57,0.334,0.278,0.426,0.254,0.388,0.218,0.096,0.308,1.0,0.684,3.236,2.154,0.25,0.256,0.484,0.286,0.334,0.328,0.288,0.514,0.43,0.344,0.512,0.4,0.548,0.288,0.446,0.596,0.134,0.384,0.108,0.412,0.39
2012-02-11 21:34:00,0.312,0.538,0.202,0.74,0.606,0.626,0.57,0.334,0.278,0.426,0.254,0.388,0.218,0.096,0.308,1.0,0.684,3.236,2.154,0.25,0.256,0.484,0.286,0.334,0.328,0.288,0.514,0.43,0.344,0.512,0.4,0.548,0.288,0.446,0.596,0.134,0.384,0.108,0.412,0.39
2012-02-11 21:35:00,0.312,0.538,0.202,0.74,0.606,0.626,0.57,0.334,0.278,0.426,0.254,0.388,0.218,0.096,0.308,1.0,0.684,3.236,2.154,0.25,0.256,0.484,0.286,0.334,0.328,0.288,0.514,0.43,0.344,0.512,0.4,0.548,0.288,0.446,0.596,0.134,0.384,0.108,0.412,0.39
2012-02-11 21:36:00,0.312,0.538,0.202,0.74,0.606,0.626,0.57,0.334,0.278,0.426,0.254,0.388,0.218,0.096,0.308,1.0,0.684,3.236,2.154,0.25,0.256,0.484,0.286,0.334,0.328,0.288,0.514,0.43,0.344,0.512,0.4,0.548,0.288,0.446,0.596,0.134,0.384,0.108,0.412,0.39
2012-02-11 21:37:00,0.312,0.538,0.202,0.74,0.606,0.626,0.57,0.334,0.278,0.426,0.254,0.388,0.218,0.096,0.308,1.0,0.684,3.236,2.154,0.25,0.256,0.484,0.286,0.334,0.328,0.288,0.514,0.43,0.344,0.512,0.4,0.548,0.288,0.446,0.596,0.134,0.384,0.108,0.412,0.39
2012-02-11 21:38:00,0.312,0.538,0.202,0.74,0.606,0.626,0.57,0.334,0.278,0.426,0.254,0.388,0.218,0.096,0.308,1.0,0.684,3.236,2.154,0.25,0.256,0.484,0.286,0.334,0.328,0.288,0.514,0.43,0.344,0.512,0.4,0.548,0.288,0.446,0.596,0.134,0.384,0.108,0.412,0.39
2012-02-11 21:39:00,0.312,0.538,0.202,0.74,0.606,0.626,0.57,0.334,0.278,0.426,0.254,0.388,0.218,0.096,0.308,1.0,0.684,3.236,2.154,0.25,0.256,0.484,0.286,0.334,0.328,0.288,0.514,0.43,0.344,0.512,0.4,0.548,0.288,0.446,0.596,0.134,0.384,0.108,0.412,0.39
2012-02-11 21:40:00,0.312,0.538,0.202,0.74,0.606,0.626,0.57,0.334,0.278,0.426,0.254,0.388,0.218,0.096,0.308,1.0,0.684,3.236,2.154,0.25,0.256,0.484,0.286,0.334,0.328,0.288,0.514,0.43,0.344,0.512,0.4,0.548,0.288,0.446,0.596,0.134,0.384,0.108,0.412,0.39
2012-02-11 21:41:00,0.312,0.538,0.202,0.74,0.606,0.626,0.57,0.334,0.278,0.426,0.254,0.388,0.218,0.096,0.308,1.0,0.684,3.236,2.154,0.25,0.256,0.484,0.286,0.334,0.328,0.288,0.514,0.43,0.344,0.512,0.4,0.548,0.288,0.446,0.596,0.134,0.384,0.108,0.412,0.39
2012-02-11 21:42:00,0.312,0.538,0.202,0.74,0.606,0.626,0.57,0.334,0.278,0.426,0.254,0.388,0.218,0.096,0.308,1.0,0.684,3.236,2.154,0.25,0.256,0.484,0.286,0.334,0.328,0.288,0.514,0.43,0.344,0.512,0.4,0.548,0.288,0.446,0.596,0.134,0.384,0.108,0.412,0.39
2012-02-11 21:43:00,0.312,0.538,0.202,0.74,0.606,0.626,0.57,0.334,0.278,0.426,0.254,0.388,0.218,0.096,0.308,1.0,0.684,3.236,2.154,0.25,0.256,0.484,0.286,0.334,0.328,0.288,0.514,0.43,0.344,0.512,0.4,0.548,0.288,0.446,0.596,0.134,0.384,0.108,0.412,0.39
2012-02-11 21:44:00,0.312,0.538,0.202,0.74,0.606,0.626,0.57,0.334,0.278,0.426,0.254,0.388,0.218,0.096,0.308,1.0,0.684,3.236,2.154,0.25,0.256,0.484,0.286,0.334,0.328,0.288,0.514,0.43,0.344,0.512,0.4,0.548,0.288,0.446,0.596,0.134,0.384,0.108,0.412,0.39
2012-02-11 21:45:00,0.312,0.538,0.202,0.74,0.606,0.626,0.57,0.334,0.278,0.426,0.254,0.388,0.218,0.096,0.308,1.0,0.684,3.236,2.154,0.25,0.256,0.484,0.286,0.334,0.328,0.288,0.514,0.43,0.344,0.512,0.4,0.548,0.288,0.446,0.596,0.134,0.384,0.108,0.412,0.39
2012-02-11 21:46:00,0.312,0.538,0.202,0.74,0.606,0.626,0.57,0.334,0.278,0.426,0.254,0.388,0.218,0.096,0.308,1.0,0.684,3.236,2.154,0.25,0.256,0.484,0.286,0.334,0.328,0.288,0.514,0.43,0.344,0.512,0.4,0.548,0.288,0.446,0.596,0.134,0.384,0.108,0.412,0.39
2012-02-11 21:47:00,0.312,0.538,0.202,0.74,0.606,0.626,0.57,0.334,0.278,0.426,0.254,0.388,0.218,0.096,0.308,1.0,0.684,3.236,2.154,0.25,0.256,0.484,0.286,0.334,0.328,0.288,0.514,0.43,0.344,0.512,0.4,0.548,0.288,0.446,0.596,0.134,0.384,0.108,0.412,0.39
2012-02-11 21:48:00,0.312,0.538,0.202,0.74,0.606,0.626,0.57,0.334,0.278,0.426,0.254,0.388,0.218,0.096,0.308,1.0,0.684,3.236,2.154,0.25,0.256,0.484,0.286,0.334,0.328,0.288,0.514,0.43,0.344,0.512,0.4,0.548,0.288,0.446,0.596,0.134,0.384,0.108,0.412,0.39
2012-02-11 21:49:00,0.312,0.538,0.202,0.74,0.606,0.626,0.57,0.334,0.278,0.426,0.254,0.388,0.218,0.096,0.308,1.0,0.684,3.236,2.154,0.25,0.256,0.484,0.286,0.334,0.328,0.288,0.514,0.43,0.344,0.512,0.4,0.548,0.288,0.446,0.596,0.134,0.384,0.108,0.412,0.39
2012-02-11 21:50:00,0.312,0.538,0.202,0.74,0.606,0.626,0.57,0.334,0.278,0.426,0.254,0.388,0.218,0.096,0.308,1.0,0.684,3.236,2.154,0.25,0.256,0.484,0.286,0.334,0.328,0.288,0.514,0.43,0.344,0.512,0.4,0.548,0.288,0.446,0.596,0.134,0.384,0.108,0.412,0.39
2012-02-11 21:51:00,0.312,0.538,0.202,0.74,0.606,0.626,0.57,0.334,0.278,0.426,0.254,0.388,0.218,0.096,0.308,1.0,0.684,3.236,2.154,0.25,0.256,0.484,0.286,0.334,0.328,0.288,0.514,0.43,0.344,0.512,0.4,0.548,0.288,0.446,0.596,0.134,0.384,0.108,0.412,0.39
2012-02-11 21:52:00,0.312,0.538,0.202,0.74,0.606,0.626,0.57,0.334,0.278,0.426,0.254,0.388,0.218,0.096,0.308,1.0,0.684,3.236,2.154,0.25,0.256,0.484,0.286,0.334,0.328,0.288,0.514,0.43,0.344,0.512,0.4,0.548,0.288,0.446,0.596,0.134,0.384,0.108,0.412,0.39
2012-02-11 21:53:00,0.312,0.538,0.202,0.74,0.606,0.626,0.57,0.334,0.278,0.426,0.254,0.388,0.218,0.096,0.308,1.0,0.684,3.236,2.154,0.25,0.256,0.484,0.286,0.334,0.328,0.288,0.514,0.43,0.344,0.512,0.4,0.548,0.288,0.446,0.596,0.134,0.384,0.108,0.412,0.39
2012-02-11 21:54:00,0.312,0.538,0.202,0.74,0.606,0.626,0.57,0.334,0.278,0.426,0.254,0.388,0.218,0.096,0.308,1.0,0.684,3.236,2.154,0.25,0.256,0.484,0.286,0.334,0.328,0.288,0.514,0.43,0.344,0.512,0.4,0.548,0.288,0.446,0.596,0.134,0.384,0.108,0.412,0.39
2012-02-11 21:55:00,0.312,0.538,0.202,0.74,0.606,0.626,0.57,0.334,0.278,0.426,0.254,0.388,0.218,0.096,0.308,1.0,0.684,3.236,2.154,0.25,0.256,0.484,0.286,0.334,0.328,0.288,0.514,0.43,0.344,0.512,0.4,0.548,0.288,0.446,0.596,0.134,0.384,0.108,0.412,0.39
2012-02-11 21:56:00,0.312,0.538,0.202,0.74,0.606,0.626,0.57,0.334,0.278,0.426,0.254,0.388,0.218,0.096,0.308,1.0,0.684,3.236,2.154,0.25,0.256,0.484,0.286,0.334,0.328,0.288,0.514,0.43,0.344,0.512,0.4,0.548,0.288,0.446,0.596,0.134,0.384,0.108,0.412,0.39
2012-02-11 21:57:00,0.312,0.538,0.202,0.74,0.606,0.626,0.57,0.334,0.278,0.426,0.254,0.388,0.218,0.096,0.308,1.0,0.684,3.236,2.154,0.25,0.256,0.484,0.286,0.334,0.328,0.288,0.514,0.43,0.344,0.512,0.4,0.548,0.288,0.446,0.596,0.134,0.384,0.108,0.412,0.39
2012-02-11 21:58:00,0.312,0.538,0.202,0.74,0.606,0.626,0.57,0.334,0.278,0.426,0.254,0.388,0.218,0.096,0.308,1.0,0.684,3.236,2.154,0.25,0.256,0.484,0.286,0.334,0.328,0.288,0.514,0.43,0.344,0.512,0.4,0.548,0.288,0.446,0.596,0.134,0.384,0.108,0.412,0.39
2012-02-11 21:59:00,0.312,0.538,0.202,0.74,0.606,0.626,0.57,0.334,0.278,0.426,0.254,0.388,0.218,0.096,0.308,1.0,0.684,3.236,2.154,0.25,0.256,0.484,0.286,0.334,0.328,0.288,0.514,0.43,0.344,0.512,0.4,0.548,0.288,0.446,0.596,0.134,0.384,0.108,0.412,0.39
2012-02-11 22:00:00,0.294,0.622,0.12,0.076,0.658,0.252,0.534,0.214,0.276,0.426,0.434,0.122,0.158,0.162,0.29,1.882,0.588,0.498,0.898,0.238,0.35,0.718,0.288,0.296,0.326,0.29,0.49,0.328,0.608,0.256,0.394,0.508,0.322,0.492,0.58,0.212,0.364,0.142,0.366,0.364
2012-02-11 22:01:00,0.294,0.622,0.12,0.076,0.658,0.252,0.534,0.214,0.276,0.426,0.434,0.122,0.158,0.162,0.29,1.882,0.588,0.498,0.898,0.238,0.35,0.718,0.288,0.296,0.326,0.29,0.49,0.328,0.608,0.256,0.394,0.508,0.322,0.492,0.58,0.212,0.364,0.142,0.366,0.364
2012-02-11 22:02:00,0.294,0.622,0.12,0.076,0.658,0.252,0.534,0.214,0.276,0.426,0.434,0.122,0.158,0.162,0.29,1.882,0.588,0.498,0.898,0.238,0.35,0.718,0.288,0.296,0.326,0.29,0.49,0.328,0.608,0.256,0.394,0.508,0.322,0.492,0.58,0.212,0.364,0.142,0.366,0.364
2012-02-11 22:03:00,0.294,0.622,0.12,0.076,0.658,0.252,0.534,0.214,0.276,0.426,0.434,0.122,0.158,0.162,0.29,1.882,0.588,0.498,0.898,0.238,0.35,0.718,0.288,0.296,0.326,0.29,0.49,0.328,0.608,0.256,0.394,0.508,0.322,0.492,0.58,0.212,0.364,0.142,0.366,0.364
2012-02-11 22:04:00,0.294,0.622,0.12,0.076,0.658,0.252,0.534,0.214,0.276,0.426,0.434,0.122,0.158,0.162,0.29,1.882,0.588,0.498,0.898,0.238,0.35,0.718,0.288,0.296,0.326,0.29,0.49,0.328,0.608,0.256,0.394,0.508,0.322,0.492,0.58,0.212,0.364,0.142,0.366,0.364
2012-02-11 22:05:00,0.294,0.622,0.12,0.076,0.658,0.252,0.534,0.214,0.276,0.426,0.434,0.122,0.158,0.162,0.29,1.882,0.588,0.498,0.898,0.238,0.35,0.718,0.288,0.296,0.326,0.29,0.49,0.328,0.608,0.256,0.394,0.508,0.322,0.492,0.58,0.212,0.364,0.142,0.366,0.364
2012-02-11 22:06:00,0.294,0.622,0.12,0.076,0.658,0.252,0.534,0.214,0.276,0.426,0.434,0.122,0.158,0.162,0.29,1.882,0.588,0.498,0.898,0.238,0.35,0.718,0.288,0.296,0.326,0.29,0.49,0.328,0.608,0.256,0.394,0.508,0.322,0.492,0.58,0.212,0.364,0.142,0.366,0.364
2012-02-11 22:07:00,0.294,0.622,0.12,0.076,0.658,0.252,0.534,0.214,0.276,0.426,0.434,0.122,0.158,0.162,0.29,1.882,0.588,0.498,0.898,0.238,0.35,0.718,0.288,0.296,0.326,0.29,0.49,0.328,0.608,0.256,0.394,0.508,0.322,0.492,0.58,0.212,0.364,0.142,0.366,0.364
2012-02-11 22:08:00,0.294,0.622,0.12,0.076,0.658,0.252,0.534,0.214,0.276,0.426,0.434,0.122,0.158,0.162,0.29,1.882,0.588,0.498,0.898,0.238,0.35,0.718,0.288,0.296,0.326,0.29,0.49,0.328,0.608,0.256,0.394,0.508,0.322,0.492,0.58,0.212,0.364,0.142,0.366,0.364
2012-02-11 22:09:00,0.294,0.622,0.12,0.076,0.658,0.252,0.534,0.214,0.276,0.426,0.434,0.122,0.158,0.162,0.29,1.882,0.588,0.498,0.898,0.238,0.35,0.718,0.288,0.296,0.326,0.29,0.49,0.328,0.608,0.256,0.394,0.508,0.322,0.492,0.58,0.212,0.364,0.142,0.366,0.364
2012-02-11 22:10:00,0.294,0.622,0.12,0.076,0.658,0.252,0.534,0.214,0.276,0.426,0.434,0.122,0.158,0.162,0.29,1.882,0.588,0.498,0.898,0.238,0.35,0.718,0.288,0.296,0.326,0.29,0.49,0.328,0.608,0.256,0.394,0.508,0.322,0.492,0.58,0.212,0.364,0.142,0.366,0.364
2012-02-11 22:11:00,0.294,0.622,0.12,0.076,0.658,0.252,0.534,0.214,0.276,0.426,0.434,0.122,0.158,0.162,0.29,1.882,0.588,0.498,0.898,0.238,0.35,0.718,0.288,0.296,0.326,0.29,0.49,0.328,0.608,0.256,0.394,0.508,0.322,0.492,0.58,0.212,0.364,0.142,0.366,0.364
2012-02-11 22:12:00,0.294,0.622,0.12,0.076,0.658,0.252,0.534,0.214,0.276,0.426,0.434,0.122,0.158,0.162,0.29,1.882,0.588,0.498,0.898,0.238,0.35,0.718,0.288,0.296,0.326,0.29,0.49,0.328,0.608,0.256,0.394,0.508,0.322,0.492,0.58,0.212,0.364,0.142,0.366,0.364
2012-02-11 22:13:00,0.294,0.622,0.12,0.076,0.658,0.252,0.534,0.214,0.276,0.426,0.434,0.122,0.158,0.162,0.29,1.882,0.588,0.498,0.898,0.238,0.35,0.718,0.288,0.296,0.326,0.29,0.49,0.328,0.608,0.256,0.394,0.508,0.322,0.492,0.58,0.212,0.364,0.142,0.366,0.364
2012-02-11 22:14:00,0.294,0.622,0.12,0.076,0.658,0.252,0.534,0.214,0.276,0.426,0.434,0.122,0.158,0.162,0.29,1.882,0.588,0.498,0.898,0.238,0.35,0.718,0.288,0.296,0.326,0.29,0.49,0.328,0.608,0.256,0.394,0.508,0.322,0.492,0.58,0.212,0.364,0.142,0.366,0.364
2012-02-11 22:15:00,0.294,0.622,0.12,0.076,0.658,0.252,0.534,0.214,0.276,0.426,0.434,0.122,0.158,0.162,0.29,1.882,0.588,0.498,0.898,0.238,0.35,0.718,0.288,0.296,0.326,0.29,0.49,0.328,0.608,0.256,0.394,0.508,0.322,0.492,0.58,0.212,0.364,0.142,0.366,0.364
2012-02-11 22:16:00,0.294,0.622,0.12,0.076,0.658,0.252,0.534,0.214,0.276,0.426,0.434,0.122,0.158,0.162,0.29,1.882,0.588,0.498,0.898,0.238,0.35,0.718,0.288,0.296,0.326,0.29,0.49,0.328,0.608,0.256,0.394,0.508,0.322,0.492,0.58,0.212,0.364,0.142,0.366,0.364
2012-02-11 22:17:00,0.294,0.622,0.12,0.076,0.658,0.252,0.534,0.214,0.276,0.426,0.434,0.122,0.158,0.162,0.29,1.882,0.588,0.498,0.898,0.238,0.35,0.718,0.288,0.296,0.326,0.29,0.49,0.328,0.608,0.256,0.394,0.508,0.322,0.492,0.58,0.212,0.364,0.142,0.366,0.364
2012-02-11 22:18:00,0.294,0.622,0.12,0.076,0.658,0.252,0.534,0.214,0.276,0.426,0.434,0.122,0.158,0.162,0.29,1.882,0.588,0.498,0.898,0.238,0.35,0.718,0.288,0.296,0.326,0.29,0.49,0.328,0.608,0.256,0.394,0.508,0.322,0.492,0.58,0.212,0.364,0.142,0.366,0.364
2012-02-11 22:19:00,0.294,0.622,0.12,0.076,0.658,0.252,0.534,0.214,0.276,0.426,0.434,0.122,0.158,0.162,0.29,1.882,0.588,0.498,0.898,0.238,0.35,0.718,0.288,0.296,0.326,0.29,0.49,0.328,0.608,0.256,0.394,0.508,0.322,0.492,0.58,0.212,0.364,0.142,0.366,0.364
2012-02-11 22:20:00,0.294,0.622,0.12,0.076,0.658,0.252,0.534,0.214,0.276,0.426,0.434,0.122,0.158,0.162,0.29,1.882,0.588,0.498,0.898,0.238,0.35,0.718,0.288,0.296,0.326,0.29,0.49,0.328,0.608,0.256,0.394,0.508,0.322,0.492,0.58,0.212,0.364,0.142,0.366,0.364
2012-02-11 22:21:00,0.294,0.622,0.12,0.076,0.658,0.252,0.534,0.214,0.276,0.426,0.434,0.122,0.158,0.162,0.29,1.882,0.588,0.498,0.898,0.238,0.35,0.718,0.288,0.296,0.326,0.29,0.49,0.328,0.608,0.256,0.394,0.508,0.322,0.492,0.58,0.212,0.364,0.142,0.366,0.364
2012-02-11 22:22:00,0.294,0.622,0.12,0.076,0.658,0.252,0.534,0.214,0.276,0.426,0.434,0.122,0.158,0.162,0.29,1.882,0.588,0.498,0.898,0.238,0.35,0.718,0.288,0.296,0.326,0.29,0.49,0.328,0.608,0.256,0.394,0.508,0.322,0.492,0.58,0.212,0.364,0.142,0.366,0.364
2012-02-11 22:23:00,0.294,0.622,0.12,0.076,0.658,0.252,0.534,0.214,0.276,0.426,0.434,0.122,0.158,0.162,0.29,1.882,0.588,0.498,0.898,0.238,0.35,0.718,0.288,0.296,0.326,0.29,0.49,0.328,0.608,0.256,0.394,0.508,0.322,0.492,0.58,0.212,0.364,0.142,0.366,0.364
2012-02-11 22:24:00,0.294,0.622,0.12,0.076,0.658,0.252,0.534,0.214,0.276,0.426,0.434,0.122,0.158,0.162,0.29,1.882,0.588,0.498,0.898,0.238,0.35,0.718,0.288,0.296,0.326,0.29,0.49,0.328,0.608,0.256,0.394,0.508,0.322,0.492,0.58,0.212,0.364,0.142,0.366,0.364
2012-02-11 22:25:00,0.294,0.622,0.12,0.076,0.658,0.252,0.534,0.214,0.276,0.426,0.434,0.122,0.158,0.162,0.29,1.882,0.588,0.498,0.898,0.238,0.35,0.718,0.288,0.296,0.326,0.29,0.49,0.328,0.608,0.256,0.394,0.508,0.322,0.492,0.58,0.212,0.364,0.142,0.366,0.364
2012-02-11 22:26:00,0.294,0.622,0.12,0.076,0.658,0.252,0.534,0.214,0.276,0.426,0.434,0.122,0.158,0.162,0.29,1.882,0.588,0.498,0.898,0.238,0.35,0.718,0.288,0.296,0.326,0.29,0.49,0.328,0.608,0.256,0.394,0.508,0.322,0.492,0.58,0.212,0.364,0.142,0.366,0.364
2012-02-11 22:27:00,0.294,0.622,0.12,0.076,0.658,0.252,0.534,0.214,0.276,0.426,0.434,0.122,0.158,0.162,0.29,1.882,0.588,0.498,0.898,0.238,0.35,0.718,0.288,0.296,0.326,0.29,0.49,0.328,0.608,0.256,0.394,0.508,0.322,0.492,0.58,0.212,0.364,0.142,0.366,0.364
2012-02-11 22:28:00,0.294,0.622,0.12,0.076,0.658,0.252,0.534,0.214,0.276,0.426,0.434,0.122,0.158,0.162,0.29,1.882,0.588,0.498,0.898,0.238,0.35,0.718,0.288,0.296,0.326,0.29,0.49,0.328,0.608,0.256,0.394,0.508,0.322,0.492,0.58,0.212,0.364,0.142,0.366,0.364
2012-02-11 22:29:00,0.294,0.622,0.12,0.076,0.658,0.252,0.534,0.214,0.276,0.426,0.434,0.122,0.158,0.162,0.29,1.882,0.588,0.498,0.898,0.238,0.35,0.718,0.288,0.296,0.326,0.29,0.49,0.328,0.608,0.256,0.394,0.508,0.322,0.492,0.58,0.212,0.364,0.142,0.366,0.364
2012-02-11 22:30:00,0.372,0.652,0.118,0.082,0.608,0.256,0.448,0.238,0.274,0.364,0.272,0.152,0.172,0.118,0.258,0.614,0.534,0.478,0.422,0.23,0.312,0.406,0.278,0.302,0.33,0.278,0.206,0.512,0.314,0.266,0.39,0.53,0.234,0.476,0.496,0.18,0.436,0.186,0.388,0.338
2012-02-11 22:31:00,0.372,0.652,0.118,0.082,0.608,0.256,0.448,0.238,0.274,0.364,0.272,0.152,0.172,0.118,0.258,0.614,0.534,0.478,0.422,0.23,0.312,0.406,0.278,0.302,0.33,0.278,0.206,0.512,0.314,0.266,0.39,0.53,0.234,0.476,0.496,0.18,0.436,0.186,0.388,0.338
2012-02-11 22:32:00,0.372,0.652,0.118,0.082,0.608,0.256,0.448,0.238,0.274,0.364,0.272,0.152,0.172,0.118,0.258,0.614,0.534,0.478,0.422,0.23,0.312,0.406,0.278,0.302,0.33,0.278,0.206,0.512,0.314,0.266,0.39,0.53,0.234,0.476,0.496,0.18,0.436,0.186,0.388,0.338
2012-02-11 22:33:00,0.372,0.652,0.118,0.082,0.608,0.256,0.448,0.238,0.274,0.364,0.272,0.152,0.172,0.118,0.258,0.614,0.534,0.478,0.422,0.23,0.312,0.406,0.278,0.302,0.33,0.278,0.206,0.512,0.314,0.266,0.39,0.53,0.234,0.476,0.496,0.18,0.436,0.186,0.388,0.338
2012-02-11 22:34:00,0.372,0.652,0.118,0.082,0.608,0.256,0.448,0.238,0.274,0.364,0.272,0.152,0.172,0.118,0.258,0.614,0.534,0.478,0.422,0.23,0.312,0.406,0.278,0.302,0.33,0.278,0.206,0.512,0.314,0.266,0.39,0.53,0.234,0.476,0.496,0.18,0.436,0.186,0.388,0.338
2012-02-11 22:35:00,0.372,0.652,0.118,0.082,0.608,0.256,0.448,0.238,0.274,0.364,0.272,0.152,0.172,0.118,0.258,0.614,0.534,0.478,0.422,0.23,0.312,0.406,0.278,0.302,0.33,0.278,0.206,0.512,0.314,0.266,0.39,0.53,0.234,0.476,0.496,0.18,0.436,0.186,0.388,0.338
2012-02-11 22:36:00,0.372,0.652,0.118,0.082,0.608,0.256,0.448,0.238,0.274,0.364,0.272,0.152,0.172,0.118,0.258,0.614,0.534,0.478,0.422,0.23,0.312,0.406,0.278,0.302,0.33,0.278,0.206,0.512,0.314,0.266,0.39,0.53,0.234,0.476,0.496,0.18,0.436,0.186,0.388,0.338
2012-02-11 22:37:00,0.372,0.652,0.118,0.082,0.608,0.256,0.448,0.238,0.274,0.364,0.272,0.152,0.172,0.118,0.258,0.614,0.534,0.478,0.422,0.23,0.312,0.406,0.278,0.302,0.33,0.278,0.206,0.512,0.314,0.266,0.39,0.53,0.234,0.476,0.496,0.18,0.436,0.186,0.388,0.338
2012-02-11 22:38:00,0.372,0.652,0.118,0.082,0.608,0.256,0.448,0.238,0.274,0.364,0.272,0.152,0.172,0.118,0.258,0.614,0.534,0.478,0.422,0.23,0.312,0.406,0.278,0.302,0.33,0.278,0.206,0.512,0.314,0.266,0.39,0.53,0.234,0.476,0.496,0.18,0.436,0.186,0.388,0.338
2012-02-11 22:39:00,0.372,0.652,0.118,0.082,0.608,0.256,0.448,0.238,0.274,0.364,0.272,0.152,0.172,0.118,0.258,0.614,0.534,0.478,0.422,0.23,0.312,0.406,0.278,0.302,0.33,0.278,0.206,0.512,0.314,0.266,0.39,0.53,0.234,0.476,0.496,0.18,0.436,0.186,0.388,0.338
2012-02-11 22:40:00,0.372,0.652,0.118,0.082,0.608,0.256,0.448,0.238,0.274,0.364,0.272,0.152,0.172,0.118,0.258,0.614,0.534,0.478,0.422,0.23,0.312,0.406,0.278,0.302,0.33,0.278,0.206,0.512,0.314,0.266,0.39,0.53,0.234,0.476,0.496,0.18,0.436,0.186,0.388,0.338
2012-02-11 22:41:00,0.372,0.652,0.118,0.082,0.608,0.256,0.448,0.238,0.274,0.364,0.272,0.152,0.172,0.118,0.258,0.614,0.534,0.478,0.422,0.23,0.312,0.406,0.278,0.302,0.33,0.278,0.206,0.512,0.314,0.266,0.39,0.53,0.234,0.476,0.496,0.18,0.436,0.186,0.388,0.338
2012-02-11 22:42:00,0.372,0.652,0.118,0.082,0.608,0.256,0.448,0.238,0.274,0.364,0.272,0.152,0.172,0.118,0.258,0.614,0.534,0.478,0.422,0.23,0.312,0.406,0.278,0.302,0.33,0.278,0.206,0.512,0.314,0.266,0.39,0.53,0.234,0.476,0.496,0.18,0.436,0.186,0.388,0.338
2012-02-11 22:43:00,0.372,0.652,0.118,0.082,0.608,0.256,0.448,0.238,0.274,0.364,0.272,0.152,0.172,0.118,0.258,0.614,0.534,0.478,0.422,0.23,0.312,0.406,0.278,0.302,0.33,0.278,0.206,0.512,0.314,0.266,0.39,0.53,0.234,0.476,0.496,0.18,0.436,0.186,0.388,0.338
2012-02-11 22:44:00,0.372,0.652,0.118,0.082,0.608,0.256,0.448,0.238,0.274,0.364,0.272,0.152,0.172,0.118,0.258,0.614,0.534,0.478,0.422,0.23,0.312,0.406,0.278,0.302,0.33,0.278,0.206,0.512,0.314,0.266,0.39,0.53,0.234,0.476,0.496,0.18,0.436,0.186,0.388,0.338
2012-02-11 22:45:00,0.372,0.652,0.118,0.082,0.608,0.256,0.448,0.238,0.274,0.364,0.272,0.152,0.172,0.118,0.258,0.614,0.534,0.478,0.422,0.23,0.312,0.406,0.278,0.302,0.33,0.278,0.206,0.512,0.314,0.266,0.39,0.53,0.234,0.476,0.496,0.18,0.436,0.186,0.388,0.338
2012-02-11 22:46:00,0.372,0.652,0.118,0.082,0.608,0.256,0.448,0.238,0.274,0.364,0.272,0.152,0.172,0.118,0.258,0.614,0.534,0.478,0.422,0.23,0.312,0.406,0.278,0.302,0.33,0.278,0.206,0.512,0.314,0.266,0.39,0.53,0.234,0.476,0.496,0.18,0.436,0.186,0.388,0.338
2012-02-11 22:47:00,0.372,0.652,0.118,0.082,0.608,0.256,0.448,0.238,0.274,0.364,0.272,0.152,0.172,0.118,0.258,0.614,0.534,0.478,0.422,0.23,0.312,0.406,0.278,0.302,0.33,0.278,0.206,0.512,0.314,0.266,0.39,0.53,0.234,0.476,0.496,0.18,0.436,0.186,0.388,0.338
2012-02-11 22:48:00,0.372,0.652,0.118,0.082,0.608,0.256,0.448,0.238,0.274,0.364,0.272,0.152,0.172,0.118,0.258,0.614,0.534,0.478,0.422,0.23,0.312,0.406,0.278,0.302,0.33,0.278,0.206,0.512,0.314,0.266,0.39,0.53,0.234,0.476,0.496,0.18,0.436,0.186,0.388,0.338
2012-02-11 22:49:00,0.372,0.652,0.118,0.082,0.608,0.256,0.448,0.238,0.274,0.364,0.272,0.152,0.172,0.118,0.258,0.614,0.534,0.478,0.422,0.23,0.312,0.406,0.278,0.302,0.33,0.278,0.206,0.512,0.314,0.266,0.39,0.53,0.234,0.476,0.496,0.18,0.436,0.186,0.388,0.338
2012-02-11 22:50:00,0.372,0.652,0.118,0.082,0.608,0.256,0.448,0.238,0.274,0.364,0.272,0.152,0.172,0.118,0.258,0.614,0.534,0.478,0.422,0.23,0.312,0.406,0.278,0.302,0.33,0.278,0.206,0.512,0.314,0.266,0.39,0.53,0.234,0.476,0.496,0.18,0.436,0.186,0.388,0.338
2012-02-11 22:51:00,0.372,0.652,0.118,0.082,0.608,0.256,0.448,0.238,0.274,0.364,0.272,0.152,0.172,0.118,0.258,0.614,0.534,0.478,0.422,0.23,0.312,0.406,0.278,0.302,0.33,0.278,0.206,0.512,0.314,0.266,0.39,0.53,0.234,0.476,0.496,0.18,0.436,0.186,0.388,0.338
2012-02-11 22:52:00,0.372,0.652,0.118,0.082,0.608,0.256,0.448,0.238,0.274,0.364,0.272,0.152,0.172,0.118,0.258,0.614,0.534,0.478,0.422,0.23,0.312,0.406,0.278,0.302,0.33,0.278,0.206,0.512,0.314,0.266,0.39,0.53,0.234,0.476,0.496,0.18,0.436,0.186,0.388,0.338
2012-02-11 22:53:00,0.372,0.652,0.118,0.082,0.608,0.256,0.448,0.238,0.274,0.364,0.272,0.152,0.172,0.118,0.258,0.614,0.534,0.478,0.422,0.23,0.312,0.406,0.278,0.302,0.33,0.278,0.206,0.512,0.314,0.266,0.39,0.53,0.234,0.476,0.496,0.18,0.436,0.186,0.388,0.338
2012-02-11 22:54:00,0.372,0.652,0.118,0.082,0.608,0.256,0.448,0.238,0.274,0.364,0.272,0.152,0.172,0.118,0.258,0.614,0.534,0.478,0.422,0.23,0.312,0.406,0.278,0.302,0.33,0.278,0.206,0.512,0.314,0.266,0.39,0.53,0.234,0.476,0.496,0.18,0.436,0.186,0.388,0.338
2012-02-11 22:55:00,0.372,0.652,0.118,0.082,0.608,0.256,0.448,0.238,0.274,0.364,0.272,0.152,0.172,0.118,0.258,0.614,0.534,0.478,0.422,0.23,0.312,0.406,0.278,0.302,0.33,0.278,0.206,0.512,0.314,0.266,0.39,0.53,0.234,0.476,0.496,0.18,0.436,0.186,0.388,0.338
2012-02-11 22:56:00,0.372,0.652,0.118,0.082,0.608,0.256,0.448,0.238,0.274,0.364,0.272,0.152,0.172,0.118,0.258,0.614,0.534,0.478,0.422,0.23,0.312,0.406,0.278,0.302,0.33,0.278,0.206,0.512,0.314,0.266,0.39,0.53,0.234,0.476,0.496,0.18,0.436,0.186,0.388,0.338
2012-02-11 22:57:00,0.372,0.652,0.118,0.082,0.608,0.256,0.448,0.238,0.274,0.364,0.272,0.152,0.172,0.118,0.258,0.614,0.534,0.478,0.422,0.23,0.312,0.406,0.278,0.302,0.33,0.278,0.206,0.512,0.314,0.266,0.39,0.53,0.234,0.476,0.496,0.18,0.436,0.186,0.388,0.338
2012-02-11 22:58:00,0.372,0.652,0.118,0.082,0.608,0.256,0.448,0.238,0.274,0.364,0.272,0.152,0.172,0.118,0.258,0.614,0.534,0.478,0.422,0.23,0.312,0.406,0.278,0.302,0.33,0.278,0.206,0.512,0.314,0.266,0.39,0.53,0.234,0.476,0.496,0.18,0.436,0.186,0.388,0.338
2012-02-11 22:59:00,0.372,0.652,0.118,0.082,0.608,0.256,0.448,0.238,0.274,0.364,0.272,0.152,0.172,0.118,0.258,0.614,0.534,0.478,0.422,0.23,0.312,0.406,0.278,0.302,0.33,0.278,0.206,0.512,0.314,0.266,0.39,0.53,0.234,0.476,0.496,0.18,0.436,0.186,0.388,0.338
2012-02-11 23:00:00,0.148,0.486,0.082,0.102,0.462,0.262,0.29,0.206,0.274,0.03,0.15,0.124,0.756,0.138,0.214,0.716,0.292,0.55,0.392,0.226,0.276,0.422,0.286,0.318,0.294,0.262,0.164,0.198,0.39,0.38,0.392,0.752,0.616,0.486,0.47,0.48,0.44,0.072,0.346,0.252
2012-02-11 23:01:00,0.148,0.486,0.082,0.102,0.462,0.262,0.29,0.206,0.274,0.03,0.15,0.124,0.756,0.138,0.214,0.716,0.292,0.55,0.392,0.226,0.276,0.422,0.286,0.318,0.294,0.262,0.164,0.198,0.39,0.38,0.392,0.752,0.616,0.486,0.47,0.48,0.44,0.072,0.346,0.252
2012-02-11 23:02:00,0.148,0.486,0.082,0.102,0.462,0.262,0.29,0.206,0.274,0.03,0.15,0.124,0.756,0.138,0.214,0.716,0.292,0.55,0.392,0.226,0.276,0.422,0.286,0.318,0.294,0.262,0.164,0.198,0.39,0.38,0.392,0.752,0.616,0.486,0.47,0.48,0.44,0.072,0.346,0.252
2012-02-11 23:03:00,0.148,0.486,0.082,0.102,0.462,0.262,0.29,0.206,0.274,0.03,0.15,0.124,0.756,0.138,0.214,0.716,0.292,0.55,0.392,0.226,0.276,0.422,0.286,0.318,0.294,0.262,0.164,0.198,0.39,0.38,0.392,0.752,0.616,0.486,0.47,0.48,0.44,0.072,0.346,0.252
2012-02-11 23:04:00,0.148,0.486,0.082,0.102,0.462,0.262,0.29,0.206,0.274,0.03,0.15,0.124,0.756,0.138,0.214,0.716,0.292,0.55,0.392,0.226,0.276,0.422,0.286,0.318,0.294,0.262,0.164,0.198,0.39,0.38,0.392,0.752,0.616,0.486,0.47,0.48,0.44,0.072,0.346,0.252
2012-02-11 23:05:00,0.148,0.486,0.082,0.102,0.462,0.262,0.29,0.206,0.274,0.03,0.15,0.124,0.756,0.138,0.214,0.716,0.292,0.55,0.392,0.226,0.276,0.422,0.286,0.318,0.294,0.262,0.164,0.198,0.39,0.38,0.392,0.752,0.616,0.486,0.47,0.48,0.44,0.072,0.346,0.252
2012-02-11 23:06:00,0.148,0.486,0.082,0.102,0.462,0.262,0.29,0.206,0.274,0.03,0.15,0.124,0.756,0.138,0.214,0.716,0.292,0.55,0.392,0.226,0.276,0.422,0.286,0.318,0.294,0.262,0.164,0.198,0.39,0.38,0.392,0.752,0.616,0.486,0.47,0.48,0.44,0.072,0.346,0.252
2012-02-11 23:07:00,0.148,0.486,0.082,0.102,0.462,0.262,0.29,0.206,0.274,0.03,0.15,0.124,0.756,0.138,0.214,0.716,0.292,0.55,0.392,0.226,0.276,0.422,0.286,0.318,0.294,0.262,0.164,0.198,0.39,0.38,0.392,0.752,0.616,0.486,0.47,0.48,0.44,0.072,0.346,0.252
2012-02-11 23:08:00,0.148,0.486,0.082,0.102,0.462,0.262,0.29,0.206,0.274,0.03,0.15,0.124,0.756,0.138,0.214,0.716,0.292,0.55,0.392,0.226,0.276,0.422,0.286,0.318,0.294,0.262,0.164,0.198,0.39,0.38,0.392,0.752,0.616,0.486,0.47,0.48,0.44,0.072,0.346,0.252
2012-02-11 23:09:00,0.148,0.486,0.082,0.102,0.462,0.262,0.29,0.206,0.274,0.03,0.15,0.124,0.756,0.138,0.214,0.716,0.292,0.55,0.392,0.226,0.276,0.422,0.286,0.318,0.294,0.262,0.164,0.198,0.39,0.38,0.392,0.752,0.616,0.486,0.47,0.48,0.44,0.072,0.346,0.252
2012-02-11 23:10:00,0.148,0.486,0.082,0.102,0.462,0.262,0.29,0.206,0.274,0.03,0.15,0.124,0.756,0.138,0.214,0.716,0.292,0.55,0.392,0.226,0.276,0.422,0.286,0.318,0.294,0.262,0.164,0.198,0.39,0.38,0.392,0.752,0.616,0.486,0.47,0.48,0.44,0.072,0.346,0.252
2012-02-11 23:11:00,0.148,0.486,0.082,0.102,0.462,0.262,0.29,0.206,0.274,0.03,0.15,0.124,0.756,0.138,0.214,0.716,0.292,0.55,0.392,0.226,0.276,0.422,0.286,0.318,0.294,0.262,0.164,0.198,0.39,0.38,0.392,0.752,0.616,0.486,0.47,0.48,0.44,0.072,0.346,0.252
2012-02-11 23:12:00,0.148,0.486,0.082,0.102,0.462,0.262,0.29,0.206,0.274,0.03,0.15,0.124,0.756,0.138,0.214,0.716,0.292,0.55,0.392,0.226,0.276,0.422,0.286,0.318,0.294,0.262,0.164,0.198,0.39,0.38,0.392,0.752,0.616,0.486,0.47,0.48,0.44,0.072,0.346,0.252
2012-02-11 23:13:00,0.148,0.486,0.082,0.102,0.462,0.262,0.29,0.206,0.274,0.03,0.15,0.124,0.756,0.138,0.214,0.716,0.292,0.55,0.392,0.226,0.276,0.422,0.286,0.318,0.294,0.262,0.164,0.198,0.39,0.38,0.392,0.752,0.616,0.486,0.47,0.48,0.44,0.072,0.346,0.252
2012-02-11 23:14:00,0.148,0.486,0.082,0.102,0.462,0.262,0.29,0.206,0.274,0.03,0.15,0.124,0.756,0.138,0.214,0.716,0.292,0.55,0.392,0.226,0.276,0.422,0.286,0.318,0.294,0.262,0.164,0.198,0.39,0.38,0.392,0.752,0.616,0.486,0.47,0.48,0.44,0.072,0.346,0.252
2012-02-11 23:15:00,0.148,0.486,0.082,0.102,0.462,0.262,0.29,0.206,0.274,0.03,0.15,0.124,0.756,0.138,0.214,0.716,0.292,0.55,0.392,0.226,0.276,0.422,0.286,0.318,0.294,0.262,0.164,0.198,0.39,0.38,0.392,0.752,0.616,0.486,0.47,0.48,0.44,0.072,0.346,0.252
2012-02-11 23:16:00,0.148,0.486,0.082,0.102,0.462,0.262,0.29,0.206,0.274,0.03,0.15,0.124,0.756,0.138,0.214,0.716,0.292,0.55,0.392,0.226,0.276,0.422,0.286,0.318,0.294,0.262,0.164,0.198,0.39,0.38,0.392,0.752,0.616,0.486,0.47,0.48,0.44,0.072,0.346,0.252
2012-02-11 23:17:00,0.148,0.486,0.082,0.102,0.462,0.262,0.29,0.206,0.274,0.03,0.15,0.124,0.756,0.138,0.214,0.716,0.292,0.55,0.392,0.226,0.276,0.422,0.286,0.318,0.294,0.262,0.164,0.198,0.39,0.38,0.392,0.752,0.616,0.486,0.47,0.48,0.44,0.072,0.346,0.252
2012-02-11 23:18:00,0.148,0.486,0.082,0.102,0.462,0.262,0.29,0.206,0.274,0.03,0.15,0.124,0.756,0.138,0.214,0.716,0.292,0.55,0.392,0.226,0.276,0.422,0.286,0.318,0.294,0.262,0.164,0.198,0.39,0.38,0.392,0.752,0.616,0.486,0.47,0.48,0.44,0.072,0.346,0.252
2012-02-11 23:19:00,0.148,0.486,0.082,0.102,0.462,0.262,0.29,0.206,0.274,0.03,0.15,0.124,0.756,0.138,0.214,0.716,0.292,0.55,0.392,0.226,0.276,0.422,0.286,0.318,0.294,0.262,0.164,0.198,0.39,0.38,0.392,0.752,0.616,0.486,0.47,0.48,0.44,0.072,0.346,0.252
2012-02-11 23:20:00,0.148,0.486,0.082,0.102,0.462,0.262,0.29,0.206,0.274,0.03,0.15,0.124,0.756,0.138,0.214,0.716,0.292,0.55,0.392,0.226,0.276,0.422,0.286,0.318,0.294,0.262,0.164,0.198,0.39,0.38,0.392,0.752,0.616,0.486,0.47,0.48,0.44,0.072,0.346,0.252
2012-02-11 23:21:00,0.148,0.486,0.082,0.102,0.462,0.262,0.29,0.206,0.274,0.03,0.15,0.124,0.756,0.138,0.214,0.716,0.292,0.55,0.392,0.226,0.276,0.422,0.286,0.318,0.294,0.262,0.164,0.198,0.39,0.38,0.392,0.752,0.616,0.486,0.47,0.48,0.44,0.072,0.346,0.252
2012-02-11 23:22:00,0.148,0.486,0.082,0.102,0.462,0.262,0.29,0.206,0.274,0.03,0.15,0.124,0.756,0.138,0.214,0.716,0.292,0.55,0.392,0.226,0.276,0.422,0.286,0.318,0.294,0.262,0.164,0.198,0.39,0.38,0.392,0.752,0.616,0.486,0.47,0.48,0.44,0.072,0.346,0.252
2012-02-11 23:23:00,0.148,0.486,0.082,0.102,0.462,0.262,0.29,0.206,0.274,0.03,0.15,0.124,0.756,0.138,0.214,0.716,0.292,0.55,0.392,0.226,0.276,0.422,0.286,0.318,0.294,0.262,0.164,0.198,0.39,0.38,0.392,0.752,0.616,0.486,0.47,0.48,0.44,0.072,0.346,0.252
2012-02-11 23:24:00,0.148,0.486,0.082,0.102,0.462,0.262,0.29,0.206,0.274,0.03,0.15,0.124,0.756,0.138,0.214,0.716,0.292,0.55,0.392,0.226,0.276,0.422,0.286,0.318,0.294,0.262,0.164,0.198,0.39,0.38,0.392,0.752,0.616,0.486,0.47,0.48,0.44,0.072,0.346,0.252
2012-02-11 23:25:00,0.148,0.486,0.082,0.102,0.462,0.262,0.29,0.206,0.274,0.03,0.15,0.124,0.756,0.138,0.214,0.716,0.292,0.55,0.392,0.226,0.276,0.422,0.286,0.318,0.294,0.262,0.164,0.198,0.39,0.38,0.392,0.752,0.616,0.486,0.47,0.48,0.44,0.072,0.346,0.252
2012-02-11 23:26:00,0.148,0.486,0.082,0.102,0.462,0.262,0.29,0.206,0.274,0.03,0.15,0.124,0.756,0.138,0.214,0.716,0.292,0.55,0.392,0.226,0.276,0.422,0.286,0.318,0.294,0.262,0.164,0.198,0.39,0.38,0.392,0.752,0.616,0.486,0.47,0.48,0.44,0.072,0.346,0.252
2012-02-11 23:27:00,0.148,0.486,0.082,0.102,0.462,0.262,0.29,0.206,0.274,0.03,0.15,0.124,0.756,0.138,0.214,0.716,0.292,0.55,0.392,0.226,0.276,0.422,0.286,0.318,0.294,0.262,0.164,0.198,0.39,0.38,0.392,0.752,0.616,0.486,0.47,0.48,0.44,0.072,0.346,0.252
2012-02-11 23:28:00,0.148,0.486,0.082,0.102,0.462,0.262,0.29,0.206,0.274,0.03,0.15,0.124,0.756,0.138,0.214,0.716,0.292,0.55,0.392,0.226,0.276,0.422,0.286,0.318,0.294,0.262,0.164,0.198,0.39,0.38,0.392,0.752,0.616,0.486,0.47,0.48,0.44,0.072,0.346,0.252
2012-02-11 23:29:00,0.148,0.486,0.082,0.102,0.462,0.262,0.29,0.206,0.274,0.03,0.15,0.124,0.756,0.138,0.214,0.716,0.292,0.55,0.392,0.226,0.276,0.422,0.286,0.318,0.294,0.262,0.164,0.198,0.39,0.38,0.392,0.752,0.616,0.486,0.47,0.48,0.44,0.072,0.346,0.252
2012-02-11 23:30:00,0.148,0.224,0.03,0.1,0.556,0.182,0.172,0.234,0.278,0.108,0.566,0.138,0.318,0.132,0.11,0.372,0.188,0.576,0.336,0.284,0.224,0.472,0.202,0.348,0.286,0.24,0.148,0.158,0.32,0.104,0.432,0.162,0.25,0.262,0.502,0.206,0.342,0.124,0.276,0.176
2012-02-11 23:31:00,0.148,0.224,0.03,0.1,0.556,0.182,0.172,0.234,0.278,0.108,0.566,0.138,0.318,0.132,0.11,0.372,0.188,0.576,0.336,0.284,0.224,0.472,0.202,0.348,0.286,0.24,0.148,0.158,0.32,0.104,0.432,0.162,0.25,0.262,0.502,0.206,0.342,0.124,0.276,0.176
2012-02-11 23:32:00,0.148,0.224,0.03,0.1,0.556,0.182,0.172,0.234,0.278,0.108,0.566,0.138,0.318,0.132,0.11,0.372,0.188,0.576,0.336,0.284,0.224,0.472,0.202,0.348,0.286,0.24,0.148,0.158,0.32,0.104,0.432,0.162,0.25,0.262,0.502,0.206,0.342,0.124,0.276,0.176
2012-02-11 23:33:00,0.148,0.224,0.03,0.1,0.556,0.182,0.172,0.234,0.278,0.108,0.566,0.138,0.318,0.132,0.11,0.372,0.188,0.576,0.336,0.284,0.224,0.472,0.202,0.348,0.286,0.24,0.148,0.158,0.32,0.104,0.432,0.162,0.25,0.262,0.502,0.206,0.342,0.124,0.276,0.176
2012-02-11 23:34:00,0.148,0.224,0.03,0.1,0.556,0.182,0.172,0.234,0.278,0.108,0.566,0.138,0.318,0.132,0.11,0.372,0.188,0.576,0.336,0.284,0.224,0.472,0.202,0.348,0.286,0.24,0.148,0.158,0.32,0.104,0.432,0.162,0.25,0.262,0.502,0.206,0.342,0.124,0.276,0.176
2012-02-11 23:35:00,0.148,0.224,0.03,0.1,0.556,0.182,0.172,0.234,0.278,0.108,0.566,0.138,0.318,0.132,0.11,0.372,0.188,0.576,0.336,0.284,0.224,0.472,0.202,0.348,0.286,0.24,0.148,0.158,0.32,0.104,0.432,0.162,0.25,0.262,0.502,0.206,0.342,0.124,0.276,0.176
2012-02-11 23:36:00,0.148,0.224,0.03,0.1,0.556,0.182,0.172,0.234,0.278,0.108,0.566,0.138,0.318,0.132,0.11,0.372,0.188,0.576,0.336,0.284,0.224,0.472,0.202,0.348,0.286,0.24,0.148,0.158,0.32,0.104,0.432,0.162,0.25,0.262,0.502,0.206,0.342,0.124,0.276,0.176
2012-02-11 23:37:00,0.148,0.224,0.03,0.1,0.556,0.182,0.172,0.234,0.278,0.108,0.566,0.138,0.318,0.132,0.11,0.372,0.188,0.576,0.336,0.284,0.224,0.472,0.202,0.348,0.286,0.24,0.148,0.158,0.32,0.104,0.432,0.162,0.25,0.262,0.502,0.206,0.342,0.124,0.276,0.176
2012-02-11 23:38:00,0.148,0.224,0.03,0.1,0.556,0.182,0.172,0.234,0.278,0.108,0.566,0.138,0.318,0.132,0.11,0.372,0.188,0.576,0.336,0.284,0.224,0.472,0.202,0.348,0.286,0.24,0.148,0.158,0.32,0.104,0.432,0.162,0.25,0.262,0.502,0.206,0.342,0.124,0.276,0.176
2012-02-11 23:39:00,0.148,0.224,0.03,0.1,0.556,0.182,0.172,0.234,0.278,0.108,0.566,0.138,0.318,0.132,0.11,0.372,0.188,0.576,0.336,0.284,0.224,0.472,0.202,0.348,0.286,0.24,0.148,0.158,0.32,0.104,0.432,0.162,0.25,0.262,0.502,0.206,0.342,0.124,0.276,0.176
2012-02-11 23:40:00,0.148,0.224,0.03,0.1,0.556,0.182,0.172,0.234,0.278,0.108,0.566,0.138,0.318,0.132,0.11,0.372,0.188,0.576,0.336,0.284,0.224,0.472,0.202,0.348,0.286,0.24,0.148,0.158,0.32,0.104,0.432,0.162,0.25,0.262,0.502,0.206,0.342,0.124,0.276,0.176
2012-02-11 23:41:00,0.148,0.224,0.03,0.1,0.556,0.182,0.172,0.234,0.278,0.108,0.566,0.138,0.318,0.132,0.11,0.372,0.188,0.576,0.336,0.284,0.224,0.472,0.202,0.348,0.286,0.24,0.148,0.158,0.32,0.104,0.432,0.162,0.25,0.262,0.502,0.206,0.342,0.124,0.276,0.176
2012-02-11 23:42:00,0.148,0.224,0.03,0.1,0.556,0.182,0.172,0.234,0.278,0.108,0.566,0.138,0.318,0.132,0.11,0.372,0.188,0.576,0.336,0.284,0.224,0.472,0.202,0.348,0.286,0.24,0.148,0.158,0.32,0.104,0.432,0.162,0.25,0.262,0.502,0.206,0.342,0.124,0.276,0.176
2012-02-11 23:43:00,0.148,0.224,0.03,0.1,0.556,0.182,0.172,0.234,0.278,0.108,0.566,0.138,0.318,0.132,0.11,0.372,0.188,0.576,0.336,0.284,0.224,0.472,0.202,0.348,0.286,0.24,0.148,0.158,0.32,0.104,0.432,0.162,0.25,0.262,0.502,0.206,0.342,0.124,0.276,0.176
2012-02-11 23:44:00,0.148,0.224,0.03,0.1,0.556,0.182,0.172,0.234,0.278,0.108,0.566,0.138,0.318,0.132,0.11,0.372,0.188,0.576,0.336,0.284,0.224,0.472,0.202,0.348,0.286,0.24,0.148,0.158,0.32,0.104,0.432,0.162,0.25,0.262,0.502,0.206,0.342,0.124,0.276,0.176
2012-02-11 23:45:00,0.148,0.224,0.03,0.1,0.556,0.182,0.172,0.234,0.278,0.108,0.566,0.138,0.318,0.132,0.11,0.372,0.188,0.576,0.336,0.284,0.224,0.472,0.202,0.348,0.286,0.24,0.148,0.158,0.32,0.104,0.432,0.162,0.25,0.262,0.502,0.206,0.342,0.124,0.276,0.176
2012-02-11 23:46:00,0.148,0.224,0.03,0.1,0.556,0.182,0.172,0.234,0.278,0.108,0.566,0.138,0.318,0.132,0.11,0.372,0.188,0.576,0.336,0.284,0.224,0.472,0.202,0.348,0.286,0.24,0.148,0.158,0.32,0.104,0.432,0.162,0.25,0.262,0.502,0.206,0.342,0.124,0.276,0.176
2012-02-11 23:47:00,0.148,0.224,0.03,0.1,0.556,0.182,0.172,0.234,0.278,0.108,0.566,0.138,0.318,0.132,0.11,0.372,0.188,0.576,0.336,0.284,0.224,0.472,0.202,0.348,0.286,0.24,0.148,0.158,0.32,0.104,0.432,0.162,0.25,0.262,0.502,0.206,0.342,0.124,0.276,0.176
2012-02-11 23:48:00,0.148,0.224,0.03,0.1,0.556,0.182,0.172,0.234,0.278,0.108,0.566,0.138,0.318,0.132,0.11,0.372,0.188,0.576,0.336,0.284,0.224,0.472,0.202,0.348,0.286,0.24,0.148,0.158,0.32,0.104,0.432,0.162,0.25,0.262,0.502,0.206,0.342,0.124,0.276,0.176
2012-02-11 23:49:00,0.148,0.224,0.03,0.1,0.556,0.182,0.172,0.234,0.278,0.108,0.566,0.138,0.318,0.132,0.11,0.372,0.188,0.576,0.336,0.284,0.224,0.472,0.202,0.348,0.286,0.24,0.148,0.158,0.32,0.104,0.432,0.162,0.25,0.262,0.502,0.206,0.342,0.124,0.276,0.176
2012-02-11 23:50:00,0.148,0.224,0.03,0.1,0.556,0.182,0.172,0.234,0.278,0.108,0.566,0.138,0.318,0.132,0.11,0.372,0.188,0.576,0.336,0.284,0.224,0.472,0.202,0.348,0.286,0.24,0.148,0.158,0.32,0.104,0.432,0.162,0.25,0.262,0.502,0.206,0.342,0.124,0.276,0.176
2012-02-11 23:51:00,0.148,0.224,0.03,0.1,0.556,0.182,0.172,0.234,0.278,0.108,0.566,0.138,0.318,0.132,0.11,0.372,0.188,0.576,0.336,0.284,0.224,0.472,0.202,0.348,0.286,0.24,0.148,0.158,0.32,0.104,0.432,0.162,0.25,0.262,0.502,0.206,0.342,0.124,0.276,0.176
2012-02-11 23:52:00,0.148,0.224,0.03,0.1,0.556,0.182,0.172,0.234,0.278,0.108,0.566,0.138,0.318,0.132,0.11,0.372,0.188,0.576,0.336,0.284,0.224,0.472,0.202,0.348,0.286,0.24,0.148,0.158,0.32,0.104,0.432,0.162,0.25,0.262,0.502,0.206,0.342,0.124,0.276,0.176
2012-02-11 23:53:00,0.148,0.224,0.03,0.1,0.556,0.182,0.172,0.234,0.278,0.108,0.566,0.138,0.318,0.132,0.11,0.372,0.188,0.576,0.336,0.284,0.224,0.472,0.202,0.348,0.286,0.24,0.148,0.158,0.32,0.104,0.432,0.162,0.25,0.262,0.502,0.206,0.342,0.124,0.276,0.176
2012-02-11 23:54:00,0.148,0.224,0.03,0.1,0.556,0.182,0.172,0.234,0.278,0.108,0.566,0.138,0.318,0.132,0.11,0.372,0.188,0.576,0.336,0.284,0.224,0.472,0.202,0.348,0.286,0.24,0.148,0.158,0.32,0.104,0.432,0.162,0.25,0.262,0.502,0.206,0.342,0.124,0.276,0.176
2012-02-11 23:55:00,0.148,0.224,0.03,0.1,0.556,0.182,0.172,0.234,0.278,0.108,0.566,0.138,0.318,0.132,0.11,0.372,0.188,0.576,0.336,0.284,0.224,0.472,0.202,0.348,0.286,0.24,0.148,0.158,0.32,0.104,0.432,0.162,0.25,0.262,0.502,0.206,0.342,0.124,0.276,0.176
2012-02-11 23:56:00,0.148,0.224,0.03,0.1,0.556,0.182,0.172,0.234,0.278,0.108,0.566,0.138,0.318,0.132,0.11,0.372,0.188,0.576,0.336,0.284,0.224,0.472,0.202,0.348,0.286,0.24,0.148,0.158,0.32,0.104,0.432,0.162,0.25,0.262,0.502,0.206,0.342,0.124,0.276,0.176
2012-02-11 23:57:00,0.148,0.224,0.03,0.1,0.556,0.182,0.172,0.234,0.278,0.108,0.566,0.138,0.318,0.132,0.11,0.372,0.188,0.576,0.336,0.284,0.224,0.472,0.202,0.348,0.286,0.24,0.148,0.158,0.32,0.104,0.432,0.162,0.25,0.262,0.502,0.206,0.342,0.124,0.276,0.176
2012-02-11 23:58:00,0.148,0.224,0.03,0.1,0.556,0.182,0.172,0.234,0.278,0.108,0.566,0.138,0.318,0.132,0.11,0.372,0.188,0.576,0.336,0.284,0.224,0.472,0.202,0.348,0.286,0.24,0.148,0.158,0.32,0.104,0.432,0.162,0.25,0.262,0.502,0.206,0.342,0.124,0.276,0.176
2012-02-11 23:59:00,0.148,0.224,0.03,0.1,0.556,0.182,0.172,0.234,0.278,0.108,0.566,0.138,0.318,0.132,0.11,0.372,0.188,0.576,0.336,0.284,0.224,0.472,0.202,0.348,0.286,0.24,0.148,0.158,0.32,0.104,0.432,0.162,0.25,0.262,0.502,0.206,0.342,0.124,0.276,0.176
